ISO-10303-21;
HEADER;
FILE_DESCRIPTION (( 'STEP AP214' ),
    '1' );
FILE_NAME ('SM07B-GHS-TB.STEP',
    '2023-11-14T07:17:08',
    ( '' ),
    ( '' ),
    'SwSTEP 2.0',
    'SolidWorks 2021',
    '' );
FILE_SCHEMA (( 'AUTOMOTIVE_DESIGN' ));
ENDSEC;

DATA;
#1 = CARTESIAN_POINT ( 'NONE',  ( 5.000000000000000000, 1.630000000000001226, 0.06499999999999994671 ) ) ;
#2 = CARTESIAN_POINT ( 'NONE',  ( -6.363749999999999574, 2.760000000000000231, 0.06499999999999994671 ) ) ;
#3 = ORIENTED_EDGE ( 'NONE', *, *, #3136, .T. ) ;
#4 = EDGE_CURVE ( 'NONE', #1259, #9167, #2457, .T. ) ;
#5 = ORIENTED_EDGE ( 'NONE', *, *, #6841, .F. ) ;
#6 = ORIENTED_EDGE ( 'NONE', *, *, #190, .F. ) ;
#7 = VECTOR ( 'NONE', #8672, 1000.000000000000000 ) ;
#8 = VERTEX_POINT ( 'NONE', #8528 ) ;
#9 = LINE ( 'NONE', #2382, #7850 ) ;
#10 = DIRECTION ( 'NONE',  ( 1.000000000000000000, 1.197572355469997778E-16, 0.000000000000000000 ) ) ;
#11 = CARTESIAN_POINT ( 'NONE',  ( -1.775000000000000133, 2.085000000000000409, 2.024999999999999911 ) ) ;
#12 = EDGE_CURVE ( 'NONE', #5644, #7605, #1506, .T. ) ;
#13 = DIRECTION ( 'NONE',  ( 0.000000000000000000, -0.7071067811865475727, 0.7071067811865475727 ) ) ;
#14 = DIRECTION ( 'NONE',  ( -1.533293416683373645E-15, -0.7071067811865474617, -0.7071067811865474617 ) ) ;
#15 = EDGE_CURVE ( 'NONE', #9694, #2027, #7919, .T. ) ;
#16 = EDGE_CURVE ( 'NONE', #8641, #4920, #3869, .T. ) ;
#17 = ADVANCED_FACE ( 'NONE', ( #4021 ), #79, .T. ) ;
#18 = VECTOR ( 'NONE', #5292, 1000.000000000000000 ) ;
#19 = ORIENTED_EDGE ( 'NONE', *, *, #7349, .F. ) ;
#20 = EDGE_LOOP ( 'NONE', ( #5905, #3777, #9006, #1564 ) ) ;
#21 = CARTESIAN_POINT ( 'NONE',  ( -7.875000000000000000, 4.250000000000000000, 0.000000000000000000 ) ) ;
#22 = CARTESIAN_POINT ( 'NONE',  ( -0.9375000000000000000, 1.855000000000000204, 1.824999999999999289 ) ) ;
#23 = LINE ( 'NONE', #8623, #7617 ) ;
#24 = CARTESIAN_POINT ( 'NONE',  ( -5.525000000000000355, 2.084999999999999964, 1.824999999999999956 ) ) ;
#25 = ADVANCED_FACE ( 'NONE', ( #126 ), #2406, .T. ) ;
#26 = ORIENTED_EDGE ( 'NONE', *, *, #4716, .T. ) ;
#27 = LINE ( 'NONE', #7765, #4845 ) ;
#28 = EDGE_LOOP ( 'NONE', ( #6525, #6289, #2845, #6546 ) ) ;
#29 = DIRECTION ( 'NONE',  ( 1.000000000000000000, 0.000000000000000000, 0.000000000000000000 ) ) ;
#30 = CARTESIAN_POINT ( 'NONE',  ( -1.974999999999999867, 0.7799999999999999156, 0.06499999999999994671 ) ) ;
#31 = LINE ( 'NONE', #3259, #2195 ) ;
#32 = CARTESIAN_POINT ( 'NONE',  ( 12.87500000000000178, 2.055000000000001048, 2.024999999999999911 ) ) ;
#33 = EDGE_CURVE ( 'NONE', #6008, #4465, #7872, .T. ) ;
#34 = EDGE_LOOP ( 'NONE', ( #1675, #6992, #5900, #5741 ) ) ;
#35 = LINE ( 'NONE', #3067, #6565 ) ;
#36 = CARTESIAN_POINT ( 'NONE',  ( -7.875000000000000000, -0.000000000000000000, -1.315000000000000169 ) ) ;
#37 = ORIENTED_EDGE ( 'NONE', *, *, #2525, .T. ) ;
#39 = DIRECTION ( 'NONE',  ( 0.000000000000000000, 0.000000000000000000, -1.000000000000000000 ) ) ;
#38 = DIRECTION ( 'NONE',  ( -1.000000000000000000, -1.136281752823236226E-16, 0.000000000000000000 ) ) ;
#40 = ORIENTED_EDGE ( 'NONE', *, *, #6837, .F. ) ;
#41 = ORIENTED_EDGE ( 'NONE', *, *, #7592, .T. ) ;
#42 = LINE ( 'NONE', #3165, #6010 ) ;
#43 = ORIENTED_EDGE ( 'NONE', *, *, #2767, .F. ) ;
#44 = ORIENTED_EDGE ( 'NONE', *, *, #5714, .F. ) ;
#45 = PLANE ( 'NONE',  #8442 ) ;
#46 = CARTESIAN_POINT ( 'NONE',  ( -7.375000000000000888, -1.772945837721657397E-15, -2.496936092690336118 ) ) ;
#47 = EDGE_CURVE ( 'NONE', #1364, #1690, #7823, .T. ) ;
#48 = CARTESIAN_POINT ( 'NONE',  ( 2.613750000000001350, 2.760000000000000231, 0.06499999999999994671 ) ) ;
#49 = CARTESIAN_POINT ( 'NONE',  ( 3.625000000000002220, 1.474999999999999423, 1.949999999999999067 ) ) ;
#50 = CARTESIAN_POINT ( 'NONE',  ( -6.439999999999997726, 3.240000000000001101, -1.224999999999999867 ) ) ;
#51 = VECTOR ( 'NONE', #8033, 1000.000000000000000 ) ;
#52 = ORIENTED_EDGE ( 'NONE', *, *, #7030, .F. ) ;
#53 = ORIENTED_EDGE ( 'NONE', *, *, #5949, .T. ) ;
#54 = VECTOR ( 'NONE', #8632, 1000.000000000000000 ) ;
#55 = VECTOR ( 'NONE', #8636, 1000.000000000000000 ) ;
#56 = EDGE_CURVE ( 'NONE', #4201, #5862, #8577, .T. ) ;
#57 = EDGE_CURVE ( 'NONE', #3519, #927, #8728, .T. ) ;
#58 = CARTESIAN_POINT ( 'NONE',  ( 0.000000000000000000, 1.855000000000000204, 0.06499999999999994671 ) ) ;
#59 = LINE ( 'NONE', #10067, #1440 ) ;
#60 = ORIENTED_EDGE ( 'NONE', *, *, #2459, .T. ) ;
#61 = DIRECTION ( 'NONE',  ( -0.000000000000000000, 0.000000000000000000, 1.000000000000000000 ) ) ;
#62 = DIRECTION ( 'NONE',  ( 0.000000000000000000, -1.000000000000000000, 0.000000000000000000 ) ) ;
#63 = ORIENTED_EDGE ( 'NONE', *, *, #1490, .T. ) ;
#64 = CYLINDRICAL_SURFACE ( 'NONE', #6700, 0.07500000000000084377 ) ;
#65 = EDGE_LOOP ( 'NONE', ( #8240, #6901, #6771, #4551 ) ) ;
#66 = AXIS2_PLACEMENT_3D ( 'NONE', #105, #6404, #9596 ) ;
#67 = ORIENTED_EDGE ( 'NONE', *, *, #766, .F. ) ;
#68 = EDGE_CURVE ( 'NONE', #8715, #2818, #798, .T. ) ;
#69 = CARTESIAN_POINT ( 'NONE',  ( 1.975000000000002753, 1.855000000000000204, 1.824999999999999289 ) ) ;
#70 = LINE ( 'NONE', #6362, #8991 ) ;
#71 = MECHANICAL_DESIGN_GEOMETRIC_PRESENTATION_REPRESENTATION (  '', ( #1366 ), #2544 ) ;
#72 = PLANE ( 'NONE',  #2052 ) ;
#73 = CARTESIAN_POINT ( 'NONE',  ( 0.000000000000000000, 0.000000000000000000, -1.224999999999999867 ) ) ;
#74 = ORIENTED_EDGE ( 'NONE', *, *, #8936, .F. ) ;
#75 = CARTESIAN_POINT ( 'NONE',  ( 2.613750000000001350, 2.760000000000000231, 1.824999999999999289 ) ) ;
#76 = ORIENTED_EDGE ( 'NONE', *, *, #4139, .F. ) ;
#77 = CARTESIAN_POINT ( 'NONE',  ( -5.724999999999999645, 0.5500000000000010436, 2.024999999999999911 ) ) ;
#78 = ORIENTED_EDGE ( 'NONE', *, *, #5276, .F. ) ;
#79 = PLANE ( 'NONE',  #4187 ) ;
#80 = EDGE_CURVE ( 'NONE', #5833, #7917, #10084, .T. ) ;
#81 = VECTOR ( 'NONE', #5412, 1000.000000000000114 ) ;
#82 = FACE_OUTER_BOUND ( 'NONE', #4783, .T. ) ;
#83 = AXIS2_PLACEMENT_3D ( 'NONE', #359, #8462, #5446 ) ;
#84 = CARTESIAN_POINT ( 'NONE',  ( -5.525000000000000355, 2.085000000000000409, 2.024999999999999911 ) ) ;
#85 = CARTESIAN_POINT ( 'NONE',  ( -4.062500000000003553, 8.809142651444728259E-15, 2.024999999999999911 ) ) ;
#87 = LINE ( 'NONE', #6338, #5836 ) ;
#86 = CARTESIAN_POINT ( 'NONE',  ( -4.804399278668253004, 4.250000000000000000, -2.773821216833562087 ) ) ;
#88 = ORIENTED_EDGE ( 'NONE', *, *, #6949, .T. ) ;
#89 = AXIS2_PLACEMENT_3D ( 'NONE', #5789, #7383, #3342 ) ;
#90 = ORIENTED_EDGE ( 'NONE', *, *, #1434, .F. ) ;
#91 = ORIENTED_EDGE ( 'NONE', *, *, #9076, .F. ) ;
#92 = AXIS2_PLACEMENT_3D ( 'NONE', #9830, #5971, #5255 ) ;
#93 = LINE ( 'NONE', #4039, #3211 ) ;
#94 = CARTESIAN_POINT ( 'NONE',  ( -5.525000000000000355, 1.030000000000000027, -1.464999999999999636 ) ) ;
#95 = LINE ( 'NONE', #4766, #5449 ) ;
#97 = VECTOR ( 'NONE', #1848, 1000.000000000000000 ) ;
#96 = CARTESIAN_POINT ( 'NONE',  ( -0.3125000000000037748, 8.809142651444728259E-15, 0.06499999999999994671 ) ) ;
#98 = CONTEXT_DEPENDENT_SHAPE_REPRESENTATION ( #2369, #2086 ) ;
#99 = CARTESIAN_POINT ( 'NONE',  ( 2.689999999999999503, 3.820000000000000728, -1.224999999999999867 ) ) ;
#100 = ORIENTED_EDGE ( 'NONE', *, *, #5980, .T. ) ;
#101 = ORIENTED_EDGE ( 'NONE', *, *, #3073, .T. ) ;
#102 = ORIENTED_EDGE ( 'NONE', *, *, #6907, .F. ) ;
#103 = VERTEX_POINT ( 'NONE', #30 ) ;
#104 = DIRECTION ( 'NONE',  ( 1.000000000000000000, -1.734723475976806503E-15, -0.000000000000000000 ) ) ;
#105 = CARTESIAN_POINT ( 'NONE',  ( -5.724999999999999645, 1.604999999999999982, 1.212867965644033985 ) ) ;
#106 = CIRCLE ( 'NONE', #7150, 0.1499999999999999667 ) ;
#107 = DIRECTION ( 'NONE',  ( 0.000000000000000000, -1.000000000000000000, 0.000000000000000000 ) ) ;
#108 = VERTEX_POINT ( 'NONE', #6233 ) ;
#109 = AXIS2_PLACEMENT_3D ( 'NONE', #2343, #9132, #3102 ) ;
#110 = FACE_OUTER_BOUND ( 'NONE', #9578, .T. ) ;
#111 = CARTESIAN_POINT ( 'NONE',  ( 1.975000000000001865, 0.7800000000000004707, 1.824999999999998845 ) ) ;
#112 = EDGE_CURVE ( 'NONE', #2159, #3519, #5471, .T. ) ;
#113 = EDGE_CURVE ( 'NONE', #4753, #9791, #5522, .T. ) ;
#114 = VERTEX_POINT ( 'NONE', #845 ) ;
#115 = ORIENTED_EDGE ( 'NONE', *, *, #8899, .F. ) ;
#116 = AXIS2_PLACEMENT_3D ( 'NONE', #8034, #7273, #4188 ) ;
#117 = CARTESIAN_POINT ( 'NONE',  ( 3.975000000000002753, 0.4800000000000017031, -0.2750000000000000777 ) ) ;
#118 = DIRECTION ( 'NONE',  ( 1.000000000000000000, 0.000000000000000000, 0.000000000000000000 ) ) ;
#119 = CARTESIAN_POINT ( 'NONE',  ( -6.439999999999997726, 3.820000000000000728, -1.224999999999999867 ) ) ;
#120 = SURFACE_STYLE_FILL_AREA ( #2502 ) ;
#121 = ADVANCED_FACE ( 'NONE', ( #3970 ), #8826, .T. ) ;
#122 = CARTESIAN_POINT ( 'NONE',  ( -0.5250000000000002442, 1.030000000000000027, -1.464999999999999636 ) ) ;
#123 = EDGE_CURVE ( 'NONE', #8533, #5148, #1180, .T. ) ;
#124 = DIRECTION ( 'NONE',  ( 0.000000000000000000, 0.7071067811865474617, -0.7071067811865475727 ) ) ;
#125 = ORIENTED_EDGE ( 'NONE', *, *, #6440, .T. ) ;
#126 = FACE_OUTER_BOUND ( 'NONE', #6463, .T. ) ;
#127 = CARTESIAN_POINT ( 'NONE',  ( 0.000000000000000000, 1.855000000000000204, 0.06499999999999994671 ) ) ;
#128 = VECTOR ( 'NONE', #1104, 1000.000000000000000 ) ;
#129 = DIRECTION ( 'NONE',  ( 0.000000000000000000, 0.000000000000000000, 1.000000000000000000 ) ) ;
#130 = PLANE ( 'NONE',  #9166 ) ;
#131 = PRESENTATION_STYLE_ASSIGNMENT (( #2557 ) ) ;
#132 = LINE ( 'NONE', #3268, #1813 ) ;
#133 = LINE ( 'NONE', #3269, #2844 ) ;
#134 = EDGE_CURVE ( 'NONE', #3121, #4971, #3497, .T. ) ;
#135 = EDGE_CURVE ( 'NONE', #2995, #6674, #4898, .T. ) ;
#136 = ADVANCED_FACE ( 'NONE', ( #2644 ), #6633, .T. ) ;
#137 = EDGE_CURVE ( 'NONE', #2982, #5113, #8973, .T. ) ;
#138 = VERTEX_POINT ( 'NONE', #2746 ) ;
#139 = PRODUCT_DEFINITION_FORMATION_WITH_SPECIFIED_SOURCE ( 'ANY', '', #3795, .NOT_KNOWN. ) ;
#140 = ORIENTED_EDGE ( 'NONE', *, *, #7069, .F. ) ;
#141 = ORIENTED_EDGE ( 'NONE', *, *, #6213, .T. ) ;
#142 = CARTESIAN_POINT ( 'NONE',  ( 0.5250000000000002442, 0.7799999999999999156, 0.06499999999999994671 ) ) ;
#143 = LINE ( 'NONE', #7982, #2357 ) ;
#144 = ITEM_DEFINED_TRANSFORMATION ( 'NONE', 'NONE', #7984,  #1950 ) ;
#145 = CARTESIAN_POINT ( 'NONE',  ( -0.7249999999999999778, 0.000000000000000000, -2.024999999999999911 ) ) ;
#146 = VECTOR ( 'NONE', #7435, 1000.000000000000000 ) ;
#147 = VERTEX_POINT ( 'NONE', #1040 ) ;
#148 = EDGE_CURVE ( 'NONE', #2922, #7928, #5094, .T. ) ;
#149 = ORIENTED_EDGE ( 'NONE', *, *, #7282, .T. ) ;
#150 = VERTEX_POINT ( 'NONE', #218 ) ;
#151 = VECTOR ( 'NONE', #4714, 1000.000000000000000 ) ;
#152 = LINE ( 'NONE', #58, #9456 ) ;
#153 = CARTESIAN_POINT ( 'NONE',  ( -6.439999999999997726, 3.240000000000001101, -2.024999999999999467 ) ) ;
#154 = DIRECTION ( 'NONE',  ( -1.000000000000000000, 0.000000000000000000, 0.000000000000000000 ) ) ;
#155 = ORIENTED_EDGE ( 'NONE', *, *, #1841, .T. ) ;
#156 = LINE ( 'NONE', #6408, #6306 ) ;
#157 = LINE ( 'NONE', #9421, #8905 ) ;
#158 = VERTEX_POINT ( 'NONE', #1966 ) ;
#159 = VECTOR ( 'NONE', #1268, 1000.000000000000000 ) ;
#161 = ORIENTED_EDGE ( 'NONE', *, *, #1118, .T. ) ;
#160 = VECTOR ( 'NONE', #3528, 1000.000000000000000 ) ;
#162 = VERTEX_POINT ( 'NONE', #9618 ) ;
#163 = CARTESIAN_POINT ( 'NONE',  ( -1.974999999999999867, 0.000000000000000000, 2.024999999999999911 ) ) ;
#164 = CIRCLE ( 'NONE', #5895, 0.08500000000000000611 ) ;
#165 = DIRECTION ( 'NONE',  ( 0.000000000000000000, -0.7071067811865489050, -0.7071067811865460184 ) ) ;
#166 = LINE ( 'NONE', #9471, #3199 ) ;
#167 = PLANE ( 'NONE',  #3513 ) ;
#168 = PLANE ( 'NONE',  #10026 ) ;
#169 = LINE ( 'NONE', #3407, #9040 ) ;
#170 = ORIENTED_EDGE ( 'NONE', *, *, #5827, .F. ) ;
#171 = DIRECTION ( 'NONE',  ( 0.000000000000000000, 0.7071067811865474617, -0.7071067811865475727 ) ) ;
#172 = ORIENTED_EDGE ( 'NONE', *, *, #2185, .T. ) ;
#173 = ORIENTED_EDGE ( 'NONE', *, *, #2576, .T. ) ;
#174 = CARTESIAN_POINT ( 'NONE',  ( -3.749999999999998224, 0.7800000000000006928, 1.824999999999999289 ) ) ;
#175 = DIRECTION ( 'NONE',  ( 0.000000000000000000, 5.706327223607912624E-16, 1.000000000000000000 ) ) ;
#176 = EDGE_CURVE ( 'NONE', #1425, #4137, #5757, .T. ) ;
#177 = CARTESIAN_POINT ( 'NONE',  ( -0.5250000000000002442, 0.5500000000000010436, 0.06499999999999994671 ) ) ;
#178 = CARTESIAN_POINT ( 'NONE',  ( -3.224999999999999645, 1.855000000000000204, 1.824999999999999289 ) ) ;
#179 = CARTESIAN_POINT ( 'NONE',  ( -0.7249999999999999778, 0.000000000000000000, 2.024999999999999911 ) ) ;
#180 = DIRECTION ( 'NONE',  ( 0.000000000000000000, 0.7071067811865474617, -0.7071067811865475727 ) ) ;
#181 = DIRECTION ( 'NONE',  ( -1.000000000000000000, 0.000000000000000000, 0.000000000000000000 ) ) ;
#182 = ORIENTED_EDGE ( 'NONE', *, *, #10059, .T. ) ;
#183 = LINE ( 'NONE', #7267, #2914 ) ;
#184 = EDGE_LOOP ( 'NONE', ( #5480, #8536, #4426, #7588 ) ) ;
#185 = CARTESIAN_POINT ( 'NONE',  ( 3.855000000000002647, 2.209999999999999520, 1.274999999999999911 ) ) ;
#186 = ORIENTED_EDGE ( 'NONE', *, *, #5126, .F. ) ;
#187 = ORIENTED_EDGE ( 'NONE', *, *, #3453, .T. ) ;
#188 = CARTESIAN_POINT ( 'NONE',  ( 3.625000000000001332, 4.120000000000000107, 0.000000000000000000 ) ) ;
#189 = PLANE ( 'NONE',  #5060 ) ;
#190 = EDGE_CURVE ( 'NONE', #6934, #6126, #1090, .T. ) ;
#191 = DIRECTION ( 'NONE',  ( 1.000000000000000000, 0.000000000000000000, 0.000000000000000000 ) ) ;
#192 = EDGE_CURVE ( 'NONE', #1281, #4479, #7308, .T. ) ;
#193 = DIRECTION ( 'NONE',  ( 0.000000000000000000, -1.000000000000000000, 0.000000000000000000 ) ) ;
#194 = ORIENTED_EDGE ( 'NONE', *, *, #6594, .F. ) ;
#195 = DIRECTION ( 'NONE',  ( 0.000000000000000000, -1.000000000000000000, 0.000000000000000000 ) ) ;
#196 = VERTEX_POINT ( 'NONE', #7354 ) ;
#197 = ORIENTED_EDGE ( 'NONE', *, *, #9430, .T. ) ;
#198 = LINE ( 'NONE', #8084, #5451 ) ;
#199 = LINE ( 'NONE', #1679, #2314 ) ;
#200 = VERTEX_POINT ( 'NONE', #7451 ) ;
#201 = PLANE ( 'NONE',  #3853 ) ;
#202 = CARTESIAN_POINT ( 'NONE',  ( 0.7249999999999999778, 0.5500000000000010436, 2.024999999999999911 ) ) ;
#203 = ORIENTED_EDGE ( 'NONE', *, *, #4394, .F. ) ;
#204 = ORIENTED_EDGE ( 'NONE', *, *, #6024, .T. ) ;
#205 = VERTEX_POINT ( 'NONE', #4170 ) ;
#206 = DIRECTION ( 'NONE',  ( 1.000000000000000000, -0.000000000000000000, 0.000000000000000000 ) ) ;
#207 = DIRECTION ( 'NONE',  ( 0.000000000000000000, 0.000000000000000000, 1.000000000000000000 ) ) ;
#208 = FACE_OUTER_BOUND ( 'NONE', #9017, .T. ) ;
#209 = DIRECTION ( 'NONE',  ( 1.000000000000000000, -0.000000000000000000, -0.000000000000000000 ) ) ;
#210 = LINE ( 'NONE', #8002, #576 ) ;
#211 = VECTOR ( 'NONE', #1975, 1000.000000000000000 ) ;
#212 = LINE ( 'NONE', #263, #5808 ) ;
#213 = ORIENTED_EDGE ( 'NONE', *, *, #1883, .T. ) ;
#214 = ORIENTED_EDGE ( 'NONE', *, *, #3087, .T. ) ;
#215 = PLANE ( 'NONE',  #6982 ) ;
#216 = EDGE_CURVE ( 'NONE', #7125, #114, #270, .T. ) ;
#217 = ORIENTED_EDGE ( 'NONE', *, *, #7167, .T. ) ;
#218 = CARTESIAN_POINT ( 'NONE',  ( 1.775000000000002354, 2.055000000000001048, 2.024999999999999911 ) ) ;
#219 = CARTESIAN_POINT ( 'NONE',  ( -5.724999999999999645, 1.586066017177985010, 1.019669914110090003 ) ) ;
#220 = VECTOR ( 'NONE', #7360, 1000.000000000000000 ) ;
#221 = FACE_OUTER_BOUND ( 'NONE', #2534, .T. ) ;
#222 = CARTESIAN_POINT ( 'NONE',  ( 0.3125000000000002776, 2.255000000000000338, 0.06499999999999994671 ) ) ;
#223 = LINE ( 'NONE', #7971, #4827 ) ;
#224 = DIRECTION ( 'NONE',  ( 0.000000000000000000, -1.000000000000000000, 0.000000000000000000 ) ) ;
#225 = CARTESIAN_POINT ( 'NONE',  ( -6.790000000000000036, 0.7799999999999999156, 0.06499999999999994671 ) ) ;
#227 = LINE ( 'NONE', #333, #3701 ) ;
#226 = FACE_OUTER_BOUND ( 'NONE', #9374, .T. ) ;
#228 = ORIENTED_EDGE ( 'NONE', *, *, #6699, .T. ) ;
#229 = DIRECTION ( 'NONE',  ( 0.000000000000000000, 0.000000000000000000, -1.000000000000000000 ) ) ;
#230 = EDGE_CURVE ( 'NONE', #4596, #8204, #2552, .T. ) ;
#231 = EDGE_CURVE ( 'NONE', #937, #3984, #8114, .T. ) ;
#232 = VECTOR ( 'NONE', #9655, 1000.000000000000000 ) ;
#233 = ORIENTED_EDGE ( 'NONE', *, *, #5594, .T. ) ;
#234 = LINE ( 'NONE', #4235, #5402 ) ;
#235 = PLANE ( 'NONE',  #8217 ) ;
#236 = VECTOR ( 'NONE', #8803, 1000.000000000000000 ) ;
#237 = ORIENTED_EDGE ( 'NONE', *, *, #9793, .T. ) ;
#238 = CARTESIAN_POINT ( 'NONE',  ( 4.015000000000002345, 3.400000000000000355, 0.000000000000000000 ) ) ;
#239 = ORIENTED_EDGE ( 'NONE', *, *, #6038, .T. ) ;
#240 = EDGE_CURVE ( 'NONE', #7338, #8789, #4221, .T. ) ;
#241 = ADVANCED_BREP_SHAPE_REPRESENTATION ( '', ( #5496, #2130, #5563, #1950 ), #6364 ) ;
#242 = EDGE_CURVE ( 'NONE', #8798, #5390, #1808, .T. ) ;
#243 = VECTOR ( 'NONE', #10078, 1000.000000000000000 ) ;
#244 = ORIENTED_EDGE ( 'NONE', *, *, #2199, .F. ) ;
#245 = EDGE_LOOP ( 'NONE', ( #9402, #7833, #7328, #1535 ) ) ;
#246 = CARTESIAN_POINT ( 'NONE',  ( 0.5250000000000002442, 1.630000000000000782, 0.06499999999999994671 ) ) ;
#247 = DIRECTION ( 'NONE',  ( 1.000000000000000000, 0.000000000000000000, 0.000000000000000000 ) ) ;
#248 = VERTEX_POINT ( 'NONE', #3452 ) ;
#249 = CARTESIAN_POINT ( 'NONE',  ( 2.500000000000000000, 1.630000000000001226, -1.464999999999999636 ) ) ;
#250 = CARTESIAN_POINT ( 'NONE',  ( -7.375000000000000888, 2.209999999999998188, 2.024999999999999911 ) ) ;
#251 = AXIS2_PLACEMENT_3D ( 'NONE', #714, #6974, #10054 ) ;
#252 = ADVANCED_FACE ( 'NONE', ( #2600 ), #5809, .T. ) ;
#253 = ADVANCED_FACE ( 'NONE', ( #7613 ), #7668, .T. ) ;
#254 = ADVANCED_FACE ( 'NONE', ( #580 ), #6683, .F. ) ;
#255 = ADVANCED_FACE ( 'NONE', ( #9770 ), #5302, .F. ) ;
#256 = ORIENTED_EDGE ( 'NONE', *, *, #1816, .T. ) ;
#257 = VECTOR ( 'NONE', #7206, 1000.000000000000000 ) ;
#258 = CARTESIAN_POINT ( 'NONE',  ( -3.437499999999999556, 0.000000000000000000, 0.06499999999999994671 ) ) ;
#259 = LINE ( 'NONE', #6618, #6860 ) ;
#260 = CARTESIAN_POINT ( 'NONE',  ( -6.439999999999997726, 3.820000000000000728, -1.224999999999999867 ) ) ;
#261 = DIRECTION ( 'NONE',  ( 0.000000000000000000, -0.7071067811865461294, 0.7071067811865490160 ) ) ;
#262 = DIRECTION ( 'NONE',  ( -1.734723475976806306E-15, -1.000000000000000000, 0.000000000000000000 ) ) ;
#263 = CARTESIAN_POINT ( 'NONE',  ( -7.325000000000001954, 0.000000000000000000, 2.024999999999999911 ) ) ;
#264 = EDGE_LOOP ( 'NONE', ( #8550, #6658, #4973, #1370 ) ) ;
#265 = ORIENTED_EDGE ( 'NONE', *, *, #5712, .F. ) ;
#266 = VECTOR ( 'NONE', #6190, 1000.000000000000000 ) ;
#267 = CARTESIAN_POINT ( 'NONE',  ( -7.605000000000000426, 1.559999999999999609, 1.949999999999999512 ) ) ;
#268 = VECTOR ( 'NONE', #6464, 1000.000000000000000 ) ;
#269 = ORIENTED_EDGE ( 'NONE', *, *, #8158, .F. ) ;
#270 = LINE ( 'NONE', #6530, #3532 ) ;
#271 = LINE ( 'NONE', #3412, #3472 ) ;
#272 = DIRECTION ( 'NONE',  ( -1.000000000000000000, 0.000000000000000000, 0.000000000000000000 ) ) ;
#273 = CARTESIAN_POINT ( 'NONE',  ( -5.724999999999999645, 0.7800000000000001377, 1.824999999999999289 ) ) ;
#274 = DIRECTION ( 'NONE',  ( 1.000000000000000000, 1.136281752823236226E-16, -0.000000000000000000 ) ) ;
#275 = FACE_OUTER_BOUND ( 'NONE', #510, .T. ) ;
#276 = FACE_OUTER_BOUND ( 'NONE', #7766, .T. ) ;
#277 = EDGE_LOOP ( 'NONE', ( #4342, #9891, #1840, #2727 ) ) ;
#279 = CARTESIAN_POINT ( 'NONE',  ( -7.325000000000001954, 0.4800000000000000377, 2.024999999999999911 ) ) ;
#278 = CARTESIAN_POINT ( 'NONE',  ( -6.163749999999999396, 0.000000000000000000, 2.024999999999999911 ) ) ;
#280 = ORIENTED_EDGE ( 'NONE', *, *, #8008, .T. ) ;
#281 = FACE_OUTER_BOUND ( 'NONE', #1853, .T. ) ;
#282 = VECTOR ( 'NONE', #2351, 1000.000000000000000 ) ;
#283 = ORIENTED_EDGE ( 'NONE', *, *, #6882, .T. ) ;
#284 = CARTESIAN_POINT ( 'NONE',  ( 4.125000000000001776, 2.209999999999999520, 0.000000000000000000 ) ) ;
#285 = FACE_OUTER_BOUND ( 'NONE', #4255, .T. ) ;
#286 = EDGE_CURVE ( 'NONE', #2956, #8, #2791, .T. ) ;
#287 = ORIENTED_EDGE ( 'NONE', *, *, #3584, .T. ) ;
#288 = VERTEX_POINT ( 'NONE', #9877 ) ;
#289 = ORIENTED_EDGE ( 'NONE', *, *, #2578, .T. ) ;
#290 = EDGE_LOOP ( 'NONE', ( #5283, #8310, #460, #3288 ) ) ;
#291 = VECTOR ( 'NONE', #7803, 1000.000000000000000 ) ;
#292 = DIRECTION ( 'NONE',  ( 0.000000000000000000, -0.000000000000000000, -1.000000000000000000 ) ) ;
#293 = EDGE_CURVE ( 'NONE', #4405, #4678, #5136, .T. ) ;
#294 = ADVANCED_FACE ( 'NONE', ( #5913 ), #8470, .F. ) ;
#295 = ORIENTED_EDGE ( 'NONE', *, *, #4637, .T. ) ;
#296 = DIRECTION ( 'NONE',  ( 1.000000000000000000, 1.136281752823236226E-16, -0.000000000000000000 ) ) ;
#297 = CARTESIAN_POINT ( 'NONE',  ( -5.525000000000000355, 1.498933982822020061, 1.106801948466051844 ) ) ;
#298 = ORIENTED_EDGE ( 'NONE', *, *, #692, .F. ) ;
#299 = ORIENTED_EDGE ( 'NONE', *, *, #1075, .F. ) ;
#300 = ORIENTED_EDGE ( 'NONE', *, *, #1672, .F. ) ;
#301 = AXIS2_PLACEMENT_3D ( 'NONE', #7634, #3726, #6858 ) ;
#302 = DIRECTION ( 'NONE',  ( -0.000000000000000000, 0.7071067811865474617, 0.7071067811865474617 ) ) ;
#303 = PLANE ( 'NONE',  #9764 ) ;
#304 = EDGE_CURVE ( 'NONE', #2927, #6342, #7554, .T. ) ;
#305 = EDGE_CURVE ( 'NONE', #4439, #705, #2133, .T. ) ;
#306 = EDGE_CURVE ( 'NONE', #915, #5447, #6064, .T. ) ;
#307 = EDGE_CURVE ( 'NONE', #162, #2411, #1442, .T. ) ;
#308 = DIRECTION ( 'NONE',  ( 0.000000000000000000, -1.000000000000000000, 0.000000000000000000 ) ) ;
#309 = EDGE_CURVE ( 'NONE', #7500, #5593, #8362, .T. ) ;
#310 = VECTOR ( 'NONE', #2321, 1000.000000000000000 ) ;
#311 = DIRECTION ( 'NONE',  ( 0.000000000000000000, 0.000000000000000000, 1.000000000000000000 ) ) ;
#312 = LINE ( 'NONE', #9656, #5982 ) ;
#313 = ORIENTED_EDGE ( 'NONE', *, *, #1492, .F. ) ;
#314 = AXIS2_PLACEMENT_3D ( 'NONE', #1068, #1021, #7235 ) ;
#315 = ORIENTED_EDGE ( 'NONE', *, *, #2760, .F. ) ;
#316 =( LENGTH_UNIT ( ) NAMED_UNIT ( * ) SI_UNIT ( .MILLI., .METRE. ) );
#317 = CARTESIAN_POINT ( 'NONE',  ( 4.015000000000002345, 2.400000000000000355, 2.024999999999999911 ) ) ;
#318 = ORIENTED_EDGE ( 'NONE', *, *, #7591, .F. ) ;
#319 = ORIENTED_EDGE ( 'NONE', *, *, #4781, .T. ) ;
#320 = CARTESIAN_POINT ( 'NONE',  ( -3.224999999999999645, 0.5500000000000010436, 2.024999999999999911 ) ) ;
#321 = CARTESIAN_POINT ( 'NONE',  ( -5.525000000000000355, 0.5500000000000010436, 2.024999999999999911 ) ) ;
#322 = VECTOR ( 'NONE', #5964, 1000.000000000000000 ) ;
#323 = VECTOR ( 'NONE', #9626, 1000.000000000000000 ) ;
#324 = ADVANCED_FACE ( 'NONE', ( #9821 ), #9072, .F. ) ;
#325 = EDGE_CURVE ( 'NONE', #9208, #497, #1285, .T. ) ;
#326 = DIRECTION ( 'NONE',  ( -1.000000000000000000, 0.000000000000000000, 0.000000000000000000 ) ) ;
#327 = LINE ( 'NONE', #4380, #322 ) ;
#328 = CARTESIAN_POINT ( 'NONE',  ( 3.625000000000002220, 0.4800000000000000377, 2.024999999999999911 ) ) ;
#329 = CARTESIAN_POINT ( 'NONE',  ( 1.250000000000000000, 1.855000000000000204, 0.06499999999999994671 ) ) ;
#330 = CARTESIAN_POINT ( 'NONE',  ( 4.125000000000001776, 1.030000000000000027, -1.464999999999999636 ) ) ;
#331 = PLANE ( 'NONE',  #2011 ) ;
#332 = ORIENTED_EDGE ( 'NONE', *, *, #6105, .T. ) ;
#333 = CARTESIAN_POINT ( 'NONE',  ( -7.015000000000000568, 4.250000000000000000, 0.000000000000000000 ) ) ;
#334 = LINE ( 'NONE', #5825, #6998 ) ;
#335 = ORIENTED_EDGE ( 'NONE', *, *, #4258, .T. ) ;
#336 = DIRECTION ( 'NONE',  ( 1.000000000000000000, 7.477256361968996479E-17, 0.000000000000000000 ) ) ;
#337 = VERTEX_POINT ( 'NONE', #726 ) ;
#338 = VERTEX_POINT ( 'NONE', #3195 ) ;
#339 = ORIENTED_EDGE ( 'NONE', *, *, #3690, .F. ) ;
#340 = ORIENTED_EDGE ( 'NONE', *, *, #9493, .F. ) ;
#341 = AXIS2_PLACEMENT_3D ( 'NONE', #700, #7826, #10036 ) ;
#342 = ORIENTED_EDGE ( 'NONE', *, *, #4968, .F. ) ;
#343 = EDGE_CURVE ( 'NONE', #716, #4735, #5454, .T. ) ;
#344 = PLANE ( 'NONE',  #9825 ) ;
#345 = LINE ( 'NONE', #4299, #6716 ) ;
#346 = ORIENTED_EDGE ( 'NONE', *, *, #137, .T. ) ;
#347 = CARTESIAN_POINT ( 'NONE',  ( 0.7249999999999999778, 1.030000000000000027, -2.024999999999999911 ) ) ;
#348 = DIRECTION ( 'NONE',  ( 1.000000000000000000, 0.000000000000000000, 0.000000000000000000 ) ) ;
#349 = VERTEX_POINT ( 'NONE', #496 ) ;
#350 = ADVANCED_FACE ( 'NONE', ( #2262 ), #2981, .F. ) ;
#351 = VERTEX_POINT ( 'NONE', #2813 ) ;
#352 = VECTOR ( 'NONE', #1472, 1000.000000000000000 ) ;
#353 = VECTOR ( 'NONE', #4321, 1000.000000000000000 ) ;
#354 = DIRECTION ( 'NONE',  ( 0.000000000000000000, -0.000000000000000000, -1.000000000000000000 ) ) ;
#355 = FACE_OUTER_BOUND ( 'NONE', #2891, .T. ) ;
#356 = PLANE ( 'NONE',  #8478 ) ;
#357 = VERTEX_POINT ( 'NONE', #9789 ) ;
#358 = FACE_OUTER_BOUND ( 'NONE', #9282, .T. ) ;
#359 = CARTESIAN_POINT ( 'NONE',  ( -5.800000000000000711, 3.820000000000000728, -1.224999999999999867 ) ) ;
#360 = ORIENTED_EDGE ( 'NONE', *, *, #4258, .F. ) ;
#361 = AXIS2_PLACEMENT_3D ( 'NONE', #6331, #5420, #8532 ) ;
#362 = PRODUCT_DEFINITION_SHAPE ( 'NONE', 'NONE',  #10100 ) ;
#363 = VECTOR ( 'NONE', #4430, 1000.000000000000000 ) ;
#364 = VERTEX_POINT ( 'NONE', #7473 ) ;
#365 = FACE_OUTER_BOUND ( 'NONE', #1305, .T. ) ;
#366 = FACE_OUTER_BOUND ( 'NONE', #4233, .T. ) ;
#367 = ORIENTED_EDGE ( 'NONE', *, *, #1447, .T. ) ;
#368 = EDGE_CURVE ( 'NONE', #9208, #6260, #447, .T. ) ;
#369 = ADVANCED_FACE ( 'NONE', ( #6807 ), #3564, .T. ) ;
#370 = DIRECTION ( 'NONE',  ( 0.000000000000000000, 0.000000000000000000, -1.000000000000000000 ) ) ;
#371 = DIRECTION ( 'NONE',  ( 0.000000000000000000, -1.000000000000000000, 0.000000000000000000 ) ) ;
#372 = CARTESIAN_POINT ( 'NONE',  ( -3.749999999999998224, 0.5500000000000010436, 2.024999999999999911 ) ) ;
#373 = LINE ( 'NONE', #5045, #6221 ) ;
#374 = UNCERTAINTY_MEASURE_WITH_UNIT (LENGTH_MEASURE( 1.000000000000000082E-05 ), #7436, 'distance_accuracy_value', 'NONE');
#375 = PLANE ( 'NONE',  #4759 ) ;
#376 = CARTESIAN_POINT ( 'NONE',  ( -5.937500000000000000, 2.255000000000000338, 2.024999999999999911 ) ) ;
#377 = DIRECTION ( 'NONE',  ( -1.000000000000000000, 1.197572355469997778E-16, 0.000000000000000000 ) ) ;
#378 = CARTESIAN_POINT ( 'NONE',  ( 7.875000000000000000, 2.960000000000000853, 2.024999999999999911 ) ) ;
#379 = DIRECTION ( 'NONE',  ( -1.000000000000000000, 0.000000000000000000, 0.000000000000000000 ) ) ;
#380 = ORIENTED_EDGE ( 'NONE', *, *, #8602, .F. ) ;
#381 = CARTESIAN_POINT ( 'NONE',  ( -5.525000000000000355, 1.937842712474619811, 1.824999999999999956 ) ) ;
#382 = VECTOR ( 'NONE', #7958, 1000.000000000000000 ) ;
#383 = EDGE_CURVE ( 'NONE', #6187, #7289, #1201, .T. ) ;
#384 = CARTESIAN_POINT ( 'NONE',  ( -5.724999999999999645, 1.498933982822020061, 1.468933982822018036 ) ) ;
#385 = ADVANCED_FACE ( 'NONE', ( #661 ), #8282, .T. ) ;
#386 = EDGE_CURVE ( 'NONE', #3728, #9913, #549, .T. ) ;
#387 = ORIENTED_EDGE ( 'NONE', *, *, #4466, .T. ) ;
#388 = COLOUR_RGB ( '',0.7960784313725489669, 0.8235294117647058432, 0.9372549019607843146 ) ;
#389 = ORIENTED_EDGE ( 'NONE', *, *, #3948, .F. ) ;
#390 = CARTESIAN_POINT ( 'NONE',  ( 3.040000000000001812, 0.5799999999999995159, 2.024999999999999911 ) ) ;
#391 = ORIENTED_EDGE ( 'NONE', *, *, #9736, .F. ) ;
#392 = VECTOR ( 'NONE', #2247, 1000.000000000000000 ) ;
#393 = ORIENTED_EDGE ( 'NONE', *, *, #4384, .T. ) ;
#394 = DIRECTION ( 'NONE',  ( 0.000000000000000000, -1.000000000000000000, 9.239047059953170954E-17 ) ) ;
#395 = EDGE_CURVE ( 'NONE', #1894, #407, #6756, .T. ) ;
#396 = ORIENTED_EDGE ( 'NONE', *, *, #5440, .T. ) ;
#397 = DIRECTION ( 'NONE',  ( 0.7071067811865495711, -0.7071067811865454633, 0.000000000000000000 ) ) ;
#398 = LINE ( 'NONE', #7642, #6714 ) ;
#399 = CARTESIAN_POINT ( 'NONE',  ( -7.500000000000000000, 0.000000000000000000, 2.024999999999999911 ) ) ;
#400 = EDGE_LOOP ( 'NONE', ( #7703, #2446, #7286, #694 ) ) ;
#401 = LINE ( 'NONE', #5847, #2563 ) ;
#402 = ORIENTED_EDGE ( 'NONE', *, *, #1729, .T. ) ;
#403 = VECTOR ( 'NONE', #8774, 1000.000000000000000 ) ;
#404 = VECTOR ( 'NONE', #1652, 1000.000000000000000 ) ;
#405 = EDGE_LOOP ( 'NONE', ( #3322, #5901, #1089, #6057 ) ) ;
#406 = VECTOR ( 'NONE', #8297, 1000.000000000000000 ) ;
#407 = VERTEX_POINT ( 'NONE', #6089 ) ;
#408 = FACE_OUTER_BOUND ( 'NONE', #858, .T. ) ;
#409 = DIRECTION ( 'NONE',  ( 0.000000000000000000, -1.000000000000000000, 0.000000000000000000 ) ) ;
#410 = VECTOR ( 'NONE', #10081, 1000.000000000000000 ) ;
#411 = CARTESIAN_POINT ( 'NONE',  ( -6.439999999999997726, 3.240000000000001101, -1.224999999999999867 ) ) ;
#412 = LINE ( 'NONE', #8248, #7214 ) ;
#413 = ORIENTED_EDGE ( 'NONE', *, *, #8270, .T. ) ;
#414 = VECTOR ( 'NONE', #1723, 1000.000000000000114 ) ;
#415 = CARTESIAN_POINT ( 'NONE',  ( -7.605000000000000426, 0.5300000000000049116, -0.3250000000000000666 ) ) ;
#416 = DIRECTION ( 'NONE',  ( 2.168404344971008079E-15, 1.000000000000000000, 0.000000000000000000 ) ) ;
#417 = DIRECTION ( 'NONE',  ( 0.000000000000000000, 0.000000000000000000, -1.000000000000000000 ) ) ;
#418 = ORIENTED_EDGE ( 'NONE', *, *, #4543, .F. ) ;
#419 = ORIENTED_EDGE ( 'NONE', *, *, #7228, .F. ) ;
#420 =( NAMED_UNIT ( * ) PLANE_ANGLE_UNIT ( ) SI_UNIT ( $, .RADIAN. ) );
#421 = PLANE ( 'NONE',  #5667 ) ;
#422 = ORIENTED_EDGE ( 'NONE', *, *, #2880, .T. ) ;
#423 = CARTESIAN_POINT ( 'NONE',  ( 0.000000000000000000, 2.255000000000000338, 0.06499999999999994671 ) ) ;
#424 = LINE ( 'NONE', #1287, #1076 ) ;
#425 = DIRECTION ( 'NONE',  ( 0.000000000000000000, 1.000000000000000000, -2.920409892216845161E-16 ) ) ;
#426 = DIRECTION ( 'NONE',  ( -1.000000000000000000, -0.000000000000000000, -0.000000000000000000 ) ) ;
#427 = LINE ( 'NONE', #1861, #983 ) ;
#428 = DIRECTION ( 'NONE',  ( 0.000000000000000000, 1.000000000000000000, 0.000000000000000000 ) ) ;
#429 = AXIS2_PLACEMENT_3D ( 'NONE', #9258, #39, #3272 ) ;
#430 = PLANE ( 'NONE',  #5772 ) ;
#431 = DIRECTION ( 'NONE',  ( 0.000000000000000000, 0.000000000000000000, 1.000000000000000000 ) ) ;
#432 = ORIENTED_EDGE ( 'NONE', *, *, #4194, .T. ) ;
#433 = CARTESIAN_POINT ( 'NONE',  ( 10.37500000000000000, 1.030000000000000027, -2.024999999999999911 ) ) ;
#434 = ORIENTED_EDGE ( 'NONE', *, *, #9987, .T. ) ;
#435 = AXIS2_PLACEMENT_3D ( 'NONE', #2665, #2207, #9902 ) ;
#436 =( LENGTH_UNIT ( ) NAMED_UNIT ( * ) SI_UNIT ( .MILLI., .METRE. ) );
#437 = PLANE ( 'NONE',  #2366 ) ;
#438 = EDGE_CURVE ( 'NONE', #2032, #3891, #9153, .T. ) ;
#439 = EDGE_CURVE ( 'NONE', #787, #7891, #2158, .T. ) ;
#440 = LINE ( 'NONE', #2660, #128 ) ;
#441 = EDGE_CURVE ( 'NONE', #2370, #6330, #8380, .T. ) ;
#442 = EDGE_CURVE ( 'NONE', #10027, #3966, #604, .T. ) ;
#443 = ADVANCED_FACE ( 'NONE', ( #9995 ), #3023, .T. ) ;
#444 = ORIENTED_EDGE ( 'NONE', *, *, #3325, .F. ) ;
#445 = AXIS2_PLACEMENT_3D ( 'NONE', #9089, #8427, #5209 ) ;
#447 = LINE ( 'NONE', #1358, #4192 ) ;
#446 = DIRECTION ( 'NONE',  ( -1.000000000000000000, 0.000000000000000000, 0.000000000000000000 ) ) ;
#448 = ORIENTED_EDGE ( 'NONE', *, *, #5076, .F. ) ;
#449 = LINE ( 'NONE', #8893, #5192 ) ;
#450 = AXIS2_PLACEMENT_3D ( 'NONE', #6673, #4933, #9712 ) ;
#451 = ORIENTED_EDGE ( 'NONE', *, *, #6894, .F. ) ;
#452 = ORIENTED_EDGE ( 'NONE', *, *, #6516, .T. ) ;
#453 = DIRECTION ( 'NONE',  ( 0.000000000000000000, 0.000000000000000000, -1.000000000000000000 ) ) ;
#454 = LINE ( 'NONE', #3627, #7704 ) ;
#455 = FACE_OUTER_BOUND ( 'NONE', #8818, .T. ) ;
#456 = EDGE_CURVE ( 'NONE', #2411, #10080, #8689, .T. ) ;
#457 = FACE_OUTER_BOUND ( 'NONE', #5599, .T. ) ;
#458 = CARTESIAN_POINT ( 'NONE',  ( -5.724999999999999645, 0.6805981797501089448, 1.625000000000000000 ) ) ;
#459 = EDGE_LOOP ( 'NONE', ( #936, #7541, #3471, #7552 ) ) ;
#460 = ORIENTED_EDGE ( 'NONE', *, *, #6596, .T. ) ;
#461 = PLANE ( 'NONE',  #10058 ) ;
#462 = CARTESIAN_POINT ( 'NONE',  ( 0.000000000000000000, 1.855000000000000204, 0.06499999999999994671 ) ) ;
#463 =( NAMED_UNIT ( * ) PLANE_ANGLE_UNIT ( ) SI_UNIT ( $, .RADIAN. ) );
#464 = EDGE_CURVE ( 'NONE', #2818, #5571, #3824, .T. ) ;
#465 = CARTESIAN_POINT ( 'NONE',  ( 3.240000000000001545, 2.760000000000000231, 2.024999999999999911 ) ) ;
#466 = CARTESIAN_POINT ( 'NONE',  ( -1.562500000000003553, 8.809142651444728259E-15, 0.06499999999999994671 ) ) ;
#467 = CARTESIAN_POINT ( 'NONE',  ( 0.9375000000000008882, 2.255000000000000338, 0.06499999999999994671 ) ) ;
#468 = ORIENTED_EDGE ( 'NONE', *, *, #575, .F. ) ;
#469 = VECTOR ( 'NONE', #2376, 1000.000000000000000 ) ;
#470 = ORIENTED_EDGE ( 'NONE', *, *, #8436, .F. ) ;
#471 = CARTESIAN_POINT ( 'NONE',  ( 1.975000000000001865, 1.030000000000000027, -1.464999999999999636 ) ) ;
#472 = DIRECTION ( 'NONE',  ( 1.000000000000000000, -0.000000000000000000, -0.000000000000000000 ) ) ;
#473 = AXIS2_PLACEMENT_3D ( 'NONE', #9042, #8281, #4401 ) ;
#474 = ORIENTED_EDGE ( 'NONE', *, *, #1015, .T. ) ;
#475 = DIRECTION ( 'NONE',  ( 0.000000000000000000, 0.7071067811865475727, -0.7071067811865475727 ) ) ;
#476 = CARTESIAN_POINT ( 'NONE',  ( -3.749999999999998224, 1.855000000000000204, 0.06499999999999994671 ) ) ;
#477 = EDGE_CURVE ( 'NONE', #5742, #2307, #3070, .T. ) ;
#478 = LINE ( 'NONE', #188, #3388 ) ;
#479 = PLANE ( 'NONE',  #9781 ) ;
#480 = LINE ( 'NONE', #3603, #2554 ) ;
#481 = CARTESIAN_POINT ( 'NONE',  ( -4.275000000000000355, 0.5500000000000010436, 0.06499999999999994671 ) ) ;
#482 = CARTESIAN_POINT ( 'NONE',  ( -7.875000000000000000, 0.1800000000000000488, -1.315000000000000169 ) ) ;
#484 = DIRECTION ( 'NONE',  ( 0.000000000000000000, -1.445602896647339508E-15, -1.000000000000000000 ) ) ;
#483 = CARTESIAN_POINT ( 'NONE',  ( -7.605000000000000426, 0.8499999999999992006, 2.024999999999999911 ) ) ;
#485 = ORIENTED_EDGE ( 'NONE', *, *, #4075, .T. ) ;
#486 = VECTOR ( 'NONE', #2245, 1000.000000000000000 ) ;
#487 = CARTESIAN_POINT ( 'NONE',  ( -7.375000000000000888, 1.719999999999999529, 2.024999999999999911 ) ) ;
#488 = EDGE_LOOP ( 'NONE', ( #9013, #3141, #4530, #6402 ) ) ;
#489 = ORIENTED_EDGE ( 'NONE', *, *, #8983, .T. ) ;
#490 =( LENGTH_UNIT ( ) NAMED_UNIT ( * ) SI_UNIT ( .MILLI., .METRE. ) );
#491 = CARTESIAN_POINT ( 'NONE',  ( -7.605000000000000426, 1.009999999999999121, 1.864999999999999325 ) ) ;
#492 = VECTOR ( 'NONE', #209, 1000.000000000000000 ) ;
#493 = ORIENTED_EDGE ( 'NONE', *, *, #7462, .F. ) ;
#494 = AXIS2_PLACEMENT_3D ( 'NONE', #4122, #2648, #7261 ) ;
#495 = ORIENTED_EDGE ( 'NONE', *, *, #4064, .F. ) ;
#496 = CARTESIAN_POINT ( 'NONE',  ( 1.975000000000001865, 1.630000000000000560, 0.06499999999999994671 ) ) ;
#497 = VERTEX_POINT ( 'NONE', #2417 ) ;
#498 = CARTESIAN_POINT ( 'NONE',  ( 3.625000000000001332, 8.777094706955511913E-18, 0.09499999999999998723 ) ) ;
#499 = ORIENTED_EDGE ( 'NONE', *, *, #4092, .F. ) ;
#500 = EDGE_CURVE ( 'NONE', #9165, #9641, #3218, .T. ) ;
#501 = ORIENTED_EDGE ( 'NONE', *, *, #9804, .F. ) ;
#502 = EDGE_CURVE ( 'NONE', #5724, #4045, #7830, .T. ) ;
#503 = VECTOR ( 'NONE', #7034, 1000.000000000000000 ) ;
#504 = DIRECTION ( 'NONE',  ( -1.000000000000000000, 1.136281752823236226E-16, 0.000000000000000000 ) ) ;
#505 = CARTESIAN_POINT ( 'NONE',  ( -7.375000000000000888, -1.781481197162711565E-15, 1.875000000000000888 ) ) ;
#506 = CARTESIAN_POINT ( 'NONE',  ( -0.9375000000000000000, 2.255000000000000338, 2.024999999999999911 ) ) ;
#507 = CARTESIAN_POINT ( 'NONE',  ( 1.249999999999999778, 1.630000000000001226, 0.06499999999999994671 ) ) ;
#508 = CARTESIAN_POINT ( 'NONE',  ( 3.750000000000001776, 3.325000000000000178, 0.6399999999999999023 ) ) ;
#509 = DIRECTION ( 'NONE',  ( 0.000000000000000000, -1.000000000000000000, 0.000000000000000000 ) ) ;
#510 = EDGE_LOOP ( 'NONE', ( #4532, #3842, #2263, #391 ) ) ;
#511 = VECTOR ( 'NONE', #9598, 1000.000000000000000 ) ;
#512 = ORIENTED_EDGE ( 'NONE', *, *, #1744, .F. ) ;
#513 = CARTESIAN_POINT ( 'NONE',  ( 9.125000000000000000, 1.030000000000000027, 0.000000000000000000 ) ) ;
#514 = DIRECTION ( 'NONE',  ( 1.000000000000000000, -2.168404344971008079E-15, 0.000000000000000000 ) ) ;
#515 = ORIENTED_EDGE ( 'NONE', *, *, #3620, .T. ) ;
#516 = LINE ( 'NONE', #2007, #18 ) ;
#517 = PLANE ( 'NONE',  #4335 ) ;
#518 = LINE ( 'NONE', #6622, #1056 ) ;
#519 = ORIENTED_EDGE ( 'NONE', *, *, #1065, .F. ) ;
#520 = ORIENTED_EDGE ( 'NONE', *, *, #1197, .T. ) ;
#521 = CARTESIAN_POINT ( 'NONE',  ( 0.000000000000000000, 0.000000000000000000, -0.3250000000000000666 ) ) ;
#522 = VECTOR ( 'NONE', #9532, 1000.000000000000000 ) ;
#523 = ORIENTED_EDGE ( 'NONE', *, *, #1869, .T. ) ;
#524 = ORIENTED_EDGE ( 'NONE', *, *, #8133, .T. ) ;
#525 = DIRECTION ( 'NONE',  ( -1.000000000000000000, 0.000000000000000000, 0.000000000000000000 ) ) ;
#526 = LINE ( 'NONE', #10018, #6103 ) ;
#527 = CARTESIAN_POINT ( 'NONE',  ( 3.625000000000002220, 0.8499999999999992006, 2.024999999999999911 ) ) ;
#528 = LINE ( 'NONE', #9133, #7258 ) ;
#529 = DIRECTION ( 'NONE',  ( 0.000000000000000000, 0.000000000000000000, -1.000000000000000000 ) ) ;
#530 = VECTOR ( 'NONE', #1011, 1000.000000000000000 ) ;
#531 = VECTOR ( 'NONE', #2164, 1000.000000000000000 ) ;
#532 = DIRECTION ( 'NONE',  ( 0.000000000000000000, 0.000000000000000000, 1.000000000000000000 ) ) ;
#533 = CARTESIAN_POINT ( 'NONE',  ( -1.775000000000000133, 0.000000000000000000, 2.024999999999999911 ) ) ;
#534 = LINE ( 'NONE', #3605, #9650 ) ;
#535 = CARTESIAN_POINT ( 'NONE',  ( -6.439999999999997726, 3.820000000000000728, -1.224999999999999867 ) ) ;
#536 = VERTEX_POINT ( 'NONE', #3877 ) ;
#537 = CARTESIAN_POINT ( 'NONE',  ( 0.9374999999999964473, 8.809142651444728259E-15, 0.06499999999999994671 ) ) ;
#538 = EDGE_CURVE ( 'NONE', #5089, #8601, #908, .T. ) ;
#539 = AXIS2_PLACEMENT_3D ( 'NONE', #744, #6183, #900 ) ;
#540 = ORIENTED_EDGE ( 'NONE', *, *, #4381, .T. ) ;
#541 = ORIENTED_EDGE ( 'NONE', *, *, #2222, .T. ) ;
#542 = DIRECTION ( 'NONE',  ( 0.000000000000000000, 0.000000000000000000, 1.000000000000000000 ) ) ;
#543 = LINE ( 'NONE', #9894, #5111 ) ;
#544 = CARTESIAN_POINT ( 'NONE',  ( -5.724999999999999645, 1.604999999999999982, 1.362867965644034118 ) ) ;
#545 = ORIENTED_EDGE ( 'NONE', *, *, #1126, .F. ) ;
#546 = VECTOR ( 'NONE', #7560, 1000.000000000000114 ) ;
#547 = VERTEX_POINT ( 'NONE', #6240 ) ;
#549 = LINE ( 'NONE', #6034, #4700 ) ;
#548 = DIRECTION ( 'NONE',  ( 0.000000000000000000, -1.000000000000000000, 0.000000000000000000 ) ) ;
#550 = ORIENTED_EDGE ( 'NONE', *, *, #6188, .F. ) ;
#551 = ORIENTED_EDGE ( 'NONE', *, *, #7236, .F. ) ;
#552 = ORIENTED_EDGE ( 'NONE', *, *, #4639, .F. ) ;
#553 = DIRECTION ( 'NONE',  ( 0.000000000000000000, 0.000000000000000000, 1.000000000000000000 ) ) ;
#554 = DIRECTION ( 'NONE',  ( -0.000000000000000000, -0.7071067811865491270, -0.7071067811865459074 ) ) ;
#555 = CARTESIAN_POINT ( 'NONE',  ( 0.5250000000000002442, 0.7800000000000002487, 0.06499999999999994671 ) ) ;
#556 = CARTESIAN_POINT ( 'NONE',  ( -7.875000000000000000, 0.000000000000000000, -0.2750000000000000777 ) ) ;
#557 = VECTOR ( 'NONE', #645, 1000.000000000000000 ) ;
#558 = EDGE_CURVE ( 'NONE', #7585, #4875, #6002, .T. ) ;
#559 = DIRECTION ( 'NONE',  ( 0.000000000000000000, 0.000000000000000000, 1.000000000000000000 ) ) ;
#560 = CARTESIAN_POINT ( 'NONE',  ( -3.024999999999999911, 1.630000000000000782, -1.464999999999999636 ) ) ;
#561 = EDGE_LOOP ( 'NONE', ( #2573, #8038, #5187, #6438 ) ) ;
#562 = EDGE_CURVE ( 'NONE', #1158, #5356, #854, .T. ) ;
#563 = ORIENTED_EDGE ( 'NONE', *, *, #7091, .T. ) ;
#564 = VECTOR ( 'NONE', #9967, 1000.000000000000000 ) ;
#565 = CARTESIAN_POINT ( 'NONE',  ( -7.375000000000000888, 0.8499999999999992006, 2.024999999999999911 ) ) ;
#566 = CARTESIAN_POINT ( 'NONE',  ( 0.000000000000000000, 0.000000000000000000, 0.06499999999999994671 ) ) ;
#567 = VECTOR ( 'NONE', #7346, 1000.000000000000000 ) ;
#568 = CARTESIAN_POINT ( 'NONE',  ( -5.525000000000000355, 0.000000000000000000, 0.06499999999999998834 ) ) ;
#569 = EDGE_CURVE ( 'NONE', #787, #7125, #87, .T. ) ;
#570 = DIRECTION ( 'NONE',  ( 0.000000000000000000, 0.000000000000000000, -1.000000000000000000 ) ) ;
#571 = CARTESIAN_POINT ( 'NONE',  ( -7.375000000000000000, 3.500000000000000444, 0.06499999999999994671 ) ) ;
#572 = VERTEX_POINT ( 'NONE', #2467 ) ;
#573 = EDGE_CURVE ( 'NONE', #6206, #6388, #6435, .T. ) ;
#574 = EDGE_CURVE ( 'NONE', #6986, #955, #1100, .T. ) ;
#575 = EDGE_CURVE ( 'NONE', #2481, #2758, #5768, .T. ) ;
#576 = VECTOR ( 'NONE', #1694, 1000.000000000000000 ) ;
#577 = ORIENTED_EDGE ( 'NONE', *, *, #1746, .F. ) ;
#578 = EDGE_LOOP ( 'NONE', ( #7430, #4334, #551, #1904 ) ) ;
#579 = ORIENTED_EDGE ( 'NONE', *, *, #2019, .T. ) ;
#580 = FACE_OUTER_BOUND ( 'NONE', #2902, .T. ) ;
#581 = CARTESIAN_POINT ( 'NONE',  ( 7.875000000000000000, 2.055000000000001048, 2.024999999999999911 ) ) ;
#582 = CARTESIAN_POINT ( 'NONE',  ( 3.625000000000002220, 1.094999999999999085, 1.949999999999999289 ) ) ;
#583 = VECTOR ( 'NONE', #9405, 1000.000000000000000 ) ;
#584 = LINE ( 'NONE', #5199, #9833 ) ;
#585 = DIRECTION ( 'NONE',  ( -1.000000000000000000, 0.000000000000000000, 0.000000000000000000 ) ) ;
#586 = CARTESIAN_POINT ( 'NONE',  ( -7.725000000000000533, 0.7799999999999999156, -0.3250000000000000666 ) ) ;
#587 = DIRECTION ( 'NONE',  ( -1.000000000000000000, 2.403995947861434526E-16, 0.000000000000000000 ) ) ;
#588 = EDGE_CURVE ( 'NONE', #4802, #6218, #8877, .T. ) ;
#589 = VECTOR ( 'NONE', #171, 1000.000000000000000 ) ;
#590 = LINE ( 'NONE', #5102, #3964 ) ;
#592 = CARTESIAN_POINT ( 'NONE',  ( 3.525000000000002132, 0.000000000000000000, 1.324999999999999734 ) ) ;
#591 = DIRECTION ( 'NONE',  ( 0.000000000000000000, 1.000000000000000000, 0.000000000000000000 ) ) ;
#593 = ORIENTED_EDGE ( 'NONE', *, *, #192, .T. ) ;
#594 = DIRECTION ( 'NONE',  ( 1.000000000000000000, 1.197572355469997778E-16, 0.000000000000000000 ) ) ;
#595 = EDGE_LOOP ( 'NONE', ( #6167, #5439, #4916, #1152, #7903 ) ) ;
#596 = EDGE_LOOP ( 'NONE', ( #5978, #1614, #9551, #6694, #7179, #6443, #9367, #19 ) ) ;
#597 = VECTOR ( 'NONE', #5824, 1000.000000000000000 ) ;
#598 = DIRECTION ( 'NONE',  ( -0.000000000000000000, 0.000000000000000000, 1.000000000000000000 ) ) ;
#599 = VECTOR ( 'NONE', #6785, 1000.000000000000000 ) ;
#600 = DIRECTION ( 'NONE',  ( -1.000000000000000000, 0.000000000000000000, -0.000000000000000000 ) ) ;
#601 = ORIENTED_EDGE ( 'NONE', *, *, #8873, .F. ) ;
#602 = ORIENTED_EDGE ( 'NONE', *, *, #4259, .T. ) ;
#604 = LINE ( 'NONE', #8438, #922 ) ;
#603 = CARTESIAN_POINT ( 'NONE',  ( -2.812499999999999112, 1.855000000000000204, 1.824999999999999289 ) ) ;
#605 = EDGE_LOOP ( 'NONE', ( #3206, #9097, #8482, #5992, #9947 ) ) ;
#606 = ORIENTED_EDGE ( 'NONE', *, *, #8464, .F. ) ;
#607 = DIRECTION ( 'NONE',  ( 0.000000000000000000, 0.000000000000000000, 1.000000000000000000 ) ) ;
#608 = PRODUCT_DEFINITION_SHAPE ( 'NONE', 'NONE',  #5634 ) ;
#609 = ORIENTED_EDGE ( 'NONE', *, *, #10064, .F. ) ;
#610 = ORIENTED_EDGE ( 'NONE', *, *, #2536, .F. ) ;
#611 = LINE ( 'NONE', #1365, #696 ) ;
#612 = EDGE_CURVE ( 'NONE', #1701, #5536, #2654, .T. ) ;
#613 = EDGE_CURVE ( 'NONE', #5180, #8889, #6490, .T. ) ;
#614 = DIRECTION ( 'NONE',  ( -0.000000000000000000, 1.000000000000000000, -0.000000000000000000 ) ) ;
#615 = CARTESIAN_POINT ( 'NONE',  ( -5.724999999999999645, 0.6805981797501089448, 1.824999999999999956 ) ) ;
#616 = AXIS2_PLACEMENT_3D ( 'NONE', #6230, #8527, #1502 ) ;
#617 = CARTESIAN_POINT ( 'NONE',  ( -5.525000000000000355, 0.8400214062398350112, 1.745765205484050231 ) ) ;
#618 = CARTESIAN_POINT ( 'NONE',  ( -4.275000000000001243, 1.855000000000000204, 1.824999999999999289 ) ) ;
#619 = CARTESIAN_POINT ( 'NONE',  ( -5.724999999999999645, 0.6250000000000000000, -1.464999999999999858 ) ) ;
#620 = ORIENTED_EDGE ( 'NONE', *, *, #477, .T. ) ;
#621 = VERTEX_POINT ( 'NONE', #7412 ) ;
#622 = VECTOR ( 'NONE', #8385, 1000.000000000000000 ) ;
#623 = EDGE_CURVE ( 'NONE', #8931, #2043, #1866, .T. ) ;
#624 = EDGE_CURVE ( 'NONE', #2758, #3496, #7218, .T. ) ;
#625 = CARTESIAN_POINT ( 'NONE',  ( -5.724999999999999645, 0.9050000000000000266, -0.9050000000000000266 ) ) ;
#626 = VECTOR ( 'NONE', #4621, 1000.000000000000000 ) ;
#627 = CONTEXT_DEPENDENT_SHAPE_REPRESENTATION ( #7969, #1245 ) ;
#628 = VERTEX_POINT ( 'NONE', #2609 ) ;
#629 = CARTESIAN_POINT ( 'NONE',  ( -7.605000000000000426, 1.559999999999999609, 1.949999999999999512 ) ) ;
#630 = PLANE ( 'NONE',  #3039 ) ;
#631 = DIRECTION ( 'NONE',  ( 0.000000000000000000, -1.000000000000000000, 0.000000000000000000 ) ) ;
#632 = ORIENTED_EDGE ( 'NONE', *, *, #7080, .T. ) ;
#633 = DIRECTION ( 'NONE',  ( 0.000000000000000000, 1.000000000000000000, 0.000000000000000000 ) ) ;
#634 = EDGE_LOOP ( 'NONE', ( #9157, #3205, #7303, #2868 ) ) ;
#635 = PLANE ( 'NONE',  #9848 ) ;
#636 = AXIS2_PLACEMENT_3D ( 'NONE', #5057, #8225, #4391 ) ;
#637 = VERTEX_POINT ( 'NONE', #279 ) ;
#638 = ORIENTED_EDGE ( 'NONE', *, *, #4027, .F. ) ;
#639 = DIRECTION ( 'NONE',  ( 0.000000000000000000, 0.000000000000000000, -1.000000000000000000 ) ) ;
#640 = EDGE_CURVE ( 'NONE', #5148, #7470, #3421, .T. ) ;
#641 = EDGE_CURVE ( 'NONE', #4749, #9661, #183, .T. ) ;
#642 = CARTESIAN_POINT ( 'NONE',  ( -7.605000000000000426, 0.000000000000000000, 0.06499999999999994671 ) ) ;
#643 = DIRECTION ( 'NONE',  ( 1.000000000000000000, -0.000000000000000000, -0.000000000000000000 ) ) ;
#644 = VECTOR ( 'NONE', #2734, 1000.000000000000000 ) ;
#645 = DIRECTION ( 'NONE',  ( -0.000000000000000000, -1.000000000000000000, -0.000000000000000000 ) ) ;
#646 = CARTESIAN_POINT ( 'NONE',  ( -5.525000000000000355, 1.049567419867294182, 1.469141641133302034 ) ) ;
#647 = CIRCLE ( 'NONE', #963, 0.2000000000000000944 ) ;
#649 = CARTESIAN_POINT ( 'NONE',  ( -5.525000000000000355, 1.479999999999999982, 0.9136038969321059744 ) ) ;
#648 = CARTESIAN_POINT ( 'NONE',  ( -7.605000000000000426, 1.719999999999999529, 1.949999999999998623 ) ) ;
#650 = ORIENTED_EDGE ( 'NONE', *, *, #2402, .T. ) ;
#651 = LINE ( 'NONE', #9934, #5542 ) ;
#652 = ORIENTED_EDGE ( 'NONE', *, *, #6327, .F. ) ;
#653 = EDGE_CURVE ( 'NONE', #6910, #5788, #5005, .T. ) ;
#654 = CARTESIAN_POINT ( 'NONE',  ( 3.265000000000002345, 0.000000000000000000, 0.000000000000000000 ) ) ;
#655 = CARTESIAN_POINT ( 'NONE',  ( 0.5250000000000002442, 0.000000000000000000, -2.024999999999999911 ) ) ;
#656 = ORIENTED_EDGE ( 'NONE', *, *, #2286, .F. ) ;
#657 = LINE ( 'NONE', #6135, #3299 ) ;
#658 = AXIS2_PLACEMENT_3D ( 'NONE', #5434, #2272, #5385 ) ;
#659 = ORIENTED_EDGE ( 'NONE', *, *, #7608, .T. ) ;
#661 = FACE_OUTER_BOUND ( 'NONE', #1154, .T. ) ;
#660 = CARTESIAN_POINT ( 'NONE',  ( -5.525000000000000355, 2.084999999999999964, 1.824999999999999956 ) ) ;
#662 = VERTEX_POINT ( 'NONE', #381 ) ;
#663 = LINE ( 'NONE', #4404, #3229 ) ;
#664 = LINE ( 'NONE', #9262, #2757 ) ;
#665 = ORIENTED_EDGE ( 'NONE', *, *, #5885, .F. ) ;
#666 = DIRECTION ( 'NONE',  ( 0.000000000000000000, 0.000000000000000000, 1.000000000000000000 ) ) ;
#667 = VECTOR ( 'NONE', #2345, 1000.000000000000000 ) ;
#668 = DIRECTION ( 'NONE',  ( -1.000000000000000000, 0.000000000000000000, 0.000000000000000000 ) ) ;
#669 = CARTESIAN_POINT ( 'NONE',  ( 3.855000000000002647, -1.828238918348616824E-15, -2.496936092690336118 ) ) ;
#670 = CARTESIAN_POINT ( 'NONE',  ( 2.050000000000002487, 3.820000000000000728, -1.224999999999999867 ) ) ;
#671 = LINE ( 'NONE', #6045, #4687 ) ;
#672 = ORIENTED_EDGE ( 'NONE', *, *, #1631, .F. ) ;
#673 = EDGE_LOOP ( 'NONE', ( #4696, #9742, #7758, #8136 ) ) ;
#674 = DIRECTION ( 'NONE',  ( 0.000000000000000000, -0.7071067811865489050, -0.7071067811865460184 ) ) ;
#675 = CARTESIAN_POINT ( 'NONE',  ( -4.275000000000000355, 1.030000000000000027, -2.024999999999999911 ) ) ;
#676 = VECTOR ( 'NONE', #9993, 1000.000000000000000 ) ;
#677 = CARTESIAN_POINT ( 'NONE',  ( -7.875000000000000000, 0.7800000000000000266, 1.324999999999999734 ) ) ;
#678 = ORIENTED_EDGE ( 'NONE', *, *, #8570, .T. ) ;
#679 = DIRECTION ( 'NONE',  ( -0.5773502691896257311, 0.5773502691896257311, 0.5773502691896257311 ) ) ;
#680 = EDGE_CURVE ( 'NONE', #8370, #2481, #3509, .T. ) ;
#681 = EDGE_CURVE ( 'NONE', #9462, #6556, #6649, .T. ) ;
#682 = ORIENTED_EDGE ( 'NONE', *, *, #2222, .F. ) ;
#683 = ORIENTED_EDGE ( 'NONE', *, *, #7590, .F. ) ;
#684 = DIRECTION ( 'NONE',  ( -1.000000000000000000, 0.000000000000000000, -0.000000000000000000 ) ) ;
#685 = DIRECTION ( 'NONE',  ( -0.000000000000000000, 0.000000000000000000, 1.000000000000000000 ) ) ;
#686 = CARTESIAN_POINT ( 'NONE',  ( 5.000000000000000000, 2.085000000000000409, -2.024999999999999911 ) ) ;
#687 = UNCERTAINTY_MEASURE_WITH_UNIT (LENGTH_MEASURE( 1.000000000000000082E-05 ), #2846, 'distance_accuracy_value', 'NONE');
#688 = LINE ( 'NONE', #10022, #4503 ) ;
#689 = DIRECTION ( 'NONE',  ( 1.000000000000000000, 0.000000000000000000, -0.000000000000000000 ) ) ;
#690 = EDGE_CURVE ( 'NONE', #8723, #2831, #7364, .T. ) ;
#691 = EDGE_CURVE ( 'NONE', #1158, #4005, #227, .T. ) ;
#692 = EDGE_CURVE ( 'NONE', #4189, #8563, #1714, .T. ) ;
#693 = LINE ( 'NONE', #5520, #2749 ) ;
#694 = ORIENTED_EDGE ( 'NONE', *, *, #5697, .T. ) ;
#695 = LINE ( 'NONE', #4698, #5611 ) ;
#696 = VECTOR ( 'NONE', #9209, 1000.000000000000000 ) ;
#697 = LINE ( 'NONE', #7054, #4475 ) ;
#698 = CARTESIAN_POINT ( 'NONE',  ( -3.024999999999999911, 0.000000000000000000, -2.024999999999999911 ) ) ;
#699 = ORIENTED_EDGE ( 'NONE', *, *, #7092, .T. ) ;
#700 = CARTESIAN_POINT ( 'NONE',  ( -4.275000000000000355, 0.000000000000000000, 2.024999999999999911 ) ) ;
#701 = VERTEX_POINT ( 'NONE', #6590 ) ;
#702 = EDGE_CURVE ( 'NONE', #158, #4522, #3318, .T. ) ;
#703 = EDGE_CURVE ( 'NONE', #5430, #4624, #2561, .T. ) ;
#704 = ADVANCED_FACE ( 'NONE', ( #1006 ), #1769, .T. ) ;
#705 = VERTEX_POINT ( 'NONE', #8985 ) ;
#706 = VECTOR ( 'NONE', #3162, 1000.000000000000000 ) ;
#707 = ORIENTED_EDGE ( 'NONE', *, *, #1302, .F. ) ;
#708 = CARTESIAN_POINT ( 'NONE',  ( -6.349999999999999645, 0.000000000000000000, 0.06499999999999994671 ) ) ;
#709 = ORIENTED_EDGE ( 'NONE', *, *, #9389, .F. ) ;
#710 = CARTESIAN_POINT ( 'NONE',  ( -3.024999999999999911, 1.030000000000000027, -2.024999999999999911 ) ) ;
#711 = FACE_OUTER_BOUND ( 'NONE', #673, .T. ) ;
#712 = FACE_OUTER_BOUND ( 'NONE', #9515, .T. ) ;
#713 = LINE ( 'NONE', #5435, #8180 ) ;
#714 = CARTESIAN_POINT ( 'NONE',  ( -7.275000000000000355, 2.209999999999999520, 1.975000000000001865 ) ) ;
#715 = FACE_OUTER_BOUND ( 'NONE', #9058, .T. ) ;
#716 = VERTEX_POINT ( 'NONE', #5972 ) ;
#717 = ADVANCED_FACE ( 'NONE', ( #5310 ), #1249, .F. ) ;
#718 = ORIENTED_EDGE ( 'NONE', *, *, #832, .T. ) ;
#719 = VERTEX_POINT ( 'NONE', #9087 ) ;
#720 = CARTESIAN_POINT ( 'NONE',  ( -5.525000000000000355, 1.044999999999999929, -1.044999999999999929 ) ) ;
#721 = DIRECTION ( 'NONE',  ( 0.000000000000000000, 0.000000000000000000, 1.000000000000000000 ) ) ;
#722 = VERTEX_POINT ( 'NONE', #4438 ) ;
#723 = EDGE_LOOP ( 'NONE', ( #5628, #2142, #9692, #2198, #4374 ) ) ;
#724 = AXIS2_PLACEMENT_3D ( 'NONE', #7522, #3613, #6752 ) ;
#725 = ORIENTED_EDGE ( 'NONE', *, *, #6838, .T. ) ;
#726 = CARTESIAN_POINT ( 'NONE',  ( 4.015000000000002345, 2.400000000000000355, 2.024999999999999911 ) ) ;
#727 = DIRECTION ( 'NONE',  ( 0.000000000000000000, -0.000000000000000000, -1.000000000000000000 ) ) ;
#728 = CARTESIAN_POINT ( 'NONE',  ( 0.5250000000000002442, 1.855000000000000204, 0.06499999999999994671 ) ) ;
#729 = VECTOR ( 'NONE', #9727, 1000.000000000000000 ) ;
#730 = EDGE_CURVE ( 'NONE', #8563, #5504, #106, .T. ) ;
#731 = LINE ( 'NONE', #6887, #3588 ) ;
#732 = AXIS2_PLACEMENT_3D ( 'NONE', #6522, #1127, #311 ) ;
#733 = DIRECTION ( 'NONE',  ( 1.000000000000000000, 0.000000000000000000, 0.000000000000000000 ) ) ;
#734 = CARTESIAN_POINT ( 'NONE',  ( -7.875000000000000000, 3.500000000000000444, -1.334999999999999742 ) ) ;
#735 = LINE ( 'NONE', #9339, #2230 ) ;
#736 = PLANE ( 'NONE',  #881 ) ;
#737 = ORIENTED_EDGE ( 'NONE', *, *, #4780, .T. ) ;
#738 = CARTESIAN_POINT ( 'NONE',  ( -6.439999999999997726, 3.820000000000000728, -2.024999999999999911 ) ) ;
#739 = AXIS2_PLACEMENT_3D ( 'NONE', #7898, #5073, #3631 ) ;
#740 = CARTESIAN_POINT ( 'NONE',  ( 4.125000000000001776, 3.400000000000000355, 0.000000000000000000 ) ) ;
#741 = VECTOR ( 'NONE', #4795, 1000.000000000000000 ) ;
#742 = VECTOR ( 'NONE', #2335, 1000.000000000000000 ) ;
#743 = ADVANCED_FACE ( 'NONE', ( #7513 ), #3766, .T. ) ;
#744 = CARTESIAN_POINT ( 'NONE',  ( 7.875000000000000000, 0.3399999999999997469, 0.000000000000000000 ) ) ;
#745 = EDGE_CURVE ( 'NONE', #4712, #1960, #6892, .T. ) ;
#746 = VECTOR ( 'NONE', #5367, 1000.000000000000000 ) ;
#747 = PLANE ( 'NONE',  #5959 ) ;
#748 = ORIENTED_EDGE ( 'NONE', *, *, #4457, .F. ) ;
#749 = PLANE ( 'NONE',  #1649 ) ;
#750 = VECTOR ( 'NONE', #6868, 1000.000000000000000 ) ;
#751 = DIRECTION ( 'NONE',  ( 0.000000000000000000, 1.000000000000000000, 0.000000000000000000 ) ) ;
#752 = ORIENTED_EDGE ( 'NONE', *, *, #9607, .T. ) ;
#754 = CARTESIAN_POINT ( 'NONE',  ( -7.875000000000000000, 2.209999999999999520, 1.975000000000001865 ) ) ;
#753 = DIRECTION ( 'NONE',  ( 0.000000000000000000, 1.000000000000000000, 0.000000000000000000 ) ) ;
#755 = ORIENTED_EDGE ( 'NONE', *, *, #6215, .F. ) ;
#756 = ORIENTED_EDGE ( 'NONE', *, *, #612, .F. ) ;
#757 = DIRECTION ( 'NONE',  ( -0.000000000000000000, 0.7071067811865474617, 0.7071067811865474617 ) ) ;
#758 = VERTEX_POINT ( 'NONE', #2756 ) ;
#759 = VERTEX_POINT ( 'NONE', #5256 ) ;
#760 = VECTOR ( 'NONE', #9579, 1000.000000000000000 ) ;
#761 = AXIS2_PLACEMENT_3D ( 'NONE', #6686, #2852, #6738 ) ;
#762 = PLANE ( 'NONE',  #7144 ) ;
#763 = EDGE_CURVE ( 'NONE', #8914, #8900, #1194, .T. ) ;
#764 = CARTESIAN_POINT ( 'NONE',  ( -0.5250000000000002442, 0.7799999999999999156, 0.06499999999999994671 ) ) ;
#765 = EDGE_CURVE ( 'NONE', #1111, #8750, #5871, .T. ) ;
#766 = EDGE_CURVE ( 'NONE', #2154, #147, #6072, .T. ) ;
#767 = CARTESIAN_POINT ( 'NONE',  ( -1.562499999999999112, 1.855000000000000204, 0.06499999999999994671 ) ) ;
#768 = ADVANCED_FACE ( 'NONE', ( #9032 ), #5149, .F. ) ;
#769 = DIRECTION ( 'NONE',  ( 1.000000000000000000, -2.168404344971008079E-15, 0.000000000000000000 ) ) ;
#770 = DIRECTION ( 'NONE',  ( 0.000000000000000000, -0.000000000000000000, 1.000000000000000000 ) ) ;
#771 = DIRECTION ( 'NONE',  ( 0.000000000000000000, -1.000000000000000000, 0.000000000000000000 ) ) ;
#772 = LINE ( 'NONE', #3840, #469 ) ;
#773 = VECTOR ( 'NONE', #952, 1000.000000000000000 ) ;
#774 = VECTOR ( 'NONE', #2063, 1000.000000000000000 ) ;
#775 = VERTEX_POINT ( 'NONE', #2088 ) ;
#776 = CARTESIAN_POINT ( 'NONE',  ( -7.765000000000000568, 2.400000000000000355, 0.000000000000000000 ) ) ;
#777 = VECTOR ( 'NONE', #2817, 1000.000000000000000 ) ;
#778 = EDGE_CURVE ( 'NONE', #8435, #2934, #6745, .T. ) ;
#779 = DIRECTION ( 'NONE',  ( -0.000000000000000000, -0.000000000000000000, 1.000000000000000000 ) ) ;
#780 = FACE_OUTER_BOUND ( 'NONE', #1551, .T. ) ;
#781 = ORIENTED_EDGE ( 'NONE', *, *, #47, .T. ) ;
#782 = DIRECTION ( 'NONE',  ( -1.000000000000000000, -0.000000000000000000, -0.000000000000000000 ) ) ;
#783 = CARTESIAN_POINT ( 'NONE',  ( 3.855000000000002647, -1.781481197162711565E-15, 1.875000000000000888 ) ) ;
#784 = ORIENTED_EDGE ( 'NONE', *, *, #4526, .F. ) ;
#785 = CARTESIAN_POINT ( 'NONE',  ( -7.015000000000000568, 3.965000000000001634, 0.09499999999999962641 ) ) ;
#786 = ORIENTED_EDGE ( 'NONE', *, *, #7090, .T. ) ;
#787 = VERTEX_POINT ( 'NONE', #1295 ) ;
#788 = DIRECTION ( 'NONE',  ( -1.734723475976806306E-15, -1.000000000000000000, 0.000000000000000000 ) ) ;
#789 = LINE ( 'NONE', #5455, #6171 ) ;
#790 = CARTESIAN_POINT ( 'NONE',  ( 0.7249999999999999778, 1.030000000000000027, -1.464999999999999636 ) ) ;
#791 = DIRECTION ( 'NONE',  ( -0.000000000000000000, -1.000000000000000000, -0.000000000000000000 ) ) ;
#792 = DIRECTION ( 'NONE',  ( 1.000000000000000000, -0.000000000000000000, 0.000000000000000000 ) ) ;
#793 = ORIENTED_EDGE ( 'NONE', *, *, #820, .F. ) ;
#794 = CARTESIAN_POINT ( 'NONE',  ( 0.3125000000000002776, 0.000000000000000000, 2.024999999999999911 ) ) ;
#795 = ORIENTED_EDGE ( 'NONE', *, *, #2602, .T. ) ;
#796 = CARTESIAN_POINT ( 'NONE',  ( -0.3124999999999985567, 2.255000000000000338, 0.06499999999999994671 ) ) ;
#797 = EDGE_CURVE ( 'NONE', #8900, #9794, #7561, .T. ) ;
#798 = LINE ( 'NONE', #4069, #257 ) ;
#799 = PLANE ( 'NONE',  #7894 ) ;
#800 = VECTOR ( 'NONE', #3944, 1000.000000000000000 ) ;
#801 = CARTESIAN_POINT ( 'NONE',  ( -7.605000000000000426, 1.112733808603542986E-15, 1.949999999999999956 ) ) ;
#802 = DIRECTION ( 'NONE',  ( 1.000000000000000000, -0.000000000000000000, -0.000000000000000000 ) ) ;
#803 = ORIENTED_EDGE ( 'NONE', *, *, #5754, .T. ) ;
#804 = PLANE ( 'NONE',  #6244 ) ;
#805 = PLANE ( 'NONE',  #5629 ) ;
#806 = EDGE_LOOP ( 'NONE', ( #8843, #5154, #6569, #8412, #5161 ) ) ;
#807 = CARTESIAN_POINT ( 'NONE',  ( 7.875000000000000000, 4.250000000000000000, 0.000000000000000000 ) ) ;
#808 = EDGE_LOOP ( 'NONE', ( #3855, #5018, #9148, #7834, #8996, #9457, #3292, #918, #2967, #6399, #8876, #9734, #8205, #1923, #9564, #8634, #4343, #6242, #7000, #1416, #1741, #2352, #2489, #6611, #4291, #5706, #4630, #5664, #9787, #5074, #9844, #9905, #501, #8822, #8388, #3752 ) ) ;
#809 = VECTOR ( 'NONE', #7071, 1000.000000000000000 ) ;
#810 = EDGE_CURVE ( 'NONE', #5390, #4137, #9856, .T. ) ;
#811 = ORIENTED_EDGE ( 'NONE', *, *, #2892, .F. ) ;
#812 = ORIENTED_EDGE ( 'NONE', *, *, #6025, .T. ) ;
#813 = DIRECTION ( 'NONE',  ( 0.000000000000000000, 0.7071067811865490160, -0.7071067811865460184 ) ) ;
#814 = DIRECTION ( 'NONE',  ( 0.000000000000000000, -1.000000000000000000, 0.000000000000000000 ) ) ;
#815 = LINE ( 'NONE', #9312, #5067 ) ;
#816 = LINE ( 'NONE', #1, #4348 ) ;
#817 = PLANE ( 'NONE',  #8491 ) ;
#818 = ORIENTED_EDGE ( 'NONE', *, *, #7910, .F. ) ;
#819 = ORIENTED_EDGE ( 'NONE', *, *, #1559, .F. ) ;
#820 = EDGE_CURVE ( 'NONE', #9552, #3615, #449, .T. ) ;
#821 = EDGE_CURVE ( 'NONE', #1153, #7385, #4917, .T. ) ;
#822 = VECTOR ( 'NONE', #7557, 1000.000000000000000 ) ;
#823 = ORIENTED_EDGE ( 'NONE', *, *, #942, .T. ) ;
#824 = LINE ( 'NONE', #2381, #2668 ) ;
#825 = CARTESIAN_POINT ( 'NONE',  ( -7.605000000000000426, 1.644999999999999352, 1.949999999999999067 ) ) ;
#826 = LINE ( 'NONE', #9416, #9128 ) ;
#827 = ORIENTED_EDGE ( 'NONE', *, *, #8062, .T. ) ;
#828 = LINE ( 'NONE', #2622, #2497 ) ;
#829 = CARTESIAN_POINT ( 'NONE',  ( 10.54000000000000092, 0.7800000000000015810, 1.824999999999999289 ) ) ;
#830 = FACE_OUTER_BOUND ( 'NONE', #3340, .T. ) ;
#831 = DIRECTION ( 'NONE',  ( 0.000000000000000000, -1.000000000000000000, 0.000000000000000000 ) ) ;
#832 = EDGE_CURVE ( 'NONE', #7270, #7377, #6708, .T. ) ;
#833 = ORIENTED_EDGE ( 'NONE', *, *, #1884, .F. ) ;
#834 = ORIENTED_EDGE ( 'NONE', *, *, #3636, .T. ) ;
#835 = LINE ( 'NONE', #7142, #2189 ) ;
#836 = LINE ( 'NONE', #1596, #5416 ) ;
#837 = PLANE ( 'NONE',  #3672 ) ;
#838 = CARTESIAN_POINT ( 'NONE',  ( -1.974999999999999867, 0.000000000000000000, -2.024999999999999911 ) ) ;
#839 = PLANE ( 'NONE',  #1849 ) ;
#840 = VERTEX_POINT ( 'NONE', #8997 ) ;
#841 = LINE ( 'NONE', #3967, #1879 ) ;
#842 = VECTOR ( 'NONE', #4600, 1000.000000000000000 ) ;
#843 = ORIENTED_EDGE ( 'NONE', *, *, #386, .T. ) ;
#844 = VERTEX_POINT ( 'NONE', #2716 ) ;
#845 = CARTESIAN_POINT ( 'NONE',  ( -5.525000000000000355, 1.080000000000000071, 0.06499999999999998834 ) ) ;
#846 = LINE ( 'NONE', #9434, #2181 ) ;
#847 = DIRECTION ( 'NONE',  ( 1.000000000000000000, -0.000000000000000000, -0.000000000000000000 ) ) ;
#848 = CARTESIAN_POINT ( 'NONE',  ( -6.790000000000000036, 0.000000000000000000, 0.06499999999999994671 ) ) ;
#849 = DIRECTION ( 'NONE',  ( 0.000000000000000000, 0.000000000000000000, -1.000000000000000000 ) ) ;
#850 = FACE_OUTER_BOUND ( 'NONE', #1681, .T. ) ;
#851 = ORIENTED_EDGE ( 'NONE', *, *, #2535, .F. ) ;
#852 = EDGE_CURVE ( 'NONE', #4058, #2562, #9792, .T. ) ;
#854 = LINE ( 'NONE', #7013, #9575 ) ;
#853 = DIRECTION ( 'NONE',  ( 1.000000000000000000, 0.000000000000000000, 0.000000000000000000 ) ) ;
#855 = ORIENTED_EDGE ( 'NONE', *, *, #6711, .F. ) ;
#856 = LINE ( 'NONE', #4858, #10065 ) ;
#857 = VECTOR ( 'NONE', #5565, 1000.000000000000114 ) ;
#858 = EDGE_LOOP ( 'NONE', ( #5775, #5756, #2719, #8680 ) ) ;
#859 = VECTOR ( 'NONE', #9984, 1000.000000000000000 ) ;
#860 = ORIENTED_EDGE ( 'NONE', *, *, #6014, .F. ) ;
#861 = LINE ( 'NONE', #1570, #5006 ) ;
#862 = CARTESIAN_POINT ( 'NONE',  ( 1.775000000000002354, 1.030000000000000027, -1.464999999999999636 ) ) ;
#863 = DIRECTION ( 'NONE',  ( 1.000000000000000000, 0.000000000000000000, 0.000000000000000000 ) ) ;
#864 = LINE ( 'NONE', #48, #8178 ) ;
#865 = APPLICATION_PROTOCOL_DEFINITION ( 'draft international standard', 'automotive_design', 1998, #3908 ) ;
#866 = ADVANCED_FACE ( 'NONE', ( #2619 ), #1061, .F. ) ;
#867 = AXIS2_PLACEMENT_3D ( 'NONE', #1383, #6931, #7662 ) ;
#868 = ORIENTED_EDGE ( 'NONE', *, *, #3892, .F. ) ;
#869 = ORIENTED_EDGE ( 'NONE', *, *, #6792, .F. ) ;
#870 = VERTEX_POINT ( 'NONE', #1832 ) ;
#871 = ORIENTED_EDGE ( 'NONE', *, *, #4597, .F. ) ;
#872 = VECTOR ( 'NONE', #7770, 1000.000000000000000 ) ;
#873 = VECTOR ( 'NONE', #7363, 1000.000000000000000 ) ;
#874 = FACE_OUTER_BOUND ( 'NONE', #9088, .T. ) ;
#875 = DIRECTION ( 'NONE',  ( 1.000000000000000000, 0.000000000000000000, 0.000000000000000000 ) ) ;
#876 = ADVANCED_FACE ( 'NONE', ( #9640 ), #5784, .F. ) ;
#877 = ORIENTED_EDGE ( 'NONE', *, *, #6907, .T. ) ;
#878 = PLANE ( 'NONE',  #7718 ) ;
#879 = PLANE ( 'NONE',  #3050 ) ;
#880 = EDGE_LOOP ( 'NONE', ( #4254, #3100, #8894, #9593 ) ) ;
#881 = AXIS2_PLACEMENT_3D ( 'NONE', #5516, #10079, #5366 ) ;
#882 = EDGE_LOOP ( 'NONE', ( #5583, #8891, #967, #9687 ) ) ;
#883 = ORIENTED_EDGE ( 'NONE', *, *, #9377, .T. ) ;
#884 = EDGE_CURVE ( 'NONE', #9488, #4065, #7691, .T. ) ;
#885 = EDGE_CURVE ( 'NONE', #5055, #4802, #6911, .T. ) ;
#886 = DIRECTION ( 'NONE',  ( 1.000000000000000000, 0.000000000000000000, -0.000000000000000000 ) ) ;
#887 = EDGE_CURVE ( 'NONE', #2978, #8940, #1466, .T. ) ;
#888 =( GEOMETRIC_REPRESENTATION_CONTEXT ( 3 ) GLOBAL_UNCERTAINTY_ASSIGNED_CONTEXT ( ( #9081 ) ) GLOBAL_UNIT_ASSIGNED_CONTEXT ( ( #3492, #420, #7443 ) ) REPRESENTATION_CONTEXT ( 'NONE', 'WORKASPACE' ) );
#889 = CARTESIAN_POINT ( 'NONE',  ( 3.575000000000003730, 0.4800000000000000377, 2.024999999999999911 ) ) ;
#890 = CARTESIAN_POINT ( 'NONE',  ( -5.525000000000000355, 1.454999999999999849, 0.000000000000000000 ) ) ;
#891 = CIRCLE ( 'NONE', #724, 0.08500000000000000611 ) ;
#892 =( NAMED_UNIT ( * ) SI_UNIT ( $, .STERADIAN. ) SOLID_ANGLE_UNIT ( ) );
#893 = VERTEX_POINT ( 'NONE', #6037 ) ;
#894 = DIRECTION ( 'NONE',  ( 1.000000000000000000, -0.000000000000000000, -0.000000000000000000 ) ) ;
#895 = ORIENTED_EDGE ( 'NONE', *, *, #4699, .T. ) ;
#896 = ORIENTED_EDGE ( 'NONE', *, *, #640, .T. ) ;
#897 = DIRECTION ( 'NONE',  ( 0.000000000000000000, 0.000000000000000000, -1.000000000000000000 ) ) ;
#898 = AXIS2_PLACEMENT_3D ( 'NONE', #5201, #8315, #1292 ) ;
#899 = EDGE_CURVE ( 'NONE', #3521, #9193, #663, .T. ) ;
#900 = DIRECTION ( 'NONE',  ( 0.000000000000000000, -0.000000000000000000, -1.000000000000000000 ) ) ;
#901 = CARTESIAN_POINT ( 'NONE',  ( 9.125000000000000000, 2.055000000000001048, 2.024999999999999911 ) ) ;
#902 = DIRECTION ( 'NONE',  ( 0.000000000000000000, -1.000000000000000000, 0.000000000000000000 ) ) ;
#903 = VECTOR ( 'NONE', #631, 1000.000000000000000 ) ;
#904 = CARTESIAN_POINT ( 'NONE',  ( 0.7249999999999999778, 0.5500000000000010436, 0.06499999999999994671 ) ) ;
#905 = DIRECTION ( 'NONE',  ( 0.000000000000000000, 0.000000000000000000, 1.000000000000000000 ) ) ;
#906 = EDGE_LOOP ( 'NONE', ( #2104, #8836, #1758, #3785 ) ) ;
#908 = LINE ( 'NONE', #2313, #1733 ) ;
#907 = LINE ( 'NONE', #2466, #1719 ) ;
#909 = VECTOR ( 'NONE', #6416, 1000.000000000000114 ) ;
#910 = VERTEX_POINT ( 'NONE', #9156 ) ;
#911 = VERTEX_POINT ( 'NONE', #8384 ) ;
#912 = AXIS2_PLACEMENT_3D ( 'NONE', #1819, #8070, #4803 ) ;
#913 = PLANE ( 'NONE',  #9408 ) ;
#914 = FACE_OUTER_BOUND ( 'NONE', #1806, .T. ) ;
#915 = VERTEX_POINT ( 'NONE', #4452 ) ;
#916 = EDGE_LOOP ( 'NONE', ( #8055, #6426, #2048, #940 ) ) ;
#917 = VECTOR ( 'NONE', #8210, 1000.000000000000000 ) ;
#918 = ORIENTED_EDGE ( 'NONE', *, *, #3031, .T. ) ;
#919 = EDGE_CURVE ( 'NONE', #1843, #8845, #5323, .T. ) ;
#920 = CARTESIAN_POINT ( 'NONE',  ( -0.5250000000000002442, 0.000000000000000000, -2.024999999999999911 ) ) ;
#921 = DIRECTION ( 'NONE',  ( -0.7071067811865475727, 0.000000000000000000, -0.7071067811865475727 ) ) ;
#922 = VECTOR ( 'NONE', #6906, 1000.000000000000000 ) ;
#923 = EDGE_LOOP ( 'NONE', ( #6527, #8592, #339, #8608 ) ) ;
#924 = PLANE ( 'NONE',  #8589 ) ;
#925 = ORIENTED_EDGE ( 'NONE', *, *, #8142, .T. ) ;
#926 = ORIENTED_EDGE ( 'NONE', *, *, #2341, .T. ) ;
#927 = VERTEX_POINT ( 'NONE', #2160 ) ;
#928 = VECTOR ( 'NONE', #5166, 1000.000000000000000 ) ;
#929 = EDGE_CURVE ( 'NONE', #4725, #2723, #6091, .T. ) ;
#930 = DIRECTION ( 'NONE',  ( -1.136281752823236226E-16, 1.000000000000000000, 0.000000000000000000 ) ) ;
#931 = LINE ( 'NONE', #4060, #8434 ) ;
#932 = FILL_AREA_STYLE ('',( #2736 ) ) ;
#933 = CARTESIAN_POINT ( 'NONE',  ( 1.975000000000001865, 0.000000000000000000, 2.024999999999999911 ) ) ;
#934 = PRODUCT_DEFINITION_SHAPE ( 'NONE', 'NONE',  #10097 ) ;
#935 = LINE ( 'NONE', #9475, #9050 ) ;
#936 = ORIENTED_EDGE ( 'NONE', *, *, #477, .F. ) ;
#937 = VERTEX_POINT ( 'NONE', #8440 ) ;
#938 = CARTESIAN_POINT ( 'NONE',  ( 4.125000000000001776, 0.3399999999999997469, 0.000000000000000000 ) ) ;
#939 = EDGE_CURVE ( 'NONE', #1933, #4971, #5270, .T. ) ;
#940 = ORIENTED_EDGE ( 'NONE', *, *, #5752, .T. ) ;
#941 = EDGE_CURVE ( 'NONE', #7843, #5942, #3729, .T. ) ;
#942 = EDGE_CURVE ( 'NONE', #6087, #4581, #9999, .T. ) ;
#943 = DIRECTION ( 'NONE',  ( 1.000000000000000000, 0.000000000000000000, 0.000000000000000000 ) ) ;
#944 = AXIS2_PLACEMENT_3D ( 'NONE', #2161, #2317, #8539 ) ;
#945 = DIRECTION ( 'NONE',  ( -1.000000000000000000, 0.000000000000000000, 0.000000000000000000 ) ) ;
#946 = CARTESIAN_POINT ( 'NONE',  ( -7.375000000000000888, 1.112733808603542986E-15, 1.949999999999999956 ) ) ;
#947 = LINE ( 'NONE', #8580, #9541 ) ;
#948 = LINE ( 'NONE', #179, #6134 ) ;
#949 = LINE ( 'NONE', #4126, #3612 ) ;
#950 = FACE_OUTER_BOUND ( 'NONE', #5931, .T. ) ;
#951 = VERTEX_POINT ( 'NONE', #3782 ) ;
#952 = DIRECTION ( 'NONE',  ( -0.000000000000000000, -0.000000000000000000, 1.000000000000000000 ) ) ;
#953 = ORIENTED_EDGE ( 'NONE', *, *, #3820, .T. ) ;
#954 = ADVANCED_FACE ( 'NONE', ( #3025 ), #2265, .T. ) ;
#955 = VERTEX_POINT ( 'NONE', #10043 ) ;
#956 = ORIENTED_EDGE ( 'NONE', *, *, #4882, .T. ) ;
#957 = CARTESIAN_POINT ( 'NONE',  ( -5.724999999999999645, 2.085000000000000409, 2.024999999999999911 ) ) ;
#958 = LINE ( 'NONE', #145, #3377 ) ;
#959 = EDGE_LOOP ( 'NONE', ( #3541, #5570, #541, #10082 ) ) ;
#960 = LINE ( 'NONE', #8890, #9768 ) ;
#961 =( REPRESENTATION_RELATIONSHIP ('NONE','NONE', #4816, #3828 ) REPRESENTATION_RELATIONSHIP_WITH_TRANSFORMATION ( #144 )SHAPE_REPRESENTATION_RELATIONSHIP( ) );
#962 = ORIENTED_EDGE ( 'NONE', *, *, #887, .F. ) ;
#963 = AXIS2_PLACEMENT_3D ( 'NONE', #5842, #2529, #1731 ) ;
#964 = ORIENTED_EDGE ( 'NONE', *, *, #2090, .T. ) ;
#965 = CARTESIAN_POINT ( 'NONE',  ( 0.5400000000000447775, -7.334999999999998188, 2.024999999999999911 ) ) ;
#966 = LINE ( 'NONE', #1783, #4245 ) ;
#967 = ORIENTED_EDGE ( 'NONE', *, *, #6428, .F. ) ;
#968 = PLANE ( 'NONE',  #5093 ) ;
#969 = EDGE_CURVE ( 'NONE', #7663, #7375, #9950, .T. ) ;
#970 = DIRECTION ( 'NONE',  ( 0.000000000000000000, 0.7071067811865474617, -0.7071067811865475727 ) ) ;
#971 = LINE ( 'NONE', #4926, #2558 ) ;
#972 = VECTOR ( 'NONE', #3626, 1000.000000000000000 ) ;
#973 = EDGE_CURVE ( 'NONE', #1773, #5065, #5930, .T. ) ;
#975 = ORIENTED_EDGE ( 'NONE', *, *, #7902, .F. ) ;
#974 = VECTOR ( 'NONE', #4150, 1000.000000000000000 ) ;
#976 = ORIENTED_EDGE ( 'NONE', *, *, #4968, .T. ) ;
#977 = DIRECTION ( 'NONE',  ( 1.000000000000000000, 0.000000000000000000, 0.000000000000000000 ) ) ;
#978 = CARTESIAN_POINT ( 'NONE',  ( 3.855000000000002647, 0.000000000000000000, 1.324999999999999734 ) ) ;
#979 = LINE ( 'NONE', #4107, #1938 ) ;
#980 = VECTOR ( 'NONE', #7815, 1000.000000000000000 ) ;
#981 = LINE ( 'NONE', #4688, #980 ) ;
#982 = CARTESIAN_POINT ( 'NONE',  ( -2.187499999999999556, 1.855000000000000204, 1.824999999999999289 ) ) ;
#983 = VECTOR ( 'NONE', #9725, 1000.000000000000000 ) ;
#984 = CARTESIAN_POINT ( 'NONE',  ( 3.855000000000002647, 0.000000000000000000, -2.496936092690336118 ) ) ;
#985 = EDGE_CURVE ( 'NONE', #3256, #6452, #7528, .T. ) ;
#986 = FACE_OUTER_BOUND ( 'NONE', #8359, .T. ) ;
#987 = CARTESIAN_POINT ( 'NONE',  ( 2.500000000000000000, 1.855000000000000204, 1.824999999999999289 ) ) ;
#988 = ORIENTED_EDGE ( 'NONE', *, *, #9273, .T. ) ;
#989 = ADVANCED_FACE ( 'NONE', ( #2874 ), #5988, .T. ) ;
#990 = ORIENTED_EDGE ( 'NONE', *, *, #653, .T. ) ;
#991 = CARTESIAN_POINT ( 'NONE',  ( 3.855000000000002647, 0.7800000000000000266, -0.3250000000000000666 ) ) ;
#992 = ORIENTED_EDGE ( 'NONE', *, *, #5019, .T. ) ;
#993 = CARTESIAN_POINT ( 'NONE',  ( -3.224999999999999645, 1.030000000000000027, -1.464999999999999636 ) ) ;
#994 = ORIENTED_EDGE ( 'NONE', *, *, #3267, .F. ) ;
#995 = CARTESIAN_POINT ( 'NONE',  ( -7.875000000000000000, -0.000000000000000000, -1.464999999999999636 ) ) ;
#996 = VECTOR ( 'NONE', #8041, 1000.000000000000000 ) ;
#997 = CARTESIAN_POINT ( 'NONE',  ( -7.375000000000000888, 0.9249999999999991562, 1.949999999999999067 ) ) ;
#998 = DIRECTION ( 'NONE',  ( 0.000000000000000000, 0.000000000000000000, 1.000000000000000000 ) ) ;
#999 = DIRECTION ( 'NONE',  ( 0.000000000000000000, 0.000000000000000000, 1.000000000000000000 ) ) ;
#1000 = EDGE_CURVE ( 'NONE', #3154, #2444, #2368, .T. ) ;
#1001 = EDGE_CURVE ( 'NONE', #5447, #8031, #4709, .T. ) ;
#1002 = AXIS2_PLACEMENT_3D ( 'NONE', #9254, #7314, #9628 ) ;
#1003 = LINE ( 'NONE', #1656, #3629 ) ;
#1004 = CARTESIAN_POINT ( 'NONE',  ( 1.775000000000002354, 0.7800000000000001377, 0.06499999999999994671 ) ) ;
#1005 = EDGE_LOOP ( 'NONE', ( #2943, #8490, #5030, #5783 ) ) ;
#1006 = FACE_OUTER_BOUND ( 'NONE', #9914, .T. ) ;
#1007 = ORIENTED_EDGE ( 'NONE', *, *, #6191, .T. ) ;
#1008 = LINE ( 'NONE', #1772, #4372 ) ;
#1009 = ORIENTED_EDGE ( 'NONE', *, *, #10031, .T. ) ;
#1010 = CARTESIAN_POINT ( 'NONE',  ( -5.724999999999999645, 1.030000000000000027, -1.464999999999999636 ) ) ;
#1011 = DIRECTION ( 'NONE',  ( 0.000000000000000000, -1.000000000000000000, 0.000000000000000000 ) ) ;
#1012 = ADVANCED_FACE ( 'NONE', ( #5534 ), #5582, .T. ) ;
#1013 = ADVANCED_FACE ( 'NONE', ( #6290 ), #9491, .T. ) ;
#1014 = EDGE_CURVE ( 'NONE', #7978, #7440, #856, .T. ) ;
#1015 = EDGE_CURVE ( 'NONE', #1799, #2361, #7115, .T. ) ;
#1016 = ADVANCED_FACE ( 'NONE', ( #5481 ), #2316, .F. ) ;
#1017 = ORIENTED_EDGE ( 'NONE', *, *, #6025, .F. ) ;
#1018 = ORIENTED_EDGE ( 'NONE', *, *, #4702, .F. ) ;
#1019 = EDGE_LOOP ( 'NONE', ( #2132, #2921, #1479, #8147 ) ) ;
#1020 = AXIS2_PLACEMENT_3D ( 'NONE', #2769, #6453, #6506 ) ;
#1021 = DIRECTION ( 'NONE',  ( -0.000000000000000000, 0.7071067811865475727, -0.7071067811865475727 ) ) ;
#1022 = EDGE_CURVE ( 'NONE', #8581, #4428, #42, .T. ) ;
#1023 = ORIENTED_EDGE ( 'NONE', *, *, #2090, .F. ) ;
#1024 = CARTESIAN_POINT ( 'NONE',  ( -7.015000000000000568, 4.120000000000000107, 0.09499999999999961253 ) ) ;
#1025 = PLANE ( 'NONE',  #89 ) ;
#1026 = EDGE_LOOP ( 'NONE', ( #7683, #9841, #2739, #819 ) ) ;
#1027 = VECTOR ( 'NONE', #10032, 1000.000000000000114 ) ;
#1028 = ORIENTED_EDGE ( 'NONE', *, *, #3179, .F. ) ;
#1029 = ORIENTED_EDGE ( 'NONE', *, *, #4120, .T. ) ;
#1030 = DIRECTION ( 'NONE',  ( -1.000000000000000000, 0.000000000000000000, -0.000000000000000000 ) ) ;
#1031 = FACE_OUTER_BOUND ( 'NONE', #5216, .T. ) ;
#1032 = DIRECTION ( 'NONE',  ( 1.000000000000000000, -0.000000000000000000, -0.000000000000000000 ) ) ;
#1033 = CARTESIAN_POINT ( 'NONE',  ( 0.5250000000000002442, 2.055000000000001048, 2.024999999999999911 ) ) ;
#1034 = CARTESIAN_POINT ( 'NONE',  ( -4.687500000000000000, 2.255000000000000338, 0.06499999999999994671 ) ) ;
#1035 = ORIENTED_EDGE ( 'NONE', *, *, #7106, .F. ) ;
#1036 = VERTEX_POINT ( 'NONE', #8987 ) ;
#1037 = CARTESIAN_POINT ( 'NONE',  ( 2.050000000000002487, 2.490000000000001101, -2.024999999999999911 ) ) ;
#1038 = DIRECTION ( 'NONE',  ( 0.000000000000000000, 1.000000000000000000, 1.346834996876403062E-16 ) ) ;
#1039 = ORIENTED_EDGE ( 'NONE', *, *, #2838, .T. ) ;
#1040 = CARTESIAN_POINT ( 'NONE',  ( -0.5250000000000002442, 0.5500000000000010436, 2.024999999999999911 ) ) ;
#1041 = EDGE_CURVE ( 'NONE', #6218, #1206, #1008, .T. ) ;
#1042 = EDGE_CURVE ( 'NONE', #3951, #4828, #334, .T. ) ;
#1043 = CARTESIAN_POINT ( 'NONE',  ( 4.125000000000001776, 4.250000000000000000, 2.024999999999999911 ) ) ;
#1044 = CARTESIAN_POINT ( 'NONE',  ( 4.125000000000001776, 0.000000000000000000, 2.024999999999999911 ) ) ;
#1045 = CARTESIAN_POINT ( 'NONE',  ( 0.7249999999999999778, 0.7800000000000002487, 0.06499999999999994671 ) ) ;
#1046 = DIRECTION ( 'NONE',  ( -1.000000000000000000, 0.000000000000000000, -0.000000000000000000 ) ) ;
#1047 = CARTESIAN_POINT ( 'NONE',  ( 3.625000000000002220, 1.112733808603542986E-15, 1.949999999999999956 ) ) ;
#1048 = DIRECTION ( 'NONE',  ( 0.000000000000000000, -1.000000000000000000, 0.000000000000000000 ) ) ;
#1049 = DIRECTION ( 'NONE',  ( 0.000000000000000000, 0.000000000000000000, -1.000000000000000000 ) ) ;
#1050 = ORIENTED_EDGE ( 'NONE', *, *, #5410, .T. ) ;
#1051 = DIRECTION ( 'NONE',  ( 1.000000000000000000, -0.000000000000000000, -0.000000000000000000 ) ) ;
#1052 = AXIS2_PLACEMENT_3D ( 'NONE', #9814, #1279, #570 ) ;
#1053 = ORIENTED_EDGE ( 'NONE', *, *, #1595, .F. ) ;
#1054 = EDGE_CURVE ( 'NONE', #8, #7773, #5053, .T. ) ;
#1055 =( LENGTH_UNIT ( ) NAMED_UNIT ( * ) SI_UNIT ( .MILLI., .METRE. ) );
#1056 = VECTOR ( 'NONE', #6571, 1000.000000000000000 ) ;
#1057 = CARTESIAN_POINT ( 'NONE',  ( 2.500000000000000000, 1.630000000000001226, 0.06499999999999994671 ) ) ;
#1058 = VECTOR ( 'NONE', #4158, 1000.000000000000000 ) ;
#1059 = VERTEX_POINT ( 'NONE', #4133 ) ;
#1060 = VERTEX_POINT ( 'NONE', #1920 ) ;
#1061 = PLANE ( 'NONE',  #4206 ) ;
#1062 = VECTOR ( 'NONE', #4593, 1000.000000000000000 ) ;
#1063 = ORIENTED_EDGE ( 'NONE', *, *, #973, .T. ) ;
#1064 = ORIENTED_EDGE ( 'NONE', *, *, #216, .T. ) ;
#1065 = EDGE_CURVE ( 'NONE', #4131, #951, #4232, .T. ) ;
#1066 = EDGE_CURVE ( 'NONE', #4091, #1568, #5008, .T. ) ;
#1067 = EDGE_CURVE ( 'NONE', #5679, #8938, #1581, .T. ) ;
#1068 = CARTESIAN_POINT ( 'NONE',  ( 11.62500000000000000, 2.055000000000001048, 2.024999999999999911 ) ) ;
#1069 = FACE_OUTER_BOUND ( 'NONE', #3792, .T. ) ;
#1070 = ORIENTED_EDGE ( 'NONE', *, *, #7077, .F. ) ;
#1071 = CARTESIAN_POINT ( 'NONE',  ( 0.000000000000000000, 2.084999999999999964, 1.824999999999999956 ) ) ;
#1072 = ORIENTED_EDGE ( 'NONE', *, *, #9691, .F. ) ;
#1073 = ADVANCED_FACE ( 'NONE', ( #2656 ), #5726, .F. ) ;
#1074 = ORIENTED_EDGE ( 'NONE', *, *, #9939, .T. ) ;
#1075 = EDGE_CURVE ( 'NONE', #8938, #8463, #6439, .T. ) ;
#1076 = VECTOR ( 'NONE', #4085, 1000.000000000000000 ) ;
#1077 = CARTESIAN_POINT ( 'NONE',  ( -5.724999999999999645, 1.374015448775230075, 1.040834900053271950 ) ) ;
#1078 = CARTESIAN_POINT ( 'NONE',  ( -6.790000000000000036, 0.7799999999999999156, 1.824999999999999289 ) ) ;
#1079 = CARTESIAN_POINT ( 'NONE',  ( -7.188175319642949646, 4.250000000000000000, 1.354999999999998650 ) ) ;
#1080 = ORIENTED_EDGE ( 'NONE', *, *, #6939, .T. ) ;
#1081 = LINE ( 'NONE', #4160, #8420 ) ;
#1082 = LINE ( 'NONE', #987, #4338 ) ;
#1083 = EDGE_LOOP ( 'NONE', ( #4053, #5704, #1988, #3221 ) ) ;
#1084 = ORIENTED_EDGE ( 'NONE', *, *, #7836, .T. ) ;
#1085 = DIRECTION ( 'NONE',  ( 0.000000000000000000, 0.000000000000000000, 1.000000000000000000 ) ) ;
#1086 = VECTOR ( 'NONE', #8127, 1000.000000000000000 ) ;
#1087 = DIRECTION ( 'NONE',  ( -0.000000000000000000, -0.000000000000000000, -1.000000000000000000 ) ) ;
#1088 = AXIS2_PLACEMENT_3D ( 'NONE', #9252, #6803, #4395 ) ;
#1089 = ORIENTED_EDGE ( 'NONE', *, *, #4147, .F. ) ;
#1090 = LINE ( 'NONE', #6579, #1398 ) ;
#1091 = LINE ( 'NONE', #5810, #8548 ) ;
#1092 = AXIS2_PLACEMENT_3D ( 'NONE', #3659, #4546, #5151 ) ;
#1093 = DIRECTION ( 'NONE',  ( 0.000000000000000000, 0.000000000000000000, -1.000000000000000000 ) ) ;
#1094 = CARTESIAN_POINT ( 'NONE',  ( -7.875000000000000000, 0.000000000000000000, 1.324999999999999734 ) ) ;
#1095 = PLANE ( 'NONE',  #9328 ) ;
#1096 = DIRECTION ( 'NONE',  ( 1.000000000000000000, 0.000000000000000000, 0.000000000000000000 ) ) ;
#1097 =( NAMED_UNIT ( * ) SI_UNIT ( $, .STERADIAN. ) SOLID_ANGLE_UNIT ( ) );
#1098 = CARTESIAN_POINT ( 'NONE',  ( -0.7249999999999999778, 0.7800000000000002487, 0.06499999999999994671 ) ) ;
#1099 = VERTEX_POINT ( 'NONE', #1979 ) ;
#1100 = LINE ( 'NONE', #8834, #9271 ) ;
#1101 = DIRECTION ( 'NONE',  ( -1.000000000000000000, 0.000000000000000000, 0.000000000000000000 ) ) ;
#1102 = ORIENTED_EDGE ( 'NONE', *, *, #9990, .F. ) ;
#1103 = DIRECTION ( 'NONE',  ( 0.000000000000000000, 0.000000000000000000, -1.000000000000000000 ) ) ;
#1104 = DIRECTION ( 'NONE',  ( 0.000000000000000000, 1.000000000000000000, 0.000000000000000000 ) ) ;
#1105 = ORIENTED_EDGE ( 'NONE', *, *, #9853, .T. ) ;
#1106 = EDGE_CURVE ( 'NONE', #10041, #108, #8878, .T. ) ;
#1107 = EDGE_CURVE ( 'NONE', #870, #4405, #6593, .T. ) ;
#1108 = VERTEX_POINT ( 'NONE', #3373 ) ;
#1109 = ORIENTED_EDGE ( 'NONE', *, *, #5541, .F. ) ;
#1110 = ORIENTED_EDGE ( 'NONE', *, *, #2020, .T. ) ;
#1111 = VERTEX_POINT ( 'NONE', #185 ) ;
#1112 = CARTESIAN_POINT ( 'NONE',  ( 3.975000000000003642, 2.209999999999999520, 1.274999999999999911 ) ) ;
#1113 = VERTEX_POINT ( 'NONE', #384 ) ;
#1114 = EDGE_CURVE ( 'NONE', #722, #5210, #7366, .T. ) ;
#1115 = DIRECTION ( 'NONE',  ( -0.000000000000000000, 0.7071067811865474617, 0.7071067811865474617 ) ) ;
#1116 = CARTESIAN_POINT ( 'NONE',  ( -7.015000000000000568, 1.903000000000000025, 0.000000000000000000 ) ) ;
#1117 = EDGE_LOOP ( 'NONE', ( #9638, #8693, #1735, #8181 ) ) ;
#1118 = EDGE_CURVE ( 'NONE', #6342, #1755, #5104, .T. ) ;
#1119 = EDGE_CURVE ( 'NONE', #3355, #9644, #3321, .T. ) ;
#1120 = VECTOR ( 'NONE', #3129, 1000.000000000000000 ) ;
#1121 = ORIENTED_EDGE ( 'NONE', *, *, #8551, .T. ) ;
#1122 = CIRCLE ( 'NONE', #1779, 0.2000000000000000944 ) ;
#1123 = PLANE ( 'NONE',  #5017 ) ;
#1124 = CARTESIAN_POINT ( 'NONE',  ( -5.724999999999999645, -5.913830031739109626E-16, -2.024999999999999911 ) ) ;
#1125 = VECTOR ( 'NONE', #3080, 1000.000000000000000 ) ;
#1126 = EDGE_CURVE ( 'NONE', #5532, #4498, #1824, .T. ) ;
#1127 = DIRECTION ( 'NONE',  ( 1.000000000000000000, 0.000000000000000000, -0.000000000000000000 ) ) ;
#1128 = CARTESIAN_POINT ( 'NONE',  ( 4.125000000000001776, 3.500000000000000444, -1.334999999999999742 ) ) ;
#1129 = ORIENTED_EDGE ( 'NONE', *, *, #3953, .F. ) ;
#1130 = ADVANCED_FACE ( 'NONE', ( #281 ), #2969, .T. ) ;
#1131 = EDGE_CURVE ( 'NONE', #9962, #3193, #4440, .T. ) ;
#1132 = VECTOR ( 'NONE', #1321, 1000.000000000000000 ) ;
#1133 = EDGE_LOOP ( 'NONE', ( #1985, #2743, #5500, #1791 ) ) ;
#1134 = CARTESIAN_POINT ( 'NONE',  ( -5.525000000000000355, 1.629999999999999893, 0.9136038969321070846 ) ) ;
#1135 = CARTESIAN_POINT ( 'NONE',  ( -9.341064372665991643E-17, 0.7800000000000006928, 0.06499999999999994671 ) ) ;
#1136 = VERTEX_POINT ( 'NONE', #6696 ) ;
#1137 = DIRECTION ( 'NONE',  ( -1.000000000000000000, -1.136281752823236226E-16, 0.000000000000000000 ) ) ;
#1138 = CARTESIAN_POINT ( 'NONE',  ( 3.625000000000002220, 1.009999999999999121, 1.949999999999999289 ) ) ;
#1139 = VECTOR ( 'NONE', #4223, 1000.000000000000000 ) ;
#1140 = PLANE ( 'NONE',  #1898 ) ;
#1141 = VECTOR ( 'NONE', #733, 1000.000000000000000 ) ;
#1142 = LINE ( 'NONE', #997, #9514 ) ;
#1143 = CARTESIAN_POINT ( 'NONE',  ( -4.687500000000000000, 2.255000000000000338, 0.06499999999999994671 ) ) ;
#1144 = DIRECTION ( 'NONE',  ( 0.000000000000000000, 1.000000000000000000, 0.000000000000000000 ) ) ;
#1145 = DIRECTION ( 'NONE',  ( 0.000000000000000000, 0.000000000000000000, -1.000000000000000000 ) ) ;
#1146 = CARTESIAN_POINT ( 'NONE',  ( -7.500000000000000000, 3.965000000000001634, 0.6399999999999999023 ) ) ;
#1147 = EDGE_CURVE ( 'NONE', #915, #2970, #6896, .T. ) ;
#1148 = DIRECTION ( 'NONE',  ( 0.000000000000000000, -1.000000000000000000, 0.000000000000000000 ) ) ;
#1149 = CARTESIAN_POINT ( 'NONE',  ( 2.613750000000001350, 2.760000000000000231, 0.06499999999999994671 ) ) ;
#1150 = ORIENTED_EDGE ( 'NONE', *, *, #7592, .F. ) ;
#1151 = CARTESIAN_POINT ( 'NONE',  ( 3.525000000000002132, 0.1800000000000000488, -0.2750000000000000777 ) ) ;
#1152 = ORIENTED_EDGE ( 'NONE', *, *, #9030, .T. ) ;
#1153 = VERTEX_POINT ( 'NONE', #7623 ) ;
#1154 = EDGE_LOOP ( 'NONE', ( #2040, #5225, #2301, #3609 ) ) ;
#1155 = CARTESIAN_POINT ( 'NONE',  ( -0.3124999999999985567, 2.255000000000000338, 0.06499999999999994671 ) ) ;
#1156 = EDGE_LOOP ( 'NONE', ( #6491, #2223, #3435, #707 ) ) ;
#1157 = DIRECTION ( 'NONE',  ( 1.000000000000000000, 0.000000000000000000, 0.000000000000000000 ) ) ;
#1158 = VERTEX_POINT ( 'NONE', #9982 ) ;
#1159 = ORIENTED_EDGE ( 'NONE', *, *, #2062, .F. ) ;
#1160 = EDGE_LOOP ( 'NONE', ( #2516, #9527, #6203, #9150, #2583, #1589, #6165, #5766, #3467, #9547, #7241 ) ) ;
#1161 = VERTEX_POINT ( 'NONE', #7682 ) ;
#1162 = EDGE_CURVE ( 'NONE', #2876, #1932, #9140, .T. ) ;
#1163 = LINE ( 'NONE', #9109, #3773 ) ;
#1164 = VECTOR ( 'NONE', #180, 1000.000000000000000 ) ;
#1165 = CARTESIAN_POINT ( 'NONE',  ( -7.575000000000000178, 4.190000000000000391, 2.024999999999999911 ) ) ;
#1166 = CARTESIAN_POINT ( 'NONE',  ( -0.5250000000000002442, 1.630000000000000782, -2.024999999999999911 ) ) ;
#1167 = ORIENTED_EDGE ( 'NONE', *, *, #5278, .F. ) ;
#1168 = ORIENTED_EDGE ( 'NONE', *, *, #3620, .F. ) ;
#1169 = ORIENTED_EDGE ( 'NONE', *, *, #2924, .F. ) ;
#1170 = AXIS2_PLACEMENT_3D ( 'NONE', #6197, #6248, #7171 ) ;
#1171 = EDGE_CURVE ( 'NONE', #758, #1060, #8371, .T. ) ;
#1172 = LINE ( 'NONE', #5184, #8453 ) ;
#1173 = DIRECTION ( 'NONE',  ( 0.000000000000000000, -1.000000000000000000, 0.000000000000000000 ) ) ;
#1174 = DIRECTION ( 'NONE',  ( 0.000000000000000000, -0.000000000000000000, -1.000000000000000000 ) ) ;
#1175 = ORIENTED_EDGE ( 'NONE', *, *, #5980, .F. ) ;
#1176 = VECTOR ( 'NONE', #5329, 1000.000000000000000 ) ;
#1177 = ORIENTED_EDGE ( 'NONE', *, *, #8657, .F. ) ;
#1178 = CARTESIAN_POINT ( 'NONE',  ( -6.349999999999999645, 3.325000000000000178, 0.06499999999999994671 ) ) ;
#1179 = ORIENTED_EDGE ( 'NONE', *, *, #1301, .T. ) ;
#1180 = LINE ( 'NONE', #9528, #3691 ) ;
#1181 = LINE ( 'NONE', #9619, #4789 ) ;
#1182 = ADVANCED_FACE ( 'NONE', ( #5368 ), #5975, .F. ) ;
#1183 = EDGE_CURVE ( 'NONE', #7304, #1799, #9915, .T. ) ;
#1184 = FACE_OUTER_BOUND ( 'NONE', #9820, .T. ) ;
#1185 = EDGE_CURVE ( 'NONE', #5180, #6669, #2091, .T. ) ;
#1186 = VECTOR ( 'NONE', #751, 1000.000000000000000 ) ;
#1187 = PLANE ( 'NONE',  #5457 ) ;
#1188 = CARTESIAN_POINT ( 'NONE',  ( -0.000000000000000000, 3.325000000000000178, 2.024999999999999911 ) ) ;
#1189 = CARTESIAN_POINT ( 'NONE',  ( -7.725000000000000533, 0.7799999999999999156, -0.2750000000000000777 ) ) ;
#1190 = FACE_OUTER_BOUND ( 'NONE', #9889, .T. ) ;
#1191 = DIRECTION ( 'NONE',  ( -1.000000000000000000, 0.000000000000000000, 0.000000000000000000 ) ) ;
#1192 = CARTESIAN_POINT ( 'NONE',  ( -4.275000000000001243, 2.055000000000001048, 2.024999999999999911 ) ) ;
#1193 = ORIENTED_EDGE ( 'NONE', *, *, #2459, .F. ) ;
#1194 = LINE ( 'NONE', #1345, #9580 ) ;
#1195 = CARTESIAN_POINT ( 'NONE',  ( -7.375000000000000888, 1.644999999999999352, 1.949999999999999067 ) ) ;
#1196 = ORIENTED_EDGE ( 'NONE', *, *, #778, .T. ) ;
#1197 = EDGE_CURVE ( 'NONE', #7338, #3374, #651, .T. ) ;
#1198 = CARTESIAN_POINT ( 'NONE',  ( -7.375000000000000000, 3.965000000000001634, 0.000000000000000000 ) ) ;
#1199 = ORIENTED_EDGE ( 'NONE', *, *, #305, .F. ) ;
#1201 = LINE ( 'NONE', #2042, #10057 ) ;
#1200 = CARTESIAN_POINT ( 'NONE',  ( 0.000000000000000000, 3.965000000000001634, 0.000000000000000000 ) ) ;
#1202 = ORIENTED_EDGE ( 'NONE', *, *, #3405, .T. ) ;
#1203 = VECTOR ( 'NONE', #532, 1000.000000000000000 ) ;
#1204 = ORIENTED_EDGE ( 'NONE', *, *, #7332, .T. ) ;
#1205 = DIRECTION ( 'NONE',  ( 1.000000000000000000, 0.000000000000000000, 0.000000000000000000 ) ) ;
#1206 = VERTEX_POINT ( 'NONE', #5921 ) ;
#1207 = DIRECTION ( 'NONE',  ( 0.000000000000000000, -1.000000000000000000, 0.000000000000000000 ) ) ;
#1209 = COLOUR_RGB ( '',0.7960784313725489669, 0.8235294117647058432, 0.9372549019607843146 ) ;
#1208 = CARTESIAN_POINT ( 'NONE',  ( 5.000000000000000000, 2.085000000000000409, 2.024999999999999911 ) ) ;
#1210 = DIRECTION ( 'NONE',  ( 0.000000000000000000, 1.000000000000000000, 0.000000000000000000 ) ) ;
#1211 = EDGE_LOOP ( 'NONE', ( #1309, #1354, #6456, #8809 ) ) ;
#1212 = DIRECTION ( 'NONE',  ( -1.000000000000000000, -1.197572355469997778E-16, 0.000000000000000000 ) ) ;
#1213 = DIRECTION ( 'NONE',  ( 1.000000000000000000, 0.000000000000000000, 0.000000000000000000 ) ) ;
#1214 = ORIENTED_EDGE ( 'NONE', *, *, #9861, .T. ) ;
#1215 = VECTOR ( 'NONE', #5085, 1000.000000000000000 ) ;
#1216 = EDGE_CURVE ( 'NONE', #4065, #1666, #9190, .T. ) ;
#1217 = VERTEX_POINT ( 'NONE', #1401 ) ;
#1218 = VECTOR ( 'NONE', #1115, 1000.000000000000114 ) ;
#1219 = EDGE_LOOP ( 'NONE', ( #7624, #2315, #7485, #3346 ) ) ;
#1220 = DIRECTION ( 'NONE',  ( -1.000000000000000000, -0.000000000000000000, -0.000000000000000000 ) ) ;
#1221 = AXIS2_PLACEMENT_3D ( 'NONE', #2350, #9387, #3060 ) ;
#1222 = CARTESIAN_POINT ( 'NONE',  ( -7.375000000000000888, 0.8499999999999992006, 1.949999999999999289 ) ) ;
#1223 = DIRECTION ( 'NONE',  ( 0.000000000000000000, 0.000000000000000000, -1.000000000000000000 ) ) ;
#1224 = AXIS2_PLACEMENT_3D ( 'NONE', #4041, #9409, #5543 ) ;
#1225 = PLANE ( 'NONE',  #8351 ) ;
#1226 = FACE_OUTER_BOUND ( 'NONE', #6598, .T. ) ;
#1227 = LINE ( 'NONE', #9120, #4673 ) ;
#1228 = ORIENTED_EDGE ( 'NONE', *, *, #562, .T. ) ;
#1229 = ORIENTED_EDGE ( 'NONE', *, *, #8187, .F. ) ;
#1230 = DIRECTION ( 'NONE',  ( 1.000000000000000000, 0.000000000000000000, 0.000000000000000000 ) ) ;
#1231 = EDGE_CURVE ( 'NONE', #8, #2231, #6124, .T. ) ;
#1232 = CARTESIAN_POINT ( 'NONE',  ( 3.975000000000002753, 1.709999999999999520, 1.324999999999999734 ) ) ;
#1233 = ADVANCED_FACE ( 'NONE', ( #2030 ), #3769, .F. ) ;
#1234 = VECTOR ( 'NONE', #6680, 1000.000000000000000 ) ;
#1235 = ORIENTED_EDGE ( 'NONE', *, *, #1519, .F. ) ;
#1236 = DIRECTION ( 'NONE',  ( 1.000000000000000000, 1.197572355469997778E-16, 0.000000000000000000 ) ) ;
#1237 = EDGE_LOOP ( 'NONE', ( #8678, #7915, #3622, #4748 ) ) ;
#1238 = DIRECTION ( 'NONE',  ( -0.000000000000000000, 0.000000000000000000, -1.000000000000000000 ) ) ;
#1239 = FACE_OUTER_BOUND ( 'NONE', #7475, .T. ) ;
#1240 = LINE ( 'NONE', #4379, #9697 ) ;
#1241 = CARTESIAN_POINT ( 'NONE',  ( -2.812499999999999112, 2.055000000000001048, 2.024999999999999911 ) ) ;
#1242 = LINE ( 'NONE', #4382, #3191 ) ;
#1243 = LINE ( 'NONE', #533, #5487 ) ;
#1244 = VECTOR ( 'NONE', #8932, 1000.000000000000000 ) ;
#1245 = PRODUCT_DEFINITION_SHAPE ( 'NONE', 'NONE',  #10093 ) ;
#1246 = CARTESIAN_POINT ( 'NONE',  ( -5.724999999999999645, 0.000000000000000000, -1.464999999999999858 ) ) ;
#1247 = EDGE_CURVE ( 'NONE', #844, #3921, #9246, .T. ) ;
#1248 = VERTEX_POINT ( 'NONE', #3608 ) ;
#1249 = PLANE ( 'NONE',  #3223 ) ;
#1250 = EDGE_CURVE ( 'NONE', #9122, #3371, #8321, .T. ) ;
#1251 = ORIENTED_EDGE ( 'NONE', *, *, #588, .T. ) ;
#1252 = CARTESIAN_POINT ( 'NONE',  ( -0.3124999999999985567, 2.255000000000000338, 2.024999999999999911 ) ) ;
#1253 = VERTEX_POINT ( 'NONE', #1252 ) ;
#1254 = ORIENTED_EDGE ( 'NONE', *, *, #9005, .T. ) ;
#1255 = AXIS2_PLACEMENT_3D ( 'NONE', #5428, #8591, #7061 ) ;
#1256 = CARTESIAN_POINT ( 'NONE',  ( -1.974999999999999867, 0.7800000000000005818, 1.824999999999999067 ) ) ;
#1257 = ORIENTED_EDGE ( 'NONE', *, *, #5071, .T. ) ;
#1258 = EDGE_CURVE ( 'NONE', #1206, #8324, #7514, .T. ) ;
#1259 = VERTEX_POINT ( 'NONE', #9888 ) ;
#1260 = VECTOR ( 'NONE', #6797, 1000.000000000000000 ) ;
#1261 = CARTESIAN_POINT ( 'NONE',  ( -6.790000000000000036, 0.5799999999999995159, 2.024999999999999911 ) ) ;
#1262 = ADVANCED_FACE ( 'NONE', ( #6022 ), #2144, .F. ) ;
#1263 = ORIENTED_EDGE ( 'NONE', *, *, #9853, .F. ) ;
#1264 = DIRECTION ( 'NONE',  ( 1.000000000000000000, 0.000000000000000000, -0.000000000000000000 ) ) ;
#1265 = ORIENTED_EDGE ( 'NONE', *, *, #1763, .T. ) ;
#1266 = VERTEX_POINT ( 'NONE', #4746 ) ;
#1267 = FACE_OUTER_BOUND ( 'NONE', #9633, .T. ) ;
#1268 = DIRECTION ( 'NONE',  ( 0.000000000000000000, 0.000000000000000000, -1.000000000000000000 ) ) ;
#1269 = CARTESIAN_POINT ( 'NONE',  ( -7.875000000000000000, 0.1800000000000000488, 0.000000000000000000 ) ) ;
#1270 = PLANE ( 'NONE',  #1874 ) ;
#1271 = VERTEX_POINT ( 'NONE', #7725 ) ;
#1272 = VECTOR ( 'NONE', #9811, 1000.000000000000000 ) ;
#1273 = PLANE ( 'NONE',  #1547 ) ;
#1274 = VERTEX_POINT ( 'NONE', #5569 ) ;
#1275 = EDGE_LOOP ( 'NONE', ( #8259, #7828, #4093, #9998 ) ) ;
#1276 = DIRECTION ( 'NONE',  ( -1.000000000000000000, 0.000000000000000000, 0.000000000000000000 ) ) ;
#1277 = CARTESIAN_POINT ( 'NONE',  ( 3.625000000000002220, 1.559999999999999609, 1.864999999999999547 ) ) ;
#1278 = FACE_OUTER_BOUND ( 'NONE', #7633, .T. ) ;
#1279 = DIRECTION ( 'NONE',  ( 1.000000000000000000, -0.000000000000000000, -0.000000000000000000 ) ) ;
#1280 = CARTESIAN_POINT ( 'NONE',  ( 2.204364238465228735E-17, 3.820000000000000728, -1.224999999999999867 ) ) ;
#1281 = VERTEX_POINT ( 'NONE', #77 ) ;
#1282 = DIRECTION ( 'NONE',  ( 1.000000000000000000, 0.000000000000000000, 0.000000000000000000 ) ) ;
#1283 = EDGE_LOOP ( 'NONE', ( #9423, #8299, #7930, #8350 ) ) ;
#1284 = VERTEX_POINT ( 'NONE', #7869 ) ;
#1285 = LINE ( 'NONE', #4009, #3535 ) ;
#1286 = CARTESIAN_POINT ( 'NONE',  ( -3.024999999999999911, 0.5500000000000010436, 2.024999999999999911 ) ) ;
#1287 = CARTESIAN_POINT ( 'NONE',  ( -0.5250000000000002442, 0.7800000000000005818, 1.824999999999999067 ) ) ;
#1288 = VECTOR ( 'NONE', #674, 1000.000000000000114 ) ;
#1289 = DIRECTION ( 'NONE',  ( 0.000000000000000000, -0.000000000000000000, -1.000000000000000000 ) ) ;
#1290 = CARTESIAN_POINT ( 'NONE',  ( 3.625000000000001332, 0.000000000000000000, -1.724999999999999867 ) ) ;
#1291 = EDGE_CURVE ( 'NONE', #8956, #6524, #2404, .T. ) ;
#1292 = DIRECTION ( 'NONE',  ( -1.000000000000000000, 0.000000000000000000, 0.000000000000000000 ) ) ;
#1293 = CARTESIAN_POINT ( 'NONE',  ( -7.375000000000000888, 1.559999999999999609, 1.864999999999999547 ) ) ;
#1294 = DIRECTION ( 'NONE',  ( 0.8660254037844384856, 0.000000000000000000, 0.5000000000000004441 ) ) ;
#1295 = CARTESIAN_POINT ( 'NONE',  ( -5.724999999999999645, 1.080000000000000071, 1.378567737020260031 ) ) ;
#1296 = ORIENTED_EDGE ( 'NONE', *, *, #5585, .T. ) ;
#1297 = VECTOR ( 'NONE', #3227, 1000.000000000000000 ) ;
#1298 = DIRECTION ( 'NONE',  ( 1.495451272393798655E-15, 1.000000000000000000, 0.000000000000000000 ) ) ;
#1299 = VERTEX_POINT ( 'NONE', #8628 ) ;
#1300 = ORIENTED_EDGE ( 'NONE', *, *, #8065, .F. ) ;
#1301 = EDGE_CURVE ( 'NONE', #3891, #1253, #4793, .T. ) ;
#1302 = EDGE_CURVE ( 'NONE', #8048, #2818, #693, .T. ) ;
#1303 = CARTESIAN_POINT ( 'NONE',  ( 0.000000000000000000, 0.000000000000000000, 0.06499999999999998834 ) ) ;
#1304 = EDGE_CURVE ( 'NONE', #8951, #1136, #9344, .T. ) ;
#1305 = EDGE_LOOP ( 'NONE', ( #1929, #6350, #5530, #6505 ) ) ;
#1306 = VECTOR ( 'NONE', #8870, 1000.000000000000000 ) ;
#1307 = ORIENTED_EDGE ( 'NONE', *, *, #4587, .T. ) ;
#1308 = FACE_OUTER_BOUND ( 'NONE', #880, .T. ) ;
#1309 = ORIENTED_EDGE ( 'NONE', *, *, #8021, .F. ) ;
#1310 = ORIENTED_EDGE ( 'NONE', *, *, #3030, .F. ) ;
#1311 = CARTESIAN_POINT ( 'NONE',  ( 0.000000000000000000, 2.209999999999998188, -0.2750000000000000777 ) ) ;
#1312 = ORIENTED_EDGE ( 'NONE', *, *, #1066, .T. ) ;
#1313 = VECTOR ( 'NONE', #3138, 1000.000000000000000 ) ;
#1314 = LINE ( 'NONE', #6042, #531 ) ;
#1315 = EDGE_CURVE ( 'NONE', #3374, #4545, #3255, .T. ) ;
#1316 = ADVANCED_FACE ( 'NONE', ( #3108 ), #5417, .T. ) ;
#1317 = EDGE_CURVE ( 'NONE', #2599, #6084, #4640, .T. ) ;
#1318 = CARTESIAN_POINT ( 'NONE',  ( -5.724999999999999645, 1.629999999999999893, 4.165075243091329638E-16 ) ) ;
#1319 = EDGE_CURVE ( 'NONE', #248, #8709, #5466, .T. ) ;
#1320 = CARTESIAN_POINT ( 'NONE',  ( -1.974999999999999867, 1.855000000000000204, 1.824999999999999289 ) ) ;
#1321 = DIRECTION ( 'NONE',  ( -0.000000000000000000, 0.000000000000000000, 1.000000000000000000 ) ) ;
#1322 = DIRECTION ( 'NONE',  ( -1.000000000000000000, 0.000000000000000000, 0.000000000000000000 ) ) ;
#1323 = CARTESIAN_POINT ( 'NONE',  ( -7.275000000000000355, 0.000000000000000000, 1.324999999999999734 ) ) ;
#1324 = CARTESIAN_POINT ( 'NONE',  ( -3.749999999999998224, 3.965000000000001634, 2.024999999999999911 ) ) ;
#1325 = CARTESIAN_POINT ( 'NONE',  ( 3.040000000000001812, 0.7799999999999999156, 1.824999999999999289 ) ) ;
#1326 = ORIENTED_EDGE ( 'NONE', *, *, #3136, .F. ) ;
#1327 = VERTEX_POINT ( 'NONE', #7352 ) ;
#1328 = EDGE_CURVE ( 'NONE', #5404, #6476, #5806, .T. ) ;
#1329 = CARTESIAN_POINT ( 'NONE',  ( 3.625000000000001332, 3.500000000000000444, 0.06499999999999994671 ) ) ;
#1330 = DIRECTION ( 'NONE',  ( -0.000000000000000000, -0.000000000000000000, 1.000000000000000000 ) ) ;
#1331 = PLANE ( 'NONE',  #1633 ) ;
#1332 = DIRECTION ( 'NONE',  ( -1.000000000000000000, -0.000000000000000000, -0.000000000000000000 ) ) ;
#1333 = ORIENTED_EDGE ( 'NONE', *, *, #8633, .T. ) ;
#1334 = PLANE ( 'NONE',  #6945 ) ;
#1335 = VERTEX_POINT ( 'NONE', #1805 ) ;
#1336 = ORIENTED_EDGE ( 'NONE', *, *, #763, .T. ) ;
#1337 = DIRECTION ( 'NONE',  ( 1.000000000000000000, -0.000000000000000000, -0.000000000000000000 ) ) ;
#1338 = DIRECTION ( 'NONE',  ( 0.000000000000000000, 0.7071067811865474617, -0.7071067811865475727 ) ) ;
#1339 = DIRECTION ( 'NONE',  ( -1.000000000000000000, 0.000000000000000000, 0.000000000000000000 ) ) ;
#1340 = AXIS2_PLACEMENT_3D ( 'NONE', #3572, #2720, #5068 ) ;
#1341 = PLANE ( 'NONE',  #5641 ) ;
#1342 = LINE ( 'NONE', #8980, #5150 ) ;
#1343 = CARTESIAN_POINT ( 'NONE',  ( 0.7249999999999999778, 0.000000000000000000, 2.024999999999999911 ) ) ;
#1345 = CARTESIAN_POINT ( 'NONE',  ( -6.800000000000001599, 3.820000000000000728, -1.224999999999999867 ) ) ;
#1344 = CARTESIAN_POINT ( 'NONE',  ( 3.175000000000001599, 3.325000000000000178, 0.06499999999999994671 ) ) ;
#1346 = ORIENTED_EDGE ( 'NONE', *, *, #242, .F. ) ;
#1347 = CARTESIAN_POINT ( 'NONE',  ( -7.015000000000000568, 1.903000000000000025, -1.724999999999999867 ) ) ;
#1348 = ADVANCED_FACE ( 'NONE', ( #4893 ), #4942, .F. ) ;
#1349 = ORIENTED_EDGE ( 'NONE', *, *, #5275, .T. ) ;
#1350 = CARTESIAN_POINT ( 'NONE',  ( -7.875000000000000000, 3.500000000000000444, 0.000000000000000000 ) ) ;
#1351 = ORIENTED_EDGE ( 'NONE', *, *, #1067, .F. ) ;
#1352 = DIRECTION ( 'NONE',  ( 1.000000000000000000, 0.000000000000000000, 0.000000000000000000 ) ) ;
#1353 = CARTESIAN_POINT ( 'NONE',  ( 3.040000000000001812, 0.7799999999999999156, 0.06499999999999994671 ) ) ;
#1354 = ORIENTED_EDGE ( 'NONE', *, *, #7282, .F. ) ;
#1355 = CIRCLE ( 'NONE', #2662, 0.07500000000000084377 ) ;
#1356 = ORIENTED_EDGE ( 'NONE', *, *, #8647, .F. ) ;
#1358 = CARTESIAN_POINT ( 'NONE',  ( 1.975000000000001865, 2.085000000000000409, 2.024999999999999911 ) ) ;
#1357 = DIRECTION ( 'NONE',  ( 0.000000000000000000, 0.000000000000000000, -1.000000000000000000 ) ) ;
#1359 = VERTEX_POINT ( 'NONE', #8779 ) ;
#1360 = CARTESIAN_POINT ( 'NONE',  ( 4.015000000000002345, 0.000000000000000000, 0.06499999999999994671 ) ) ;
#1361 = EDGE_CURVE ( 'NONE', #1274, #870, #1757, .T. ) ;
#1362 = CARTESIAN_POINT ( 'NONE',  ( 3.625000000000002220, -1.772945837721657397E-15, -2.496936092690336118 ) ) ;
#1363 = ORIENTED_EDGE ( 'NONE', *, *, #9573, .F. ) ;
#1364 = VERTEX_POINT ( 'NONE', #993 ) ;
#1365 = CARTESIAN_POINT ( 'NONE',  ( -5.724999999999999645, 1.080000000000000071, 0.06499999999999998834 ) ) ;
#1366 = STYLED_ITEM ( 'NONE', ( #7551 ), #5496 ) ;
#1367 = DIRECTION ( 'NONE',  ( 0.000000000000000000, 0.000000000000000000, -1.000000000000000000 ) ) ;
#1368 = DIRECTION ( 'NONE',  ( 1.000000000000000000, 0.000000000000000000, 0.000000000000000000 ) ) ;
#1369 = PLANE ( 'NONE',  #4022 ) ;
#1370 = ORIENTED_EDGE ( 'NONE', *, *, #1885, .T. ) ;
#1371 = DIRECTION ( 'NONE',  ( 1.000000000000000000, 0.000000000000000000, 0.000000000000000000 ) ) ;
#1372 = ORIENTED_EDGE ( 'NONE', *, *, #8943, .T. ) ;
#1373 = ADVANCED_FACE ( 'NONE', ( #366 ), #3495, .T. ) ;
#1374 = ADVANCED_FACE ( 'NONE', ( #4219 ), #9666, .T. ) ;
#1375 = ADVANCED_FACE ( 'NONE', ( #9972 ), #3005, .F. ) ;
#1376 = ORIENTED_EDGE ( 'NONE', *, *, #5910, .F. ) ;
#1377 = AXIS2_PLACEMENT_3D ( 'NONE', #8106, #4111, #7956 ) ;
#1378 = LINE ( 'NONE', #5289, #3431 ) ;
#1379 = CARTESIAN_POINT ( 'NONE',  ( -7.015000000000000568, 4.120000000000000107, 0.000000000000000000 ) ) ;
#1380 = VECTOR ( 'NONE', #5659, 1000.000000000000000 ) ;
#1381 = DIRECTION ( 'NONE',  ( -0.000000000000000000, 0.000000000000000000, 1.000000000000000000 ) ) ;
#1382 = LINE ( 'NONE', #7660, #903 ) ;
#1383 = CARTESIAN_POINT ( 'NONE',  ( -3.749999999999998224, 0.000000000000000000, 0.06499999999999994671 ) ) ;
#1384 = AXIS2_PLACEMENT_3D ( 'NONE', #6457, #9645, #7946 ) ;
#1385 = EDGE_LOOP ( 'NONE', ( #7950, #2336, #3117, #5727 ) ) ;
#1386 = DIRECTION ( 'NONE',  ( 0.000000000000000000, 0.000000000000000000, -1.000000000000000000 ) ) ;
#1387 = ORIENTED_EDGE ( 'NONE', *, *, #464, .F. ) ;
#1388 = ORIENTED_EDGE ( 'NONE', *, *, #2496, .T. ) ;
#1389 = AXIS2_PLACEMENT_3D ( 'NONE', #648, #3765, #9244 ) ;
#1390 = PLANE ( 'NONE',  #7315 ) ;
#1391 = LINE ( 'NONE', #7454, #6766 ) ;
#1392 = DIRECTION ( 'NONE',  ( 1.000000000000000000, 0.000000000000000000, 0.000000000000000000 ) ) ;
#1393 = PRODUCT_DEFINITION_CONTEXT ( 'detailed design', #3908, 'design' ) ;
#1394 = PLANE ( 'NONE',  #6947 ) ;
#1395 = DIRECTION ( 'NONE',  ( -1.000000000000000000, 0.000000000000000000, 0.000000000000000000 ) ) ;
#1396 = AXIS2_PLACEMENT_3D ( 'NONE', #6326, #2639, #7254 ) ;
#1397 = CARTESIAN_POINT ( 'NONE',  ( -5.800000000000000711, 3.820000000000000728, -1.224999999999999867 ) ) ;
#1398 = VECTOR ( 'NONE', #4270, 1000.000000000000000 ) ;
#1400 = DIRECTION ( 'NONE',  ( 0.000000000000000000, 0.000000000000000000, -1.000000000000000000 ) ) ;
#1399 = DIRECTION ( 'NONE',  ( -1.000000000000000000, -0.000000000000000000, -0.000000000000000000 ) ) ;
#1401 = CARTESIAN_POINT ( 'NONE',  ( 2.600000000000001421, 3.325000000000000178, 0.06499999999999994671 ) ) ;
#1402 = VERTEX_POINT ( 'NONE', #4682 ) ;
#1403 = EDGE_LOOP ( 'NONE', ( #396, #4938, #9355, #6550 ) ) ;
#1404 = LINE ( 'NONE', #6181, #9651 ) ;
#1405 = DIRECTION ( 'NONE',  ( 0.000000000000000000, -1.000000000000000000, 0.000000000000000000 ) ) ;
#1406 = LINE ( 'NONE', #5374, #6332 ) ;
#1407 = ORIENTED_EDGE ( 'NONE', *, *, #7092, .F. ) ;
#1408 = LINE ( 'NONE', #4552, #7724 ) ;
#1409 = ORIENTED_EDGE ( 'NONE', *, *, #6606, .T. ) ;
#1410 = FACE_OUTER_BOUND ( 'NONE', #3410, .T. ) ;
#1411 = ORIENTED_EDGE ( 'NONE', *, *, #745, .T. ) ;
#1412 = DIRECTION ( 'NONE',  ( 0.000000000000000000, -1.000000000000000000, 0.000000000000000000 ) ) ;
#1413 = VECTOR ( 'NONE', #9045, 1000.000000000000000 ) ;
#1414 = CIRCLE ( 'NONE', #116, 0.07500000000000019151 ) ;
#1415 = CARTESIAN_POINT ( 'NONE',  ( 3.175000000000001599, 3.965000000000001634, 0.06499999999999994671 ) ) ;
#1416 = ORIENTED_EDGE ( 'NONE', *, *, #10064, .T. ) ;
#1417 = DIRECTION ( 'NONE',  ( 0.000000000000000000, 0.000000000000000000, 1.000000000000000000 ) ) ;
#1418 = DIRECTION ( 'NONE',  ( 0.000000000000000000, -1.000000000000000000, 0.000000000000000000 ) ) ;
#1419 = DIRECTION ( 'NONE',  ( 0.000000000000000000, -1.000000000000000000, -2.555260885332105185E-16 ) ) ;
#1420 = DIRECTION ( 'NONE',  ( 1.000000000000000000, 0.000000000000000000, 0.000000000000000000 ) ) ;
#1421 = DIRECTION ( 'NONE',  ( 1.000000000000000000, 0.000000000000000000, 0.000000000000000000 ) ) ;
#1422 = AXIS2_PLACEMENT_3D ( 'NONE', #2920, #2860, #1455 ) ;
#1423 = CARTESIAN_POINT ( 'NONE',  ( -3.024999999999999911, 0.000000000000000000, 2.024999999999999911 ) ) ;
#1424 = CARTESIAN_POINT ( 'NONE',  ( 2.689999999999999503, 3.240000000000001101, -1.224999999999999867 ) ) ;
#1425 = VERTEX_POINT ( 'NONE', #3142 ) ;
#1426 = ORIENTED_EDGE ( 'NONE', *, *, #7518, .T. ) ;
#1427 = ORIENTED_EDGE ( 'NONE', *, *, #4080, .T. ) ;
#1428 = VECTOR ( 'NONE', #2208, 1000.000000000000000 ) ;
#1429 = CARTESIAN_POINT ( 'NONE',  ( -5.724999999999999645, 0.000000000000000000, -2.824999999999999734 ) ) ;
#1430 = CARTESIAN_POINT ( 'NONE',  ( -0.7249999999999999778, 0.000000000000000000, -2.024999999999999911 ) ) ;
#1431 = LINE ( 'NONE', #9117, #6544 ) ;
#1432 = ADVANCED_FACE ( 'NONE', ( #6267 ), #7293, .F. ) ;
#1433 = ITEM_DEFINED_TRANSFORMATION ( 'NONE', 'NONE', #1931,  #1950 ) ;
#1434 = EDGE_CURVE ( 'NONE', #3307, #1359, #9207, .T. ) ;
#1435 = EDGE_CURVE ( 'NONE', #338, #1402, #3077, .T. ) ;
#1436 = DIRECTION ( 'NONE',  ( -0.000000000000000000, 0.7071067811865475727, -0.7071067811865475727 ) ) ;
#1437 = ORIENTED_EDGE ( 'NONE', *, *, #4120, .F. ) ;
#1438 = CARTESIAN_POINT ( 'NONE',  ( 1.249999999999999778, 1.630000000000001226, -1.464999999999999636 ) ) ;
#1439 = EDGE_LOOP ( 'NONE', ( #8512, #8090, #8603, #6050, #6631, #335, #3793, #860, #9467 ) ) ;
#1440 = VECTOR ( 'NONE', #3091, 1000.000000000000000 ) ;
#1441 = VERTEX_POINT ( 'NONE', #3829 ) ;
#1442 = LINE ( 'NONE', #5961, #4198 ) ;
#1443 = FACE_OUTER_BOUND ( 'NONE', #9572, .T. ) ;
#1444 = CARTESIAN_POINT ( 'NONE',  ( -6.439999999999997726, 3.820000000000000728, -1.224999999999999867 ) ) ;
#1445 = ADVANCED_FACE ( 'NONE', ( #7638 ), #10045, .T. ) ;
#1446 = EDGE_CURVE ( 'NONE', #2671, #10027, #664, .T. ) ;
#1447 = EDGE_CURVE ( 'NONE', #9285, #9201, #7579, .T. ) ;
#1448 = PLANE ( 'NONE',  #8986 ) ;
#1449 = ADVANCED_FACE ( 'NONE', ( #6193 ), #5990, .T. ) ;
#1450 = LINE ( 'NONE', #7677, #7433 ) ;
#1451 = CARTESIAN_POINT ( 'NONE',  ( -7.500000000000000000, 3.965000000000001634, 0.6399999999999999023 ) ) ;
#1452 = VECTOR ( 'NONE', #5217, 1000.000000000000000 ) ;
#1453 = PLANE ( 'NONE',  #8852 ) ;
#1454 = CARTESIAN_POINT ( 'NONE',  ( 5.000000000000000000, 0.5500000000000010436, 2.024999999999999911 ) ) ;
#1455 = DIRECTION ( 'NONE',  ( 0.000000000000000000, 1.000000000000000000, 0.000000000000000000 ) ) ;
#1456 = ORIENTED_EDGE ( 'NONE', *, *, #4726, .T. ) ;
#1457 = PRESENTATION_LAYER_ASSIGNMENT (  '', '', ( #8815 ) ) ;
#1458 = EDGE_CURVE ( 'NONE', #4599, #349, #9104, .T. ) ;
#1459 = CARTESIAN_POINT ( 'NONE',  ( -5.724999999999999645, 1.454999999999999849, 1.362867965644034118 ) ) ;
#1460 = CARTESIAN_POINT ( 'NONE',  ( -0.7249999999999999778, 1.630000000000000782, -1.464999999999999636 ) ) ;
#1461 = ORIENTED_EDGE ( 'NONE', *, *, #6825, .F. ) ;
#1462 = VECTOR ( 'NONE', #6149, 1000.000000000000000 ) ;
#1463 = EDGE_LOOP ( 'NONE', ( #5581, #3722, #8320, #1980 ) ) ;
#1464 = DIRECTION ( 'NONE',  ( 1.000000000000000000, -0.000000000000000000, -0.000000000000000000 ) ) ;
#1465 = ORIENTED_EDGE ( 'NONE', *, *, #4184, .T. ) ;
#1466 = LINE ( 'NONE', #4504, #7818 ) ;
#1467 = CARTESIAN_POINT ( 'NONE',  ( -7.605000000000000426, 0.000000000000000000, 2.024999999999999911 ) ) ;
#1468 = ORIENTED_EDGE ( 'NONE', *, *, #3041, .F. ) ;
#1469 = CARTESIAN_POINT ( 'NONE',  ( 12.87500000000000178, 2.055000000000001048, 2.024999999999999911 ) ) ;
#1470 = VECTOR ( 'NONE', #5796, 1000.000000000000000 ) ;
#1471 = DIRECTION ( 'NONE',  ( 0.000000000000000000, 1.000000000000000000, 0.000000000000000000 ) ) ;
#1472 = DIRECTION ( 'NONE',  ( -0.000000000000000000, -1.000000000000000000, -0.000000000000000000 ) ) ;
#1473 = VECTOR ( 'NONE', #8446, 1000.000000000000000 ) ;
#1474 = CARTESIAN_POINT ( 'NONE',  ( 3.750000000000001776, 3.965000000000001634, 0.6399999999999999023 ) ) ;
#1475 = CARTESIAN_POINT ( 'NONE',  ( 2.500000000000000000, 1.855000000000000204, 0.06499999999999994671 ) ) ;
#1476 = CARTESIAN_POINT ( 'NONE',  ( -3.024999999999999911, 1.855000000000000204, 0.06499999999999994671 ) ) ;
#1477 = LINE ( 'NONE', #8600, #5228 ) ;
#1478 = VERTEX_POINT ( 'NONE', #5326 ) ;
#1479 = ORIENTED_EDGE ( 'NONE', *, *, #286, .T. ) ;
#1480 = CARTESIAN_POINT ( 'NONE',  ( 2.689999999999999503, 3.820000000000000728, -1.224999999999999867 ) ) ;
#1481 = LINE ( 'NONE', #8508, #4902 ) ;
#1482 = CARTESIAN_POINT ( 'NONE',  ( -4.275000000000000355, 1.630000000000000782, -2.024999999999999911 ) ) ;
#1483 = VECTOR ( 'NONE', #4099, 1000.000000000000000 ) ;
#1484 = ORIENTED_EDGE ( 'NONE', *, *, #1361, .T. ) ;
#1485 = CARTESIAN_POINT ( 'NONE',  ( -4.275000000000000355, 0.7800000000000002487, 0.06499999999999994671 ) ) ;
#1486 = CARTESIAN_POINT ( 'NONE',  ( -7.605000000000000426, 1.474999999999999423, 1.949999999999999067 ) ) ;
#1487 = ORIENTED_EDGE ( 'NONE', *, *, #8464, .T. ) ;
#1488 = LINE ( 'NONE', #2492, #5718 ) ;
#1489 = ORIENTED_EDGE ( 'NONE', *, *, #6392, .F. ) ;
#1490 = EDGE_CURVE ( 'NONE', #103, #2420, #3673, .T. ) ;
#1491 = ORIENTED_EDGE ( 'NONE', *, *, #9724, .T. ) ;
#1492 = EDGE_CURVE ( 'NONE', #7242, #6524, #6809, .T. ) ;
#1493 = DIRECTION ( 'NONE',  ( 0.000000000000000000, -1.000000000000000000, 0.000000000000000000 ) ) ;
#1494 = LINE ( 'NONE', #7814, #6328 ) ;
#1495 = PRODUCT_DEFINITION_CONTEXT ( 'detailed design', #7447, 'design' ) ;
#1496 = CARTESIAN_POINT ( 'NONE',  ( 3.625000000000002220, 1.559999999999999609, 1.949999999999999512 ) ) ;
#1497 = DIRECTION ( 'NONE',  ( 0.000000000000000000, -1.000000000000000000, 0.000000000000000000 ) ) ;
#1498 = AXIS2_PLACEMENT_3D ( 'NONE', #10085, #6127, #5370 ) ;
#1499 = ORIENTED_EDGE ( 'NONE', *, *, #7326, .T. ) ;
#1500 = DIRECTION ( 'NONE',  ( 1.000000000000000000, 0.000000000000000000, 0.000000000000000000 ) ) ;
#1501 = ADVANCED_FACE ( 'NONE', ( #6862 ), #7692, .F. ) ;
#1502 = DIRECTION ( 'NONE',  ( 0.000000000000000000, 0.000000000000000000, -1.000000000000000000 ) ) ;
#1503 = EDGE_CURVE ( 'NONE', #6504, #4745, #10000, .T. ) ;
#1504 = EDGE_CURVE ( 'NONE', #759, #1136, #7736, .T. ) ;
#1505 = ADVANCED_FACE ( 'NONE', ( #285 ), #8227, .F. ) ;
#1506 = LINE ( 'NONE', #4642, #741 ) ;
#1507 = CARTESIAN_POINT ( 'NONE',  ( -7.275000000000000355, 0.1800000000000000488, -0.2750000000000000777 ) ) ;
#1508 = VECTOR ( 'NONE', #8457, 1000.000000000000000 ) ;
#1509 = VECTOR ( 'NONE', #6864, 1000.000000000000114 ) ;
#1510 = PLANE ( 'NONE',  #539 ) ;
#1511 = DIRECTION ( 'NONE',  ( 1.000000000000000000, 0.000000000000000000, -0.000000000000000000 ) ) ;
#1512 = EDGE_LOOP ( 'NONE', ( #7666, #7650, #9121, #3106 ) ) ;
#1513 = LINE ( 'NONE', #9301, #9803 ) ;
#1514 = LINE ( 'NONE', #4464, #6112 ) ;
#1515 = ORIENTED_EDGE ( 'NONE', *, *, #3693, .F. ) ;
#1516 = VECTOR ( 'NONE', #8976, 1000.000000000000000 ) ;
#1517 = ORIENTED_EDGE ( 'NONE', *, *, #7795, .F. ) ;
#1518 = AXIS2_PLACEMENT_3D ( 'NONE', #5003, #8930, #4280 ) ;
#1519 = EDGE_CURVE ( 'NONE', #6976, #2922, #440, .T. ) ;
#1520 = ORIENTED_EDGE ( 'NONE', *, *, #1067, .T. ) ;
#1521 = CARTESIAN_POINT ( 'NONE',  ( 0.000000000000000000, 2.255000000000000338, 0.06499999999999994671 ) ) ;
#1522 = FACE_OUTER_BOUND ( 'NONE', #8455, .T. ) ;
#1523 = DIRECTION ( 'NONE',  ( 0.000000000000000000, -0.000000000000000000, 1.000000000000000000 ) ) ;
#1524 = LINE ( 'NONE', #1474, #6372 ) ;
#1525 = DIRECTION ( 'NONE',  ( 0.000000000000000000, -1.000000000000000000, 5.706327223607912624E-16 ) ) ;
#1526 = CARTESIAN_POINT ( 'NONE',  ( -4.474999999999999645, 2.085000000000000409, -1.464999999999999636 ) ) ;
#1527 = LINE ( 'NONE', #2, #2469 ) ;
#1528 = CIRCLE ( 'NONE', #66, 0.1499999999999999667 ) ;
#1529 = ORIENTED_EDGE ( 'NONE', *, *, #1126, .T. ) ;
#1530 = EDGE_CURVE ( 'NONE', #3945, #6951, #6600, .T. ) ;
#1531 = ORIENTED_EDGE ( 'NONE', *, *, #5585, .F. ) ;
#1533 = VECTOR ( 'NONE', #8066, 1000.000000000000000 ) ;
#1532 = DIRECTION ( 'NONE',  ( 0.000000000000000000, 1.000000000000000000, -9.239047059953170954E-17 ) ) ;
#1534 = CARTESIAN_POINT ( 'NONE',  ( -8.194767476705230536, 2.255000000000000338, 0.06499999999999994671 ) ) ;
#1535 = ORIENTED_EDGE ( 'NONE', *, *, #574, .T. ) ;
#1536 = DIRECTION ( 'NONE',  ( 1.000000000000000000, 0.000000000000000000, -0.000000000000000000 ) ) ;
#1537 = CARTESIAN_POINT ( 'NONE',  ( -7.375000000000000888, 0.9249999999999991562, 1.949999999999999067 ) ) ;
#1538 = DIRECTION ( 'NONE',  ( 0.000000000000000000, 1.000000000000000000, 0.000000000000000000 ) ) ;
#1539 = ORIENTED_EDGE ( 'NONE', *, *, #569, .T. ) ;
#1540 = VECTOR ( 'NONE', #3416, 1000.000000000000000 ) ;
#1541 = ORIENTED_EDGE ( 'NONE', *, *, #6280, .F. ) ;
#1542 = CIRCLE ( 'NONE', #1052, 0.07500000000000019151 ) ;
#1543 = VERTEX_POINT ( 'NONE', #9689 ) ;
#1544 = DIRECTION ( 'NONE',  ( 0.000000000000000000, -9.239047059953170954E-17, -1.000000000000000000 ) ) ;
#1545 = VECTOR ( 'NONE', #7602, 1000.000000000000000 ) ;
#1546 = DIRECTION ( 'NONE',  ( -1.000000000000000000, 0.000000000000000000, 0.000000000000000000 ) ) ;
#1547 = AXIS2_PLACEMENT_3D ( 'NONE', #8397, #1371, #4415 ) ;
#1548 = CARTESIAN_POINT ( 'NONE',  ( -5.312499999999999112, 1.855000000000000204, 0.06499999999999994671 ) ) ;
#1549 = LINE ( 'NONE', #9292, #2059 ) ;
#1550 = EDGE_CURVE ( 'NONE', #1248, #2978, #1414, .T. ) ;
#1551 = EDGE_LOOP ( 'NONE', ( #5353, #8805, #4084, #7189 ) ) ;
#1552 = DIRECTION ( 'NONE',  ( 0.000000000000000000, -1.000000000000000000, 0.000000000000000000 ) ) ;
#1553 = VECTOR ( 'NONE', #4591, 1000.000000000000000 ) ;
#1554 = ORIENTED_EDGE ( 'NONE', *, *, #4986, .T. ) ;
#1555 = DIRECTION ( 'NONE',  ( 1.000000000000000000, 0.000000000000000000, 0.000000000000000000 ) ) ;
#1556 = AXIS2_PLACEMENT_3D ( 'NONE', #278, #5626, #6337 ) ;
#1557 = ADVANCED_FACE ( 'NONE', ( #2709 ), #5832, .F. ) ;
#1558 = LINE ( 'NONE', #3160, #2547 ) ;
#1559 = EDGE_CURVE ( 'NONE', #9122, #7661, #6499, .T. ) ;
#1560 = ORIENTED_EDGE ( 'NONE', *, *, #4247, .F. ) ;
#1561 = ADVANCED_FACE ( 'NONE', ( #8841 ), #6549, .T. ) ;
#1562 = CARTESIAN_POINT ( 'NONE',  ( 0.9375000000000016653, 2.255000000000000338, 2.024999999999999911 ) ) ;
#1563 = CARTESIAN_POINT ( 'NONE',  ( -3.024999999999999911, 0.5500000000000010436, 2.024999999999999911 ) ) ;
#1564 = ORIENTED_EDGE ( 'NONE', *, *, #8022, .F. ) ;
#1565 = DIRECTION ( 'NONE',  ( 0.000000000000000000, -1.000000000000000000, 0.000000000000000000 ) ) ;
#1566 = ORIENTED_EDGE ( 'NONE', *, *, #5781, .F. ) ;
#1567 = ORIENTED_EDGE ( 'NONE', *, *, #2123, .T. ) ;
#1568 = VERTEX_POINT ( 'NONE', #4550 ) ;
#1569 = VECTOR ( 'NONE', #9391, 1000.000000000000114 ) ;
#1570 = CARTESIAN_POINT ( 'NONE',  ( -1.562499999999998446, 2.255000000000000338, 0.06499999999999994671 ) ) ;
#1571 = CARTESIAN_POINT ( 'NONE',  ( 2.413750000000001172, 0.000000000000000000, 2.024999999999999911 ) ) ;
#1572 = PLANE ( 'NONE',  #1170 ) ;
#1573 = CARTESIAN_POINT ( 'NONE',  ( -3.749999999999998224, 2.085000000000000409, -2.024999999999999911 ) ) ;
#1574 = EDGE_CURVE ( 'NONE', #6986, #9741, #8431, .T. ) ;
#1575 = DIRECTION ( 'NONE',  ( 1.000000000000000000, 0.000000000000000000, 0.000000000000000000 ) ) ;
#1576 = CARTESIAN_POINT ( 'NONE',  ( -0.5250000000000002442, 0.7800000000000002487, 0.06499999999999994671 ) ) ;
#1577 = ORIENTED_EDGE ( 'NONE', *, *, #8823, .T. ) ;
#1578 = VECTOR ( 'NONE', #5052, 1000.000000000000000 ) ;
#1579 = EDGE_LOOP ( 'NONE', ( #4214, #1376, #7222, #5300 ) ) ;
#1580 = ORIENTED_EDGE ( 'NONE', *, *, #8884, .T. ) ;
#1581 = CIRCLE ( 'NONE', #5523, 0.08500000000000000611 ) ;
#1582 = CARTESIAN_POINT ( 'NONE',  ( -6.790000000000000036, 0.7799999999999999156, 0.06499999999999994671 ) ) ;
#1583 = DIRECTION ( 'NONE',  ( 0.000000000000000000, -1.000000000000000000, 0.000000000000000000 ) ) ;
#1584 = CARTESIAN_POINT ( 'NONE',  ( -4.474999999999999645, 2.055000000000001048, 2.024999999999999911 ) ) ;
#1585 = ORIENTED_EDGE ( 'NONE', *, *, #3267, .T. ) ;
#1586 = CARTESIAN_POINT ( 'NONE',  ( -11.02499999999999858, 0.000000000000000000, -0.2750000000000000777 ) ) ;
#1587 = DIRECTION ( 'NONE',  ( -0.000000000000000000, -0.000000000000000000, 1.000000000000000000 ) ) ;
#1588 = DIRECTION ( 'NONE',  ( -0.000000000000000000, -0.000000000000000000, 1.000000000000000000 ) ) ;
#1589 = ORIENTED_EDGE ( 'NONE', *, *, #7106, .T. ) ;
#1590 = VECTOR ( 'NONE', #8111, 1000.000000000000000 ) ;
#1591 = ORIENTED_EDGE ( 'NONE', *, *, #8570, .F. ) ;
#1592 = ORIENTED_EDGE ( 'NONE', *, *, #765, .T. ) ;
#1593 = CARTESIAN_POINT ( 'NONE',  ( -1.775000000000000133, 0.5500000000000010436, 0.06499999999999994671 ) ) ;
#1594 = CARTESIAN_POINT ( 'NONE',  ( 3.265000000000002345, 4.250000000000000000, -2.024999999999999467 ) ) ;
#1595 = EDGE_CURVE ( 'NONE', #9815, #4389, #1406, .T. ) ;
#1596 = CARTESIAN_POINT ( 'NONE',  ( 3.625000000000002220, 0.9249999999999991562, 1.949999999999999067 ) ) ;
#1597 = CARTESIAN_POINT ( 'NONE',  ( 3.855000000000002647, 2.209999999999999520, 0.06499999999999994671 ) ) ;
#1598 = LINE ( 'NONE', #2500, #8897 ) ;
#1599 = CARTESIAN_POINT ( 'NONE',  ( -5.724999999999999645, 0.000000000000000000, -2.824999999999999734 ) ) ;
#1600 = PRODUCT_DEFINITION_FORMATION_WITH_SPECIFIED_SOURCE ( 'ANY', '', #2348, .NOT_KNOWN. ) ;
#1601 = FACE_OUTER_BOUND ( 'NONE', #9923, .T. ) ;
#1602 = ORIENTED_EDGE ( 'NONE', *, *, #8448, .T. ) ;
#1603 = CARTESIAN_POINT ( 'NONE',  ( -1.775000000000000133, 0.7800000000000002487, 1.824999999999999289 ) ) ;
#1604 = VERTEX_POINT ( 'NONE', #1460 ) ;
#1605 = DIRECTION ( 'NONE',  ( 0.000000000000000000, 0.000000000000000000, 1.000000000000000000 ) ) ;
#1606 = CARTESIAN_POINT ( 'NONE',  ( 6.874999999999999112, -1.376287680150671594E-15, 0.02292814286300589796 ) ) ;
#1607 = LINE ( 'NONE', #6948, #1027 ) ;
#1608 = CARTESIAN_POINT ( 'NONE',  ( -3.224999999999999645, 1.030000000000000027, -2.024999999999999911 ) ) ;
#1609 = VERTEX_POINT ( 'NONE', #4448 ) ;
#1610 = CARTESIAN_POINT ( 'NONE',  ( -6.790000000000000036, 0.7799999999999999156, 1.824999999999999289 ) ) ;
#1611 = DIRECTION ( 'NONE',  ( 0.000000000000000000, -1.000000000000000000, 0.000000000000000000 ) ) ;
#1612 = ORIENTED_EDGE ( 'NONE', *, *, #8390, .F. ) ;
#1613 = CARTESIAN_POINT ( 'NONE',  ( 3.855000000000002647, 1.644999999999999352, 1.949999999999999067 ) ) ;
#1614 = ORIENTED_EDGE ( 'NONE', *, *, #3938, .T. ) ;
#1615 = DIRECTION ( 'NONE',  ( -0.000000000000000000, -0.7071067811865492381, -0.7071067811865457964 ) ) ;
#1616 = VERTEX_POINT ( 'NONE', #6081 ) ;
#1617 = VECTOR ( 'NONE', #9098, 1000.000000000000000 ) ;
#1618 = ORIENTED_EDGE ( 'NONE', *, *, #9865, .F. ) ;
#1619 = ADVANCED_FACE ( 'NONE', ( #7629 ), #7569, .F. ) ;
#1620 = ADVANCED_FACE ( 'NONE', ( #2257 ), #8485, .T. ) ;
#1621 = DIRECTION ( 'NONE',  ( 0.000000000000000000, 0.000000000000000000, -1.000000000000000000 ) ) ;
#1622 = DIRECTION ( 'NONE',  ( -1.000000000000000000, 0.000000000000000000, 0.000000000000000000 ) ) ;
#1623 = CARTESIAN_POINT ( 'NONE',  ( -5.724999999999999645, 1.604999999999999982, 1.212867965644033985 ) ) ;
#1624 = VECTOR ( 'NONE', #7225, 1000.000000000000000 ) ;
#1625 = VERTEX_POINT ( 'NONE', #2926 ) ;
#1626 = ORIENTED_EDGE ( 'NONE', *, *, #4833, .F. ) ;
#1627 = VECTOR ( 'NONE', #7840, 1000.000000000000000 ) ;
#1628 = ADVANCED_FACE ( 'NONE', ( #6184 ), #10034, .T. ) ;
#1629 = EDGE_CURVE ( 'NONE', #9718, #7843, #9944, .T. ) ;
#1630 = EDGE_LOOP ( 'NONE', ( #9795, #7116, #7835, #5527 ) ) ;
#1631 = EDGE_CURVE ( 'NONE', #7008, #7307, #6030, .T. ) ;
#1632 = ADVANCED_FACE ( 'NONE', ( #5158 ), #6950, .F. ) ;
#1633 = AXIS2_PLACEMENT_3D ( 'NONE', #466, #2897, #6005 ) ;
#1634 = LINE ( 'NONE', #7133, #5705 ) ;
#1635 = ORIENTED_EDGE ( 'NONE', *, *, #3266, .T. ) ;
#1636 = LINE ( 'NONE', #3896, #503 ) ;
#1637 = CARTESIAN_POINT ( 'NONE',  ( 12.87500000000000178, 2.055000000000001048, 2.024999999999999911 ) ) ;
#1638 = CARTESIAN_POINT ( 'NONE',  ( 3.625000000000001332, 1.903000000000000025, 0.000000000000000000 ) ) ;
#1639 = CARTESIAN_POINT ( 'NONE',  ( -7.500000000000000000, 3.965000000000001634, 0.06499999999999994671 ) ) ;
#1640 = EDGE_LOOP ( 'NONE', ( #3993, #3319, #9399, #6217 ) ) ;
#1641 = ORIENTED_EDGE ( 'NONE', *, *, #9400, .F. ) ;
#1642 = EDGE_CURVE ( 'NONE', #8963, #5679, #891, .T. ) ;
#1643 = FACE_OUTER_BOUND ( 'NONE', #5953, .T. ) ;
#1644 = LINE ( 'NONE', #1696, #9059 ) ;
#1645 = CARTESIAN_POINT ( 'NONE',  ( -7.015000000000000568, 8.777094706955511913E-18, 0.09499999999999998723 ) ) ;
#1646 = PRESENTATION_STYLE_ASSIGNMENT (( #4165 ) ) ;
#1647 = VERTEX_POINT ( 'NONE', #2975 ) ;
#1648 = DIRECTION ( 'NONE',  ( 0.000000000000000000, -1.000000000000000000, 0.000000000000000000 ) ) ;
#1649 = AXIS2_PLACEMENT_3D ( 'NONE', #6185, #2976, #4646 ) ;
#1650 = ORIENTED_EDGE ( 'NONE', *, *, #681, .F. ) ;
#1651 = VERTEX_POINT ( 'NONE', #2865 ) ;
#1652 = DIRECTION ( 'NONE',  ( 0.000000000000000000, 0.000000000000000000, 1.000000000000000000 ) ) ;
#1653 = CARTESIAN_POINT ( 'NONE',  ( 2.187500000000001776, 1.855000000000000204, 0.06499999999999994671 ) ) ;
#1654 = CARTESIAN_POINT ( 'NONE',  ( -1.852139257101876488E-16, 1.630000000000001226, -1.464999999999999636 ) ) ;
#1655 = SURFACE_SIDE_STYLE ('',( #2509 ) ) ;
#1656 = CARTESIAN_POINT ( 'NONE',  ( -2.187499999999999556, 0.000000000000000000, 0.06499999999999994671 ) ) ;
#1657 = CARTESIAN_POINT ( 'NONE',  ( 4.125000000000001776, 4.250000000000000000, 0.09499999999999959865 ) ) ;
#1658 = ORIENTED_EDGE ( 'NONE', *, *, #6142, .T. ) ;
#1659 = EDGE_CURVE ( 'NONE', #4265, #3430, #5983, .T. ) ;
#1660 = CARTESIAN_POINT ( 'NONE',  ( -7.375000000000000888, 1.009999999999999121, 1.864999999999999325 ) ) ;
#1661 = ORIENTED_EDGE ( 'NONE', *, *, #7499, .F. ) ;
#1662 = DIRECTION ( 'NONE',  ( 1.000000000000000000, -1.136281752823236226E-16, 0.000000000000000000 ) ) ;
#1663 = SHAPE_REPRESENTATION ( 'SMxB-GHS-TB_07', ( #1950 ), #6364 ) ;
#1664 = VECTOR ( 'NONE', #3833, 1000.000000000000227 ) ;
#1665 = ORIENTED_EDGE ( 'NONE', *, *, #6641, .T. ) ;
#1666 = VERTEX_POINT ( 'NONE', #2099 ) ;
#1667 = DIRECTION ( 'NONE',  ( 0.000000000000000000, -1.000000000000000000, 0.000000000000000000 ) ) ;
#1668 = CARTESIAN_POINT ( 'NONE',  ( 0.000000000000000000, 0.000000000000000000, 0.000000000000000000 ) ) ;
#1669 = LINE ( 'NONE', #3885, #9985 ) ;
#1670 = LINE ( 'NONE', #2375, #7463 ) ;
#1671 = VECTOR ( 'NONE', #3144, 1000.000000000000000 ) ;
#1672 = EDGE_CURVE ( 'NONE', #8031, #1271, #5214, .T. ) ;
#1673 = APPLICATION_CONTEXT ( 'automotive_design' ) ;
#1674 = VERTEX_POINT ( 'NONE', #178 ) ;
#1675 = ORIENTED_EDGE ( 'NONE', *, *, #2880, .F. ) ;
#1676 = ORIENTED_EDGE ( 'NONE', *, *, #4910, .T. ) ;
#1677 = DIRECTION ( 'NONE',  ( -1.000000000000000000, 0.000000000000000000, 0.000000000000000000 ) ) ;
#1678 = LINE ( 'NONE', #5442, #5558 ) ;
#1679 = CARTESIAN_POINT ( 'NONE',  ( 12.87500000000000178, 2.055000000000001048, 2.024999999999999911 ) ) ;
#1680 = DIRECTION ( 'NONE',  ( 0.000000000000000000, -1.000000000000000000, 0.000000000000000000 ) ) ;
#1681 = EDGE_LOOP ( 'NONE', ( #896, #4451, #827, #5337 ) ) ;
#1682 = CARTESIAN_POINT ( 'NONE',  ( -5.312499999999999112, 2.255000000000000338, -10.40208472228517778 ) ) ;
#1683 = DIRECTION ( 'NONE',  ( 0.000000000000000000, -0.000000000000000000, -1.000000000000000000 ) ) ;
#1684 = DIRECTION ( 'NONE',  ( 0.000000000000000000, -1.000000000000000000, -1.346834996876403062E-16 ) ) ;
#1685 = ORIENTED_EDGE ( 'NONE', *, *, #7348, .F. ) ;
#1686 = EDGE_CURVE ( 'NONE', #4961, #1625, #3873, .T. ) ;
#1687 = EDGE_CURVE ( 'NONE', #7416, #6731, #7922, .T. ) ;
#1688 = DIRECTION ( 'NONE',  ( 0.000000000000000000, -0.000000000000000000, 1.000000000000000000 ) ) ;
#1689 = EDGE_CURVE ( 'NONE', #4692, #8859, #7055, .T. ) ;
#1690 = VERTEX_POINT ( 'NONE', #1608 ) ;
#1691 = ORIENTED_EDGE ( 'NONE', *, *, #4141, .F. ) ;
#1692 = CARTESIAN_POINT ( 'NONE',  ( -5.724999999999999645, 1.479999999999999982, 0.9136038969321059744 ) ) ;
#1693 = DIRECTION ( 'NONE',  ( 0.000000000000000000, 0.000000000000000000, 1.000000000000000000 ) ) ;
#1694 = DIRECTION ( 'NONE',  ( 0.000000000000000000, 0.7071067811865474617, -0.7071067811865475727 ) ) ;
#1695 = ADVANCED_FACE ( 'NONE', ( #5574 ), #747, .F. ) ;
#1696 = CARTESIAN_POINT ( 'NONE',  ( 2.050000000000002487, 3.820000000000000728, -1.224999999999999867 ) ) ;
#1697 = DIRECTION ( 'NONE',  ( 0.000000000000000000, -1.000000000000000000, 0.000000000000000000 ) ) ;
#1698 = VECTOR ( 'NONE', #4434, 1000.000000000000000 ) ;
#1699 = CARTESIAN_POINT ( 'NONE',  ( 7.875000000000000000, 0.3399999999999997469, -1.464999999999999636 ) ) ;
#1700 = CARTESIAN_POINT ( 'NONE',  ( 3.855000000000002647, 0.5300000000000049116, -0.3250000000000000666 ) ) ;
#1701 = VERTEX_POINT ( 'NONE', #3264 ) ;
#1702 = EDGE_LOOP ( 'NONE', ( #4220, #5016, #5327, #7252 ) ) ;
#1703 = CARTESIAN_POINT ( 'NONE',  ( 3.625000000000002220, 1.112733808603542986E-15, 1.949999999999999956 ) ) ;
#1704 = VECTOR ( 'NONE', #262, 1000.000000000000000 ) ;
#1705 = DIRECTION ( 'NONE',  ( 1.000000000000000000, 0.000000000000000000, 0.000000000000000000 ) ) ;
#1706 = FACE_OUTER_BOUND ( 'NONE', #6923, .T. ) ;
#1707 = CARTESIAN_POINT ( 'NONE',  ( 4.125000000000001776, 0.000000000000000000, 0.06499999999999994671 ) ) ;
#1708 = LINE ( 'NONE', #8684, #1540 ) ;
#1709 = ADVANCED_FACE ( 'NONE', ( #5474 ), #7007, .F. ) ;
#1710 = AXIS2_PLACEMENT_3D ( 'NONE', #3151, #689, #4740 ) ;
#1711 = CARTESIAN_POINT ( 'NONE',  ( -2.812499999999999112, 1.855000000000000204, 0.06499999999999994671 ) ) ;
#1712 = DIRECTION ( 'NONE',  ( 1.000000000000000000, 0.000000000000000000, 0.000000000000000000 ) ) ;
#1713 = ORIENTED_EDGE ( 'NONE', *, *, #10059, .F. ) ;
#1714 = LINE ( 'NONE', #9586, #9415 ) ;
#1715 = ORIENTED_EDGE ( 'NONE', *, *, #6159, .F. ) ;
#1716 = AXIS2_PLACEMENT_3D ( 'NONE', #6988, #13, #3139 ) ;
#1717 = EDGE_LOOP ( 'NONE', ( #9326, #1838, #6607, #10001, #2096, #7566, #9253, #203, #4113 ) ) ;
#1718 = ORIENTED_EDGE ( 'NONE', *, *, #3634, .T. ) ;
#1719 = VECTOR ( 'NONE', #8688, 1000.000000000000000 ) ;
#1720 = PLANE ( 'NONE',  #5673 ) ;
#1721 = SURFACE_STYLE_USAGE ( .BOTH. , #3326 ) ;
#1722 = VECTOR ( 'NONE', #2519, 1000.000000000000000 ) ;
#1723 = DIRECTION ( 'NONE',  ( -1.226634733346698916E-15, 0.7071067811865474617, -0.7071067811865474617 ) ) ;
#1724 = ORIENTED_EDGE ( 'NONE', *, *, #2602, .F. ) ;
#1725 = ORIENTED_EDGE ( 'NONE', *, *, #797, .T. ) ;
#1726 = ORIENTED_EDGE ( 'NONE', *, *, #1458, .F. ) ;
#1727 = ORIENTED_EDGE ( 'NONE', *, *, #2766, .T. ) ;
#1728 = LINE ( 'NONE', #776, #8716 ) ;
#1729 = EDGE_CURVE ( 'NONE', #1425, #103, #6235, .T. ) ;
#1730 = EDGE_CURVE ( 'NONE', #2481, #7028, #947, .T. ) ;
#1731 = DIRECTION ( 'NONE',  ( 0.000000000000000000, 0.000000000000000000, -1.000000000000000000 ) ) ;
#1732 = CARTESIAN_POINT ( 'NONE',  ( -5.724999999999999645, 0.5500000000000010436, 0.06499999999999994671 ) ) ;
#1733 = VECTOR ( 'NONE', #5426, 1000.000000000000114 ) ;
#1734 = CARTESIAN_POINT ( 'NONE',  ( -7.875000000000000000, -0.000000000000000000, 2.024999999999999911 ) ) ;
#1735 = ORIENTED_EDGE ( 'NONE', *, *, #1162, .T. ) ;
#1736 = AXIS2_PLACEMENT_3D ( 'NONE', #1444, #9975, #3758 ) ;
#1737 = CARTESIAN_POINT ( 'NONE',  ( 3.224999999999998757, 0.1800000000000000488, -0.2750000000000000777 ) ) ;
#1738 = LINE ( 'NONE', #3294, #2394 ) ;
#1739 = ORIENTED_EDGE ( 'NONE', *, *, #8286, .F. ) ;
#1740 = VERTEX_POINT ( 'NONE', #9484 ) ;
#1741 = ORIENTED_EDGE ( 'NONE', *, *, #2224, .T. ) ;
#1742 = VECTOR ( 'NONE', #2859, 1000.000000000000000 ) ;
#1743 = EDGE_CURVE ( 'NONE', #4201, #4907, #3213, .T. ) ;
#1744 = EDGE_CURVE ( 'NONE', #6008, #4269, #1558, .T. ) ;
#1745 = PLANE ( 'NONE',  #8122 ) ;
#1746 = EDGE_CURVE ( 'NONE', #6084, #5467, #6281, .T. ) ;
#1747 = CARTESIAN_POINT ( 'NONE',  ( -5.525000000000000355, 1.629999999999999893, -1.464999999999999858 ) ) ;
#1748 = DIRECTION ( 'NONE',  ( 0.000000000000000000, 0.000000000000000000, -1.000000000000000000 ) ) ;
#1749 = LINE ( 'NONE', #5940, #97 ) ;
#1750 = LINE ( 'NONE', #4888, #6880 ) ;
#1751 = CARTESIAN_POINT ( 'NONE',  ( -5.525000000000000355, 0.000000000000000000, 2.024999999999999911 ) ) ;
#1752 = DIRECTION ( 'NONE',  ( 0.000000000000000000, 0.000000000000000000, -1.000000000000000000 ) ) ;
#1753 = VECTOR ( 'NONE', #594, 1000.000000000000000 ) ;
#1754 = FACE_OUTER_BOUND ( 'NONE', #6835, .T. ) ;
#1755 = VERTEX_POINT ( 'NONE', #376 ) ;
#1756 = VECTOR ( 'NONE', #1173, 1000.000000000000000 ) ;
#1757 = LINE ( 'NONE', #8010, #8939 ) ;
#1758 = ORIENTED_EDGE ( 'NONE', *, *, #7444, .T. ) ;
#1759 = DIRECTION ( 'NONE',  ( 0.000000000000000000, -1.000000000000000000, 0.000000000000000000 ) ) ;
#1760 = EDGE_CURVE ( 'NONE', #9718, #7448, #2605, .T. ) ;
#1761 = EDGE_CURVE ( 'NONE', #9741, #2095, #3502, .T. ) ;
#1762 = ADVANCED_FACE ( 'NONE', ( #8979 ), #2556, .T. ) ;
#1763 = EDGE_CURVE ( 'NONE', #3519, #4599, #8786, .T. ) ;
#1764 = LINE ( 'NONE', #8063, #6429 ) ;
#1765 = DIRECTION ( 'NONE',  ( 0.000000000000000000, -0.7071067811865485719, 0.7071067811865464625 ) ) ;
#1766 = CARTESIAN_POINT ( 'NONE',  ( -5.525000000000000355, 1.030000000000000027, -2.024999999999999911 ) ) ;
#1767 = CARTESIAN_POINT ( 'NONE',  ( -5.525000000000000355, 0.2999999999999999889, 0.000000000000000000 ) ) ;
#1768 = ORIENTED_EDGE ( 'NONE', *, *, #3892, .T. ) ;
#1769 = PLANE ( 'NONE',  #7649 ) ;
#1770 = ORIENTED_EDGE ( 'NONE', *, *, #4080, .F. ) ;
#1771 = ORIENTED_EDGE ( 'NONE', *, *, #5591, .F. ) ;
#1772 = CARTESIAN_POINT ( 'NONE',  ( -7.375000000000000888, 0.000000000000000000, 2.024999999999999911 ) ) ;
#1773 = VERTEX_POINT ( 'NONE', #222 ) ;
#1774 = ORIENTED_EDGE ( 'NONE', *, *, #3147, .F. ) ;
#1775 = EDGE_CURVE ( 'NONE', #3610, #9020, #3364, .T. ) ;
#1776 = DIRECTION ( 'NONE',  ( 1.000000000000000000, 0.000000000000000000, 0.000000000000000000 ) ) ;
#1777 = LINE ( 'NONE', #6498, #8382 ) ;
#1778 = ORIENTED_EDGE ( 'NONE', *, *, #4894, .F. ) ;
#1779 = AXIS2_PLACEMENT_3D ( 'NONE', #8220, #1191, #9375 ) ;
#1780 = ORIENTED_EDGE ( 'NONE', *, *, #6965, .F. ) ;
#1781 = ORIENTED_EDGE ( 'NONE', *, *, #8274, .F. ) ;
#1782 = AXIS2_PLACEMENT_3D ( 'NONE', #2473, #3376, #4086 ) ;
#1783 = CARTESIAN_POINT ( 'NONE',  ( 0.5250000000000002442, 0.000000000000000000, 2.024999999999999911 ) ) ;
#1784 = LINE ( 'NONE', #8042, #2615 ) ;
#1785 = ORIENTED_EDGE ( 'NONE', *, *, #3681, .F. ) ;
#1786 = DIRECTION ( 'NONE',  ( -0.000000000000000000, 1.000000000000000000, 0.000000000000000000 ) ) ;
#1787 = CARTESIAN_POINT ( 'NONE',  ( -1.775000000000000133, 2.055000000000001048, 2.024999999999999911 ) ) ;
#1788 = VERTEX_POINT ( 'NONE', #9674 ) ;
#1789 = VECTOR ( 'NONE', #3127, 1000.000000000000000 ) ;
#1790 = AXIS2_PLACEMENT_3D ( 'NONE', #9554, #5787, #247 ) ;
#1791 = ORIENTED_EDGE ( 'NONE', *, *, #690, .T. ) ;
#1792 = LINE ( 'NONE', #4932, #5394 ) ;
#1793 = DIRECTION ( 'NONE',  ( -1.000000000000000000, -0.000000000000000000, -0.000000000000000000 ) ) ;
#1794 = CARTESIAN_POINT ( 'NONE',  ( -5.724999999999999645, 1.498933982822020061, 1.106801948466051844 ) ) ;
#1795 = VECTOR ( 'NONE', #5967, 1000.000000000000000 ) ;
#1796 = DIRECTION ( 'NONE',  ( -1.000000000000000000, 0.000000000000000000, 0.000000000000000000 ) ) ;
#1797 = CARTESIAN_POINT ( 'NONE',  ( 10.37500000000000000, 2.055000000000001048, 2.024999999999999911 ) ) ;
#1798 = CARTESIAN_POINT ( 'NONE',  ( -4.290000000000000036, 0.5799999999999995159, 2.024999999999999911 ) ) ;
#1799 = VERTEX_POINT ( 'NONE', #8119 ) ;
#1800 = ORIENTED_EDGE ( 'NONE', *, *, #4412, .F. ) ;
#1801 = CYLINDRICAL_SURFACE ( 'NONE', #2203, 0.1499999999999999667 ) ;
#1802 = ADVANCED_FACE ( 'NONE', ( #6483 ), #5719, .F. ) ;
#1803 = CARTESIAN_POINT ( 'NONE',  ( -5.724999999999999645, 1.049567419867294182, 1.469141641133302034 ) ) ;
#1804 = ORIENTED_EDGE ( 'NONE', *, *, #5206, .T. ) ;
#1805 = CARTESIAN_POINT ( 'NONE',  ( -7.725000000000000533, 0.4800000000000017031, -0.2750000000000000777 ) ) ;
#1806 = EDGE_LOOP ( 'NONE', ( #8250, #2289, #8904, #1635 ) ) ;
#1807 = VECTOR ( 'NONE', #6310, 1000.000000000000000 ) ;
#1808 = LINE ( 'NONE', #320, #2728 ) ;
#1809 = DIRECTION ( 'NONE',  ( -1.000000000000000000, 0.000000000000000000, -0.000000000000000000 ) ) ;
#1810 = CARTESIAN_POINT ( 'NONE',  ( -5.724999999999999645, 1.454999999999999849, 1.362867965644034118 ) ) ;
#1811 = CARTESIAN_POINT ( 'NONE',  ( -7.765000000000000568, 0.000000000000000000, 0.06499999999999994671 ) ) ;
#1812 = PLANE ( 'NONE',  #2867 ) ;
#1813 = VECTOR ( 'NONE', #6379, 1000.000000000000000 ) ;
#1814 = CARTESIAN_POINT ( 'NONE',  ( 1.562500000000001332, 2.255000000000000338, 2.024999999999999911 ) ) ;
#1815 = CARTESIAN_POINT ( 'NONE',  ( 0.000000000000000000, 3.965000000000001634, 0.06499999999999994671 ) ) ;
#1816 = EDGE_CURVE ( 'NONE', #2934, #6799, #9384, .T. ) ;
#1817 = ORIENTED_EDGE ( 'NONE', *, *, #1328, .T. ) ;
#1818 = EDGE_CURVE ( 'NONE', #9462, #9845, #8169, .T. ) ;
#1820 = DIRECTION ( 'NONE',  ( 0.000000000000000000, 0.000000000000000000, -1.000000000000000000 ) ) ;
#1819 = CARTESIAN_POINT ( 'NONE',  ( -5.525000000000000355, 1.604999999999999982, 1.212867965644033985 ) ) ;
#1821 = ADVANCED_FACE ( 'NONE', ( #7408 ), #6536, .T. ) ;
#1822 = EDGE_CURVE ( 'NONE', #9143, #3945, #5867, .T. ) ;
#1823 = ORIENTED_EDGE ( 'NONE', *, *, #5767, .T. ) ;
#1824 = LINE ( 'NONE', #2564, #9284 ) ;
#1825 = ORIENTED_EDGE ( 'NONE', *, *, #5712, .T. ) ;
#1826 = ORIENTED_EDGE ( 'NONE', *, *, #5963, .F. ) ;
#1827 = CARTESIAN_POINT ( 'NONE',  ( 0.000000000000000000, 3.965000000000001634, 0.06499999999999994671 ) ) ;
#1828 = VERTEX_POINT ( 'NONE', #5099 ) ;
#1829 = EDGE_CURVE ( 'NONE', #1997, #1335, #8218, .T. ) ;
#1830 = VECTOR ( 'NONE', #3049, 999.9999999999998863 ) ;
#1831 = EDGE_LOOP ( 'NONE', ( #3826, #1726, #5638, #2512, #1826, #7858, #4237, #2113, #756 ) ) ;
#1832 = CARTESIAN_POINT ( 'NONE',  ( -1.974999999999999867, 0.5500000000000010436, 2.024999999999999911 ) ) ;
#1833 = ORIENTED_EDGE ( 'NONE', *, *, #9560, .F. ) ;
#1834 = ORIENTED_EDGE ( 'NONE', *, *, #9075, .F. ) ;
#1835 = VECTOR ( 'NONE', #4756, 1000.000000000000000 ) ;
#1836 = PLANE ( 'NONE',  #314 ) ;
#1837 = DIRECTION ( 'NONE',  ( -0.000000000000000000, 1.000000000000000000, -0.000000000000000000 ) ) ;
#1838 = ORIENTED_EDGE ( 'NONE', *, *, #8142, .F. ) ;
#1839 = FACE_OUTER_BOUND ( 'NONE', #4657, .T. ) ;
#1840 = ORIENTED_EDGE ( 'NONE', *, *, #9724, .F. ) ;
#1841 = EDGE_CURVE ( 'NONE', #5055, #1609, #7558, .T. ) ;
#1842 = VECTOR ( 'NONE', #8484, 1000.000000000000000 ) ;
#1843 = VERTEX_POINT ( 'NONE', #586 ) ;
#1844 = ORIENTED_EDGE ( 'NONE', *, *, #8213, .F. ) ;
#1845 = LINE ( 'NONE', #7386, #1508 ) ;
#1846 = LINE ( 'NONE', #3398, #146 ) ;
#1847 = LINE ( 'NONE', #8909, #7493 ) ;
#1848 = DIRECTION ( 'NONE',  ( -1.000000000000000000, 0.000000000000000000, 0.000000000000000000 ) ) ;
#1849 = AXIS2_PLACEMENT_3D ( 'NONE', #7098, #3764, #3202 ) ;
#1850 = DIRECTION ( 'NONE',  ( 1.000000000000000000, 0.000000000000000000, 0.000000000000000000 ) ) ;
#1851 = LINE ( 'NONE', #3201, #9866 ) ;
#1852 = ORIENTED_EDGE ( 'NONE', *, *, #8133, .F. ) ;
#1853 = EDGE_LOOP ( 'NONE', ( #3978, #4476, #7275, #8112 ) ) ;
#1854 = CARTESIAN_POINT ( 'NONE',  ( 3.975000000000002753, 0.7799999999999999156, -0.3250000000000000666 ) ) ;
#1855 = LINE ( 'NONE', #7867, #9404 ) ;
#1856 = ORIENTED_EDGE ( 'NONE', *, *, #6202, .T. ) ;
#1857 = CARTESIAN_POINT ( 'NONE',  ( 1.775000000000002354, 2.085000000000000409, 0.06499999999999994671 ) ) ;
#1858 =( GEOMETRIC_REPRESENTATION_CONTEXT ( 3 ) GLOBAL_UNCERTAINTY_ASSIGNED_CONTEXT ( ( #7358 ) ) GLOBAL_UNIT_ASSIGNED_CONTEXT ( ( #7923, #5670, #1097 ) ) REPRESENTATION_CONTEXT ( 'NONE', 'WORKASPACE' ) );
#1859 = EDGE_CURVE ( 'NONE', #6241, #8361, #3709, .T. ) ;
#1860 = DIRECTION ( 'NONE',  ( 1.000000000000000000, 0.000000000000000000, 0.000000000000000000 ) ) ;
#1861 = CARTESIAN_POINT ( 'NONE',  ( -4.474999999999999645, 0.000000000000000000, 2.024999999999999911 ) ) ;
#1862 = PLANE ( 'NONE',  #6296 ) ;
#1863 = LINE ( 'NONE', #8874, #1999 ) ;
#1864 = CARTESIAN_POINT ( 'NONE',  ( -7.015000000000000568, 0.000000000000000000, 0.000000000000000000 ) ) ;
#1865 = ORIENTED_EDGE ( 'NONE', *, *, #8507, .F. ) ;
#1866 = LINE ( 'NONE', #5627, #773 ) ;
#1867 = DIRECTION ( 'NONE',  ( -0.5773502691896257311, -0.5773502691896358341, -0.5773502691896157391 ) ) ;
#1868 = VERTEX_POINT ( 'NONE', #9930 ) ;
#1869 = EDGE_CURVE ( 'NONE', #910, #6951, #9241, .T. ) ;
#1870 = ADVANCED_FACE ( 'NONE', ( #3655 ), #2083, .T. ) ;
#1871 = LINE ( 'NONE', #6599, #4469 ) ;
#1872 = EDGE_CURVE ( 'NONE', #6731, #10039, #6690, .T. ) ;
#1873 = VECTOR ( 'NONE', #4787, 1000.000000000000000 ) ;
#1874 = AXIS2_PLACEMENT_3D ( 'NONE', #6363, #7300, #8856 ) ;
#1875 = ORIENTED_EDGE ( 'NONE', *, *, #5313, .F. ) ;
#1876 = ORIENTED_EDGE ( 'NONE', *, *, #6336, .F. ) ;
#1877 = ORIENTED_EDGE ( 'NONE', *, *, #6778, .T. ) ;
#1878 = CARTESIAN_POINT ( 'NONE',  ( 1.250000000000000000, 0.5500000000000010436, 0.06499999999999994671 ) ) ;
#1879 = VECTOR ( 'NONE', #7305, 1000.000000000000000 ) ;
#1880 = ORIENTED_EDGE ( 'NONE', *, *, #7727, .F. ) ;
#1881 = ORIENTED_EDGE ( 'NONE', *, *, #4951, .F. ) ;
#1882 = VECTOR ( 'NONE', #6343, 1000.000000000000000 ) ;
#1883 = EDGE_CURVE ( 'NONE', #5861, #5404, #2963, .T. ) ;
#1884 = EDGE_CURVE ( 'NONE', #719, #2818, #6068, .T. ) ;
#1885 = EDGE_CURVE ( 'NONE', #4774, #4678, #4540, .T. ) ;
#1886 = CARTESIAN_POINT ( 'NONE',  ( -4.474999999999999645, 1.630000000000000782, -1.464999999999999636 ) ) ;
#1887 = FACE_OUTER_BOUND ( 'NONE', #4251, .T. ) ;
#1888 = VECTOR ( 'NONE', #2741, 1000.000000000000000 ) ;
#1889 = ORIENTED_EDGE ( 'NONE', *, *, #3756, .T. ) ;
#1890 = DIRECTION ( 'NONE',  ( 1.000000000000000000, 0.000000000000000000, 0.000000000000000000 ) ) ;
#1891 = CARTESIAN_POINT ( 'NONE',  ( 2.689999999999999503, 3.240000000000001101, -2.024999999999999467 ) ) ;
#1892 = ORIENTED_EDGE ( 'NONE', *, *, #3028, .F. ) ;
#1893 = AXIS2_PLACEMENT_3D ( 'NONE', #2850, #3544, #6736 ) ;
#1894 = VERTEX_POINT ( 'NONE', #6742 ) ;
#1895 = ORIENTED_EDGE ( 'NONE', *, *, #5767, .F. ) ;
#1896 = VECTOR ( 'NONE', #8791, 1000.000000000000000 ) ;
#1897 = PLANE ( 'NONE',  #9729 ) ;
#1898 = AXIS2_PLACEMENT_3D ( 'NONE', #7224, #9077, #2079 ) ;
#1899 = LINE ( 'NONE', #7298, #644 ) ;
#1900 = PLANE ( 'NONE',  #450 ) ;
#1901 = VERTEX_POINT ( 'NONE', #3548 ) ;
#1902 = FACE_OUTER_BOUND ( 'NONE', #2784, .T. ) ;
#1903 = CARTESIAN_POINT ( 'NONE',  ( 3.625000000000002220, 1.009999999999999121, 1.949999999999999289 ) ) ;
#1904 = ORIENTED_EDGE ( 'NONE', *, *, #702, .F. ) ;
#1905 = ORIENTED_EDGE ( 'NONE', *, *, #5573, .T. ) ;
#1906 = CARTESIAN_POINT ( 'NONE',  ( 0.000000000000000000, 1.855000000000000204, 1.824999999999999289 ) ) ;
#1907 = VECTOR ( 'NONE', #6492, 1000.000000000000000 ) ;
#1908 = DIRECTION ( 'NONE',  ( 0.000000000000000000, 1.000000000000000000, 0.000000000000000000 ) ) ;
#1909 = VERTEX_POINT ( 'NONE', #9775 ) ;
#1910 = ORIENTED_EDGE ( 'NONE', *, *, #9989, .T. ) ;
#1911 = DIRECTION ( 'NONE',  ( 0.000000000000000000, 0.000000000000000000, 1.000000000000000000 ) ) ;
#1912 = LINE ( 'NONE', #476, #9196 ) ;
#1913 = LINE ( 'NONE', #5864, #7805 ) ;
#1914 = FACE_OUTER_BOUND ( 'NONE', #7549, .T. ) ;
#1915 = CARTESIAN_POINT ( 'NONE',  ( 2.500000000000000000, 1.855000000000000204, 0.06499999999999994671 ) ) ;
#1916 = DIRECTION ( 'NONE',  ( -1.000000000000000000, 0.000000000000000000, -0.000000000000000000 ) ) ;
#1917 = FACE_OUTER_BOUND ( 'NONE', #7992, .T. ) ;
#1918 = CARTESIAN_POINT ( 'NONE',  ( -7.015000000000000568, 4.120000000000000107, -1.724999999999999867 ) ) ;
#1919 = CARTESIAN_POINT ( 'NONE',  ( -7.375000000000000888, 2.209999999999998188, -2.496936092690336118 ) ) ;
#1920 = CARTESIAN_POINT ( 'NONE',  ( -1.775000000000000133, 1.030000000000000027, -2.024999999999999911 ) ) ;
#1921 = EDGE_CURVE ( 'NONE', #158, #3332, #1450, .T. ) ;
#1922 = VECTOR ( 'NONE', #4606, 1000.000000000000000 ) ;
#1923 = ORIENTED_EDGE ( 'NONE', *, *, #2710, .F. ) ;
#1924 = PRODUCT_DEFINITION_SHAPE ( 'NONE', 'NONE',  #10098 ) ;
#1925 = ORIENTED_EDGE ( 'NONE', *, *, #7900, .T. ) ;
#1926 = VECTOR ( 'NONE', #5186, 1000.000000000000000 ) ;
#1927 = CARTESIAN_POINT ( 'NONE',  ( 1.874999999999999556, -4.237045877651918877E-30, 0.02292814286300606796 ) ) ;
#1928 = CARTESIAN_POINT ( 'NONE',  ( 3.855000000000002647, 0.4800000000000017031, -0.2750000000000000777 ) ) ;
#1929 = ORIENTED_EDGE ( 'NONE', *, *, #9561, .F. ) ;
#1930 = FACE_BOUND ( 'NONE', #9259, .T. ) ;
#1931 = AXIS2_PLACEMENT_3D ( 'NONE', #1981, #8376, #1352 ) ;
#1932 = VERTEX_POINT ( 'NONE', #8475 ) ;
#1933 = VERTEX_POINT ( 'NONE', #2190 ) ;
#1934 = EDGE_CURVE ( 'NONE', #840, #162, #5306, .T. ) ;
#1935 = ADVANCED_FACE ( 'NONE', ( #8421 ), #1341, .F. ) ;
#1936 = ORIENTED_EDGE ( 'NONE', *, *, #4055, .F. ) ;
#1937 = FACE_OUTER_BOUND ( 'NONE', #4895, .T. ) ;
#1938 = VECTOR ( 'NONE', #8960, 1000.000000000000000 ) ;
#1939 = DIRECTION ( 'NONE',  ( -1.000000000000000000, 0.000000000000000000, 0.000000000000000000 ) ) ;
#1940 = DIRECTION ( 'NONE',  ( -1.000000000000000000, 0.000000000000000000, -0.000000000000000000 ) ) ;
#1941 = AXIS2_PLACEMENT_3D ( 'NONE', #5889, #3678, #453 ) ;
#1942 = DIRECTION ( 'NONE',  ( 1.000000000000000000, 0.000000000000000000, 0.000000000000000000 ) ) ;
#1943 = EDGE_LOOP ( 'NONE', ( #3448, #6811, #265, #9432 ) ) ;
#1944 = EDGE_CURVE ( 'NONE', #5630, #3155, #2024, .T. ) ;
#1945 = ADVANCED_FACE ( 'NONE', ( #5968 ), #1394, .F. ) ;
#1946 = EDGE_CURVE ( 'NONE', #5404, #4418, #1242, .T. ) ;
#1947 = EDGE_CURVE ( 'NONE', #8859, #8288, #480, .T. ) ;
#1948 = ADVANCED_FACE ( 'NONE', ( #2856 ), #9082, .T. ) ;
#1949 = ORIENTED_EDGE ( 'NONE', *, *, #5399, .T. ) ;
#1950 = AXIS2_PLACEMENT_3D ( 'NONE', #1668, #4864, #1776 ) ;
#1951 = ORIENTED_EDGE ( 'NONE', *, *, #1361, .F. ) ;
#1952 = DIRECTION ( 'NONE',  ( 0.000000000000000000, -1.000000000000000000, 0.000000000000000000 ) ) ;
#1953 = DIRECTION ( 'NONE',  ( 0.000000000000000000, 0.000000000000000000, -1.000000000000000000 ) ) ;
#1954 = PLANE ( 'NONE',  #8510 ) ;
#1955 = ORIENTED_EDGE ( 'NONE', *, *, #5781, .T. ) ;
#1956 = VECTOR ( 'NONE', #8216, 1000.000000000000114 ) ;
#1957 = LINE ( 'NONE', #8912, #2391 ) ;
#1958 = ORIENTED_EDGE ( 'NONE', *, *, #3177, .T. ) ;
#1959 = VECTOR ( 'NONE', #2575, 1000.000000000000000 ) ;
#1960 = VERTEX_POINT ( 'NONE', #1548 ) ;
#1961 = CARTESIAN_POINT ( 'NONE',  ( -7.275000000000000355, 0.7800000000000000266, 0.000000000000000000 ) ) ;
#1962 = EDGE_CURVE ( 'NONE', #9143, #5822, #3249, .T. ) ;
#1963 = DIRECTION ( 'NONE',  ( 0.000000000000000000, -1.000000000000000000, 0.000000000000000000 ) ) ;
#1964 = EDGE_LOOP ( 'NONE', ( #7996, #9812, #2437, #7230 ) ) ;
#1965 = ORIENTED_EDGE ( 'NONE', *, *, #3194, .F. ) ;
#1966 = CARTESIAN_POINT ( 'NONE',  ( -4.062499999999998224, 2.255000000000000338, 0.06499999999999994671 ) ) ;
#1967 = AXIS2_PLACEMENT_3D ( 'NONE', #1124, #5699, #5745 ) ;
#1968 = CARTESIAN_POINT ( 'NONE',  ( -7.605000000000000426, -1.828238918348616824E-15, -0.1250000000000009992 ) ) ;
#1969 = VECTOR ( 'NONE', #9063, 1000.000000000000000 ) ;
#1970 = DIRECTION ( 'NONE',  ( 1.000000000000000000, 0.000000000000000000, 0.000000000000000000 ) ) ;
#1971 = LINE ( 'NONE', #4947, #8673 ) ;
#1972 = DIRECTION ( 'NONE',  ( 0.000000000000000000, -0.000000000000000000, -1.000000000000000000 ) ) ;
#1973 = DIRECTION ( 'NONE',  ( 0.000000000000000000, -1.000000000000000000, 0.000000000000000000 ) ) ;
#1974 = CARTESIAN_POINT ( 'NONE',  ( 3.400416666666667975, 1.973333333333333828, 1.038333333333332886 ) ) ;
#1975 = DIRECTION ( 'NONE',  ( -0.000000000000000000, -0.000000000000000000, -1.000000000000000000 ) ) ;
#1976 = EDGE_LOOP ( 'NONE', ( #6192, #9837, #9174, #4358, #812, #5152, #718, #4248 ) ) ;
#1977 = DIRECTION ( 'NONE',  ( 1.000000000000000000, 0.000000000000000000, 0.000000000000000000 ) ) ;
#1978 = VECTOR ( 'NONE', #7285, 1000.000000000000000 ) ;
#1979 = CARTESIAN_POINT ( 'NONE',  ( -3.224999999999999645, 2.085000000000000409, -2.024999999999999911 ) ) ;
#1980 = ORIENTED_EDGE ( 'NONE', *, *, #778, .F. ) ;
#1981 = CARTESIAN_POINT ( 'NONE',  ( 1.874999999999998668, -1.376287680150671594E-15, 0.02292814286300589796 ) ) ;
#1982 = CARTESIAN_POINT ( 'NONE',  ( 3.525000000000002132, 0.000000000000000000, -0.2750000000000000777 ) ) ;
#1983 = VECTOR ( 'NONE', #5422, 1000.000000000000000 ) ;
#1984 = EDGE_LOOP ( 'NONE', ( #2836, #2777, #3940, #2730, #2465 ) ) ;
#1985 = ORIENTED_EDGE ( 'NONE', *, *, #6391, .F. ) ;
#1986 = EDGE_CURVE ( 'NONE', #9941, #6187, #9338, .T. ) ;
#1987 = PLANE ( 'NONE',  #6535 ) ;
#1988 = ORIENTED_EDGE ( 'NONE', *, *, #306, .F. ) ;
#1989 = ORIENTED_EDGE ( 'NONE', *, *, #7518, .F. ) ;
#1990 = LINE ( 'NONE', #8236, #5407 ) ;
#1991 = LINE ( 'NONE', #1269, #3592 ) ;
#1992 = EDGE_CURVE ( 'NONE', #1359, #6090, #7864, .T. ) ;
#1993 = ADVANCED_FACE ( 'NONE', ( #2397 ), #837, .F. ) ;
#1994 = ORIENTED_EDGE ( 'NONE', *, *, #4319, .T. ) ;
#1995 = DIRECTION ( 'NONE',  ( -8.468115335143821308E-17, 0.7071067811865475727, 0.7071067811865474617 ) ) ;
#1996 = ORIENTED_EDGE ( 'NONE', *, *, #6561, .T. ) ;
#1997 = VERTEX_POINT ( 'NONE', #7096 ) ;
#1998 = ORIENTED_EDGE ( 'NONE', *, *, #6518, .T. ) ;
#1999 = VECTOR ( 'NONE', #4528, 1000.000000000000000 ) ;
#2000 = VECTOR ( 'NONE', #5371, 1000.000000000000000 ) ;
#2001 = VECTOR ( 'NONE', #9264, 1000.000000000000000 ) ;
#2002 = LINE ( 'NONE', #2833, #3470 ) ;
#2003 = FACE_OUTER_BOUND ( 'NONE', #7603, .T. ) ;
#2004 = EDGE_CURVE ( 'NONE', #8040, #893, #6365, .T. ) ;
#2005 = CARTESIAN_POINT ( 'NONE',  ( -5.724999999999999645, 0.6805981797501089448, 1.625000000000000000 ) ) ;
#2006 = ORIENTED_EDGE ( 'NONE', *, *, #231, .F. ) ;
#2007 = CARTESIAN_POINT ( 'NONE',  ( 7.875000000000000000, 2.055000000000001048, 2.024999999999999911 ) ) ;
#2008 = CARTESIAN_POINT ( 'NONE',  ( -7.275000000000000355, 0.4800000000000017031, 2.024999999999999911 ) ) ;
#2009 = CARTESIAN_POINT ( 'NONE',  ( -6.800000000000000711, 3.240000000000000657, -2.024999999999999911 ) ) ;
#2010 = ORIENTED_EDGE ( 'NONE', *, *, #2092, .F. ) ;
#2011 = AXIS2_PLACEMENT_3D ( 'NONE', #1864, #181, #7316 ) ;
#2012 = ORIENTED_EDGE ( 'NONE', *, *, #9693, .T. ) ;
#2013 = SURFACE_SIDE_STYLE ('',( #4477 ) ) ;
#2014 = CARTESIAN_POINT ( 'NONE',  ( 1.250000000000000000, 0.7800000000000006928, 0.06499999999999994671 ) ) ;
#2015 = ORIENTED_EDGE ( 'NONE', *, *, #395, .T. ) ;
#2016 = CARTESIAN_POINT ( 'NONE',  ( -11.62499999999999822, 2.055000000000001048, 2.024999999999999911 ) ) ;
#2017 = CARTESIAN_POINT ( 'NONE',  ( 3.750000000000000000, 1.855000000000000204, 1.824999999999999289 ) ) ;
#2018 = AXIS2_PLACEMENT_3D ( 'NONE', #1246, #5253, #4385 ) ;
#2019 = EDGE_CURVE ( 'NONE', #3131, #8043, #8721, .T. ) ;
#2020 = EDGE_CURVE ( 'NONE', #4860, #6218, #6941, .T. ) ;
#2021 = DIRECTION ( 'NONE',  ( 0.000000000000000000, -1.000000000000000000, 0.000000000000000000 ) ) ;
#2022 = CARTESIAN_POINT ( 'NONE',  ( -7.015000000000000568, 4.120000000000000107, 0.09499999999999961253 ) ) ;
#2023 = PRODUCT_DEFINITION_CONTEXT ( 'detailed design', #2227, 'design' ) ;
#2024 = LINE ( 'NONE', #7618, #1203 ) ;
#2025 = CARTESIAN_POINT ( 'NONE',  ( 2.500000000000000000, 0.5500000000000010436, 2.024999999999999911 ) ) ;
#2026 = CARTESIAN_POINT ( 'NONE',  ( -7.500000000000000000, 3.965000000000001634, 2.024999999999999911 ) ) ;
#2027 = VERTEX_POINT ( 'NONE', #2346 ) ;
#2028 = CARTESIAN_POINT ( 'NONE',  ( 0.000000000000000000, 1.855000000000000204, 0.06499999999999994671 ) ) ;
#2029 = ORIENTED_EDGE ( 'NONE', *, *, #9010, .T. ) ;
#2030 = FACE_OUTER_BOUND ( 'NONE', #4869, .T. ) ;
#2031 = VECTOR ( 'NONE', #4268, 1000.000000000000000 ) ;
#2032 = VERTEX_POINT ( 'NONE', #3906 ) ;
#2033 = ORIENTED_EDGE ( 'NONE', *, *, #2402, .F. ) ;
#2034 = SHAPE_REPRESENTATION_RELATIONSHIP ( 'NONE' , 'NONE' ,  #1663, #241 ) ;
#2035 = EDGE_CURVE ( 'NONE', #7928, #7855, #7046, .T. ) ;
#2036 = DIRECTION ( 'NONE',  ( 1.000000000000000000, 0.000000000000000000, 0.000000000000000000 ) ) ;
#2037 = DIRECTION ( 'NONE',  ( -0.000000000000000000, -0.000000000000000000, 1.000000000000000000 ) ) ;
#2038 = ORIENTED_EDGE ( 'NONE', *, *, #1504, .T. ) ;
#2039 = COLOUR_RGB ( '',1.000000000000000000, 1.000000000000000000, 1.000000000000000000 ) ;
#2040 = ORIENTED_EDGE ( 'NONE', *, *, #929, .F. ) ;
#2042 = CARTESIAN_POINT ( 'NONE',  ( -7.375000000000000000, 0.000000000000000000, 0.06499999999999994671 ) ) ;
#2041 = FACE_OUTER_BOUND ( 'NONE', #7250, .T. ) ;
#2043 = VERTEX_POINT ( 'NONE', #3150 ) ;
#2044 = ORIENTED_EDGE ( 'NONE', *, *, #240, .F. ) ;
#2045 = DIRECTION ( 'NONE',  ( -0.000000000000000000, -1.000000000000000000, -1.346834996876403062E-16 ) ) ;
#2046 = ORIENTED_EDGE ( 'NONE', *, *, #3468, .T. ) ;
#2047 = EDGE_CURVE ( 'NONE', #4920, #9167, #23, .T. ) ;
#2048 = ORIENTED_EDGE ( 'NONE', *, *, #9621, .F. ) ;
#2049 = CARTESIAN_POINT ( 'NONE',  ( -7.375000000000000888, 2.209999999999998188, -0.2750000000000000777 ) ) ;
#2050 = ADVANCED_FACE ( 'NONE', ( #4689 ), #72, .T. ) ;
#2052 = AXIS2_PLACEMENT_3D ( 'NONE', #3810, #3200, #7911 ) ;
#2051 = DIRECTION ( 'NONE',  ( 1.000000000000000000, 0.000000000000000000, 0.000000000000000000 ) ) ;
#2053 = CARTESIAN_POINT ( 'NONE',  ( -7.375000000000000888, 1.094999999999999085, 1.949999999999999289 ) ) ;
#2054 = LINE ( 'NONE', #7955, #5170 ) ;
#2055 = EDGE_LOOP ( 'NONE', ( #9613, #6670, #593, #5272 ) ) ;
#2056 = LINE ( 'NONE', #1324, #5332 ) ;
#2057 = DIRECTION ( 'NONE',  ( -1.000000000000000000, 0.000000000000000000, 0.000000000000000000 ) ) ;
#2058 = VERTEX_POINT ( 'NONE', #7146 ) ;
#2059 = VECTOR ( 'NONE', #6997, 1000.000000000000114 ) ;
#2060 = CIRCLE ( 'NONE', #1384, 0.07500000000000019151 ) ;
#2061 = ORIENTED_EDGE ( 'NONE', *, *, #9321, .F. ) ;
#2062 = EDGE_CURVE ( 'NONE', #9654, #6934, #1598, .T. ) ;
#2063 = DIRECTION ( 'NONE',  ( 0.000000000000000000, 0.000000000000000000, 1.000000000000000000 ) ) ;
#2064 = VECTOR ( 'NONE', #1464, 1000.000000000000000 ) ;
#2065 = CARTESIAN_POINT ( 'NONE',  ( 10.37500000000000000, 1.030000000000000027, -1.464999999999999636 ) ) ;
#2066 = EDGE_LOOP ( 'NONE', ( #2470, #298, #8824, #149 ) ) ;
#2067 = VECTOR ( 'NONE', #4769, 1000.000000000000000 ) ;
#2068 = CARTESIAN_POINT ( 'NONE',  ( -0.7249999999999999778, 1.030000000000000027, -2.024999999999999911 ) ) ;
#2069 = LINE ( 'NONE', #3643, #6462 ) ;
#2070 = EDGE_LOOP ( 'NONE', ( #4413, #869, #2468, #8428, #3395 ) ) ;
#2071 = SURFACE_STYLE_USAGE ( .BOTH. , #9817 ) ;
#2072 = DIRECTION ( 'NONE',  ( 0.000000000000000000, 0.000000000000000000, -1.000000000000000000 ) ) ;
#2073 = VECTOR ( 'NONE', #2072, 1000.000000000000000 ) ;
#2074 = ORIENTED_EDGE ( 'NONE', *, *, #653, .F. ) ;
#2075 = ORIENTED_EDGE ( 'NONE', *, *, #6349, .F. ) ;
#2076 = VECTOR ( 'NONE', #4995, 1000.000000000000000 ) ;
#2077 = EDGE_CURVE ( 'NONE', #5724, #7018, #2872, .T. ) ;
#2078 = CARTESIAN_POINT ( 'NONE',  ( 0.7249999999999999778, 0.000000000000000000, 2.024999999999999911 ) ) ;
#2079 = DIRECTION ( 'NONE',  ( 0.000000000000000000, -0.000000000000000000, -1.000000000000000000 ) ) ;
#2080 = CARTESIAN_POINT ( 'NONE',  ( 0.000000000000000000, 2.085000000000000409, -2.024999999999999911 ) ) ;
#2081 = LINE ( 'NONE', #3761, #3279 ) ;
#2082 = CARTESIAN_POINT ( 'NONE',  ( 4.125000000000001776, 2.259999999999999343, 2.024999999999999911 ) ) ;
#2083 = PLANE ( 'NONE',  #8411 ) ;
#2084 = DIRECTION ( 'NONE',  ( 0.000000000000000000, -1.000000000000000000, 9.239047059953170954E-17 ) ) ;
#2085 = AXIS2_PLACEMENT_3D ( 'NONE', #7452, #5198, #5095 ) ;
#2086 = PRODUCT_DEFINITION_SHAPE ( 'NONE', 'NONE',  #10094 ) ;
#2087 = LINE ( 'NONE', #5203, #3989 ) ;
#2088 = CARTESIAN_POINT ( 'NONE',  ( 4.125000000000001776, 0.7800000000000000266, 1.324999999999999734 ) ) ;
#2089 = ORIENTED_EDGE ( 'NONE', *, *, #852, .T. ) ;
#2090 = EDGE_CURVE ( 'NONE', #5861, #7330, #1644, .T. ) ;
#2091 = LINE ( 'NONE', #1347, #7489 ) ;
#2092 = EDGE_CURVE ( 'NONE', #8739, #7278, #688, .T. ) ;
#2093 = EDGE_CURVE ( 'NONE', #8641, #2703, #6175, .T. ) ;
#2094 = ADVANCED_FACE ( 'NONE', ( #6224 ), #8523, .F. ) ;
#2095 = VERTEX_POINT ( 'NONE', #734 ) ;
#2096 = ORIENTED_EDGE ( 'NONE', *, *, #1962, .F. ) ;
#2097 = SURFACE_SIDE_STYLE ('',( #9145 ) ) ;
#2098 = CARTESIAN_POINT ( 'NONE',  ( -6.800000000000001599, 3.820000000000000728, -2.024999999999999911 ) ) ;
#2099 = CARTESIAN_POINT ( 'NONE',  ( 2.613750000000001350, 2.255000000000000338, 1.824999999999999289 ) ) ;
#2100 = ORIENTED_EDGE ( 'NONE', *, *, #2035, .T. ) ;
#2101 = CARTESIAN_POINT ( 'NONE',  ( 0.000000000000000000, 2.085000000000000409, -2.024999999999999911 ) ) ;
#2102 = EDGE_LOOP ( 'NONE', ( #2718, #4146, #5603, #7866 ) ) ;
#2103 = DIRECTION ( 'NONE',  ( 0.000000000000000000, -1.000000000000000000, 0.000000000000000000 ) ) ;
#2104 = ORIENTED_EDGE ( 'NONE', *, *, #8085, .F. ) ;
#2105 = VERTEX_POINT ( 'NONE', #3863 ) ;
#2106 = CARTESIAN_POINT ( 'NONE',  ( -4.275000000000000355, 0.000000000000000000, 0.06499999999999994671 ) ) ;
#2107 = CARTESIAN_POINT ( 'NONE',  ( -0.7249999999999999778, 2.085000000000000409, -1.464999999999999636 ) ) ;
#2108 = LINE ( 'NONE', #5331, #3262 ) ;
#2109 = CARTESIAN_POINT ( 'NONE',  ( -6.924999999999999822, 3.965000000000001634, 0.06499999999999994671 ) ) ;
#2110 = DIRECTION ( 'NONE',  ( -0.000000000000000000, -0.000000000000000000, 1.000000000000000000 ) ) ;
#2111 = DIRECTION ( 'NONE',  ( 0.000000000000000000, -1.000000000000000000, 0.000000000000000000 ) ) ;
#2112 = STYLED_ITEM ( 'NONE', ( #2148 ), #3676 ) ;
#2113 = ORIENTED_EDGE ( 'NONE', *, *, #8389, .F. ) ;
#2114 = DIRECTION ( 'NONE',  ( 0.000000000000000000, 0.000000000000000000, -1.000000000000000000 ) ) ;
#2115 = LINE ( 'NONE', #1563, #7909 ) ;
#2116 = ORIENTED_EDGE ( 'NONE', *, *, #1503, .F. ) ;
#2117 = ORIENTED_EDGE ( 'NONE', *, *, #1319, .T. ) ;
#2118 = VECTOR ( 'NONE', #8554, 1000.000000000000000 ) ;
#2119 = DIRECTION ( 'NONE',  ( 0.000000000000000000, 0.000000000000000000, -1.000000000000000000 ) ) ;
#2120 = DIRECTION ( 'NONE',  ( 0.000000000000000000, 0.000000000000000000, 1.000000000000000000 ) ) ;
#2121 = ORIENTED_EDGE ( 'NONE', *, *, #887, .T. ) ;
#2122 = LINE ( 'NONE', #7600, #2971 ) ;
#2123 = EDGE_CURVE ( 'NONE', #3176, #6076, #6996, .T. ) ;
#2124 = DIRECTION ( 'NONE',  ( 1.197572355469997778E-16, -1.000000000000000000, 0.000000000000000000 ) ) ;
#2125 = DIRECTION ( 'NONE',  ( 1.000000000000000000, -0.000000000000000000, -0.000000000000000000 ) ) ;
#2126 = ORIENTED_EDGE ( 'NONE', *, *, #6871, .F. ) ;
#2127 = AXIS2_PLACEMENT_3D ( 'NONE', #9317, #2326, #1953 ) ;
#2128 = ORIENTED_EDGE ( 'NONE', *, *, #4501, .F. ) ;
#2129 = DIRECTION ( 'NONE',  ( -0.000000000000000000, 0.000000000000000000, -1.000000000000000000 ) ) ;
#2130 = MANIFOLD_SOLID_BREP ( 'Mirror1[2]', #2236 ) ;
#2131 = VECTOR ( 'NONE', #1157, 1000.000000000000000 ) ;
#2132 = ORIENTED_EDGE ( 'NONE', *, *, #8602, .T. ) ;
#2133 = LINE ( 'NONE', #9179, #3386 ) ;
#2134 = LINE ( 'NONE', #5246, #3640 ) ;
#2135 = LINE ( 'NONE', #2186, #5681 ) ;
#2136 = VECTOR ( 'NONE', #2119, 1000.000000000000000 ) ;
#2137 = FACE_OUTER_BOUND ( 'NONE', #3781, .T. ) ;
#2138 = VECTOR ( 'NONE', #3734, 1000.000000000000000 ) ;
#2139 = EDGE_CURVE ( 'NONE', #6759, #9205, #1957, .T. ) ;
#2140 = CARTESIAN_POINT ( 'NONE',  ( -1.974999999999999867, 1.630000000000000782, -2.024999999999999911 ) ) ;
#2141 = FACE_OUTER_BOUND ( 'NONE', #1964, .T. ) ;
#2142 = ORIENTED_EDGE ( 'NONE', *, *, #2766, .F. ) ;
#2143 = VECTOR ( 'NONE', #9908, 1000.000000000000000 ) ;
#2144 = PLANE ( 'NONE',  #7006 ) ;
#2145 = VERTEX_POINT ( 'NONE', #6621 ) ;
#2146 = CARTESIAN_POINT ( 'NONE',  ( 0.5250000000000002442, 1.030000000000000027, -2.024999999999999911 ) ) ;
#2147 = VERTEX_POINT ( 'NONE', #3352 ) ;
#2148 = PRESENTATION_STYLE_ASSIGNMENT (( #5212 ) ) ;
#2149 = DIRECTION ( 'NONE',  ( 0.000000000000000000, 0.000000000000000000, -1.000000000000000000 ) ) ;
#2150 = ADVANCED_FACE ( 'NONE', ( #986 ), #3302, .F. ) ;
#2151 = DIRECTION ( 'NONE',  ( -1.000000000000000000, 0.000000000000000000, -0.000000000000000000 ) ) ;
#2152 = EDGE_CURVE ( 'NONE', #1568, #1217, #4061, .T. ) ;
#2153 = EDGE_CURVE ( 'NONE', #1932, #4725, #2634, .T. ) ;
#2154 = VERTEX_POINT ( 'NONE', #2592 ) ;
#2155 = EDGE_CURVE ( 'NONE', #1271, #6153, #7390, .T. ) ;
#2156 = ORIENTED_EDGE ( 'NONE', *, *, #9634, .T. ) ;
#2158 = LINE ( 'NONE', #5267, #7960 ) ;
#2157 = CARTESIAN_POINT ( 'NONE',  ( 1.775000000000002354, 0.5500000000000010436, 2.024999999999999911 ) ) ;
#2159 = VERTEX_POINT ( 'NONE', #5799 ) ;
#2160 = CARTESIAN_POINT ( 'NONE',  ( 2.187500000000001776, 1.855000000000000204, 1.824999999999999289 ) ) ;
#2161 = CARTESIAN_POINT ( 'NONE',  ( 3.750000000000000000, 1.630000000000001226, -2.024999999999999911 ) ) ;
#2162 = ORIENTED_EDGE ( 'NONE', *, *, #9092, .F. ) ;
#2163 = ORIENTED_EDGE ( 'NONE', *, *, #8886, .T. ) ;
#2164 = DIRECTION ( 'NONE',  ( -1.000000000000000000, 0.000000000000000000, 0.000000000000000000 ) ) ;
#2165 = LINE ( 'NONE', #2770, #972 ) ;
#2166 = ADVANCED_FACE ( 'NONE', ( #1902 ), #167, .F. ) ;
#2167 = DIRECTION ( 'NONE',  ( 0.000000000000000000, -1.000000000000000000, 0.000000000000000000 ) ) ;
#2168 = LINE ( 'NONE', #1476, #4849 ) ;
#2169 = EDGE_CURVE ( 'NONE', #407, #9009, #4936, .T. ) ;
#2170 = FACE_OUTER_BOUND ( 'NONE', #3143, .T. ) ;
#2171 = ORIENTED_EDGE ( 'NONE', *, *, #6908, .T. ) ;
#2172 = EDGE_LOOP ( 'NONE', ( #5120, #7376, #5438, #3185 ) ) ;
#2173 = CARTESIAN_POINT ( 'NONE',  ( -5.724999999999999645, 0.6805981797501089448, 1.824999999999999956 ) ) ;
#2174 = DIRECTION ( 'NONE',  ( 0.000000000000000000, -1.000000000000000000, 0.000000000000000000 ) ) ;
#2175 = PLANE ( 'NONE',  #4226 ) ;
#2176 = DIRECTION ( 'NONE',  ( 0.000000000000000000, 1.000000000000000000, 0.000000000000000000 ) ) ;
#2177 = CARTESIAN_POINT ( 'NONE',  ( 4.015000000000002345, 3.400000000000000355, 0.000000000000000000 ) ) ;
#2178 = ORIENTED_EDGE ( 'NONE', *, *, #6815, .F. ) ;
#2179 = DIRECTION ( 'NONE',  ( 0.000000000000000000, -0.000000000000000000, 1.000000000000000000 ) ) ;
#2180 = ORIENTED_EDGE ( 'NONE', *, *, #5011, .F. ) ;
#2181 = VECTOR ( 'NONE', #2601, 1000.000000000000000 ) ;
#2182 = ORIENTED_EDGE ( 'NONE', *, *, #1934, .F. ) ;
#2183 = DIRECTION ( 'NONE',  ( 0.000000000000000000, -1.000000000000000000, 0.000000000000000000 ) ) ;
#2184 = LINE ( 'NONE', #8415, #5774 ) ;
#2185 = EDGE_CURVE ( 'NONE', #3066, #5089, #8816, .T. ) ;
#2186 = CARTESIAN_POINT ( 'NONE',  ( -5.724999999999999645, 0.7800000000000004707, 1.824999999999998845 ) ) ;
#2187 = CARTESIAN_POINT ( 'NONE',  ( 0.7249999999999999778, 0.5799999999999996270, 2.024999999999999911 ) ) ;
#2188 = VECTOR ( 'NONE', #679, 999.9999999999998863 ) ;
#2189 = VECTOR ( 'NONE', #206, 1000.000000000000000 ) ;
#2190 = CARTESIAN_POINT ( 'NONE',  ( 4.125000000000001776, 1.903000000000000025, -2.024999999999999467 ) ) ;
#2191 = LINE ( 'NONE', #5307, #7290 ) ;
#2192 = LINE ( 'NONE', #6793, #4974 ) ;
#2193 = CARTESIAN_POINT ( 'NONE',  ( 7.875000000000000000, 1.030000000000000027, -2.024999999999999911 ) ) ;
#2194 = CARTESIAN_POINT ( 'NONE',  ( 0.3118750000000014011, 2.255000000000000338, 4.126874999999999183 ) ) ;
#2195 = VECTOR ( 'NONE', #2359, 1000.000000000000000 ) ;
#2196 = ORIENTED_EDGE ( 'NONE', *, *, #57, .T. ) ;
#2197 = FACE_OUTER_BOUND ( 'NONE', #4805, .T. ) ;
#2198 = ORIENTED_EDGE ( 'NONE', *, *, #3028, .T. ) ;
#2199 = EDGE_CURVE ( 'NONE', #8914, #6126, #1081, .T. ) ;
#2200 = FACE_OUTER_BOUND ( 'NONE', #9597, .T. ) ;
#2201 = ORIENTED_EDGE ( 'NONE', *, *, #3955, .T. ) ;
#2202 = LINE ( 'NONE', #6952, #1983 ) ;
#2203 = AXIS2_PLACEMENT_3D ( 'NONE', #5707, #9662, #4940 ) ;
#2204 = ORIENTED_EDGE ( 'NONE', *, *, #5884, .F. ) ;
#2205 = CARTESIAN_POINT ( 'NONE',  ( -5.724999999999999645, 2.084999999999999964, 1.824999999999999956 ) ) ;
#2206 = ORIENTED_EDGE ( 'NONE', *, *, #6393, .T. ) ;
#2207 = DIRECTION ( 'NONE',  ( -1.000000000000000000, 0.000000000000000000, 0.000000000000000000 ) ) ;
#2208 = DIRECTION ( 'NONE',  ( 0.000000000000000000, 0.000000000000000000, 1.000000000000000000 ) ) ;
#2209 = EDGE_CURVE ( 'NONE', #5945, #6847, #4211, .T. ) ;
#2210 = ORIENTED_EDGE ( 'NONE', *, *, #5088, .F. ) ;
#2211 = ADVANCED_FACE ( 'NONE', ( #358 ), #5035, .T. ) ;
#2212 = ADVANCED_FACE ( 'NONE', ( #9713 ), #3488, .F. ) ;
#2213 = DIRECTION ( 'NONE',  ( -0.7071067811865475727, -0.000000000000000000, -0.7071067811865475727 ) ) ;
#2214 = PLANE ( 'NONE',  #8704 ) ;
#2215 = LINE ( 'NONE', #6767, #2143 ) ;
#2216 = CARTESIAN_POINT ( 'NONE',  ( -5.724999999999999645, 0.5999999999999999778, -2.024999999999999911 ) ) ;
#2217 = LINE ( 'NONE', #10006, #2570 ) ;
#2218 = CARTESIAN_POINT ( 'NONE',  ( -4.474999999999999645, 0.000000000000000000, 2.024999999999999911 ) ) ;
#2219 = VECTOR ( 'NONE', #2360, 1000.000000000000000 ) ;
#2220 = CARTESIAN_POINT ( 'NONE',  ( -0.5250000000000011324, 2.085000000000000409, -2.024999999999999467 ) ) ;
#2221 = ORIENTED_EDGE ( 'NONE', *, *, #6968, .F. ) ;
#2222 = EDGE_CURVE ( 'NONE', #5976, #6389, #4424, .T. ) ;
#2223 = ORIENTED_EDGE ( 'NONE', *, *, #4397, .T. ) ;
#2224 = EDGE_CURVE ( 'NONE', #4870, #5568, #2069, .T. ) ;
#2225 = ADVANCED_FACE ( 'NONE', ( #9918 ), #9172, .F. ) ;
#2226 = EDGE_CURVE ( 'NONE', #1828, #3945, #6776, .T. ) ;
#2227 = APPLICATION_CONTEXT ( 'automotive_design' ) ;
#2228 = LINE ( 'NONE', #5946, #8004 ) ;
#2229 = CARTESIAN_POINT ( 'NONE',  ( -1.974999999999999867, 0.000000000000000000, 0.06499999999999994671 ) ) ;
#2230 = VECTOR ( 'NONE', #2347, 1000.000000000000000 ) ;
#2231 = VERTEX_POINT ( 'NONE', #467 ) ;
#2232 = FACE_OUTER_BOUND ( 'NONE', #8156, .T. ) ;
#2233 = FACE_OUTER_BOUND ( 'NONE', #4043, .T. ) ;
#2234 = FACE_BOUND ( 'NONE', #1403, .T. ) ;
#2235 = ORIENTED_EDGE ( 'NONE', *, *, #4148, .F. ) ;
#2236 = CLOSED_SHELL ( 'NONE', ( #6083, #7461, #7713, #3098, #5660, #7519, #1821, #8871, #9933, #10090, #8587, #2094, #4444, #7177, #3076, #3207 ) ) ;
#2237 = CARTESIAN_POINT ( 'NONE',  ( 3.040000000000001812, 2.760000000000000231, 0.06499999999999994671 ) ) ;
#2238 = VECTOR ( 'NONE', #4515, 1000.000000000000000 ) ;
#2239 = ORIENTED_EDGE ( 'NONE', *, *, #5764, .F. ) ;
#2240 = ORIENTED_EDGE ( 'NONE', *, *, #2062, .T. ) ;
#2241 = VECTOR ( 'NONE', #7001, 1000.000000000000000 ) ;
#2242 = DIRECTION ( 'NONE',  ( 0.000000000000000000, -1.000000000000000000, -0.000000000000000000 ) ) ;
#2243 = CARTESIAN_POINT ( 'NONE',  ( -4.062499999999998224, 2.255000000000000338, 2.024999999999999911 ) ) ;
#2244 = DIRECTION ( 'NONE',  ( -0.000000000000000000, 0.000000000000000000, 1.000000000000000000 ) ) ;
#2245 = DIRECTION ( 'NONE',  ( 0.000000000000000000, 1.000000000000000000, 0.000000000000000000 ) ) ;
#2246 = DIRECTION ( 'NONE',  ( -1.000000000000000000, -9.035018104045847275E-16, 0.000000000000000000 ) ) ;
#2247 = DIRECTION ( 'NONE',  ( 0.000000000000000000, -1.000000000000000000, 0.000000000000000000 ) ) ;
#2248 = DIRECTION ( 'NONE',  ( -1.000000000000000000, 0.000000000000000000, 0.000000000000000000 ) ) ;
#2249 = VECTOR ( 'NONE', #7351, 1000.000000000000000 ) ;
#2250 = VECTOR ( 'NONE', #9720, 1000.000000000000000 ) ;
#2251 = CARTESIAN_POINT ( 'NONE',  ( 3.625000000000002220, 2.209999999999998188, -2.496936092690336118 ) ) ;
#2252 = DIRECTION ( 'NONE',  ( 1.000000000000000000, 0.000000000000000000, 0.000000000000000000 ) ) ;
#2253 = ORIENTED_EDGE ( 'NONE', *, *, #2952, .F. ) ;
#2254 = AXIS2_PLACEMENT_3D ( 'NONE', #6015, #2242, #1238 ) ;
#2255 = PLANE ( 'NONE',  #4633 ) ;
#2256 = VECTOR ( 'NONE', #4207, 1000.000000000000000 ) ;
#2257 = FACE_OUTER_BOUND ( 'NONE', #7895, .T. ) ;
#2258 = ORIENTED_EDGE ( 'NONE', *, *, #1183, .F. ) ;
#2259 = DIRECTION ( 'NONE',  ( -0.000000000000000000, -0.000000000000000000, 1.000000000000000000 ) ) ;
#2260 = EDGE_LOOP ( 'NONE', ( #4892, #7622, #4400, #8910 ) ) ;
#2262 = FACE_OUTER_BOUND ( 'NONE', #8626, .T. ) ;
#2261 = CARTESIAN_POINT ( 'NONE',  ( 3.265000000000002345, 4.120000000000000107, -1.724999999999999867 ) ) ;
#2263 = ORIENTED_EDGE ( 'NONE', *, *, #6082, .F. ) ;
#2264 = EDGE_LOOP ( 'NONE', ( #3642, #299, #1177, #7595 ) ) ;
#2265 = PLANE ( 'NONE',  #9903 ) ;
#2266 = VECTOR ( 'NONE', #6140, 1000.000000000000000 ) ;
#2267 = DIRECTION ( 'NONE',  ( 0.000000000000000000, -0.7071067811865460184, -0.7071067811865489050 ) ) ;
#2268 = ORIENTED_EDGE ( 'NONE', *, *, #4147, .T. ) ;
#2269 = DIRECTION ( 'NONE',  ( -0.000000000000000000, 0.000000000000000000, -1.000000000000000000 ) ) ;
#2270 = LINE ( 'NONE', #10051, #1624 ) ;
#2271 = DIRECTION ( 'NONE',  ( 0.000000000000000000, 2.555260885332105185E-16, -1.000000000000000000 ) ) ;
#2272 = DIRECTION ( 'NONE',  ( 1.000000000000000000, 0.000000000000000000, 0.000000000000000000 ) ) ;
#2273 = DIRECTION ( 'NONE',  ( 2.168404344971008079E-15, 1.000000000000000000, 0.000000000000000000 ) ) ;
#2274 = DIRECTION ( 'NONE',  ( 0.000000000000000000, 0.000000000000000000, -1.000000000000000000 ) ) ;
#2275 = LINE ( 'NONE', #1576, #3905 ) ;
#2276 = EDGE_CURVE ( 'NONE', #9479, #4050, #5240, .T. ) ;
#2277 = EDGE_LOOP ( 'NONE', ( #2171, #8502, #5709, #5801 ) ) ;
#2278 = VECTOR ( 'NONE', #8339, 1000.000000000000000 ) ;
#2279 = PLANE ( 'NONE',  #5285 ) ;
#2280 = DIRECTION ( 'NONE',  ( 0.000000000000000000, 0.000000000000000000, 1.000000000000000000 ) ) ;
#2281 = DIRECTION ( 'NONE',  ( 0.000000000000000000, -1.000000000000000000, 0.000000000000000000 ) ) ;
#2282 = ADVANCED_FACE ( 'NONE', ( #3589 ), #2947, .F. ) ;
#2283 = ADVANCED_FACE ( 'NONE', ( #3748 ), #630, .T. ) ;
#2284 = LINE ( 'NONE', #111, #8906 ) ;
#2285 = CARTESIAN_POINT ( 'NONE',  ( 1.562500000000001332, 0.000000000000000000, 2.024999999999999911 ) ) ;
#2286 = EDGE_CURVE ( 'NONE', #5644, #4763, #8304, .T. ) ;
#2287 = ADVANCED_FACE ( 'NONE', ( #1226 ), #517, .T. ) ;
#2288 = ADVANCED_FACE ( 'NONE', ( #6006 ), #8405, .T. ) ;
#2289 = ORIENTED_EDGE ( 'NONE', *, *, #9137, .F. ) ;
#2290 = ORIENTED_EDGE ( 'NONE', *, *, #6841, .T. ) ;
#2291 = CARTESIAN_POINT ( 'NONE',  ( 1.775000000000002354, 0.7799999999999999156, 0.06499999999999994671 ) ) ;
#2292 = CARTESIAN_POINT ( 'NONE',  ( -7.015000000000000568, 8.777094706955511913E-18, 0.09499999999999998723 ) ) ;
#2293 = CARTESIAN_POINT ( 'NONE',  ( 0.5250000000000002442, 0.5500000000000010436, 2.024999999999999911 ) ) ;
#2294 = VECTOR ( 'NONE', #2383, 1000.000000000000114 ) ;
#2295 = CARTESIAN_POINT ( 'NONE',  ( 2.120000000000003659, 1.839999999999997193, 0.9049999999999968070 ) ) ;
#2296 = CARTESIAN_POINT ( 'NONE',  ( 3.855000000000002647, 1.484999999999999432, 1.549999999999999378 ) ) ;
#2297 = EDGE_CURVE ( 'NONE', #2415, #3658, #1542, .T. ) ;
#2298 = VECTOR ( 'NONE', #6705, 1000.000000000000000 ) ;
#2299 = DIRECTION ( 'NONE',  ( 1.000000000000000000, -0.000000000000000000, -0.000000000000000000 ) ) ;
#2300 = DIRECTION ( 'NONE',  ( -1.000000000000000000, 0.000000000000000000, 0.000000000000000000 ) ) ;
#2301 = ORIENTED_EDGE ( 'NONE', *, *, #1162, .F. ) ;
#2302 = ORIENTED_EDGE ( 'NONE', *, *, #8573, .T. ) ;
#2303 = DIRECTION ( 'NONE',  ( 0.000000000000000000, 0.7071067811865490160, -0.7071067811865460184 ) ) ;
#2304 =( GEOMETRIC_REPRESENTATION_CONTEXT ( 3 ) GLOBAL_UNCERTAINTY_ASSIGNED_CONTEXT ( ( #6940 ) ) GLOBAL_UNIT_ASSIGNED_CONTEXT ( ( #1055, #4186, #9497 ) ) REPRESENTATION_CONTEXT ( 'NONE', 'WORKASPACE' ) );
#2305 = CARTESIAN_POINT ( 'NONE',  ( -0.7249999999999999778, 0.5799999999999996270, 2.024999999999999911 ) ) ;
#2306 = DIRECTION ( 'NONE',  ( -0.000000000000000000, 0.7071067811865475727, -0.7071067811865475727 ) ) ;
#2307 = VERTEX_POINT ( 'NONE', #5293 ) ;
#2308 = CARTESIAN_POINT ( 'NONE',  ( -3.024999999999999911, 1.030000000000000027, -2.024999999999999911 ) ) ;
#2309 = VECTOR ( 'NONE', #2051, 1000.000000000000000 ) ;
#2310 = LINE ( 'NONE', #9113, #6932 ) ;
#2311 = EDGE_LOOP ( 'NONE', ( #2610, #8176, #6110, #237 ) ) ;
#2313 = CARTESIAN_POINT ( 'NONE',  ( -1.974999999999999867, 2.055000000000001048, 2.024999999999999911 ) ) ;
#2312 = DIRECTION ( 'NONE',  ( 0.000000000000000000, -1.000000000000000000, 0.000000000000000000 ) ) ;
#2314 = VECTOR ( 'NONE', #5737, 1000.000000000000000 ) ;
#2315 = ORIENTED_EDGE ( 'NONE', *, *, #7029, .F. ) ;
#2316 = PLANE ( 'NONE',  #1255 ) ;
#2317 = DIRECTION ( 'NONE',  ( -1.136281752823236226E-16, 1.000000000000000000, 0.000000000000000000 ) ) ;
#2318 = ORIENTED_EDGE ( 'NONE', *, *, #1743, .T. ) ;
#2319 = FACE_OUTER_BOUND ( 'NONE', #8141, .T. ) ;
#2320 = VECTOR ( 'NONE', #7045, 1000.000000000000000 ) ;
#2321 = DIRECTION ( 'NONE',  ( -1.000000000000000000, 0.000000000000000000, 0.000000000000000000 ) ) ;
#2322 = EDGE_CURVE ( 'NONE', #1425, #3203, #3696, .T. ) ;
#2323 = PLANE ( 'NONE',  #658 ) ;
#2324 = CARTESIAN_POINT ( 'NONE',  ( -7.375000000000000000, 3.965000000000001634, 0.06499999999999994671 ) ) ;
#2325 = CARTESIAN_POINT ( 'NONE',  ( -4.474999999999999645, 0.5500000000000010436, 2.024999999999999911 ) ) ;
#2326 = DIRECTION ( 'NONE',  ( 1.000000000000000000, 0.000000000000000000, 0.000000000000000000 ) ) ;
#2327 = ORIENTED_EDGE ( 'NONE', *, *, #9210, .F. ) ;
#2328 = ORIENTED_EDGE ( 'NONE', *, *, #4909, .T. ) ;
#2329 = ORIENTED_EDGE ( 'NONE', *, *, #5139, .T. ) ;
#2330 = EDGE_CURVE ( 'NONE', #9300, #8585, #4524, .T. ) ;
#2331 = EDGE_CURVE ( 'NONE', #6447, #1253, #9229, .T. ) ;
#2332 = DIRECTION ( 'NONE',  ( -8.468115335143821308E-17, 0.7071067811865475727, 0.7071067811865474617 ) ) ;
#2333 = LINE ( 'NONE', #5443, #2118 ) ;
#2334 = PLANE ( 'NONE',  #6727 ) ;
#2335 = DIRECTION ( 'NONE',  ( 0.000000000000000000, -1.000000000000000000, 0.000000000000000000 ) ) ;
#2336 = ORIENTED_EDGE ( 'NONE', *, *, #8622, .F. ) ;
#2337 = DIRECTION ( 'NONE',  ( -0.000000000000000000, -1.000000000000000000, -0.000000000000000000 ) ) ;
#2338 = ORIENTED_EDGE ( 'NONE', *, *, #5009, .T. ) ;
#2339 = ORIENTED_EDGE ( 'NONE', *, *, #4074, .F. ) ;
#2340 = CARTESIAN_POINT ( 'NONE',  ( 3.750000000000001776, 3.325000000000000178, 0.06499999999999994671 ) ) ;
#2341 = EDGE_CURVE ( 'NONE', #7605, #6697, #6675, .T. ) ;
#2342 = EDGE_CURVE ( 'NONE', #9341, #1059, #5951, .T. ) ;
#2343 = CARTESIAN_POINT ( 'NONE',  ( 1.250000000000000000, 0.5500000000000010436, 2.024999999999999911 ) ) ;
#2344 = EDGE_CURVE ( 'NONE', #8666, #6077, #5657, .T. ) ;
#2345 = DIRECTION ( 'NONE',  ( -1.000000000000000000, -0.000000000000000000, -0.000000000000000000 ) ) ;
#2346 = CARTESIAN_POINT ( 'NONE',  ( -4.474999999999999645, 1.855000000000000204, 0.06499999999999994671 ) ) ;
#2347 = DIRECTION ( 'NONE',  ( -1.000000000000000000, -0.000000000000000000, -0.000000000000000000 ) ) ;
#2348 = PRODUCT ( 'SM07B-GHS-TB', 'SM07B-GHS-TB', '', ( #5588 ) ) ;
#2349 = EDGE_LOOP ( 'NONE', ( #5635, #342, #4230, #332, #7321, #871, #4771, #2121, #7166, #5553, #1889, #7948, #10017, #1949 ) ) ;
#2350 = CARTESIAN_POINT ( 'NONE',  ( -5.525000000000000355, 0.000000000000000000, 1.824999999999999956 ) ) ;
#2351 = DIRECTION ( 'NONE',  ( 0.000000000000000000, 0.000000000000000000, -1.000000000000000000 ) ) ;
#2352 = ORIENTED_EDGE ( 'NONE', *, *, #8243, .F. ) ;
#2353 = DIRECTION ( 'NONE',  ( -1.000000000000000000, -0.000000000000000000, -0.000000000000000000 ) ) ;
#2354 = CARTESIAN_POINT ( 'NONE',  ( 3.625000000000002220, 1.719999999999999529, 2.024999999999999911 ) ) ;
#2355 = ADVANCED_FACE ( 'NONE', ( #6211 ), #7853, .F. ) ;
#2356 = EDGE_CURVE ( 'NONE', #8669, #4313, #6311, .T. ) ;
#2357 = VECTOR ( 'NONE', #863, 1000.000000000000000 ) ;
#2358 = VECTOR ( 'NONE', #2935, 1000.000000000000000 ) ;
#2359 = DIRECTION ( 'NONE',  ( 2.168404344971008079E-15, 1.000000000000000000, 0.000000000000000000 ) ) ;
#2360 = DIRECTION ( 'NONE',  ( 1.000000000000000000, 1.197572355469997778E-16, 0.000000000000000000 ) ) ;
#2361 = VERTEX_POINT ( 'NONE', #3897 ) ;
#2362 = CARTESIAN_POINT ( 'NONE',  ( -7.034999999999999254, 0.2400000000000022671, -0.2750000000000000777 ) ) ;
#2363 = CARTESIAN_POINT ( 'NONE',  ( -3.749999999999998224, 0.7800000000000006928, 1.824999999999999289 ) ) ;
#2364 = ORIENTED_EDGE ( 'NONE', *, *, #1197, .F. ) ;
#2365 = CARTESIAN_POINT ( 'NONE',  ( -6.801350639285898225, 4.190000000000000391, 2.024999999999999911 ) ) ;
#2366 = AXIS2_PLACEMENT_3D ( 'NONE', #3560, #9146, #2149 ) ;
#2367 = VERTEX_POINT ( 'NONE', #6356 ) ;
#2368 = LINE ( 'NONE', #9125, #9276 ) ;
#2369 =( REPRESENTATION_RELATIONSHIP ('NONE','NONE', #4816, #3828 ) REPRESENTATION_RELATIONSHIP_WITH_TRANSFORMATION ( #1433 )SHAPE_REPRESENTATION_RELATIONSHIP( ) );
#2370 = VERTEX_POINT ( 'NONE', #7897 ) ;
#2371 = EDGE_LOOP ( 'NONE', ( #7859, #9637, #393, #3048, #7782, #9269, #468, #6301 ) ) ;
#2372 = CARTESIAN_POINT ( 'NONE',  ( -5.937500000000000000, 1.855000000000000204, 1.824999999999999289 ) ) ;
#2373 = LINE ( 'NONE', #9211, #4908 ) ;
#2374 = DIRECTION ( 'NONE',  ( 1.000000000000000000, 0.000000000000000000, 0.000000000000000000 ) ) ;
#2375 = CARTESIAN_POINT ( 'NONE',  ( -3.024999999999999911, 0.000000000000000000, 2.024999999999999911 ) ) ;
#2376 = DIRECTION ( 'NONE',  ( -1.000000000000000000, -0.000000000000000000, -0.000000000000000000 ) ) ;
#2377 = VERTEX_POINT ( 'NONE', #1486 ) ;
#2378 = EDGE_LOOP ( 'NONE', ( #1326, #4368, #2302, #8439 ) ) ;
#2379 = ORIENTED_EDGE ( 'NONE', *, *, #3266, .F. ) ;
#2380 = VECTOR ( 'NONE', #6061, 1000.000000000000114 ) ;
#2381 = CARTESIAN_POINT ( 'NONE',  ( 7.875000000000000000, 4.250000000000000000, 2.024999999999999911 ) ) ;
#2382 = CARTESIAN_POINT ( 'NONE',  ( 3.855000000000002647, 2.209999999999998188, -2.496936092690336118 ) ) ;
#2383 = DIRECTION ( 'NONE',  ( -0.000000000000000000, -0.7071067811865474617, -0.7071067811865474617 ) ) ;
#2384 = ORIENTED_EDGE ( 'NONE', *, *, #9482, .F. ) ;
#2385 = PLANE ( 'NONE',  #6895 ) ;
#2386 = CARTESIAN_POINT ( 'NONE',  ( 10.37500000000000000, 2.055000000000001048, 2.024999999999999911 ) ) ;
#2387 = ORIENTED_EDGE ( 'NONE', *, *, #4108, .F. ) ;
#2388 = CARTESIAN_POINT ( 'NONE',  ( -5.977863700796166135, 4.250000000000000000, 3.451321216833561856 ) ) ;
#2389 = EDGE_CURVE ( 'NONE', #4843, #6904, #9325, .T. ) ;
#2390 = EDGE_LOOP ( 'NONE', ( #1310, #3387, #1517, #5533 ) ) ;
#2391 = VECTOR ( 'NONE', #3401, 1000.000000000000000 ) ;
#2392 = ORIENTED_EDGE ( 'NONE', *, *, #137, .F. ) ;
#2393 = CARTESIAN_POINT ( 'NONE',  ( -6.439999999999997726, 3.240000000000001101, -1.224999999999999867 ) ) ;
#2394 = VECTOR ( 'NONE', #4052, 1000.000000000000000 ) ;
#2395 = CARTESIAN_POINT ( 'NONE',  ( 3.625000000000002220, 0.000000000000000000, -0.2750000000000000777 ) ) ;
#2396 = VECTOR ( 'NONE', #3238, 1000.000000000000000 ) ;
#2397 = FACE_OUTER_BOUND ( 'NONE', #3130, .T. ) ;
#2398 = LINE ( 'NONE', #6942, #6632 ) ;
#2399 = EDGE_CURVE ( 'NONE', #351, #6990, #8461, .T. ) ;
#2400 = ORIENTED_EDGE ( 'NONE', *, *, #6391, .T. ) ;
#2401 = DIRECTION ( 'NONE',  ( 0.000000000000000000, 0.000000000000000000, -1.000000000000000000 ) ) ;
#2402 = EDGE_CURVE ( 'NONE', #4753, #10028, #4779, .T. ) ;
#2403 = CIRCLE ( 'NONE', #1389, 0.07500000000000084377 ) ;
#2404 = LINE ( 'NONE', #4695, #2595 ) ;
#2405 = ORIENTED_EDGE ( 'NONE', *, *, #8134, .T. ) ;
#2406 = PLANE ( 'NONE',  #6319 ) ;
#2407 = CARTESIAN_POINT ( 'NONE',  ( -1.775000000000000133, 1.855000000000000204, 0.06499999999999994671 ) ) ;
#2408 = CARTESIAN_POINT ( 'NONE',  ( 3.175000000000001599, 3.965000000000001634, 0.06499999999999994671 ) ) ;
#2409 = VECTOR ( 'NONE', #9477, 1000.000000000000000 ) ;
#2410 = VECTOR ( 'NONE', #3210, 1000.000000000000000 ) ;
#2411 = VERTEX_POINT ( 'NONE', #6164 ) ;
#2412 = CARTESIAN_POINT ( 'NONE',  ( -0.5250000000000002442, 2.085000000000000409, -2.024999999999999911 ) ) ;
#2413 = DIRECTION ( 'NONE',  ( 0.000000000000000000, 0.000000000000000000, -1.000000000000000000 ) ) ;
#2414 = ADVANCED_FACE ( 'NONE', ( #8557 ), #4676, .T. ) ;
#2415 = VERTEX_POINT ( 'NONE', #1537 ) ;
#2417 = CARTESIAN_POINT ( 'NONE',  ( 3.240000000000001545, 0.5799999999999995159, 2.024999999999999911 ) ) ;
#2416 = CARTESIAN_POINT ( 'NONE',  ( -5.724999999999999645, 0.2999999999999999889, -2.324999999999999734 ) ) ;
#2418 = ADVANCED_FACE ( 'NONE', ( #2233 ), #8664, .F. ) ;
#2419 = ADVANCED_FACE ( 'NONE', ( #5552 ), #879, .F. ) ;
#2420 = VERTEX_POINT ( 'NONE', #3046 ) ;
#2421 = ORIENTED_EDGE ( 'NONE', *, *, #9224, .F. ) ;
#2422 = ORIENTED_EDGE ( 'NONE', *, *, #9014, .T. ) ;
#2423 = VECTOR ( 'NONE', #5723, 1000.000000000000000 ) ;
#2424 = AXIS2_PLACEMENT_3D ( 'NONE', #2292, #1544, #4686 ) ;
#2425 = CYLINDRICAL_SURFACE ( 'NONE', #3686, 0.08500000000000000611 ) ;
#2426 = LINE ( 'NONE', #7887, #3759 ) ;
#2427 = DIRECTION ( 'NONE',  ( -0.000000000000000000, 0.000000000000000000, 1.000000000000000000 ) ) ;
#2428 = SHAPE_DEFINITION_REPRESENTATION ( #608, #3828 ) ;
#2429 = CARTESIAN_POINT ( 'NONE',  ( -1.974999999999999867, 1.855000000000000204, 0.06499999999999994671 ) ) ;
#2430 = DIRECTION ( 'NONE',  ( -0.000000000000000000, -0.000000000000000000, 1.000000000000000000 ) ) ;
#2431 = ORIENTED_EDGE ( 'NONE', *, *, #502, .T. ) ;
#2432 = VECTOR ( 'NONE', #4183, 1000.000000000000000 ) ;
#2433 = EDGE_CURVE ( 'NONE', #9208, #9167, #2284, .T. ) ;
#2434 = ORIENTED_EDGE ( 'NONE', *, *, #2331, .F. ) ;
#2435 = AXIS2_PLACEMENT_3D ( 'NONE', #5059, #8937, #3378 ) ;
#2436 = ORIENTED_EDGE ( 'NONE', *, *, #2139, .T. ) ;
#2437 = ORIENTED_EDGE ( 'NONE', *, *, #4366, .T. ) ;
#2438 = VECTOR ( 'NONE', #2252, 1000.000000000000000 ) ;
#2439 = LINE ( 'NONE', #920, #3744 ) ;
#2440 = VERTEX_POINT ( 'NONE', #783 ) ;
#2441 = DIRECTION ( 'NONE',  ( -1.000000000000000000, 0.000000000000000000, 0.000000000000000000 ) ) ;
#2442 = CARTESIAN_POINT ( 'NONE',  ( -7.765000000000000568, 2.400000000000000355, 0.06499999999999994671 ) ) ;
#2443 = CARTESIAN_POINT ( 'NONE',  ( 1.975000000000001865, 2.085000000000000409, -2.024999999999999911 ) ) ;
#2444 = VERTEX_POINT ( 'NONE', #7035 ) ;
#2445 = EDGE_LOOP ( 'NONE', ( #1499, #4729, #9444, #6573 ) ) ;
#2446 = ORIENTED_EDGE ( 'NONE', *, *, #4718, .F. ) ;
#2447 = CARTESIAN_POINT ( 'NONE',  ( 4.125000000000001776, 0.1800000000000000488, -1.315000000000000169 ) ) ;
#2448 = EDGE_CURVE ( 'NONE', #6452, #621, #4577, .T. ) ;
#2449 = LINE ( 'NONE', #9380, #4423 ) ;
#2450 = CARTESIAN_POINT ( 'NONE',  ( -7.375000000000000000, 3.500000000000000444, 0.06499999999999994671 ) ) ;
#2451 = CARTESIAN_POINT ( 'NONE',  ( -1.562499999999999112, 2.055000000000001048, 2.024999999999999911 ) ) ;
#2452 = AXIS2_PLACEMENT_3D ( 'NONE', #8177, #6800, #4286 ) ;
#2453 = VERTEX_POINT ( 'NONE', #7708 ) ;
#2454 = DIRECTION ( 'NONE',  ( 0.000000000000000000, -1.000000000000000000, 0.000000000000000000 ) ) ;
#2455 = VERTEX_POINT ( 'NONE', #677 ) ;
#2456 = ORIENTED_EDGE ( 'NONE', *, *, #148, .T. ) ;
#2457 = LINE ( 'NONE', #2506, #404 ) ;
#2458 = LINE ( 'NONE', #5619, #6584 ) ;
#2459 = EDGE_CURVE ( 'NONE', #701, #2995, #10012, .T. ) ;
#2460 = CARTESIAN_POINT ( 'NONE',  ( -6.363749999999999574, 2.760000000000000231, 1.824999999999999289 ) ) ;
#2461 = ADVANCED_FACE ( 'NONE', ( #5401 ), #8511, .T. ) ;
#2462 = VECTOR ( 'NONE', #7037, 1000.000000000000000 ) ;
#2463 = CARTESIAN_POINT ( 'NONE',  ( -7.605000000000000426, 1.709999999999999520, 1.324999999999999734 ) ) ;
#2464 = CARTESIAN_POINT ( 'NONE',  ( 3.750000000000001776, 3.965000000000001634, 0.06499999999999994671 ) ) ;
#2465 = ORIENTED_EDGE ( 'NONE', *, *, #2433, .T. ) ;
#2467 = CARTESIAN_POINT ( 'NONE',  ( 0.5250000000000002442, 1.855000000000000204, 1.824999999999999289 ) ) ;
#2466 = CARTESIAN_POINT ( 'NONE',  ( -3.224999999999999645, 2.085000000000000409, -2.024999999999999911 ) ) ;
#2468 = ORIENTED_EDGE ( 'NONE', *, *, #2952, .T. ) ;
#2469 = VECTOR ( 'NONE', #6201, 1000.000000000000000 ) ;
#2470 = ORIENTED_EDGE ( 'NONE', *, *, #730, .F. ) ;
#2471 = EDGE_LOOP ( 'NONE', ( #1168, #319, #7599, #4340 ) ) ;
#2472 = FACE_OUTER_BOUND ( 'NONE', #561, .T. ) ;
#2473 = CARTESIAN_POINT ( 'NONE',  ( 2.500000000000000000, 0.5500000000000010436, 2.024999999999999911 ) ) ;
#2474 = EDGE_CURVE ( 'NONE', #7500, #2522, #5503, .T. ) ;
#2475 = EDGE_CURVE ( 'NONE', #6783, #6090, #4731, .T. ) ;
#2476 = LINE ( 'NONE', #5433, #6921 ) ;
#2477 = ADVANCED_FACE ( 'NONE', ( #1839 ), #201, .F. ) ;
#2478 = ORIENTED_EDGE ( 'NONE', *, *, #2790, .F. ) ;
#2479 = ORIENTED_EDGE ( 'NONE', *, *, #6315, .T. ) ;
#2480 = VECTOR ( 'NONE', #1392, 1000.000000000000000 ) ;
#2481 = VERTEX_POINT ( 'NONE', #1737 ) ;
#2482 = ORIENTED_EDGE ( 'NONE', *, *, #6070, .F. ) ;
#2483 = VECTOR ( 'NONE', #5351, 1000.000000000000000 ) ;
#2484 = ADVANCED_FACE ( 'NONE', ( #3293 ), #8902, .T. ) ;
#2485 = EDGE_CURVE ( 'NONE', #6577, #364, #5028, .T. ) ;
#2486 = DIRECTION ( 'NONE',  ( -0.000000000000000000, 0.7071067811865474617, 0.7071067811865474617 ) ) ;
#2487 = DIRECTION ( 'NONE',  ( 0.000000000000000000, -1.000000000000000000, 0.000000000000000000 ) ) ;
#2488 = CARTESIAN_POINT ( 'NONE',  ( 3.750000000000000000, 0.7800000000000006928, 0.06499999999999994671 ) ) ;
#2489 = ORIENTED_EDGE ( 'NONE', *, *, #5389, .F. ) ;
#2490 = DIRECTION ( 'NONE',  ( 0.000000000000000000, 0.000000000000000000, -1.000000000000000000 ) ) ;
#2491 = DIRECTION ( 'NONE',  ( -1.000000000000000000, 0.000000000000000000, 0.000000000000000000 ) ) ;
#2492 = CARTESIAN_POINT ( 'NONE',  ( -7.875000000000000000, 1.903000000000000025, 0.000000000000000000 ) ) ;
#2493 = ORIENTED_EDGE ( 'NONE', *, *, #1687, .F. ) ;
#2494 = EDGE_LOOP ( 'NONE', ( #5631, #2422, #1489, #8515 ) ) ;
#2495 = LINE ( 'NONE', #2541, #5286 ) ;
#2496 = EDGE_CURVE ( 'NONE', #7294, #2810, #4925, .T. ) ;
#2497 = VECTOR ( 'NONE', #2580, 1000.000000000000000 ) ;
#2498 = PLANE ( 'NONE',  #4094 ) ;
#2499 = LINE ( 'NONE', #4411, #6637 ) ;
#2500 = CARTESIAN_POINT ( 'NONE',  ( -6.439999999999997726, 3.240000000000001101, -1.224999999999999867 ) ) ;
#2501 = LINE ( 'NONE', #7497, #1215 ) ;
#2502 = FILL_AREA_STYLE ('',( #8862 ) ) ;
#2503 = ORIENTED_EDGE ( 'NONE', *, *, #1775, .F. ) ;
#2504 = LINE ( 'NONE', #5614, #9093 ) ;
#2505 = ORIENTED_EDGE ( 'NONE', *, *, #884, .T. ) ;
#2506 = CARTESIAN_POINT ( 'NONE',  ( 1.975000000000001865, 0.7800000000000001377, 0.06499999999999994671 ) ) ;
#2507 = CARTESIAN_POINT ( 'NONE',  ( 3.625000000000002220, 1.094999999999999085, 1.949999999999999289 ) ) ;
#2508 = CARTESIAN_POINT ( 'NONE',  ( -3.024999999999999911, 1.630000000000000782, -2.024999999999999911 ) ) ;
#2509 = SURFACE_STYLE_FILL_AREA ( #4852 ) ;
#2510 = CARTESIAN_POINT ( 'NONE',  ( -3.749999999999998224, 0.000000000000000000, 1.274999999999999911 ) ) ;
#2511 = LINE ( 'NONE', #5624, #8552 ) ;
#2512 = ORIENTED_EDGE ( 'NONE', *, *, #112, .F. ) ;
#2513 = DIRECTION ( 'NONE',  ( 0.000000000000000000, 0.000000000000000000, 1.000000000000000000 ) ) ;
#2514 = VECTOR ( 'NONE', #7419, 1000.000000000000000 ) ;
#2515 = ORIENTED_EDGE ( 'NONE', *, *, #2330, .T. ) ;
#2516 = ORIENTED_EDGE ( 'NONE', *, *, #6532, .T. ) ;
#2517 = FACE_OUTER_BOUND ( 'NONE', #488, .T. ) ;
#2518 = DIRECTION ( 'NONE',  ( 0.000000000000000000, 0.000000000000000000, 1.000000000000000000 ) ) ;
#2519 = DIRECTION ( 'NONE',  ( -1.000000000000000000, -0.000000000000000000, -0.000000000000000000 ) ) ;
#2520 = VECTOR ( 'NONE', #7042, 1000.000000000000000 ) ;
#2521 = ORIENTED_EDGE ( 'NONE', *, *, #1216, .F. ) ;
#2522 = VERTEX_POINT ( 'NONE', #5740 ) ;
#2523 = ADVANCED_FACE ( 'NONE', ( #6557 ), #1025, .F. ) ;
#2524 = EDGE_CURVE ( 'NONE', #6772, #5856, #3436, .T. ) ;
#2525 = EDGE_CURVE ( 'NONE', #3256, #407, #4876, .T. ) ;
#2526 = EDGE_LOOP ( 'NONE', ( #7612, #5777, #2038, #725 ) ) ;
#2527 = ORIENTED_EDGE ( 'NONE', *, *, #2655, .T. ) ;
#2528 = VECTOR ( 'NONE', #5578, 1000.000000000000000 ) ;
#2529 = DIRECTION ( 'NONE',  ( 1.000000000000000000, 0.000000000000000000, 0.000000000000000000 ) ) ;
#2530 = DIRECTION ( 'NONE',  ( -1.000000000000000000, 0.000000000000000000, 0.000000000000000000 ) ) ;
#2531 = CARTESIAN_POINT ( 'NONE',  ( -7.725000000000000533, 0.7799999999999999156, -0.3250000000000000666 ) ) ;
#2532 = VERTEX_POINT ( 'NONE', #9599 ) ;
#2533 = DIRECTION ( 'NONE',  ( -1.000000000000000000, -0.000000000000000000, -0.000000000000000000 ) ) ;
#2534 = EDGE_LOOP ( 'NONE', ( #1905, #6615, #4008, #2204 ) ) ;
#2535 = EDGE_CURVE ( 'NONE', #6342, #2453, #9463, .T. ) ;
#2536 = EDGE_CURVE ( 'NONE', #9231, #6504, #2060, .T. ) ;
#2537 = ADVANCED_FACE ( 'NONE', ( #5692 ), #7993, .F. ) ;
#2538 = EDGE_CURVE ( 'NONE', #6553, #3203, #7239, .T. ) ;
#2539 = VERTEX_POINT ( 'NONE', #1787 ) ;
#2540 = ORIENTED_EDGE ( 'NONE', *, *, #135, .T. ) ;
#2541 = CARTESIAN_POINT ( 'NONE',  ( -7.605000000000000426, 0.5300000000000049116, -0.3250000000000000666 ) ) ;
#2542 = DIRECTION ( 'NONE',  ( -1.000000000000000000, -1.136281752823236226E-16, 0.000000000000000000 ) ) ;
#2543 = LINE ( 'NONE', #6468, #4013 ) ;
#2544 =( GEOMETRIC_REPRESENTATION_CONTEXT ( 3 ) GLOBAL_UNCERTAINTY_ASSIGNED_CONTEXT ( ( #687 ) ) GLOBAL_UNIT_ASSIGNED_CONTEXT ( ( #2846, #7501, #8157 ) ) REPRESENTATION_CONTEXT ( 'NONE', 'WORKASPACE' ) );
#2545 = CARTESIAN_POINT ( 'NONE',  ( 2.689999999999999503, 3.820000000000000728, -1.224999999999999867 ) ) ;
#2546 = CARTESIAN_POINT ( 'NONE',  ( -5.525000000000000355, 1.855000000000000204, 0.06499999999999994671 ) ) ;
#2547 = VECTOR ( 'NONE', #7108, 1000.000000000000000 ) ;
#2548 = FACE_OUTER_BOUND ( 'NONE', #7205, .T. ) ;
#2549 = ADVANCED_FACE ( 'NONE', ( #8849 ), #924, .T. ) ;
#2550 = CARTESIAN_POINT ( 'NONE',  ( -5.724999999999999645, 2.084999999999999964, 1.824999999999999956 ) ) ;
#2551 = ORIENTED_EDGE ( 'NONE', *, *, #8097, .F. ) ;
#2552 = LINE ( 'NONE', #1857, #6162 ) ;
#2553 = DIRECTION ( 'NONE',  ( 0.000000000000000000, 0.000000000000000000, -1.000000000000000000 ) ) ;
#2554 = VECTOR ( 'NONE', #9827, 1000.000000000000114 ) ;
#2555 = DIRECTION ( 'NONE',  ( 0.000000000000000000, 0.000000000000000000, -1.000000000000000000 ) ) ;
#2556 = PLANE ( 'NONE',  #8081 ) ;
#2557 = SURFACE_STYLE_USAGE ( .BOTH. , #1655 ) ;
#2558 = VECTOR ( 'NONE', #1588, 1000.000000000000000 ) ;
#2559 = PLANE ( 'NONE',  #8697 ) ;
#2560 = ORIENTED_EDGE ( 'NONE', *, *, #1022, .T. ) ;
#2561 = LINE ( 'NONE', #5676, #1896 ) ;
#2562 = VERTEX_POINT ( 'NONE', #4825 ) ;
#2563 = VECTOR ( 'NONE', #7586, 1000.000000000000000 ) ;
#2564 = CARTESIAN_POINT ( 'NONE',  ( -5.724999999999999645, 0.000000000000000000, 0.06499999999999994671 ) ) ;
#2565 = ORIENTED_EDGE ( 'NONE', *, *, #7860, .T. ) ;
#2566 = ORIENTED_EDGE ( 'NONE', *, *, #2841, .T. ) ;
#2567 = AXIS2_PLACEMENT_3D ( 'NONE', #7879, #10040, #38 ) ;
#2568 = CARTESIAN_POINT ( 'NONE',  ( -6.439999999999997726, 3.820000000000000728, -1.224999999999999867 ) ) ;
#2569 = LINE ( 'NONE', #5682, #530 ) ;
#2570 = VECTOR ( 'NONE', #1322, 1000.000000000000000 ) ;
#2571 = ORIENTED_EDGE ( 'NONE', *, *, #985, .T. ) ;
#2572 = LINE ( 'NONE', #238, #7193 ) ;
#2573 = ORIENTED_EDGE ( 'NONE', *, *, #1642, .T. ) ;
#2574 = ORIENTED_EDGE ( 'NONE', *, *, #9746, .F. ) ;
#2575 = DIRECTION ( 'NONE',  ( 1.000000000000000000, 0.000000000000000000, 0.000000000000000000 ) ) ;
#2576 = EDGE_CURVE ( 'NONE', #9476, #4763, #2581, .T. ) ;
#2577 = VECTOR ( 'NONE', #7635, 1000.000000000000000 ) ;
#2578 = EDGE_CURVE ( 'NONE', #1335, #8845, #4051, .T. ) ;
#2579 = ORIENTED_EDGE ( 'NONE', *, *, #7211, .F. ) ;
#2580 = DIRECTION ( 'NONE',  ( 0.000000000000000000, -1.000000000000000000, 0.000000000000000000 ) ) ;
#2581 = LINE ( 'NONE', #3391, #236 ) ;
#2582 = ORIENTED_EDGE ( 'NONE', *, *, #2977, .F. ) ;
#2583 = ORIENTED_EDGE ( 'NONE', *, *, #7091, .F. ) ;
#2584 = ORIENTED_EDGE ( 'NONE', *, *, #7089, .T. ) ;
#2585 = VECTOR ( 'NONE', #6651, 1000.000000000000000 ) ;
#2586 = DIRECTION ( 'NONE',  ( 0.000000000000000000, 0.000000000000000000, -1.000000000000000000 ) ) ;
#2587 = EDGE_CURVE ( 'NONE', #910, #9143, #7333, .T. ) ;
#2588 = EDGE_CURVE ( 'NONE', #5536, #8109, #156, .T. ) ;
#2589 = ADVANCED_FACE ( 'NONE', ( #9702 ), #2942, .T. ) ;
#2590 = FACE_OUTER_BOUND ( 'NONE', #10056, .T. ) ;
#2591 = CARTESIAN_POINT ( 'NONE',  ( -5.540000000000000036, 0.5799999999999995159, 2.024999999999999911 ) ) ;
#2592 = CARTESIAN_POINT ( 'NONE',  ( -0.5250000000000002442, 0.5799999999999996270, 2.024999999999999911 ) ) ;
#2593 = LINE ( 'NONE', #8676, #7786 ) ;
#2594 = ORIENTED_EDGE ( 'NONE', *, *, #7646, .F. ) ;
#2595 = VECTOR ( 'NONE', #124, 1000.000000000000000 ) ;
#2596 = ORIENTED_EDGE ( 'NONE', *, *, #2047, .F. ) ;
#2597 = FACE_OUTER_BOUND ( 'NONE', #10047, .T. ) ;
#2598 = CARTESIAN_POINT ( 'NONE',  ( -6.989999999999999325, 2.960000000000000853, 2.024999999999999911 ) ) ;
#2599 = VERTEX_POINT ( 'NONE', #3683 ) ;
#2600 = FACE_OUTER_BOUND ( 'NONE', #2698, .T. ) ;
#2601 = DIRECTION ( 'NONE',  ( -0.000000000000000000, -0.7071067811865597852, 0.7071067811865352493 ) ) ;
#2602 = EDGE_CURVE ( 'NONE', #4749, #3089, #2056, .T. ) ;
#2603 = LINE ( 'NONE', #6198, #1627 ) ;
#2604 = DIRECTION ( 'NONE',  ( 0.000000000000000000, -0.7071067811865464625, -0.7071067811865485719 ) ) ;
#2605 = LINE ( 'NONE', #6642, #3183 ) ;
#2606 = DIRECTION ( 'NONE',  ( 0.000000000000000000, -1.000000000000000000, 0.000000000000000000 ) ) ;
#2607 = DIRECTION ( 'NONE',  ( -1.000000000000000000, -1.197572355469997778E-16, 0.000000000000000000 ) ) ;
#2609 = CARTESIAN_POINT ( 'NONE',  ( 3.855000000000002647, 1.719999999999999529, 2.024999999999999911 ) ) ;
#2608 = PLANE ( 'NONE',  #8908 ) ;
#2610 = ORIENTED_EDGE ( 'NONE', *, *, #5219, .F. ) ;
#2611 = VERTEX_POINT ( 'NONE', #1165 ) ;
#2612 = FILL_AREA_STYLE_COLOUR ( '', #7697 ) ;
#2613 = ADVANCED_FACE ( 'NONE', ( #6047 ), #6819, .T. ) ;
#2614 = CARTESIAN_POINT ( 'NONE',  ( 3.750000000000000000, 1.855000000000000204, 0.06499999999999994671 ) ) ;
#2615 = VECTOR ( 'NONE', #1837, 1000.000000000000000 ) ;
#2616 = ORIENTED_EDGE ( 'NONE', *, *, #7069, .T. ) ;
#2617 = ORIENTED_EDGE ( 'NONE', *, *, #6270, .T. ) ;
#2618 = VECTOR ( 'NONE', #6551, 1000.000000000000000 ) ;
#2619 = FACE_OUTER_BOUND ( 'NONE', #2715, .T. ) ;
#2620 = ORIENTED_EDGE ( 'NONE', *, *, #1041, .T. ) ;
#2621 = CARTESIAN_POINT ( 'NONE',  ( 0.5249999999999994671, 0.7800000000000003597, 1.824999999999999289 ) ) ;
#2622 = CARTESIAN_POINT ( 'NONE',  ( -4.275000000000000355, 0.000000000000000000, -2.024999999999999911 ) ) ;
#2623 = CARTESIAN_POINT ( 'NONE',  ( 3.750000000000001776, 3.965000000000001634, 0.06499999999999994671 ) ) ;
#2624 = DIRECTION ( 'NONE',  ( 0.000000000000000000, -1.346834996876403062E-16, 1.000000000000000000 ) ) ;
#2625 = VECTOR ( 'NONE', #9881, 1000.000000000000000 ) ;
#2626 = ADVANCED_FACE ( 'NONE', ( #2170 ), #4301, .T. ) ;
#2627 = VERTEX_POINT ( 'NONE', #2828 ) ;
#2628 = EDGE_CURVE ( 'NONE', #9020, #3131, #5232, .T. ) ;
#2629 = CARTESIAN_POINT ( 'NONE',  ( -2.187499999999999556, 0.04750000000000037526, 0.01749999999999957839 ) ) ;
#2630 = LINE ( 'NONE', #7342, #9306 ) ;
#2631 = PLANE ( 'NONE',  #3286 ) ;
#2632 = DIRECTION ( 'NONE',  ( 0.000000000000000000, 1.000000000000000000, -9.239047059953170954E-17 ) ) ;
#2633 = AXIS2_PLACEMENT_3D ( 'NONE', #629, #9868, #9966 ) ;
#2634 = LINE ( 'NONE', #2545, #7124 ) ;
#2635 = DIRECTION ( 'NONE',  ( 0.000000000000000000, -1.000000000000000000, 0.000000000000000000 ) ) ;
#2636 = ORIENTED_EDGE ( 'NONE', *, *, #9501, .T. ) ;
#2637 = ORIENTED_EDGE ( 'NONE', *, *, #8633, .F. ) ;
#2638 = CARTESIAN_POINT ( 'NONE',  ( 3.855000000000002647, 0.000000000000000000, 2.024999999999999911 ) ) ;
#2639 = DIRECTION ( 'NONE',  ( -1.000000000000000000, 0.000000000000000000, -0.000000000000000000 ) ) ;
#2640 = EDGE_CURVE ( 'NONE', #7372, #6012, #8239, .T. ) ;
#2641 = ORIENTED_EDGE ( 'NONE', *, *, #8766, .T. ) ;
#2642 = ADVANCED_FACE ( 'NONE', ( #9055 ), #5178, .T. ) ;
#2643 = EDGE_CURVE ( 'NONE', #547, #4050, #401, .T. ) ;
#2644 = FACE_OUTER_BOUND ( 'NONE', #9647, .T. ) ;
#2645 = CARTESIAN_POINT ( 'NONE',  ( -4.062499999999999112, 1.855000000000000204, 0.06499999999999994671 ) ) ;
#2646 = FACE_OUTER_BOUND ( 'NONE', #806, .T. ) ;
#2647 = DIRECTION ( 'NONE',  ( -0.000000000000000000, -0.000000000000000000, 1.000000000000000000 ) ) ;
#2648 = DIRECTION ( 'NONE',  ( 0.000000000000000000, -1.000000000000000000, 0.000000000000000000 ) ) ;
#2649 = CARTESIAN_POINT ( 'NONE',  ( 4.125000000000001776, 0.000000000000000000, 2.024999999999999911 ) ) ;
#2650 = CARTESIAN_POINT ( 'NONE',  ( 0.5250000000000002442, 1.630000000000000782, -1.464999999999999636 ) ) ;
#2651 = DIRECTION ( 'NONE',  ( 0.000000000000000000, -1.000000000000000000, 5.706327223607912624E-16 ) ) ;
#2652 = FACE_OUTER_BOUND ( 'NONE', #1943, .T. ) ;
#2653 = ORIENTED_EDGE ( 'NONE', *, *, #2776, .F. ) ;
#2654 = LINE ( 'NONE', #7319, #7476 ) ;
#2655 = EDGE_CURVE ( 'NONE', #2539, #6008, #9912, .T. ) ;
#2656 = FACE_OUTER_BOUND ( 'NONE', #4970, .T. ) ;
#2657 = EDGE_LOOP ( 'NONE', ( #6957, #4553, #4068, #125, #6472, #7731, #5391, #5749, #682, #5507, #4567, #6572, #4453, #1691, #5265, #5846, #102, #1713, #8074 ) ) ;
#2658 = FILL_AREA_STYLE ('',( #2612 ) ) ;
#2659 = LINE ( 'NONE', #2705, #2514 ) ;
#2660 = CARTESIAN_POINT ( 'NONE',  ( 1.562500000000001332, 0.000000000000000000, 0.06499999999999994671 ) ) ;
#2661 = ORIENTED_EDGE ( 'NONE', *, *, #8199, .F. ) ;
#2662 = AXIS2_PLACEMENT_3D ( 'NONE', #9085, #5308, #8423 ) ;
#2663 = ORIENTED_EDGE ( 'NONE', *, *, #8885, .T. ) ;
#2664 = EDGE_LOOP ( 'NONE', ( #9517, #4118, #4403, #1023 ) ) ;
#2665 = CARTESIAN_POINT ( 'NONE',  ( -7.375000000000000888, 1.009999999999999121, 1.949999999999999289 ) ) ;
#2666 = ORIENTED_EDGE ( 'NONE', *, *, #1642, .F. ) ;
#2667 = VECTOR ( 'NONE', #9173, 1000.000000000000000 ) ;
#2668 = VECTOR ( 'NONE', #3181, 1000.000000000000000 ) ;
#2669 = LINE ( 'NONE', #4097, #974 ) ;
#2670 = DIRECTION ( 'NONE',  ( 1.000000000000000000, 0.000000000000000000, 0.000000000000000000 ) ) ;
#2671 = VERTEX_POINT ( 'NONE', #619 ) ;
#2672 = CARTESIAN_POINT ( 'NONE',  ( -5.724999999999999645, 0.000000000000000000, 1.824999999999999956 ) ) ;
#2673 = ORIENTED_EDGE ( 'NONE', *, *, #2966, .T. ) ;
#2674 = ORIENTED_EDGE ( 'NONE', *, *, #500, .T. ) ;
#2675 = AXIS2_PLACEMENT_3D ( 'NONE', #4905, #4073, #9585 ) ;
#2676 = ORIENTED_EDGE ( 'NONE', *, *, #7326, .F. ) ;
#2677 = LINE ( 'NONE', #5853, #774 ) ;
#2678 = DIRECTION ( 'NONE',  ( 0.000000000000000000, 1.000000000000000000, 0.000000000000000000 ) ) ;
#2679 = CARTESIAN_POINT ( 'NONE',  ( 8.124999999999998224, -1.376287680150671594E-15, 0.02292814286300589796 ) ) ;
#2680 = FACE_OUTER_BOUND ( 'NONE', #3741, .T. ) ;
#2681 = ORIENTED_EDGE ( 'NONE', *, *, #8724, .T. ) ;
#2682 = DIRECTION ( 'NONE',  ( 0.000000000000000000, 0.000000000000000000, -1.000000000000000000 ) ) ;
#2683 = DIRECTION ( 'NONE',  ( 0.000000000000000000, 1.000000000000000000, -0.000000000000000000 ) ) ;
#2684 = ORIENTED_EDGE ( 'NONE', *, *, #1014, .F. ) ;
#2685 = ORIENTED_EDGE ( 'NONE', *, *, #8943, .F. ) ;
#2686 = LINE ( 'NONE', #2638, #7920 ) ;
#2687 = FACE_OUTER_BOUND ( 'NONE', #7714, .T. ) ;
#2688 = ORIENTED_EDGE ( 'NONE', *, *, #5765, .F. ) ;
#2689 = EDGE_LOOP ( 'NONE', ( #7073, #2933, #6991, #988 ) ) ;
#2690 = DIRECTION ( 'NONE',  ( 0.000000000000000000, -1.000000000000000000, 5.706327223607912624E-16 ) ) ;
#2691 = CARTESIAN_POINT ( 'NONE',  ( -2.187499999999999556, 0.000000000000000000, 2.024999999999999911 ) ) ;
#2692 = CARTESIAN_POINT ( 'NONE',  ( 3.855000000000002647, 0.1499999999999974964, 2.024999999999999911 ) ) ;
#2693 = LINE ( 'NONE', #328, #323 ) ;
#2694 = ADVANCED_FACE ( 'NONE', ( #7540 ), #5282, .T. ) ;
#2695 = PLANE ( 'NONE',  #10020 ) ;
#2696 = ADVANCED_FACE ( 'NONE', ( #457 ), #3580, .T. ) ;
#2697 = LINE ( 'NONE', #7362, #1830 ) ;
#2698 = EDGE_LOOP ( 'NONE', ( #2493, #3140, #8308, #360 ) ) ;
#2700 = DIRECTION ( 'NONE',  ( -0.000000000000000000, -0.000000000000000000, 1.000000000000000000 ) ) ;
#2699 = LINE ( 'NONE', #5823, #8594 ) ;
#2701 = VECTOR ( 'NONE', #428, 1000.000000000000000 ) ;
#2702 = DIRECTION ( 'NONE',  ( 1.000000000000000000, 1.197572355469997778E-16, 0.000000000000000000 ) ) ;
#2703 = VERTEX_POINT ( 'NONE', #5892 ) ;
#2704 = DIRECTION ( 'NONE',  ( 1.000000000000000000, 0.000000000000000000, 0.000000000000000000 ) ) ;
#2705 = CARTESIAN_POINT ( 'NONE',  ( -0.000000000000000000, 0.5500000000000010436, 0.06499999999999994671 ) ) ;
#2706 = AXIS2_PLACEMENT_3D ( 'NONE', #1451, #792, #5413 ) ;
#2707 = ADVANCED_FACE ( 'NONE', ( #3530 ), #1273, .F. ) ;
#2708 = ADVANCED_FACE ( 'NONE', ( #3630 ), #5072, .T. ) ;
#2709 = FACE_OUTER_BOUND ( 'NONE', #2172, .T. ) ;
#2710 = EDGE_CURVE ( 'NONE', #3176, #3190, #6668, .T. ) ;
#2711 = EDGE_CURVE ( 'NONE', #200, #7375, #2773, .T. ) ;
#2712 = VECTOR ( 'NONE', #9221, 1000.000000000000000 ) ;
#2713 = EDGE_LOOP ( 'NONE', ( #6412, #7877, #3941, #6961 ) ) ;
#2714 = VERTEX_POINT ( 'NONE', #2220 ) ;
#2715 = EDGE_LOOP ( 'NONE', ( #5105, #3167, #4568, #6762 ) ) ;
#2716 = CARTESIAN_POINT ( 'NONE',  ( -1.974999999999999867, 2.085000000000000409, -2.024999999999999911 ) ) ;
#2717 = AXIS2_PLACEMENT_3D ( 'NONE', #4758, #853, #3979 ) ;
#2718 = ORIENTED_EDGE ( 'NONE', *, *, #8332, .T. ) ;
#2719 = ORIENTED_EDGE ( 'NONE', *, *, #8647, .T. ) ;
#2720 = DIRECTION ( 'NONE',  ( -1.000000000000000000, -1.734723475976806503E-15, 0.000000000000000000 ) ) ;
#2721 = FACE_OUTER_BOUND ( 'NONE', #5381, .T. ) ;
#2722 = EDGE_CURVE ( 'NONE', #2876, #4724, #4566, .T. ) ;
#2723 = VERTEX_POINT ( 'NONE', #1424 ) ;
#2724 = LINE ( 'NONE', #1682, #6080 ) ;
#2725 = CARTESIAN_POINT ( 'NONE',  ( -3.224999999999999645, 0.000000000000000000, 2.024999999999999911 ) ) ;
#2726 = LINE ( 'NONE', #4554, #8757 ) ;
#2727 = ORIENTED_EDGE ( 'NONE', *, *, #9495, .T. ) ;
#2728 = VECTOR ( 'NONE', #8781, 1000.000000000000000 ) ;
#2729 = ORIENTED_EDGE ( 'NONE', *, *, #7727, .T. ) ;
#2730 = ORIENTED_EDGE ( 'NONE', *, *, #368, .F. ) ;
#2731 = DIRECTION ( 'NONE',  ( 0.000000000000000000, 0.6038260274202660316, -0.7971161324486288891 ) ) ;
#2732 = VECTOR ( 'NONE', #5245, 1000.000000000000000 ) ;
#2733 = VECTOR ( 'NONE', #8765, 1000.000000000000000 ) ;
#2734 = DIRECTION ( 'NONE',  ( 1.000000000000000000, 0.000000000000000000, 0.000000000000000000 ) ) ;
#2735 = LINE ( 'NONE', #8151, #5372 ) ;
#2736 = FILL_AREA_STYLE_COLOUR ( '', #1209 ) ;
#2737 = PLANE ( 'NONE',  #83 ) ;
#2738 = VERTEX_POINT ( 'NONE', #6869 ) ;
#2739 = ORIENTED_EDGE ( 'NONE', *, *, #3924, .T. ) ;
#2740 = FACE_OUTER_BOUND ( 'NONE', #4016, .T. ) ;
#2741 = DIRECTION ( 'NONE',  ( -0.000000000000000000, -0.000000000000000000, 1.000000000000000000 ) ) ;
#2742 =( REPRESENTATION_RELATIONSHIP ('NONE','NONE', #4816, #3828 ) REPRESENTATION_RELATIONSHIP_WITH_TRANSFORMATION ( #6346 )SHAPE_REPRESENTATION_RELATIONSHIP( ) );
#2743 = ORIENTED_EDGE ( 'NONE', *, *, #3347, .F. ) ;
#2744 = AXIS2_PLACEMENT_3D ( 'NONE', #655, #600, #3776 ) ;
#2745 = ORIENTED_EDGE ( 'NONE', *, *, #1934, .T. ) ;
#2746 = CARTESIAN_POINT ( 'NONE',  ( -7.375000000000000888, 0.1499999999999974964, 2.024999999999999911 ) ) ;
#2747 = LINE ( 'NONE', #4481, #4629 ) ;
#2748 = LINE ( 'NONE', #7403, #3872 ) ;
#2749 = VECTOR ( 'NONE', #7102, 1000.000000000000000 ) ;
#2750 = DIRECTION ( 'NONE',  ( -0.000000000000000000, -0.000000000000000000, 1.000000000000000000 ) ) ;
#2751 = CARTESIAN_POINT ( 'NONE',  ( -3.749999999999998224, 1.759999999999999121, 1.274999999999999911 ) ) ;
#2752 = DIRECTION ( 'NONE',  ( 0.000000000000000000, 0.000000000000000000, 1.000000000000000000 ) ) ;
#2753 = DIRECTION ( 'NONE',  ( 1.000000000000000000, -0.000000000000000000, -0.000000000000000000 ) ) ;
#2754 = DIRECTION ( 'NONE',  ( 1.495451272393798852E-15, -1.000000000000000000, 0.000000000000000000 ) ) ;
#2755 = ORIENTED_EDGE ( 'NONE', *, *, #6711, .T. ) ;
#2756 = CARTESIAN_POINT ( 'NONE',  ( -0.7249999999999999778, 1.030000000000000027, -2.024999999999999911 ) ) ;
#2757 = VECTOR ( 'NONE', #2267, 1000.000000000000114 ) ;
#2758 = VERTEX_POINT ( 'NONE', #9960 ) ;
#2759 = EDGE_CURVE ( 'NONE', #9070, #3355, #2992, .T. ) ;
#2760 = EDGE_CURVE ( 'NONE', #3966, #8011, #7196, .T. ) ;
#2761 = DIRECTION ( 'NONE',  ( -0.000000000000000000, 1.000000000000000000, 0.000000000000000000 ) ) ;
#2762 = EDGE_LOOP ( 'NONE', ( #4364, #2478, #4210, #9688 ) ) ;
#2763 = CARTESIAN_POINT ( 'NONE',  ( -0.7249999999999999778, 1.855000000000000204, 1.824999999999999289 ) ) ;
#2764 = ORIENTED_EDGE ( 'NONE', *, *, #4396, .F. ) ;
#2765 = EDGE_LOOP ( 'NONE', ( #7550, #187, #4982, #5322 ) ) ;
#2766 = EDGE_CURVE ( 'NONE', #5894, #8585, #210, .T. ) ;
#2767 = EDGE_CURVE ( 'NONE', #4617, #572, #3351, .T. ) ;
#2768 = ADVANCED_FACE ( 'NONE', ( #8720 ), #1270, .T. ) ;
#2769 = CARTESIAN_POINT ( 'NONE',  ( -5.724999999999999645, 0.9300000000000000488, 1.378567737020261808 ) ) ;
#2770 = CARTESIAN_POINT ( 'NONE',  ( 9.125000000000000000, 1.030000000000000027, -1.464999999999999636 ) ) ;
#2771 = CARTESIAN_POINT ( 'NONE',  ( -7.375000000000000888, 0.4800000000000000377, 1.975000000000001865 ) ) ;
#2772 = ORIENTED_EDGE ( 'NONE', *, *, #7534, .F. ) ;
#2773 = LINE ( 'NONE', #5336, #4171 ) ;
#2774 = ORIENTED_EDGE ( 'NONE', *, *, #8330, .T. ) ;
#2775 = ORIENTED_EDGE ( 'NONE', *, *, #1885, .F. ) ;
#2776 = EDGE_CURVE ( 'NONE', #4725, #2370, #166, .T. ) ;
#2777 = ORIENTED_EDGE ( 'NONE', *, *, #9560, .T. ) ;
#2778 = ADVANCED_FACE ( 'NONE', ( #9610 ), #6521, .T. ) ;
#2779 = PLANE ( 'NONE',  #3426 ) ;
#2780 = CARTESIAN_POINT ( 'NONE',  ( 4.015000000000002345, 0.000000000000000000, 0.06499999999999994671 ) ) ;
#2781 = ORIENTED_EDGE ( 'NONE', *, *, #6271, .T. ) ;
#2782 = VECTOR ( 'NONE', #272, 1000.000000000000000 ) ;
#2783 = CARTESIAN_POINT ( 'NONE',  ( -3.024999999999999911, 0.7800000000000002487, 0.06499999999999994671 ) ) ;
#2784 = EDGE_LOOP ( 'NONE', ( #3901, #3531, #3562, #9041 ) ) ;
#2785 = AXIS2_PLACEMENT_3D ( 'NONE', #4975, #8754, #292 ) ;
#2786 = ORIENTED_EDGE ( 'NONE', *, *, #7715, .T. ) ;
#2787 = FILL_AREA_STYLE_COLOUR ( '', #388 ) ;
#2788 = CARTESIAN_POINT ( 'NONE',  ( 4.015000000000002345, 2.400000000000000355, 0.000000000000000000 ) ) ;
#2789 = ORIENTED_EDGE ( 'NONE', *, *, #5594, .F. ) ;
#2790 = EDGE_CURVE ( 'NONE', #8895, #6278, #2543, .T. ) ;
#2791 = LINE ( 'NONE', #8414, #7812 ) ;
#2792 = LINE ( 'NONE', #2645, #353 ) ;
#2793 = AXIS2_PLACEMENT_3D ( 'NONE', #7907, #886, #1693 ) ;
#2794 = DIRECTION ( 'NONE',  ( 0.000000000000000000, 0.000000000000000000, -1.000000000000000000 ) ) ;
#2795 = VECTOR ( 'NONE', #5070, 1000.000000000000000 ) ;
#2796 = AXIS2_PLACEMENT_3D ( 'NONE', #9957, #1420, #1367 ) ;
#2797 = CARTESIAN_POINT ( 'NONE',  ( 4.125000000000001776, 2.209999999999999520, 1.324999999999999734 ) ) ;
#2798 = CARTESIAN_POINT ( 'NONE',  ( 3.750000000000000000, 2.085000000000000409, -2.024999999999999911 ) ) ;
#2799 = CARTESIAN_POINT ( 'NONE',  ( 3.265000000000002345, 8.777094706955511913E-18, 0.09499999999999998723 ) ) ;
#2800 = CARTESIAN_POINT ( 'NONE',  ( -1.775000000000000133, 0.5500000000000010436, 2.024999999999999911 ) ) ;
#2801 = DIRECTION ( 'NONE',  ( -0.7071067811865536790, -0.000000000000000000, -0.7071067811865414665 ) ) ;
#2802 = CARTESIAN_POINT ( 'NONE',  ( -0.5250000000000002442, 1.630000000000000782, -1.464999999999999636 ) ) ;
#2803 = ORIENTED_EDGE ( 'NONE', *, *, #242, .T. ) ;
#2804 = VECTOR ( 'NONE', #6987, 1000.000000000000000 ) ;
#2805 = DIRECTION ( 'NONE',  ( -0.000000000000000000, -0.7071067811865474617, -0.7071067811865474617 ) ) ;
#2806 = EDGE_CURVE ( 'NONE', #4745, #9913, #3400, .T. ) ;
#2807 = ORIENTED_EDGE ( 'NONE', *, *, #9437, .T. ) ;
#2808 = DIRECTION ( 'NONE',  ( 0.000000000000000000, 0.000000000000000000, 1.000000000000000000 ) ) ;
#2809 = DIRECTION ( 'NONE',  ( -1.000000000000000000, 0.000000000000000000, -0.000000000000000000 ) ) ;
#2810 = VERTEX_POINT ( 'NONE', #9569 ) ;
#2811 = EDGE_CURVE ( 'NONE', #4615, #8331, #2499, .T. ) ;
#2813 = CARTESIAN_POINT ( 'NONE',  ( -5.724999999999999645, 0.7799999999999999156, 0.06499999999999994671 ) ) ;
#2812 = DIRECTION ( 'NONE',  ( 0.000000000000000000, -0.000000000000000000, -1.000000000000000000 ) ) ;
#2814 = EDGE_CURVE ( 'NONE', #759, #5430, #8295, .T. ) ;
#2815 = ORIENTED_EDGE ( 'NONE', *, *, #5278, .T. ) ;
#2816 = ORIENTED_EDGE ( 'NONE', *, *, #9793, .F. ) ;
#2817 = DIRECTION ( 'NONE',  ( 0.000000000000000000, -1.000000000000000000, 0.000000000000000000 ) ) ;
#2818 = VERTEX_POINT ( 'NONE', #5746 ) ;
#2819 = ORIENTED_EDGE ( 'NONE', *, *, #4092, .T. ) ;
#2820 = DIRECTION ( 'NONE',  ( 0.000000000000000000, 1.000000000000000000, 0.000000000000000000 ) ) ;
#2821 = CARTESIAN_POINT ( 'NONE',  ( -5.724999999999999645, 0.5500000000000000444, 1.824999999999999956 ) ) ;
#2822 = CARTESIAN_POINT ( 'NONE',  ( 3.750000000000000000, 0.5500000000000010436, 2.024999999999999911 ) ) ;
#2823 = DIRECTION ( 'NONE',  ( -0.000000000000000000, -0.7071067811865474617, -0.7071067811865474617 ) ) ;
#2824 = CARTESIAN_POINT ( 'NONE',  ( 1.975000000000001865, 2.085000000000000409, 0.06499999999999994671 ) ) ;
#2825 = ORIENTED_EDGE ( 'NONE', *, *, #3333, .F. ) ;
#2826 = VECTOR ( 'NONE', #2553, 1000.000000000000000 ) ;
#2827 = ADVANCED_FACE ( 'NONE', ( #455 ), #4934, .F. ) ;
#2828 = CARTESIAN_POINT ( 'NONE',  ( -5.724999999999999645, 1.498933982822020061, 1.106801948466051844 ) ) ;
#2829 = ORIENTED_EDGE ( 'NONE', *, *, #9818, .T. ) ;
#2830 = EDGE_CURVE ( 'NONE', #5447, #9815, #1749, .T. ) ;
#2831 = VERTEX_POINT ( 'NONE', #1079 ) ;
#2832 = VECTOR ( 'NONE', #779, 1000.000000000000000 ) ;
#2833 = CARTESIAN_POINT ( 'NONE',  ( -7.875000000000000000, 2.209999999999999520, 0.000000000000000000 ) ) ;
#2834 = DIRECTION ( 'NONE',  ( 1.000000000000000000, 0.000000000000000000, 0.000000000000000000 ) ) ;
#2835 = DIRECTION ( 'NONE',  ( 0.000000000000000000, 0.000000000000000000, 1.000000000000000000 ) ) ;
#2836 = ORIENTED_EDGE ( 'NONE', *, *, #4, .F. ) ;
#2837 = LINE ( 'NONE', #5950, #1969 ) ;
#2838 = EDGE_CURVE ( 'NONE', #3429, #8850, #8052, .T. ) ;
#2839 = CARTESIAN_POINT ( 'NONE',  ( 3.855000000000002647, 1.009999999999999121, 1.949999999999999289 ) ) ;
#2840 = ORIENTED_EDGE ( 'NONE', *, *, #8767, .T. ) ;
#2841 = EDGE_CURVE ( 'NONE', #7640, #937, #7484, .T. ) ;
#2842 = VECTOR ( 'NONE', #8784, 1000.000000000000000 ) ;
#2843 = EDGE_CURVE ( 'NONE', #7276, #1609, #2054, .T. ) ;
#2844 = VECTOR ( 'NONE', #8735, 1000.000000000000000 ) ;
#2845 = ORIENTED_EDGE ( 'NONE', *, *, #9980, .F. ) ;
#2846 =( LENGTH_UNIT ( ) NAMED_UNIT ( * ) SI_UNIT ( .MILLI., .METRE. ) );
#2847 = DIRECTION ( 'NONE',  ( 1.000000000000000000, 1.136281752823236226E-16, -0.000000000000000000 ) ) ;
#2848 = ORIENTED_EDGE ( 'NONE', *, *, #4454, .T. ) ;
#2849 = EDGE_LOOP ( 'NONE', ( #2338, #9054, #40, #283 ) ) ;
#2850 = CARTESIAN_POINT ( 'NONE',  ( 2.500000000000000000, 0.7800000000000006928, 1.824999999999999289 ) ) ;
#2851 = LINE ( 'NONE', #5758, #6099 ) ;
#2852 = DIRECTION ( 'NONE',  ( -1.000000000000000000, 0.000000000000000000, 0.000000000000000000 ) ) ;
#2853 = PLANE ( 'NONE',  #6131 ) ;
#2854 = CARTESIAN_POINT ( 'NONE',  ( 3.750000000000001776, 3.965000000000001634, 0.06499999999999994671 ) ) ;
#2855 = CARTESIAN_POINT ( 'NONE',  ( -4.474999999999999645, 0.000000000000000000, 2.024999999999999911 ) ) ;
#2856 = FACE_OUTER_BOUND ( 'NONE', #2390, .T. ) ;
#2857 = LINE ( 'NONE', #9029, #8576 ) ;
#2858 = CARTESIAN_POINT ( 'NONE',  ( 3.175000000000001599, 3.965000000000001634, 0.06499999999999994671 ) ) ;
#2859 = DIRECTION ( 'NONE',  ( 1.000000000000000000, 0.000000000000000000, 0.000000000000000000 ) ) ;
#2860 = DIRECTION ( 'NONE',  ( 1.000000000000000000, 0.000000000000000000, 0.000000000000000000 ) ) ;
#2861 = STYLED_ITEM ( 'NONE', ( #7394 ), #5515 ) ;
#2862 = ORIENTED_EDGE ( 'NONE', *, *, #985, .F. ) ;
#2863 = ORIENTED_EDGE ( 'NONE', *, *, #641, .F. ) ;
#2864 = CARTESIAN_POINT ( 'NONE',  ( 1.775000000000002354, 1.630000000000000560, 0.06499999999999994671 ) ) ;
#2865 = CARTESIAN_POINT ( 'NONE',  ( -5.525000000000000355, 0.5799999999999995159, 2.024999999999999911 ) ) ;
#2866 = ORIENTED_EDGE ( 'NONE', *, *, #613, .T. ) ;
#2867 = AXIS2_PLACEMENT_3D ( 'NONE', #3365, #6484, #6586 ) ;
#2868 = ORIENTED_EDGE ( 'NONE', *, *, #7913, .F. ) ;
#2870 = DIRECTION ( 'NONE',  ( 0.000000000000000000, 0.000000000000000000, -1.000000000000000000 ) ) ;
#2869 = DIRECTION ( 'NONE',  ( 0.000000000000000000, -0.000000000000000000, -1.000000000000000000 ) ) ;
#2871 = EDGE_LOOP ( 'NONE', ( #2010, #3830, #2998, #7135 ) ) ;
#2872 = CIRCLE ( 'NONE', #6625, 0.08500000000000000611 ) ;
#2873 = ORIENTED_EDGE ( 'NONE', *, *, #4055, .T. ) ;
#2874 = FACE_OUTER_BOUND ( 'NONE', #3583, .T. ) ;
#2875 = CARTESIAN_POINT ( 'NONE',  ( 0.7249999999999999778, 2.085000000000000409, -1.464999999999999636 ) ) ;
#2876 = VERTEX_POINT ( 'NONE', #7538 ) ;
#2877 = VERTEX_POINT ( 'NONE', #982 ) ;
#2878 = VECTOR ( 'NONE', #7678, 1000.000000000000000 ) ;
#2879 = PLANE ( 'NONE',  #3157 ) ;
#2880 = EDGE_CURVE ( 'NONE', #1274, #6553, #4110, .T. ) ;
#2881 = DIRECTION ( 'NONE',  ( 0.000000000000000000, -0.000000000000000000, -1.000000000000000000 ) ) ;
#2883 = AXIS2_PLACEMENT_3D ( 'NONE', #7429, #1995, #1212 ) ;
#2882 = LINE ( 'NONE', #1208, #2309 ) ;
#2884 = CARTESIAN_POINT ( 'NONE',  ( 3.525000000000002132, 0.4800000000000017031, -0.2750000000000000777 ) ) ;
#2885 = PLANE ( 'NONE',  #3526 ) ;
#2886 = PLANE ( 'NONE',  #8656 ) ;
#2887 = DIRECTION ( 'NONE',  ( -1.000000000000000000, -1.197572355469997778E-16, 0.000000000000000000 ) ) ;
#2888 = DIRECTION ( 'NONE',  ( -0.000000000000000000, -0.000000000000000000, 1.000000000000000000 ) ) ;
#2889 = ORIENTED_EDGE ( 'NONE', *, *, #4772, .F. ) ;
#2890 = VECTOR ( 'NONE', #9680, 1000.000000000000114 ) ;
#2891 = EDGE_LOOP ( 'NONE', ( #9413, #9968, #1771, #6288 ) ) ;
#2892 = EDGE_CURVE ( 'NONE', #4920, #497, #931, .T. ) ;
#2893 = EDGE_CURVE ( 'NONE', #2627, #6285, #8813, .T. ) ;
#2894 = VECTOR ( 'NONE', #3420, 1000.000000000000000 ) ;
#2895 = CARTESIAN_POINT ( 'NONE',  ( -0.7249999999999999778, 0.7799999999999999156, 0.06499999999999994671 ) ) ;
#2896 = ORIENTED_EDGE ( 'NONE', *, *, #6656, .T. ) ;
#2897 = DIRECTION ( 'NONE',  ( 1.000000000000000000, -2.168404344971008079E-15, 0.000000000000000000 ) ) ;
#2898 = CARTESIAN_POINT ( 'NONE',  ( 0.5250000000000002442, 1.630000000000000782, -2.024999999999999911 ) ) ;
#2899 = ORIENTED_EDGE ( 'NONE', *, *, #8530, .T. ) ;
#2900 = CARTESIAN_POINT ( 'NONE',  ( 0.000000000000000000, 0.000000000000000000, 1.824999999999999956 ) ) ;
#2901 = ORIENTED_EDGE ( 'NONE', *, *, #8520, .T. ) ;
#2902 = EDGE_LOOP ( 'NONE', ( #3038, #2196, #7423, #3069 ) ) ;
#2903 = VECTOR ( 'NONE', #1137, 1000.000000000000000 ) ;
#2904 = DIRECTION ( 'NONE',  ( 0.000000000000000000, -1.000000000000000000, 0.000000000000000000 ) ) ;
#2905 = ADVANCED_FACE ( 'NONE', ( #5436 ), #1369, .T. ) ;
#2906 = EDGE_CURVE ( 'NONE', #7008, #9961, #7699, .T. ) ;
#2907 = EDGE_CURVE ( 'NONE', #8935, #3674, #9959, .T. ) ;
#2908 = CARTESIAN_POINT ( 'NONE',  ( -7.375000000000000000, 0.000000000000000000, -1.724999999999999867 ) ) ;
#2909 = EDGE_CURVE ( 'NONE', #8031, #2970, #671, .T. ) ;
#2910 = LINE ( 'NONE', #8215, #1516 ) ;
#2911 = CARTESIAN_POINT ( 'NONE',  ( -7.725000000000001421, 2.209999999999999520, 1.274999999999999911 ) ) ;
#2912 = CARTESIAN_POINT ( 'NONE',  ( -7.605000000000000426, 0.000000000000000000, -0.2750000000000000777 ) ) ;
#2913 = PLANE ( 'NONE',  #4006 ) ;
#2914 = VECTOR ( 'NONE', #8025, 1000.000000000000000 ) ;
#2915 = AXIS2_PLACEMENT_3D ( 'NONE', #3806, #9879, #6886 ) ;
#2916 = LINE ( 'NONE', #5870, #8399 ) ;
#2918 = DIRECTION ( 'NONE',  ( 1.000000000000000000, 0.000000000000000000, 0.000000000000000000 ) ) ;
#2917 = PLANE ( 'NONE',  #92 ) ;
#2919 = VERTEX_POINT ( 'NONE', #5387 ) ;
#2920 = CARTESIAN_POINT ( 'NONE',  ( -5.724999999999999645, 0.000000000000000000, 1.824999999999999956 ) ) ;
#2921 = ORIENTED_EDGE ( 'NONE', *, *, #7212, .T. ) ;
#2922 = VERTEX_POINT ( 'NONE', #8447 ) ;
#2923 = AXIS2_PLACEMENT_3D ( 'NONE', #8030, #5771, #2702 ) ;
#2924 = EDGE_CURVE ( 'NONE', #6382, #1755, #8396, .T. ) ;
#2925 = CARTESIAN_POINT ( 'NONE',  ( -6.801350639285898225, 4.190000000000000391, 2.024999999999999911 ) ) ;
#2926 = CARTESIAN_POINT ( 'NONE',  ( -3.024999999999999911, 1.630000000000000782, 0.06499999999999994671 ) ) ;
#2927 = VERTEX_POINT ( 'NONE', #4663 ) ;
#2928 = VERTEX_POINT ( 'NONE', #2990 ) ;
#2930 = DIRECTION ( 'NONE',  ( -0.000000000000000000, 0.000000000000000000, 1.000000000000000000 ) ) ;
#2929 = CARTESIAN_POINT ( 'NONE',  ( -11.62499999999999822, 2.055000000000001048, 2.024999999999999911 ) ) ;
#2931 = VERTEX_POINT ( 'NONE', #508 ) ;
#2932 = CARTESIAN_POINT ( 'NONE',  ( 2.413750000000001172, 0.000000000000000000, 2.024999999999999911 ) ) ;
#2933 = ORIENTED_EDGE ( 'NONE', *, *, #16, .T. ) ;
#2934 = VERTEX_POINT ( 'NONE', #617 ) ;
#2935 = DIRECTION ( 'NONE',  ( 0.000000000000000000, -1.000000000000000000, 0.000000000000000000 ) ) ;
#2936 = LINE ( 'NONE', #6969, #4627 ) ;
#2937 = CARTESIAN_POINT ( 'NONE',  ( 3.040000000000001812, 2.760000000000000231, 1.824999999999999289 ) ) ;
#2938 = CARTESIAN_POINT ( 'NONE',  ( -5.525000000000000355, 0.7799999999999999156, 0.06499999999999994671 ) ) ;
#2939 = DIRECTION ( 'NONE',  ( 1.000000000000000000, 0.000000000000000000, 0.000000000000000000 ) ) ;
#2940 = FACE_OUTER_BOUND ( 'NONE', #7883, .T. ) ;
#2941 = AXIS2_PLACEMENT_3D ( 'NONE', #5948, #8247, #4362 ) ;
#2942 = PLANE ( 'NONE',  #9248 ) ;
#2943 = ORIENTED_EDGE ( 'NONE', *, *, #8134, .F. ) ;
#2944 = ORIENTED_EDGE ( 'NONE', *, *, #9092, .T. ) ;
#2945 = LINE ( 'NONE', #4361, #8333 ) ;
#2946 = APPLICATION_PROTOCOL_DEFINITION ( 'draft international standard', 'automotive_design', 1998, #7447 ) ;
#2947 = PLANE ( 'NONE',  #7769 ) ;
#2948 = DIRECTION ( 'NONE',  ( 0.000000000000000000, 1.000000000000000000, 0.000000000000000000 ) ) ;
#2949 = LINE ( 'NONE', #2237, #2667 ) ;
#2950 = VERTEX_POINT ( 'NONE', #6096 ) ;
#2951 = DIRECTION ( 'NONE',  ( 0.000000000000000000, -0.000000000000000000, 1.000000000000000000 ) ) ;
#2952 = EDGE_CURVE ( 'NONE', #8934, #8969, #6918, .T. ) ;
#2953 = EDGE_CURVE ( 'NONE', #911, #9552, #2217, .T. ) ;
#2954 = ORIENTED_EDGE ( 'NONE', *, *, #5340, .T. ) ;
#2955 = VECTOR ( 'NONE', #5596, 1000.000000000000114 ) ;
#2956 = VERTEX_POINT ( 'NONE', #6769 ) ;
#2957 = DIRECTION ( 'NONE',  ( 0.000000000000000000, -1.000000000000000000, 0.000000000000000000 ) ) ;
#2958 = CARTESIAN_POINT ( 'NONE',  ( 0.5250000000000002442, 2.055000000000001048, 2.024999999999999911 ) ) ;
#2959 = VECTOR ( 'NONE', #1622, 1000.000000000000000 ) ;
#2960 = PLANE ( 'NONE',  #3329 ) ;
#2961 = DIRECTION ( 'NONE',  ( 0.000000000000000000, 0.000000000000000000, -1.000000000000000000 ) ) ;
#2962 = CYLINDRICAL_SURFACE ( 'NONE', #7542, 0.08500000000000000611 ) ;
#2963 = LINE ( 'NONE', #7720, #9234 ) ;
#2964 = DIRECTION ( 'NONE',  ( 1.197572355469997778E-16, -1.000000000000000000, 0.000000000000000000 ) ) ;
#2965 = CARTESIAN_POINT ( 'NONE',  ( -5.724999999999999645, 1.030000000000000027, -2.024999999999999911 ) ) ;
#2966 = EDGE_CURVE ( 'NONE', #2032, #196, #6200, .T. ) ;
#2967 = ORIENTED_EDGE ( 'NONE', *, *, #1171, .T. ) ;
#2968 = AXIS2_PLACEMENT_3D ( 'NONE', #96, #769, #9360 ) ;
#2969 = PLANE ( 'NONE',  #6182 ) ;
#2970 = VERTEX_POINT ( 'NONE', #3035 ) ;
#2971 = VECTOR ( 'NONE', #9813, 1000.000000000000000 ) ;
#2972 = ORIENTED_EDGE ( 'NONE', *, *, #4397, .F. ) ;
#2973 = ORIENTED_EDGE ( 'NONE', *, *, #2588, .F. ) ;
#2974 = FACE_OUTER_BOUND ( 'NONE', #1156, .T. ) ;
#2975 = CARTESIAN_POINT ( 'NONE',  ( 3.855000000000002647, 0.7800000000000000266, -0.3250000000000000666 ) ) ;
#2976 = DIRECTION ( 'NONE',  ( 0.000000000000000000, -1.000000000000000000, 0.000000000000000000 ) ) ;
#2977 = EDGE_CURVE ( 'NONE', #3632, #8850, #9911, .T. ) ;
#2978 = VERTEX_POINT ( 'NONE', #3790 ) ;
#2979 = EDGE_CURVE ( 'NONE', #1299, #3276, #3682, .T. ) ;
#2981 = PLANE ( 'NONE',  #8606 ) ;
#2980 = CARTESIAN_POINT ( 'NONE',  ( -7.605000000000000426, 1.719999999999999529, 2.024999999999999911 ) ) ;
#2982 = VERTEX_POINT ( 'NONE', #6818 ) ;
#2983 = DIRECTION ( 'NONE',  ( 0.000000000000000000, -1.000000000000000000, 0.000000000000000000 ) ) ;
#2984 = DIRECTION ( 'NONE',  ( -1.000000000000000000, 0.000000000000000000, 0.000000000000000000 ) ) ;
#2985 = EDGE_LOOP ( 'NONE', ( #1770, #9455, #9510, #7988, #579 ) ) ;
#2986 = LINE ( 'NONE', #7694, #6927 ) ;
#2987 = DIRECTION ( 'NONE',  ( -1.000000000000000000, 0.000000000000000000, -0.000000000000000000 ) ) ;
#2988 = DIRECTION ( 'NONE',  ( 0.000000000000000000, -1.000000000000000000, 0.000000000000000000 ) ) ;
#2989 = LINE ( 'NONE', #6973, #9472 ) ;
#2990 = CARTESIAN_POINT ( 'NONE',  ( -7.375000000000000888, 0.4800000000000000377, -0.2750000000000000777 ) ) ;
#2991 = PLANE ( 'NONE',  #4238 ) ;
#2992 = LINE ( 'NONE', #6100, #2712 ) ;
#2993 = ORIENTED_EDGE ( 'NONE', *, *, #3571, .T. ) ;
#2994 = ADVANCED_FACE ( 'NONE', ( #9852 ), #2885, .F. ) ;
#2995 = VERTEX_POINT ( 'NONE', #9163 ) ;
#2996 = DIRECTION ( 'NONE',  ( 0.000000000000000000, 1.000000000000000000, 0.000000000000000000 ) ) ;
#2997 = DIRECTION ( 'NONE',  ( 0.000000000000000000, 1.000000000000000000, 0.000000000000000000 ) ) ;
#2998 = ORIENTED_EDGE ( 'NONE', *, *, #7077, .T. ) ;
#2999 = CARTESIAN_POINT ( 'NONE',  ( -6.790000000000000036, 0.5799999999999995159, 2.024999999999999911 ) ) ;
#3000 = CARTESIAN_POINT ( 'NONE',  ( 7.875000000000000000, 1.030000000000000027, 0.000000000000000000 ) ) ;
#3001 = FACE_OUTER_BOUND ( 'NONE', #808, .T. ) ;
#3002 = VERTEX_POINT ( 'NONE', #8500 ) ;
#3003 = DIRECTION ( 'NONE',  ( -0.000000000000000000, -0.000000000000000000, 1.000000000000000000 ) ) ;
#3004 = ORIENTED_EDGE ( 'NONE', *, *, #2152, .F. ) ;
#3005 = PLANE ( 'NONE',  #6678 ) ;
#3006 = ORIENTED_EDGE ( 'NONE', *, *, #1841, .F. ) ;
#3007 = CARTESIAN_POINT ( 'NONE',  ( 3.575000000000003730, 0.000000000000000000, 2.024999999999999911 ) ) ;
#3008 = DIRECTION ( 'NONE',  ( 1.000000000000000000, 0.000000000000000000, 0.000000000000000000 ) ) ;
#3009 = LINE ( 'NONE', #5200, #7044 ) ;
#3010 = VECTOR ( 'NONE', #3611, 1000.000000000000000 ) ;
#3011 = VECTOR ( 'NONE', #3040, 1000.000000000000000 ) ;
#3012 = CARTESIAN_POINT ( 'NONE',  ( -4.474999999999999645, 0.000000000000000000, -2.024999999999999911 ) ) ;
#3013 = CARTESIAN_POINT ( 'NONE',  ( -11.62499999999999822, 2.960000000000000853, 2.024999999999999911 ) ) ;
#3014 = CARTESIAN_POINT ( 'NONE',  ( -3.024999999999999911, 0.5799999999999996270, 2.024999999999999911 ) ) ;
#3015 = DIRECTION ( 'NONE',  ( -1.000000000000000000, -0.000000000000000000, -0.000000000000000000 ) ) ;
#3016 = EDGE_CURVE ( 'NONE', #3700, #3610, #2168, .T. ) ;
#3017 = CARTESIAN_POINT ( 'NONE',  ( -7.875000000000000000, 2.209999999999999520, 1.975000000000001865 ) ) ;
#3018 = ADVANCED_FACE ( 'NONE', ( #3736 ), #7743, .T. ) ;
#3019 = DIRECTION ( 'NONE',  ( 1.000000000000000000, -0.000000000000000000, -0.000000000000000000 ) ) ;
#3020 = ORIENTED_EDGE ( 'NONE', *, *, #9273, .F. ) ;
#3021 = CARTESIAN_POINT ( 'NONE',  ( 8.040000000000000924, 0.7800000000000015810, 1.824999999999999289 ) ) ;
#3022 = EDGE_LOOP ( 'NONE', ( #6604, #620, #9698, #7784, #7627, #550, #2807, #9330, #8229, #9873, #5780, #4240, #552, #2268, #346, #9921, #1554, #7529, #9345, #2384, #74 ) ) ;
#3023 = PLANE ( 'NONE',  #429 ) ;
#3024 = ORIENTED_EDGE ( 'NONE', *, *, #2004, .F. ) ;
#3025 = FACE_OUTER_BOUND ( 'NONE', #8941, .T. ) ;
#3026 = ORIENTED_EDGE ( 'NONE', *, *, #8584, .F. ) ;
#3027 = FACE_OUTER_BOUND ( 'NONE', #5380, .T. ) ;
#3028 = EDGE_CURVE ( 'NONE', #7811, #5750, #3084, .T. ) ;
#3029 = CARTESIAN_POINT ( 'NONE',  ( -7.875000000000000000, 0.000000000000000000, 2.024999999999999911 ) ) ;
#3030 = EDGE_CURVE ( 'NONE', #10080, #3228, #8345, .T. ) ;
#3031 = EDGE_CURVE ( 'NONE', #5194, #758, #958, .T. ) ;
#3032 = EDGE_CURVE ( 'NONE', #8601, #6897, #4089, .T. ) ;
#3033 = DIRECTION ( 'NONE',  ( 1.000000000000000000, 0.000000000000000000, 0.000000000000000000 ) ) ;
#3034 = DIRECTION ( 'NONE',  ( 1.000000000000000000, -0.000000000000000000, -0.000000000000000000 ) ) ;
#3035 = CARTESIAN_POINT ( 'NONE',  ( 3.750000000000001776, 3.965000000000001634, 0.09499999999999962641 ) ) ;
#3036 = VECTOR ( 'NONE', #5363, 1000.000000000000000 ) ;
#3037 = EDGE_LOOP ( 'NONE', ( #9129, #2617, #1063, #3394 ) ) ;
#3038 = ORIENTED_EDGE ( 'NONE', *, *, #112, .T. ) ;
#3039 = AXIS2_PLACEMENT_3D ( 'NONE', #3000, #6876, #1174 ) ;
#3040 = DIRECTION ( 'NONE',  ( -1.000000000000000000, 0.000000000000000000, 0.000000000000000000 ) ) ;
#3041 = EDGE_CURVE ( 'NONE', #1161, #4828, #7227, .T. ) ;
#3042 = CARTESIAN_POINT ( 'NONE',  ( 0.7249999999999999778, 2.085000000000000409, 2.024999999999999911 ) ) ;
#3043 = DIRECTION ( 'NONE',  ( 1.000000000000000000, 0.000000000000000000, 0.000000000000000000 ) ) ;
#3044 = FACE_OUTER_BOUND ( 'NONE', #5424, .T. ) ;
#3045 = AXIS2_PLACEMENT_3D ( 'NONE', #7994, #3343, #5693 ) ;
#3046 = CARTESIAN_POINT ( 'NONE',  ( -1.975000000000000533, 0.7800000000000003597, 1.824999999999999289 ) ) ;
#3047 = CARTESIAN_POINT ( 'NONE',  ( 2.613750000000001350, 2.255000000000000338, 0.06499999999999994671 ) ) ;
#3048 = ORIENTED_EDGE ( 'NONE', *, *, #7140, .T. ) ;
#3049 = DIRECTION ( 'NONE',  ( 0.5773502691896257311, -0.5773502691896358341, -0.5773502691896157391 ) ) ;
#3050 = AXIS2_PLACEMENT_3D ( 'NONE', #5445, #7137, #4004 ) ;
#3051 = EDGE_LOOP ( 'NONE', ( #3242, #9223, #6351, #2117 ) ) ;
#3052 = ORIENTED_EDGE ( 'NONE', *, *, #6657, .T. ) ;
#3053 = FACE_OUTER_BOUND ( 'NONE', #3566, .T. ) ;
#3054 = PLANE ( 'NONE',  #2424 ) ;
#3055 = LINE ( 'NONE', #1290, #822 ) ;
#3056 = UNCERTAINTY_MEASURE_WITH_UNIT (LENGTH_MEASURE( 1.000000000000000082E-05 ), #4808, 'distance_accuracy_value', 'NONE');
#3057 = DIRECTION ( 'NONE',  ( 1.000000000000000000, 0.000000000000000000, 0.000000000000000000 ) ) ;
#3058 = DIRECTION ( 'NONE',  ( 0.000000000000000000, 0.000000000000000000, -1.000000000000000000 ) ) ;
#3059 = CARTESIAN_POINT ( 'NONE',  ( -7.500000000000000000, 3.965000000000001634, 0.06499999999999994671 ) ) ;
#3060 = DIRECTION ( 'NONE',  ( 0.000000000000000000, 1.000000000000000000, 0.000000000000000000 ) ) ;
#3061 = ORIENTED_EDGE ( 'NONE', *, *, #3870, .F. ) ;
#3062 = CARTESIAN_POINT ( 'NONE',  ( -7.375000000000000888, -0.06250000000000049960, -0.06250000000000077716 ) ) ;
#3063 = VECTOR ( 'NONE', #6287, 1000.000000000000000 ) ;
#3064 = LINE ( 'NONE', #4752, #4804 ) ;
#3065 = AXIS2_PLACEMENT_3D ( 'NONE', #1692, #5510, #6320 ) ;
#3066 = VERTEX_POINT ( 'NONE', #7025 ) ;
#3067 = CARTESIAN_POINT ( 'NONE',  ( -7.375000000000000888, 0.4800000000000000377, -0.2750000000000000777 ) ) ;
#3068 = CARTESIAN_POINT ( 'NONE',  ( 4.125000000000001776, 2.400000000000000355, 0.000000000000000000 ) ) ;
#3069 = ORIENTED_EDGE ( 'NONE', *, *, #8387, .T. ) ;
#3070 = LINE ( 'NONE', #754, #5518 ) ;
#3071 = ORIENTED_EDGE ( 'NONE', *, *, #6349, .T. ) ;
#3072 = CARTESIAN_POINT ( 'NONE',  ( -7.375000000000000888, -0.9375000000000012212, 0.9375000000000056621 ) ) ;
#3073 = EDGE_CURVE ( 'NONE', #9961, #10039, #7983, .T. ) ;
#3074 = EDGE_CURVE ( 'NONE', #6076, #4692, #1670, .T. ) ;
#3075 = VECTOR ( 'NONE', #4344, 1000.000000000000000 ) ;
#3076 = ADVANCED_FACE ( 'NONE', ( #914 ), #7070, .T. ) ;
#3077 = LINE ( 'NONE', #1362, #1428 ) ;
#3078 = ORIENTED_EDGE ( 'NONE', *, *, #3510, .F. ) ;
#3079 = LINE ( 'NONE', #8542, #6314 ) ;
#3080 = DIRECTION ( 'NONE',  ( 0.000000000000000000, 0.000000000000000000, 1.000000000000000000 ) ) ;
#3081 = FACE_OUTER_BOUND ( 'NONE', #34, .T. ) ;
#3082 = PLANE ( 'NONE',  #9955 ) ;
#3083 = CARTESIAN_POINT ( 'NONE',  ( -4.062500000000003553, 8.809142651444728259E-15, 0.06499999999999994671 ) ) ;
#3084 = LINE ( 'NONE', #2325, #9562 ) ;
#3085 = CARTESIAN_POINT ( 'NONE',  ( -7.375000000000000888, 0.8499999999999992006, 2.024999999999999911 ) ) ;
#3086 = ORIENTED_EDGE ( 'NONE', *, *, #438, .T. ) ;
#3087 = EDGE_CURVE ( 'NONE', #7844, #4763, #816, .T. ) ;
#3088 = ADVANCED_FACE ( 'NONE', ( #9361 ), #3281, .T. ) ;
#3089 = VERTEX_POINT ( 'NONE', #7841 ) ;
#3090 = CARTESIAN_POINT ( 'NONE',  ( 3.750000000000001776, 3.965000000000001634, 2.024999999999999911 ) ) ;
#3091 = DIRECTION ( 'NONE',  ( 1.000000000000000000, 0.000000000000000000, 0.000000000000000000 ) ) ;
#3092 = EDGE_LOOP ( 'NONE', ( #5850, #244, #2574, #2240 ) ) ;
#3093 = DIRECTION ( 'NONE',  ( 1.000000000000000000, 0.000000000000000000, -0.000000000000000000 ) ) ;
#3094 = LINE ( 'NONE', #3047, #4169 ) ;
#3095 = ORIENTED_EDGE ( 'NONE', *, *, #558, .F. ) ;
#3096 = LINE ( 'NONE', #8614, #8325 ) ;
#3097 = EDGE_CURVE ( 'NONE', #4057, #3534, #3934, .T. ) ;
#3098 = ADVANCED_FACE ( 'NONE', ( #6299 ), #9499, .T. ) ;
#3099 = ORIENTED_EDGE ( 'NONE', *, *, #4652, .T. ) ;
#3100 = ORIENTED_EDGE ( 'NONE', *, *, #7094, .T. ) ;
#3101 = LINE ( 'NONE', #5360, #363 ) ;
#3102 = DIRECTION ( 'NONE',  ( 0.000000000000000000, -0.000000000000000000, 1.000000000000000000 ) ) ;
#3103 = CARTESIAN_POINT ( 'NONE',  ( -6.924999999999999822, 3.325000000000000178, 0.06499999999999994671 ) ) ;
#3104 = CARTESIAN_POINT ( 'NONE',  ( -2.812499999999998224, 2.255000000000000338, 0.06499999999999994671 ) ) ;
#3105 = DIRECTION ( 'NONE',  ( -0.000000000000000000, -0.7071067811865474617, 0.7071067811865474617 ) ) ;
#3106 = ORIENTED_EDGE ( 'NONE', *, *, #7348, .T. ) ;
#3107 = CARTESIAN_POINT ( 'NONE',  ( -0.000000000000000000, 3.965000000000001634, 2.024999999999999911 ) ) ;
#3108 = FACE_OUTER_BOUND ( 'NONE', #2713, .T. ) ;
#3109 = ORIENTED_EDGE ( 'NONE', *, *, #4699, .F. ) ;
#3110 = CARTESIAN_POINT ( 'NONE',  ( 5.000000000000000000, 0.5500000000000010436, 0.06499999999999994671 ) ) ;
#3111 = DIRECTION ( 'NONE',  ( -1.000000000000000000, -0.000000000000000000, -0.000000000000000000 ) ) ;
#3112 = DIRECTION ( 'NONE',  ( -1.000000000000000000, -0.000000000000000000, -0.000000000000000000 ) ) ;
#3113 = DIRECTION ( 'NONE',  ( -0.000000000000000000, 0.000000000000000000, 1.000000000000000000 ) ) ;
#3114 = EDGE_LOOP ( 'NONE', ( #9235, #4919, #6589, #1880 ) ) ;
#3115 = VECTOR ( 'NONE', #1339, 1000.000000000000000 ) ;
#3116 = CARTESIAN_POINT ( 'NONE',  ( -7.605000000000000426, 2.209999999999999520, 1.274999999999999911 ) ) ;
#3117 = ORIENTED_EDGE ( 'NONE', *, *, #3097, .T. ) ;
#3118 = ADVANCED_FACE ( 'NONE', ( #7174 ), #8652, .F. ) ;
#3119 = LINE ( 'NONE', #660, #10033 ) ;
#3120 = VECTOR ( 'NONE', #2167, 1000.000000000000000 ) ;
#3121 = VERTEX_POINT ( 'NONE', #5431 ) ;
#3122 = ORIENTED_EDGE ( 'NONE', *, *, #4274, .T. ) ;
#3123 = ORIENTED_EDGE ( 'NONE', *, *, #6882, .F. ) ;
#3124 = DIRECTION ( 'NONE',  ( 0.000000000000000000, 0.000000000000000000, -1.000000000000000000 ) ) ;
#3125 = DIRECTION ( 'NONE',  ( 0.000000000000000000, -1.000000000000000000, 0.000000000000000000 ) ) ;
#3126 = VECTOR ( 'NONE', #3248, 1000.000000000000000 ) ;
#3127 = DIRECTION ( 'NONE',  ( 0.000000000000000000, -1.000000000000000000, 0.000000000000000000 ) ) ;
#3128 = CARTESIAN_POINT ( 'NONE',  ( 7.875000000000000000, 1.030000000000000027, -1.464999999999999636 ) ) ;
#3129 = DIRECTION ( 'NONE',  ( 0.000000000000000000, 0.000000000000000000, -1.000000000000000000 ) ) ;
#3130 = EDGE_LOOP ( 'NONE', ( #9731, #4683, #964, #5685 ) ) ;
#3131 = VERTEX_POINT ( 'NONE', #9446 ) ;
#3132 = ORIENTED_EDGE ( 'NONE', *, *, #5141, .F. ) ;
#3133 = CARTESIAN_POINT ( 'NONE',  ( 3.855000000000002647, 2.209999999999999520, -0.2750000000000000777 ) ) ;
#3134 = ADVANCED_FACE ( 'NONE', ( #6390 ), #7886, .T. ) ;
#3135 = CARTESIAN_POINT ( 'NONE',  ( -7.375000000000000000, 4.120000000000000107, -1.724999999999999867 ) ) ;
#3136 = EDGE_CURVE ( 'NONE', #4428, #6832, #7798, .T. ) ;
#3137 = VERTEX_POINT ( 'NONE', #4807 ) ;
#3138 = DIRECTION ( 'NONE',  ( -1.000000000000000000, 0.000000000000000000, 0.000000000000000000 ) ) ;
#3139 = DIRECTION ( 'NONE',  ( -1.000000000000000000, 0.000000000000000000, 0.000000000000000000 ) ) ;
#3140 = ORIENTED_EDGE ( 'NONE', *, *, #4526, .T. ) ;
#3141 = ORIENTED_EDGE ( 'NONE', *, *, #9154, .F. ) ;
#3142 = CARTESIAN_POINT ( 'NONE',  ( -3.024999999999999911, 0.7799999999999999156, 0.06499999999999994671 ) ) ;
#3143 = EDGE_LOOP ( 'NONE', ( #315, #4406, #5168, #5122 ) ) ;
#3144 = DIRECTION ( 'NONE',  ( 0.000000000000000000, 1.000000000000000000, -2.920409892216845161E-16 ) ) ;
#3145 = CARTESIAN_POINT ( 'NONE',  ( 7.875000000000000000, 0.1800000000000000488, 0.000000000000000000 ) ) ;
#3146 = ADVANCED_FACE ( 'NONE', ( #2472 ), #2425, .F. ) ;
#3147 = EDGE_CURVE ( 'NONE', #3717, #1036, #9496, .T. ) ;
#3148 = ADVANCED_FACE ( 'NONE', ( #9357 ), #913, .T. ) ;
#3149 = EDGE_CURVE ( 'NONE', #3355, #4269, #861, .T. ) ;
#3150 = CARTESIAN_POINT ( 'NONE',  ( -4.474999999999999645, 2.085000000000000409, 2.024999999999999911 ) ) ;
#3151 = CARTESIAN_POINT ( 'NONE',  ( 1.975000000000001865, 0.000000000000000000, -2.024999999999999911 ) ) ;
#3152 = PRODUCT_DEFINITION_SHAPE ( 'NONE', 'NONE',  #10096 ) ;
#3153 = DIRECTION ( 'NONE',  ( 1.000000000000000000, -0.000000000000000000, -0.000000000000000000 ) ) ;
#3154 = VERTEX_POINT ( 'NONE', #2372 ) ;
#3155 = VERTEX_POINT ( 'NONE', #9309 ) ;
#3156 = CARTESIAN_POINT ( 'NONE',  ( 1.975000000000002753, 2.055000000000001048, 2.024999999999999911 ) ) ;
#3157 = AXIS2_PLACEMENT_3D ( 'NONE', #5171, #4458, #2269 ) ;
#3158 = EDGE_CURVE ( 'NONE', #1740, #7979, #93, .T. ) ;
#3159 = LINE ( 'NONE', #1459, #6602 ) ;
#3160 = CARTESIAN_POINT ( 'NONE',  ( -1.562500000000003553, 8.809142651444728259E-15, 2.024999999999999911 ) ) ;
#3161 = ORIENTED_EDGE ( 'NONE', *, *, #1519, .T. ) ;
#3162 = DIRECTION ( 'NONE',  ( 0.000000000000000000, -1.000000000000000000, 0.000000000000000000 ) ) ;
#3163 = ORIENTED_EDGE ( 'NONE', *, *, #7402, .T. ) ;
#3164 = ORIENTED_EDGE ( 'NONE', *, *, #5649, .F. ) ;
#3165 = CARTESIAN_POINT ( 'NONE',  ( -5.525000000000000355, 0.01500000000000050078, -0.01500000000000050078 ) ) ;
#3166 = ORIENTED_EDGE ( 'NONE', *, *, #6774, .T. ) ;
#3167 = ORIENTED_EDGE ( 'NONE', *, *, #4897, .F. ) ;
#3168 = LINE ( 'NONE', #3831, #1882 ) ;
#3169 = CARTESIAN_POINT ( 'NONE',  ( -5.724999999999999645, 0.5050000000000000044, -1.584999999999999964 ) ) ;
#3170 = LINE ( 'NONE', #284, #9363 ) ;
#3171 = DIRECTION ( 'NONE',  ( 0.000000000000000000, 0.000000000000000000, -1.000000000000000000 ) ) ;
#3172 = DIRECTION ( 'NONE',  ( 1.000000000000000000, 0.000000000000000000, 0.000000000000000000 ) ) ;
#3173 = CARTESIAN_POINT ( 'NONE',  ( -5.525000000000000355, 1.630000000000000560, 0.06499999999999994671 ) ) ;
#3174 = VERTEX_POINT ( 'NONE', #3986 ) ;
#3175 = ORIENTED_EDGE ( 'NONE', *, *, #1944, .T. ) ;
#3176 = VERTEX_POINT ( 'NONE', #7170 ) ;
#3177 = EDGE_CURVE ( 'NONE', #2922, #2231, #3277, .T. ) ;
#3178 = ORIENTED_EDGE ( 'NONE', *, *, #5126, .T. ) ;
#3179 = EDGE_CURVE ( 'NONE', #844, #8192, #3079, .T. ) ;
#3180 = VECTOR ( 'NONE', #1230, 1000.000000000000000 ) ;
#3181 = DIRECTION ( 'NONE',  ( -1.000000000000000000, -0.000000000000000000, -0.000000000000000000 ) ) ;
#3183 = VECTOR ( 'NONE', #9531, 1000.000000000000000 ) ;
#3182 = DIRECTION ( 'NONE',  ( -1.000000000000000000, -1.197572355469997778E-16, 0.000000000000000000 ) ) ;
#3184 = CARTESIAN_POINT ( 'NONE',  ( -5.525000000000000355, 0.000000000000000000, 1.824999999999999956 ) ) ;
#3185 = ORIENTED_EDGE ( 'NONE', *, *, #6403, .T. ) ;
#3186 = CARTESIAN_POINT ( 'NONE',  ( 3.855000000000002647, 0.4800000000000017031, -0.2750000000000000777 ) ) ;
#3187 = DIRECTION ( 'NONE',  ( -0.000000000000000000, 0.7071067811865475727, -0.7071067811865475727 ) ) ;
#3188 = ORIENTED_EDGE ( 'NONE', *, *, #5963, .T. ) ;
#3189 = LINE ( 'NONE', #3954, #2462 ) ;
#3190 = VERTEX_POINT ( 'NONE', #710 ) ;
#3191 = VECTOR ( 'NONE', #7509, 1000.000000000000000 ) ;
#3192 = EDGE_CURVE ( 'NONE', #3089, #7353, #3168, .T. ) ;
#3193 = VERTEX_POINT ( 'NONE', #142 ) ;
#3194 = EDGE_CURVE ( 'NONE', #5109, #8861, #5485, .T. ) ;
#3195 = CARTESIAN_POINT ( 'NONE',  ( 3.625000000000002220, -1.828238918348616824E-15, -0.1250000000000009992 ) ) ;
#3196 = PLANE ( 'NONE',  #8778 ) ;
#3197 = VECTOR ( 'NONE', #2635, 1000.000000000000000 ) ;
#3198 = FACE_OUTER_BOUND ( 'NONE', #1463, .T. ) ;
#3199 = VECTOR ( 'NONE', #3301, 1000.000000000000000 ) ;
#3200 = DIRECTION ( 'NONE',  ( 0.000000000000000000, -1.000000000000000000, 0.000000000000000000 ) ) ;
#3201 = CARTESIAN_POINT ( 'NONE',  ( 3.625000000000002220, 2.259999999999999343, 2.024999999999999911 ) ) ;
#3202 = DIRECTION ( 'NONE',  ( 0.000000000000000000, 0.000000000000000000, 1.000000000000000000 ) ) ;
#3203 = VERTEX_POINT ( 'NONE', #6195 ) ;
#3204 = CIRCLE ( 'NONE', #7297, 0.2000000000000000944 ) ;
#3205 = ORIENTED_EDGE ( 'NONE', *, *, #7078, .F. ) ;
#3206 = ORIENTED_EDGE ( 'NONE', *, *, #9621, .T. ) ;
#3207 = ADVANCED_FACE ( 'NONE', ( #2319 ), #762, .T. ) ;
#3208 = ADVANCED_FACE ( 'NONE', ( #7065 ), #45, .T. ) ;
#3209 = ADVANCED_FACE ( 'NONE', ( #4224 ), #6294, .T. ) ;
#3210 = DIRECTION ( 'NONE',  ( 0.000000000000000000, -1.000000000000000000, 0.000000000000000000 ) ) ;
#3211 = VECTOR ( 'NONE', #3224, 1000.000000000000000 ) ;
#3212 = DIRECTION ( 'NONE',  ( 0.000000000000000000, -1.000000000000000000, 5.706327223607912624E-16 ) ) ;
#3213 = LINE ( 'NONE', #8732, #7117 ) ;
#3214 = CARTESIAN_POINT ( 'NONE',  ( 3.575000000000003730, 0.4800000000000000377, 2.024999999999999911 ) ) ;
#3215 = CARTESIAN_POINT ( 'NONE',  ( 0.7249999999999999778, 1.030000000000000027, -2.024999999999999911 ) ) ;
#3216 = VERTEX_POINT ( 'NONE', #3545 ) ;
#3218 = LINE ( 'NONE', #4707, #8776 ) ;
#3217 = DIRECTION ( 'NONE',  ( 0.000000000000000000, -0.000000000000000000, 1.000000000000000000 ) ) ;
#3219 = EDGE_CURVE ( 'NONE', #8963, #7018, #7981, .T. ) ;
#3220 = ADVANCED_FACE ( 'NONE', ( #4272 ), #1720, .T. ) ;
#3221 = ORIENTED_EDGE ( 'NONE', *, *, #1147, .T. ) ;
#3222 = ORIENTED_EDGE ( 'NONE', *, *, #6641, .F. ) ;
#3223 = AXIS2_PLACEMENT_3D ( 'NONE', #592, #1400, #2918 ) ;
#3224 = DIRECTION ( 'NONE',  ( 1.000000000000000000, 0.000000000000000000, 0.000000000000000000 ) ) ;
#3225 = LINE ( 'NONE', #7066, #2959 ) ;
#3226 = FACE_OUTER_BOUND ( 'NONE', #290, .T. ) ;
#3227 = DIRECTION ( 'NONE',  ( 0.000000000000000000, 0.000000000000000000, 1.000000000000000000 ) ) ;
#3228 = VERTEX_POINT ( 'NONE', #8743 ) ;
#3229 = VECTOR ( 'NONE', #2045, 1000.000000000000000 ) ;
#3230 = ORIENTED_EDGE ( 'NONE', *, *, #8008, .F. ) ;
#3231 = VECTOR ( 'NONE', #4494, 1000.000000000000000 ) ;
#3232 = VERTEX_POINT ( 'NONE', #6636 ) ;
#3233 = VECTOR ( 'NONE', #7397, 1000.000000000000000 ) ;
#3234 = DIRECTION ( 'NONE',  ( -1.734723475976806503E-15, -1.000000000000000000, 0.000000000000000000 ) ) ;
#3235 = LINE ( 'NONE', #3290, #9623 ) ;
#3236 = EDGE_LOOP ( 'NONE', ( #6874, #699, #6436, #5974 ) ) ;
#3237 = LINE ( 'NONE', #8663, #1807 ) ;
#3238 = DIRECTION ( 'NONE',  ( 0.000000000000000000, -1.000000000000000000, 0.000000000000000000 ) ) ;
#3239 = ORIENTED_EDGE ( 'NONE', *, *, #6775, .T. ) ;
#3240 = DIRECTION ( 'NONE',  ( -0.000000000000000000, 1.000000000000000000, 0.000000000000000000 ) ) ;
#3241 = AXIS2_PLACEMENT_3D ( 'NONE', #9039, #3425, #336 ) ;
#3242 = ORIENTED_EDGE ( 'NONE', *, *, #4584, .T. ) ;
#3243 = ORIENTED_EDGE ( 'NONE', *, *, #4527, .T. ) ;
#3244 = CARTESIAN_POINT ( 'NONE',  ( -5.525000000000000355, -5.913830031739109626E-16, -2.024999999999999911 ) ) ;
#3245 = AXIS2_PLACEMENT_3D ( 'NONE', #2488, #7033, #10 ) ;
#3246 = DIRECTION ( 'NONE',  ( 0.000000000000000000, 0.000000000000000000, -1.000000000000000000 ) ) ;
#3247 = DIRECTION ( 'NONE',  ( -1.000000000000000000, -1.197572355469997778E-16, 0.000000000000000000 ) ) ;
#3248 = DIRECTION ( 'NONE',  ( 0.000000000000000000, 0.000000000000000000, 1.000000000000000000 ) ) ;
#3249 = LINE ( 'NONE', #8567, #9546 ) ;
#3250 = CARTESIAN_POINT ( 'NONE',  ( 0.000000000000000000, 2.760000000000000231, 1.824999999999999289 ) ) ;
#3251 = MECHANICAL_DESIGN_GEOMETRIC_PRESENTATION_REPRESENTATION (  '', ( #2112 ), #8640 ) ;
#3252 = EDGE_CURVE ( 'NONE', #4189, #4502, #6486, .T. ) ;
#3253 = LINE ( 'NONE', #1699, #382 ) ;
#3254 = DIRECTION ( 'NONE',  ( -0.000000000000000000, -1.000000000000000000, -0.000000000000000000 ) ) ;
#3255 = LINE ( 'NONE', #3815, #4720 ) ;
#3256 = VERTEX_POINT ( 'NONE', #957 ) ;
#3257 = DIRECTION ( 'NONE',  ( 8.468115335143821308E-17, 0.7071067811865475727, 0.7071067811865474617 ) ) ;
#3258 = CARTESIAN_POINT ( 'NONE',  ( -5.525000000000000355, 1.498933982822020061, 1.468933982822018036 ) ) ;
#3259 = CARTESIAN_POINT ( 'NONE',  ( -2.812500000000003553, 8.809142651444728259E-15, 2.024999999999999911 ) ) ;
#3260 =( REPRESENTATION_RELATIONSHIP ('NONE','NONE', #4816, #3828 ) REPRESENTATION_RELATIONSHIP_WITH_TRANSFORMATION ( #3328 )SHAPE_REPRESENTATION_RELATIONSHIP( ) );
#3261 = DIRECTION ( 'NONE',  ( 0.000000000000000000, -1.000000000000000000, -0.000000000000000000 ) ) ;
#3262 = VECTOR ( 'NONE', #614, 1000.000000000000000 ) ;
#3263 = EDGE_CURVE ( 'NONE', #6388, #4875, #1913, .T. ) ;
#3264 = CARTESIAN_POINT ( 'NONE',  ( 1.975000000000001865, 1.630000000000000560, -1.464999999999999636 ) ) ;
#3265 = LINE ( 'NONE', #4950, #8896 ) ;
#3266 = EDGE_CURVE ( 'NONE', #1799, #2978, #9771, .T. ) ;
#3267 = EDGE_CURVE ( 'NONE', #910, #6857, #2748, .T. ) ;
#3268 = CARTESIAN_POINT ( 'NONE',  ( 7.875000000000000000, 2.055000000000001048, 2.024999999999999911 ) ) ;
#3269 = CARTESIAN_POINT ( 'NONE',  ( -4.474999999999999645, 1.030000000000000027, -2.024999999999999911 ) ) ;
#3270 = EDGE_LOOP ( 'NONE', ( #3382, #5592, #1739, #8454 ) ) ;
#3272 = DIRECTION ( 'NONE',  ( 1.000000000000000000, 0.000000000000000000, 0.000000000000000000 ) ) ;
#3271 = DIRECTION ( 'NONE',  ( -1.000000000000000000, 1.204669080539440518E-15, 0.000000000000000000 ) ) ;
#3273 = ORIENTED_EDGE ( 'NONE', *, *, #1015, .F. ) ;
#3274 = AXIS2_PLACEMENT_3D ( 'NONE', #5587, #9447, #4138 ) ;
#3275 = VERTEX_POINT ( 'NONE', #8974 ) ;
#3276 = VERTEX_POINT ( 'NONE', #1968 ) ;
#3277 = LINE ( 'NONE', #7787, #583 ) ;
#3278 = CARTESIAN_POINT ( 'NONE',  ( -0.5250000000000002442, 1.030000000000000027, -2.024999999999999911 ) ) ;
#3279 = VECTOR ( 'NONE', #2961, 1000.000000000000000 ) ;
#3280 = ADVANCED_FACE ( 'NONE', ( #2517 ), #1140, .T. ) ;
#3281 = PLANE ( 'NONE',  #5666 ) ;
#3282 = ADVANCED_FACE ( 'NONE', ( #1184 ), #7506, .T. ) ;
#3283 = EDGE_CURVE ( 'NONE', #7843, #7220, #478, .T. ) ;
#3284 = VECTOR ( 'NONE', #5119, 1000.000000000000000 ) ;
#3285 = ORIENTED_EDGE ( 'NONE', *, *, #3633, .F. ) ;
#3286 = AXIS2_PLACEMENT_3D ( 'NONE', #2780, #5128, #8812 ) ;
#3287 = ORIENTED_EDGE ( 'NONE', *, *, #691, .T. ) ;
#3288 = ORIENTED_EDGE ( 'NONE', *, *, #6256, .T. ) ;
#3289 = AXIS2_PLACEMENT_3D ( 'NONE', #7742, #9314, #770 ) ;
#3290 = CARTESIAN_POINT ( 'NONE',  ( 3.750000000000000000, 1.855000000000000204, 1.824999999999999289 ) ) ;
#3291 = CARTESIAN_POINT ( 'NONE',  ( 1.775000000000002354, 1.630000000000000560, -1.464999999999999636 ) ) ;
#3292 = ORIENTED_EDGE ( 'NONE', *, *, #8923, .F. ) ;
#3293 = FACE_OUTER_BOUND ( 'NONE', #7396, .T. ) ;
#3294 = CARTESIAN_POINT ( 'NONE',  ( -3.024999999999999911, 2.085000000000000409, -1.464999999999999636 ) ) ;
#3295 = ORIENTED_EDGE ( 'NONE', *, *, #885, .T. ) ;
#3296 = ORIENTED_EDGE ( 'NONE', *, *, #4102, .F. ) ;
#3297 = ORIENTED_EDGE ( 'NONE', *, *, #7735, .T. ) ;
#3298 = CARTESIAN_POINT ( 'NONE',  ( -5.937500000000000000, 1.855000000000000204, 0.06499999999999994671 ) ) ;
#3299 = VECTOR ( 'NONE', #8487, 1000.000000000000114 ) ;
#3300 = CARTESIAN_POINT ( 'NONE',  ( 1.975000000000001865, 0.7800000000000001377, 1.824999999999999289 ) ) ;
#3301 = DIRECTION ( 'NONE',  ( 0.000000000000000000, -0.000000000000000000, -1.000000000000000000 ) ) ;
#3302 = PLANE ( 'NONE',  #1377 ) ;
#3303 = CARTESIAN_POINT ( 'NONE',  ( -5.312499999999999112, 2.255000000000000338, 0.06499999999999994671 ) ) ;
#3304 = CARTESIAN_POINT ( 'NONE',  ( 4.125000000000001776, 2.400000000000000355, 0.06499999999999994671 ) ) ;
#3305 = ORIENTED_EDGE ( 'NONE', *, *, #5815, .F. ) ;
#3306 = DIRECTION ( 'NONE',  ( 1.000000000000000000, 0.000000000000000000, 0.000000000000000000 ) ) ;
#3307 = VERTEX_POINT ( 'NONE', #5914 ) ;
#3308 = CARTESIAN_POINT ( 'NONE',  ( -1.562500000000003553, 0.04750000000000488554, 0.01750000000000387357 ) ) ;
#3309 = VECTOR ( 'NONE', #6538, 1000.000000000000000 ) ;
#3310 = FACE_OUTER_BOUND ( 'NONE', #6834, .T. ) ;
#3311 = VECTOR ( 'NONE', #7005, 1000.000000000000114 ) ;
#3312 = DIRECTION ( 'NONE',  ( -0.000000000000000000, -0.000000000000000000, 1.000000000000000000 ) ) ;
#3313 = FACE_OUTER_BOUND ( 'NONE', #578, .T. ) ;
#3314 = CARTESIAN_POINT ( 'NONE',  ( 4.125000000000001776, 0.000000000000000000, -0.2750000000000000777 ) ) ;
#3315 = CARTESIAN_POINT ( 'NONE',  ( -6.790000000000000036, 0.5799999999999995159, 2.024999999999999911 ) ) ;
#3316 = ORIENTED_EDGE ( 'NONE', *, *, #7654, .T. ) ;
#3318 = LINE ( 'NONE', #9681, #4038 ) ;
#3317 = DIRECTION ( 'NONE',  ( 1.000000000000000000, 0.000000000000000000, -0.000000000000000000 ) ) ;
#3319 = ORIENTED_EDGE ( 'NONE', *, *, #6792, .T. ) ;
#3320 = ORIENTED_EDGE ( 'NONE', *, *, #134, .T. ) ;
#3321 = LINE ( 'NONE', #9539, #4044 ) ;
#3322 = ORIENTED_EDGE ( 'NONE', *, *, #4948, .F. ) ;
#3323 = VECTOR ( 'NONE', #8290, 1000.000000000000000 ) ;
#3324 = ORIENTED_EDGE ( 'NONE', *, *, #4948, .T. ) ;
#3325 = EDGE_CURVE ( 'NONE', #5555, #3957, #6580, .T. ) ;
#3326 = SURFACE_SIDE_STYLE ('',( #4040 ) ) ;
#3327 = DIRECTION ( 'NONE',  ( 0.000000000000000000, 0.000000000000000000, 1.000000000000000000 ) ) ;
#3328 = ITEM_DEFINED_TRANSFORMATION ( 'NONE', 'NONE', #4727,  #1950 ) ;
#3329 = AXIS2_PLACEMENT_3D ( 'NONE', #8418, #9024, #4537 ) ;
#3330 = VECTOR ( 'NONE', #4127, 1000.000000000000000 ) ;
#3331 = ORIENTED_EDGE ( 'NONE', *, *, #7802, .T. ) ;
#3332 = VERTEX_POINT ( 'NONE', #4863 ) ;
#3333 = EDGE_CURVE ( 'NONE', #8296, #9205, #8212, .T. ) ;
#3334 = VERTEX_POINT ( 'NONE', #4322 ) ;
#3335 = ADVANCED_FACE ( 'NONE', ( #8261 ), #5140, .T. ) ;
#3336 = EDGE_CURVE ( 'NONE', #2154, #4843, #424, .T. ) ;
#3337 = ADVANCED_FACE ( 'NONE', ( #1239 ), #4431, .F. ) ;
#3338 = ADVANCED_FACE ( 'NONE', ( #5811 ), #8922, .F. ) ;
#3339 = PLANE ( 'NONE',  #2785 ) ;
#3340 = EDGE_LOOP ( 'NONE', ( #1199, #6243, #2786, #6157, #6757, #883, #3540, #793, #1167 ) ) ;
#3341 = DIRECTION ( 'NONE',  ( -1.000000000000000000, -0.000000000000000000, -0.000000000000000000 ) ) ;
#3342 = DIRECTION ( 'NONE',  ( 0.000000000000000000, -0.000000000000000000, 1.000000000000000000 ) ) ;
#3343 = DIRECTION ( 'NONE',  ( 1.000000000000000000, 0.000000000000000000, 0.000000000000000000 ) ) ;
#3344 = ORIENTED_EDGE ( 'NONE', *, *, #9323, .T. ) ;
#3345 = VECTOR ( 'NONE', #4427, 1000.000000000000000 ) ;
#3346 = ORIENTED_EDGE ( 'NONE', *, *, #9605, .T. ) ;
#3347 = EDGE_CURVE ( 'NONE', #2611, #7428, #789, .T. ) ;
#3348 = PLANE ( 'NONE',  #7962 ) ;
#3349 = LINE ( 'NONE', #5903, #3742 ) ;
#3350 = CARTESIAN_POINT ( 'NONE',  ( 3.625000000000002220, 1.719999999999999529, 1.949999999999998623 ) ) ;
#3351 = LINE ( 'NONE', #1033, #9553 ) ;
#3352 = CARTESIAN_POINT ( 'NONE',  ( -7.875000000000000000, 3.500000000000000444, 0.09499999999999966804 ) ) ;
#3353 = LINE ( 'NONE', #933, #9550 ) ;
#3354 = STYLED_ITEM ( 'NONE', ( #4889 ), #2130 ) ;
#3355 = VERTEX_POINT ( 'NONE', #3902 ) ;
#3356 = DIRECTION ( 'NONE',  ( -0.000000000000000000, 0.7071067811865352493, 0.7071067811865597852 ) ) ;
#3357 = ORIENTED_EDGE ( 'NONE', *, *, #4726, .F. ) ;
#3358 = CARTESIAN_POINT ( 'NONE',  ( 2.050000000000002487, 3.820000000000000728, -2.024999999999999911 ) ) ;
#3359 = ORIENTED_EDGE ( 'NONE', *, *, #3880, .F. ) ;
#3360 = ADVANCED_FACE ( 'NONE', ( #4482 ), #6117, .F. ) ;
#3361 = DIRECTION ( 'NONE',  ( 0.000000000000000000, 0.000000000000000000, -1.000000000000000000 ) ) ;
#3362 = CARTESIAN_POINT ( 'NONE',  ( -2.187499999999999556, 2.255000000000000338, 0.06499999999999994671 ) ) ;
#3363 = VECTOR ( 'NONE', #62, 1000.000000000000000 ) ;
#3364 = LINE ( 'NONE', #329, #10016 ) ;
#3365 = CARTESIAN_POINT ( 'NONE',  ( 0.000000000000000000, 2.255000000000000338, 0.06499999999999994671 ) ) ;
#3366 = VECTOR ( 'NONE', #3058, 1000.000000000000000 ) ;
#3367 = CARTESIAN_POINT ( 'NONE',  ( -5.525000000000000355, 0.2250000000000000056, -1.584999999999999964 ) ) ;
#3368 = CARTESIAN_POINT ( 'NONE',  ( -7.325000000000001954, 0.000000000000000000, 2.024999999999999911 ) ) ;
#3369 = ORIENTED_EDGE ( 'NONE', *, *, #3219, .T. ) ;
#3370 = DIRECTION ( 'NONE',  ( 1.000000000000000000, 0.000000000000000000, -0.000000000000000000 ) ) ;
#3371 = VERTEX_POINT ( 'NONE', #6936 ) ;
#3372 = VECTOR ( 'NONE', #416, 1000.000000000000000 ) ;
#3373 = CARTESIAN_POINT ( 'NONE',  ( 1.775000000000002354, 0.5500000000000010436, 2.024999999999999911 ) ) ;
#3374 = VERTEX_POINT ( 'NONE', #5361 ) ;
#3375 = VECTOR ( 'NONE', #8437, 1000.000000000000000 ) ;
#3376 = DIRECTION ( 'NONE',  ( -0.000000000000000000, 1.000000000000000000, 0.000000000000000000 ) ) ;
#3377 = VECTOR ( 'NONE', #771, 1000.000000000000000 ) ;
#3378 = DIRECTION ( 'NONE',  ( -1.000000000000000000, 0.000000000000000000, 0.000000000000000000 ) ) ;
#3379 = VERTEX_POINT ( 'NONE', #5406 ) ;
#3380 = EDGE_CURVE ( 'NONE', #6669, #9490, #3705, .T. ) ;
#3381 = AXIS2_PLACEMENT_3D ( 'NONE', #267, #894, #8679 ) ;
#3382 = ORIENTED_EDGE ( 'NONE', *, *, #6837, .T. ) ;
#3383 = AXIS2_PLACEMENT_3D ( 'NONE', #2016, #475, #525 ) ;
#3384 = ORIENTED_EDGE ( 'NONE', *, *, #2448, .T. ) ;
#3385 = PLANE ( 'NONE',  #8505 ) ;
#3386 = VECTOR ( 'NONE', #7505, 1000.000000000000000 ) ;
#3387 = ORIENTED_EDGE ( 'NONE', *, *, #4108, .T. ) ;
#3388 = VECTOR ( 'NONE', #2794, 1000.000000000000000 ) ;
#3389 = LINE ( 'NONE', #6511, #511 ) ;
#3390 = EDGE_CURVE ( 'NONE', #9667, #4498, #6173, .T. ) ;
#3391 = CARTESIAN_POINT ( 'NONE',  ( 0.5250000000000002442, 0.000000000000000000, 0.06499999999999994671 ) ) ;
#3392 = ADVANCED_FACE ( 'NONE', ( #6994 ), #6220, .T. ) ;
#3393 = EDGE_CURVE ( 'NONE', #3275, #7440, #2135, .T. ) ;
#3394 = ORIENTED_EDGE ( 'NONE', *, *, #9880, .F. ) ;
#3395 = ORIENTED_EDGE ( 'NONE', *, *, #6024, .F. ) ;
#3396 = VECTOR ( 'NONE', #9842, 1000.000000000000000 ) ;
#3397 = DIRECTION ( 'NONE',  ( 0.000000000000000000, -1.000000000000000000, 0.000000000000000000 ) ) ;
#3398 = CARTESIAN_POINT ( 'NONE',  ( 0.9375000000000016653, 2.255000000000000338, 0.06499999999999994671 ) ) ;
#3399 = CARTESIAN_POINT ( 'NONE',  ( 3.625000000000002220, 2.209999999999999520, -0.2750000000000000777 ) ) ;
#3400 = LINE ( 'NONE', #8771, #909 ) ;
#3401 = DIRECTION ( 'NONE',  ( -0.000000000000000000, -0.000000000000000000, 1.000000000000000000 ) ) ;
#3402 = CARTESIAN_POINT ( 'NONE',  ( -5.724999999999999645, 0.000000000000000000, 1.824999999999999956 ) ) ;
#3403 = ORIENTED_EDGE ( 'NONE', *, *, #8086, .F. ) ;
#3404 = EDGE_CURVE ( 'NONE', #364, #4313, #9332, .T. ) ;
#3405 = EDGE_CURVE ( 'NONE', #1616, #4828, #7615, .T. ) ;
#3406 = ORIENTED_EDGE ( 'NONE', *, *, #1231, .F. ) ;
#3407 = CARTESIAN_POINT ( 'NONE',  ( -5.724999999999999645, 1.855000000000000204, 0.06499999999999994671 ) ) ;
#3408 = PLANE ( 'NONE',  #1396 ) ;
#3409 = ORIENTED_EDGE ( 'NONE', *, *, #9987, .F. ) ;
#3410 = EDGE_LOOP ( 'NONE', ( #851, #4185, #6946, #1856 ) ) ;
#3411 = DIRECTION ( 'NONE',  ( 0.000000000000000000, -0.000000000000000000, -1.000000000000000000 ) ) ;
#3412 = CARTESIAN_POINT ( 'NONE',  ( 3.855000000000002647, 2.620487515035475390, -0.2750000000000000777 ) ) ;
#3413 = PRODUCT_DEFINITION_FORMATION_WITH_SPECIFIED_SOURCE ( 'ANY', '', #7478, .NOT_KNOWN. ) ;
#3414 = LINE ( 'NONE', #5761, #1306 ) ;
#3415 = CARTESIAN_POINT ( 'NONE',  ( 2.500000000000000000, 0.7800000000000006928, 0.06499999999999994671 ) ) ;
#3416 = DIRECTION ( 'NONE',  ( 0.000000000000000000, -1.000000000000000000, 0.000000000000000000 ) ) ;
#3417 = EDGE_CURVE ( 'NONE', #2307, #10041, #8364, .T. ) ;
#3418 = LINE ( 'NONE', #3314, #522 ) ;
#3419 = DIRECTION ( 'NONE',  ( 0.000000000000000000, 0.000000000000000000, 1.000000000000000000 ) ) ;
#3421 = LINE ( 'NONE', #6542, #1578 ) ;
#3420 = DIRECTION ( 'NONE',  ( 0.000000000000000000, 0.000000000000000000, -1.000000000000000000 ) ) ;
#3422 = VERTEX_POINT ( 'NONE', #582 ) ;
#3423 =( NAMED_UNIT ( * ) SI_UNIT ( $, .STERADIAN. ) SOLID_ANGLE_UNIT ( ) );
#3424 = LINE ( 'NONE', #2614, #9506 ) ;
#3425 = DIRECTION ( 'NONE',  ( 7.477256361968996479E-17, -1.000000000000000000, 0.000000000000000000 ) ) ;
#3426 = AXIS2_PLACEMENT_3D ( 'NONE', #4885, #9652, #2678 ) ;
#3427 = EDGE_LOOP ( 'NONE', ( #3881, #8104, #41, #5259, #8794, #8668, #9346, #9800, #485 ) ) ;
#3428 = ORIENTED_EDGE ( 'NONE', *, *, #1869, .F. ) ;
#3429 = VERTEX_POINT ( 'NONE', #8472 ) ;
#3430 = VERTEX_POINT ( 'NONE', #6840 ) ;
#3431 = VECTOR ( 'NONE', #8246, 1000.000000000000000 ) ;
#3432 = ADVANCED_FACE ( 'NONE', ( #10019 ), #1390, .T. ) ;
#3433 = PLANE ( 'NONE',  #1790 ) ;
#3434 = CARTESIAN_POINT ( 'NONE',  ( 0.000000000000000000, 0.000000000000000000, 0.06499999999999994671 ) ) ;
#3435 = ORIENTED_EDGE ( 'NONE', *, *, #68, .T. ) ;
#3436 = LINE ( 'NONE', #1071, #6798 ) ;
#3437 = LINE ( 'NONE', #1166, #3523 ) ;
#3438 = ORIENTED_EDGE ( 'NONE', *, *, #6188, .T. ) ;
#3439 = ORIENTED_EDGE ( 'NONE', *, *, #1185, .T. ) ;
#3440 = ORIENTED_EDGE ( 'NONE', *, *, #2536, .T. ) ;
#3441 = ADVANCED_FACE ( 'NONE', ( #9181 ), #7670, .F. ) ;
#3442 = ADVANCED_FACE ( 'NONE', ( #9289 ), #3054, .T. ) ;
#3443 = DIRECTION ( 'NONE',  ( -1.000000000000000000, -0.000000000000000000, -0.000000000000000000 ) ) ;
#3444 = PLANE ( 'NONE',  #7849 ) ;
#3445 = LINE ( 'NONE', #4260, #7707 ) ;
#3446 = VECTOR ( 'NONE', #2273, 1000.000000000000000 ) ;
#3447 = EDGE_LOOP ( 'NONE', ( #3607, #3230, #5491, #2201 ) ) ;
#3448 = ORIENTED_EDGE ( 'NONE', *, *, #1106, .T. ) ;
#3449 = ORIENTED_EDGE ( 'NONE', *, *, #6815, .T. ) ;
#3450 = DIRECTION ( 'NONE',  ( 0.000000000000000000, -0.000000000000000000, -1.000000000000000000 ) ) ;
#3451 = VERTEX_POINT ( 'NONE', #8519 ) ;
#3452 = CARTESIAN_POINT ( 'NONE',  ( 4.125000000000001776, 0.3399999999999997469, -1.464999999999999636 ) ) ;
#3453 = EDGE_CURVE ( 'NONE', #2539, #9867, #1494, .T. ) ;
#3454 = EDGE_CURVE ( 'NONE', #572, #9476, #7759, .T. ) ;
#3455 = DIRECTION ( 'NONE',  ( -1.000000000000000000, 0.000000000000000000, 0.000000000000000000 ) ) ;
#3456 = ADVANCED_FACE ( 'NONE', ( #8718 ), #4930, .F. ) ;
#3457 = DIRECTION ( 'NONE',  ( 1.000000000000000000, 0.000000000000000000, 0.000000000000000000 ) ) ;
#3458 = CARTESIAN_POINT ( 'NONE',  ( -3.224999999999999645, 1.630000000000000782, 0.06499999999999994671 ) ) ;
#3459 = CARTESIAN_POINT ( 'NONE',  ( -5.724999999999999645, 1.302867965644034065, 1.302867965644036063 ) ) ;
#3460 = CARTESIAN_POINT ( 'NONE',  ( 3.265000000000002345, 1.903000000000000025, 0.000000000000000000 ) ) ;
#3461 = VECTOR ( 'NONE', #5318, 1000.000000000000000 ) ;
#3462 = LINE ( 'NONE', #6587, #4797 ) ;
#3463 = DIRECTION ( 'NONE',  ( 1.000000000000000000, 0.000000000000000000, 0.000000000000000000 ) ) ;
#3464 = ORIENTED_EDGE ( 'NONE', *, *, #6213, .F. ) ;
#3465 = DIRECTION ( 'NONE',  ( 0.000000000000000000, 0.000000000000000000, -1.000000000000000000 ) ) ;
#3466 = CARTESIAN_POINT ( 'NONE',  ( -8.078333333333347355, 1.506666666666640175, 1.271666666666666501 ) ) ;
#3467 = ORIENTED_EDGE ( 'NONE', *, *, #4445, .F. ) ;
#3468 = EDGE_CURVE ( 'NONE', #8192, #5089, #7194, .T. ) ;
#3469 = ORIENTED_EDGE ( 'NONE', *, *, #4074, .T. ) ;
#3470 = VECTOR ( 'NONE', #9060, 1000.000000000000000 ) ;
#3471 = ORIENTED_EDGE ( 'NONE', *, *, #1106, .F. ) ;
#3472 = VECTOR ( 'NONE', #6684, 1000.000000000000000 ) ;
#3473 = ORIENTED_EDGE ( 'NONE', *, *, #3097, .F. ) ;
#3474 = EDGE_LOOP ( 'NONE', ( #4153, #4649, #2405, #2505 ) ) ;
#3475 = VECTOR ( 'NONE', #2904, 1000.000000000000000 ) ;
#3476 = LINE ( 'NONE', #5996, #8014 ) ;
#3477 = VERTEX_POINT ( 'NONE', #3298 ) ;
#3478 = LINE ( 'NONE', #7382, #1483 ) ;
#3479 = DIRECTION ( 'NONE',  ( 0.000000000000000000, 0.000000000000000000, -1.000000000000000000 ) ) ;
#3480 = DIRECTION ( 'NONE',  ( 1.000000000000000000, 0.000000000000000000, 0.000000000000000000 ) ) ;
#3481 = ORIENTED_EDGE ( 'NONE', *, *, #2139, .F. ) ;
#3482 = ORIENTED_EDGE ( 'NONE', *, *, #7521, .F. ) ;
#3483 = DIRECTION ( 'NONE',  ( 0.000000000000000000, 0.000000000000000000, -1.000000000000000000 ) ) ;
#3484 = DIRECTION ( 'NONE',  ( -1.000000000000000000, 1.197572355469997778E-16, 0.000000000000000000 ) ) ;
#3485 = CARTESIAN_POINT ( 'NONE',  ( 3.265000000000002345, 1.903000000000000025, -2.024999999999999467 ) ) ;
#3486 = ORIENTED_EDGE ( 'NONE', *, *, #4393, .F. ) ;
#3487 = VECTOR ( 'NONE', #5970, 1000.000000000000114 ) ;
#3488 = CYLINDRICAL_SURFACE ( 'NONE', #3845, 0.08500000000000000611 ) ;
#3489 = CARTESIAN_POINT ( 'NONE',  ( 4.125000000000001776, 3.400000000000000355, 0.06499999999999994671 ) ) ;
#3490 = EDGE_LOOP ( 'NONE', ( #5298, #8880, #10060, #2253, #6925, #3543, #1070, #10042, #8851, #7381, #2239, #1951, #422, #8839, #9901, #6591, #6048, #6909, #2221, #3591, #7074, #8190, #8209, #652, #9366, #6671, #5738, #9155, #161, #3331, #8892, #2862, #37, #10072, #4957, #4285, #1372, #3898, #3925, #8971, #4035, #7647, #3567, #4733, #6780, #1333, #8096, #9858, #5858, #3928, #5195, #1427, #2729, #8374, #172, #8486, #5590, #7882, #2527, #8797, #432, #1257, #9037, #3164, #2566, #3799, #8919, #7279, #5924, #1665, #1080, #8615, #8653, #8029, #6411, #5683, #5991, #8280, #3796, #1781, #7384, #3188, #3507, #3649, #5733, #4204, #683, #3020, #5601, #9887, #5798, #8575 ) ) ;
#3491 = EDGE_LOOP ( 'NONE', ( #6913, #8092, #76, #2764, #9170 ) ) ;
#3492 =( LENGTH_UNIT ( ) NAMED_UNIT ( * ) SI_UNIT ( .MILLI., .METRE. ) );
#3493 = DIRECTION ( 'NONE',  ( 1.000000000000000000, 1.197572355469997778E-16, 0.000000000000000000 ) ) ;
#3494 = ORIENTED_EDGE ( 'NONE', *, *, #8258, .F. ) ;
#3495 = PLANE ( 'NONE',  #8467 ) ;
#3496 = VERTEX_POINT ( 'NONE', #2447 ) ;
#3497 = LINE ( 'NONE', #7257, #6984 ) ;
#3498 = CARTESIAN_POINT ( 'NONE',  ( -7.375000000000000888, 1.112733808603542986E-15, 1.949999999999999956 ) ) ;
#3499 = CIRCLE ( 'NONE', #5639, 0.08500000000000000611 ) ;
#3500 = LINE ( 'NONE', #4946, #1956 ) ;
#3501 = CARTESIAN_POINT ( 'NONE',  ( -5.312499999999999112, 2.055000000000001048, 2.024999999999999911 ) ) ;
#3502 = LINE ( 'NONE', #5000, #1533 ) ;
#3503 = DIRECTION ( 'NONE',  ( 1.000000000000000000, 0.000000000000000000, 0.000000000000000000 ) ) ;
#3504 = DIRECTION ( 'NONE',  ( 1.000000000000000000, 0.000000000000000000, 0.000000000000000000 ) ) ;
#3505 = PLANE ( 'NONE',  #7104 ) ;
#3506 = EDGE_CURVE ( 'NONE', #4005, #4265, #6414, .T. ) ;
#3507 = ORIENTED_EDGE ( 'NONE', *, *, #8387, .F. ) ;
#3508 = ADVANCED_FACE ( 'NONE', ( #7088 ), #1745, .F. ) ;
#3509 = LINE ( 'NONE', #4956, #2423 ) ;
#3510 = EDGE_CURVE ( 'NONE', #3155, #1901, #7999, .T. ) ;
#3511 = EDGE_CURVE ( 'NONE', #2738, #10015, #8049, .T. ) ;
#3512 = CARTESIAN_POINT ( 'NONE',  ( -7.500000000000000000, 3.965000000000001634, 0.06499999999999994671 ) ) ;
#3513 = AXIS2_PLACEMENT_3D ( 'NONE', #5658, #8857, #1850 ) ;
#3514 = ORIENTED_EDGE ( 'NONE', *, *, #7446, .T. ) ;
#3515 = VECTOR ( 'NONE', #3105, 1000.000000000000114 ) ;
#3516 = CLOSED_SHELL ( 'NONE', ( #876, #3146, #443, #704, #9139, #3858, #5138, #10048, #5342, #1013, #8272, #2212, #7201, #3337, #9907, #4369 ) ) ;
#3517 = VECTOR ( 'NONE', #5600, 1000.000000000000114 ) ;
#3518 = ADVANCED_FACE ( 'NONE', ( #8621 ), #3348, .T. ) ;
#3519 = VERTEX_POINT ( 'NONE', #69 ) ;
#3520 = CARTESIAN_POINT ( 'NONE',  ( 9.289999999999999147, 0.7800000000000015810, 1.824999999999999289 ) ) ;
#3521 = VERTEX_POINT ( 'NONE', #1594 ) ;
#3522 = EDGE_LOOP ( 'NONE', ( #4927, #256, #4288, #2674, #7083, #4318, #818 ) ) ;
#3523 = VECTOR ( 'NONE', #8954, 1000.000000000000000 ) ;
#3524 = ORIENTED_EDGE ( 'NONE', *, *, #3405, .F. ) ;
#3525 = ORIENTED_EDGE ( 'NONE', *, *, #8187, .T. ) ;
#3526 = AXIS2_PLACEMENT_3D ( 'NONE', #1423, #9268, #2274 ) ;
#3527 = CARTESIAN_POINT ( 'NONE',  ( -3.224999999999999645, 0.000000000000000000, 0.06499999999999994671 ) ) ;
#3528 = DIRECTION ( 'NONE',  ( -0.000000000000000000, -1.000000000000000000, -0.000000000000000000 ) ) ;
#3529 = ORIENTED_EDGE ( 'NONE', *, *, #1066, .F. ) ;
#3530 = FACE_OUTER_BOUND ( 'NONE', #6626, .T. ) ;
#3531 = ORIENTED_EDGE ( 'NONE', *, *, #500, .F. ) ;
#3532 = VECTOR ( 'NONE', #3361, 1000.000000000000000 ) ;
#3533 = ORIENTED_EDGE ( 'NONE', *, *, #574, .F. ) ;
#3534 = VERTEX_POINT ( 'NONE', #4737 ) ;
#3535 = VECTOR ( 'NONE', #8618, 1000.000000000000000 ) ;
#3536 = CARTESIAN_POINT ( 'NONE',  ( 5.000000000000000000, 1.855000000000000204, 0.06499999999999994671 ) ) ;
#3537 = DIRECTION ( 'NONE',  ( -1.000000000000000000, -1.204669080539440518E-15, 0.000000000000000000 ) ) ;
#3538 = CARTESIAN_POINT ( 'NONE',  ( -5.525000000000000355, 0.7799999999999999156, 1.824999999999999289 ) ) ;
#3539 = CARTESIAN_POINT ( 'NONE',  ( 2.500000000000000000, 0.7800000000000006928, 0.06499999999999994671 ) ) ;
#3540 = ORIENTED_EDGE ( 'NONE', *, *, #4871, .F. ) ;
#3541 = ORIENTED_EDGE ( 'NONE', *, *, #10031, .F. ) ;
#3542 = LINE ( 'NONE', #9819, #3865 ) ;
#3543 = ORIENTED_EDGE ( 'NONE', *, *, #766, .T. ) ;
#3544 = DIRECTION ( 'NONE',  ( -8.468115335143821308E-17, 0.7071067811865475727, 0.7071067811865474617 ) ) ;
#3545 = CARTESIAN_POINT ( 'NONE',  ( 0.7249999999999990896, 2.085000000000000409, -2.024999999999999467 ) ) ;
#3546 = CARTESIAN_POINT ( 'NONE',  ( 4.125000000000001776, 0.000000000000000000, 2.024999999999999911 ) ) ;
#3547 = LINE ( 'NONE', #7359, #4921 ) ;
#3548 = CARTESIAN_POINT ( 'NONE',  ( 3.855000000000002647, 1.709999999999999520, 1.324999999999999734 ) ) ;
#3549 = DIRECTION ( 'NONE',  ( -1.000000000000000000, -1.197572355469997778E-16, 0.000000000000000000 ) ) ;
#3550 = FACE_OUTER_BOUND ( 'NONE', #1275, .T. ) ;
#3551 = VECTOR ( 'NONE', #308, 1000.000000000000000 ) ;
#3552 = PLANE ( 'NONE',  #2018 ) ;
#3553 = ORIENTED_EDGE ( 'NONE', *, *, #1761, .T. ) ;
#3554 = DIRECTION ( 'NONE',  ( 0.000000000000000000, -0.000000000000000000, -1.000000000000000000 ) ) ;
#3555 = DIRECTION ( 'NONE',  ( -1.000000000000000000, -0.000000000000000000, -0.000000000000000000 ) ) ;
#3556 = ORIENTED_EDGE ( 'NONE', *, *, #1729, .F. ) ;
#3557 =( GEOMETRIC_REPRESENTATION_CONTEXT ( 3 ) GLOBAL_UNCERTAINTY_ASSIGNED_CONTEXT ( ( #374 ) ) GLOBAL_UNIT_ASSIGNED_CONTEXT ( ( #7436, #463, #6567 ) ) REPRESENTATION_CONTEXT ( 'NONE', 'WORKASPACE' ) );
#3558 = ADVANCED_FACE ( 'NONE', ( #7861 ), #3196, .T. ) ;
#3559 = EDGE_CURVE ( 'NONE', #9356, #6562, #2677, .T. ) ;
#3560 = CARTESIAN_POINT ( 'NONE',  ( -7.605000000000000426, 0.7800000000000000266, -0.3250000000000000666 ) ) ;
#3561 = EDGE_CURVE ( 'NONE', #4336, #3823, #1172, .T. ) ;
#3562 = ORIENTED_EDGE ( 'NONE', *, *, #8983, .F. ) ;
#3564 = PLANE ( 'NONE',  #5358 ) ;
#3563 = LINE ( 'NONE', #2157, #2298 ) ;
#3565 = COLOUR_RGB ( '',0.7960784313725489669, 0.8235294117647058432, 0.9372549019607843146 ) ;
#3566 = EDGE_LOOP ( 'NONE', ( #5311, #3533, #6458, #4857, #1541, #5291 ) ) ;
#3567 = ORIENTED_EDGE ( 'NONE', *, *, #7965, .T. ) ;
#3568 = ORIENTED_EDGE ( 'NONE', *, *, #1946, .T. ) ;
#3569 = CARTESIAN_POINT ( 'NONE',  ( 3.625000000000002220, 2.279999999999999805, -0.2750000000000000777 ) ) ;
#3570 = ADVANCED_FACE ( 'NONE', ( #4308 ), #1897, .F. ) ;
#3571 = EDGE_CURVE ( 'NONE', #4389, #6153, #9809, .T. ) ;
#3572 = CARTESIAN_POINT ( 'NONE',  ( -7.725000000000001421, 2.209999999999999520, 1.274999999999999911 ) ) ;
#3573 = ADVANCED_FACE ( 'NONE', ( #7296 ), #461, .T. ) ;
#3574 = PLANE ( 'NONE',  #9469 ) ;
#3575 = AXIS2_PLACEMENT_3D ( 'NONE', #1077, #9608, #4208 ) ;
#3576 = CARTESIAN_POINT ( 'NONE',  ( -5.724999999999999645, 0.5999999999999999778, -2.024999999999999911 ) ) ;
#3577 = CARTESIAN_POINT ( 'NONE',  ( -5.525000000000000355, 0.000000000000000000, -1.584999999999999964 ) ) ;
#3578 = ORIENTED_EDGE ( 'NONE', *, *, #8825, .T. ) ;
#3579 = AXIS2_PLACEMENT_3D ( 'NONE', #9414, #104, #3234 ) ;
#3580 = PLANE ( 'NONE',  #5977 ) ;
#3581 = ORIENTED_EDGE ( 'NONE', *, *, #7533, .T. ) ;
#3582 = VECTOR ( 'NONE', #8496, 1000.000000000000000 ) ;
#3583 = EDGE_LOOP ( 'NONE', ( #4179, #1641, #140, #7184 ) ) ;
#3584 = EDGE_CURVE ( 'NONE', #7732, #2738, #6514, .T. ) ;
#3585 = CARTESIAN_POINT ( 'NONE',  ( -4.275000000000000355, 1.855000000000000204, 0.06499999999999994671 ) ) ;
#3586 = DIRECTION ( 'NONE',  ( -0.000000000000000000, -0.7071067811865474617, -0.7071067811865474617 ) ) ;
#3587 = DIRECTION ( 'NONE',  ( -1.000000000000000000, 1.197572355469997778E-16, 0.000000000000000000 ) ) ;
#3588 = VECTOR ( 'NONE', #7674, 1000.000000000000000 ) ;
#3589 = FACE_OUTER_BOUND ( 'NONE', #6805, .T. ) ;
#3590 = DIRECTION ( 'NONE',  ( 1.000000000000000000, 0.000000000000000000, 0.000000000000000000 ) ) ;
#3591 = ORIENTED_EDGE ( 'NONE', *, *, #7469, .F. ) ;
#3592 = VECTOR ( 'NONE', #9700, 1000.000000000000000 ) ;
#3593 = VERTEX_POINT ( 'NONE', #4984 ) ;
#3594 = CARTESIAN_POINT ( 'NONE',  ( -5.937500000000000000, 0.000000000000000000, 0.06499999999999994671 ) ) ;
#3595 = ORIENTED_EDGE ( 'NONE', *, *, #2474, .F. ) ;
#3596 = DIRECTION ( 'NONE',  ( 1.000000000000000000, 0.000000000000000000, 0.000000000000000000 ) ) ;
#3597 = CIRCLE ( 'NONE', #9785, 0.07500000000000084377 ) ;
#3598 = EDGE_CURVE ( 'NONE', #10068, #2982, #7491, .T. ) ;
#3599 = DIRECTION ( 'NONE',  ( -1.000000000000000000, -1.136281752823236226E-16, 0.000000000000000000 ) ) ;
#3600 = VECTOR ( 'NONE', #1144, 1000.000000000000000 ) ;
#3601 = FACE_OUTER_BOUND ( 'NONE', #9808, .T. ) ;
#3602 = CARTESIAN_POINT ( 'NONE',  ( -6.974999999999996980, 0.1800000000000000488, -0.2750000000000000777 ) ) ;
#3603 = CARTESIAN_POINT ( 'NONE',  ( -2.812500000000003553, 0.04750000000000488554, 0.01750000000000387357 ) ) ;
#3604 = FACE_OUTER_BOUND ( 'NONE', #1831, .T. ) ;
#3605 = CARTESIAN_POINT ( 'NONE',  ( -7.375000000000000000, 3.500000000000000444, 0.09499999999999966804 ) ) ;
#3606 = DIRECTION ( 'NONE',  ( 1.000000000000000000, 0.000000000000000000, -0.000000000000000000 ) ) ;
#3607 = ORIENTED_EDGE ( 'NONE', *, *, #9451, .T. ) ;
#3608 = CARTESIAN_POINT ( 'NONE',  ( 3.855000000000002647, 0.9249999999999991562, 1.949999999999999067 ) ) ;
#3609 = ORIENTED_EDGE ( 'NONE', *, *, #8448, .F. ) ;
#3610 = VERTEX_POINT ( 'NONE', #5902 ) ;
#3611 = DIRECTION ( 'NONE',  ( 0.000000000000000000, -1.000000000000000000, 0.000000000000000000 ) ) ;
#3612 = VECTOR ( 'NONE', #4754, 1000.000000000000000 ) ;
#3613 = DIRECTION ( 'NONE',  ( 1.000000000000000000, -0.000000000000000000, -0.000000000000000000 ) ) ;
#3614 = ORIENTED_EDGE ( 'NONE', *, *, #2399, .T. ) ;
#3615 = VERTEX_POINT ( 'NONE', #3585 ) ;
#3617 = DIRECTION ( 'NONE',  ( 0.000000000000000000, -1.000000000000000000, 0.000000000000000000 ) ) ;
#3616 = CARTESIAN_POINT ( 'NONE',  ( 0.5250000000000002442, 2.085000000000000409, 2.024999999999999911 ) ) ;
#3618 = ORIENTED_EDGE ( 'NONE', *, *, #4456, .T. ) ;
#3619 = CARTESIAN_POINT ( 'NONE',  ( 4.125000000000001776, 1.903000000000000025, 0.000000000000000000 ) ) ;
#3620 = EDGE_CURVE ( 'NONE', #7891, #4375, #8959, .T. ) ;
#3621 = ADVANCED_FACE ( 'NONE', ( #5125 ), #1123, .T. ) ;
#3622 = ORIENTED_EDGE ( 'NONE', *, *, #8145, .T. ) ;
#3623 = VERTEX_POINT ( 'NONE', #6672 ) ;
#3624 = LINE ( 'NONE', #9906, #2001 ) ;
#3625 = LINE ( 'NONE', #6764, #3801 ) ;
#3626 = DIRECTION ( 'NONE',  ( -1.000000000000000000, -0.000000000000000000, -0.000000000000000000 ) ) ;
#3627 = CARTESIAN_POINT ( 'NONE',  ( 1.975000000000001865, 0.5500000000000010436, 2.024999999999999911 ) ) ;
#3628 = CARTESIAN_POINT ( 'NONE',  ( 0.5250000000000002442, 0.000000000000000000, 2.024999999999999911 ) ) ;
#3629 = VECTOR ( 'NONE', #224, 1000.000000000000000 ) ;
#3630 = FACE_OUTER_BOUND ( 'NONE', #4441, .T. ) ;
#3631 = DIRECTION ( 'NONE',  ( -0.000000000000000000, 0.000000000000000000, 1.000000000000000000 ) ) ;
#3632 = VERTEX_POINT ( 'NONE', #9606 ) ;
#3633 = EDGE_CURVE ( 'NONE', #2877, #3066, #5794, .T. ) ;
#3634 = EDGE_CURVE ( 'NONE', #5742, #2919, #2002, .T. ) ;
#3635 = EDGE_CURVE ( 'NONE', #9308, #2738, #5743, .T. ) ;
#3636 = EDGE_CURVE ( 'NONE', #9403, #5653, #1845, .T. ) ;
#3637 = EDGE_LOOP ( 'NONE', ( #5414, #2616, #3004, #3529 ) ) ;
#3638 = VECTOR ( 'NONE', #7839, 1000.000000000000000 ) ;
#3639 = DIRECTION ( 'NONE',  ( 1.000000000000000000, 0.000000000000000000, 0.000000000000000000 ) ) ;
#3640 = VECTOR ( 'NONE', #9287, 1000.000000000000000 ) ;
#3641 = DIRECTION ( 'NONE',  ( -1.000000000000000000, 0.000000000000000000, 0.000000000000000000 ) ) ;
#3642 = ORIENTED_EDGE ( 'NONE', *, *, #6655, .T. ) ;
#3643 = CARTESIAN_POINT ( 'NONE',  ( 7.875000000000000000, 1.030000000000000027, -2.024999999999999911 ) ) ;
#3644 = CARTESIAN_POINT ( 'NONE',  ( -7.875000000000000000, 3.400000000000000355, 2.024999999999999911 ) ) ;
#3645 = VECTOR ( 'NONE', #379, 1000.000000000000000 ) ;
#3646 = ORIENTED_EDGE ( 'NONE', *, *, #3998, .F. ) ;
#3647 = ADVANCED_FACE ( 'NONE', ( #5288 ), #2279, .F. ) ;
#3648 = VERTEX_POINT ( 'NONE', #6928 ) ;
#3649 = ORIENTED_EDGE ( 'NONE', *, *, #5636, .F. ) ;
#3650 = DIRECTION ( 'NONE',  ( 1.000000000000000000, 0.000000000000000000, 0.000000000000000000 ) ) ;
#3651 = DIRECTION ( 'NONE',  ( -1.000000000000000000, -0.000000000000000000, -0.000000000000000000 ) ) ;
#3652 = CARTESIAN_POINT ( 'NONE',  ( 3.040000000000001812, 0.000000000000000000, 0.06499999999999994671 ) ) ;
#3653 = LINE ( 'NONE', #6174, #9319 ) ;
#3654 = UNCERTAINTY_MEASURE_WITH_UNIT (LENGTH_MEASURE( 1.000000000000000082E-05 ), #316, 'distance_accuracy_value', 'NONE');
#3655 = FACE_OUTER_BOUND ( 'NONE', #4474, .T. ) ;
#3656 = PLANE ( 'NONE',  #1710 ) ;
#3657 = LINE ( 'NONE', #7411, #8560 ) ;
#3658 = VERTEX_POINT ( 'NONE', #565 ) ;
#3659 = CARTESIAN_POINT ( 'NONE',  ( 1.775000000000002354, 0.000000000000000000, 2.024999999999999911 ) ) ;
#3660 =( GEOMETRIC_REPRESENTATION_CONTEXT ( 3 ) GLOBAL_UNCERTAINTY_ASSIGNED_CONTEXT ( ( #3654 ) ) GLOBAL_UNIT_ASSIGNED_CONTEXT ( ( #316, #6574, #892 ) ) REPRESENTATION_CONTEXT ( 'NONE', 'WORKASPACE' ) );
#3661 = ORIENTED_EDGE ( 'NONE', *, *, #612, .T. ) ;
#3662 = CARTESIAN_POINT ( 'NONE',  ( -0.9375000000000000000, 0.04750000000000037526, 0.01749999999999957839 ) ) ;
#3663 = VERTEX_POINT ( 'NONE', #5441 ) ;
#3664 = AXIS2_PLACEMENT_3D ( 'NONE', #1811, #4949, #1046 ) ;
#3665 = DIRECTION ( 'NONE',  ( 0.000000000000000000, -0.000000000000000000, 1.000000000000000000 ) ) ;
#3666 = ADVANCED_FACE ( 'NONE', ( #4817 ), #4670, .F. ) ;
#3667 = DIRECTION ( 'NONE',  ( 0.000000000000000000, 0.000000000000000000, -1.000000000000000000 ) ) ;
#3668 = ORIENTED_EDGE ( 'NONE', *, *, #6425, .F. ) ;
#3670 = DIRECTION ( 'NONE',  ( -1.000000000000000000, 0.000000000000000000, 0.000000000000000000 ) ) ;
#3669 = LINE ( 'NONE', #1261, #1617 ) ;
#3671 = ORIENTED_EDGE ( 'NONE', *, *, #3893, .T. ) ;
#3672 = AXIS2_PLACEMENT_3D ( 'NONE', #9382, #6322, #3961 ) ;
#3673 = LINE ( 'NONE', #4557, #2278 ) ;
#3674 = VERTEX_POINT ( 'NONE', #7799 ) ;
#3675 = ORIENTED_EDGE ( 'NONE', *, *, #8631, .T. ) ;
#3676 = ADVANCED_BREP_SHAPE_REPRESENTATION ( '', ( #5515, #5429, #1950 ), #7990 ) ;
#3677 = CARTESIAN_POINT ( 'NONE',  ( -3.225000000000000533, 0.7800000000000003597, 1.824999999999999289 ) ) ;
#3679 = AXIS2_PLACEMENT_3D ( 'NONE', #1637, #1436, #3851 ) ;
#3678 = DIRECTION ( 'NONE',  ( 1.000000000000000000, 0.000000000000000000, 0.000000000000000000 ) ) ;
#3680 = LINE ( 'NONE', #5843, #4090 ) ;
#3681 = EDGE_CURVE ( 'NONE', #7428, #6407, #824, .T. ) ;
#3682 = LINE ( 'NONE', #4563, #8269 ) ;
#3683 = CARTESIAN_POINT ( 'NONE',  ( 4.125000000000001776, 3.400000000000000355, 2.024999999999999911 ) ) ;
#3684 = ORIENTED_EDGE ( 'NONE', *, *, #5711, .T. ) ;
#3685 = AXIS2_PLACEMENT_3D ( 'NONE', #6423, #1648, #4791 ) ;
#3686 = AXIS2_PLACEMENT_3D ( 'NONE', #7119, #8695, #6245 ) ;
#3687 = ORIENTED_EDGE ( 'NONE', *, *, #1944, .F. ) ;
#3688 = VECTOR ( 'NONE', #6628, 1000.000000000000000 ) ;
#3689 = DIRECTION ( 'NONE',  ( 1.000000000000000000, 0.000000000000000000, 0.000000000000000000 ) ) ;
#3690 = EDGE_CURVE ( 'NONE', #5114, #7978, #8753, .T. ) ;
#3691 = VECTOR ( 'NONE', #5710, 1000.000000000000000 ) ;
#3692 = ADVANCED_FACE ( 'NONE', ( #874 ), #7130, .F. ) ;
#3693 = EDGE_CURVE ( 'NONE', #7330, #6476, #6715, .T. ) ;
#3694 = ORIENTED_EDGE ( 'NONE', *, *, #1946, .F. ) ;
#3695 = DIRECTION ( 'NONE',  ( 0.000000000000000000, -0.7071067811865490160, 0.7071067811865461294 ) ) ;
#3696 = LINE ( 'NONE', #2783, #8087 ) ;
#3697 = ORIENTED_EDGE ( 'NONE', *, *, #1631, .T. ) ;
#3698 = ORIENTED_EDGE ( 'NONE', *, *, #7795, .T. ) ;
#3699 = VERTEX_POINT ( 'NONE', #7378 ) ;
#3700 = VERTEX_POINT ( 'NONE', #4295 ) ;
#3701 = VECTOR ( 'NONE', #3465, 1000.000000000000000 ) ;
#3702 = DIRECTION ( 'NONE',  ( -0.7071067811865414665, -0.000000000000000000, -0.7071067811865536790 ) ) ;
#3703 = VECTOR ( 'NONE', #7245, 1000.000000000000000 ) ;
#3704 = DIRECTION ( 'NONE',  ( 0.000000000000000000, 0.000000000000000000, -1.000000000000000000 ) ) ;
#3705 = LINE ( 'NONE', #2908, #9895 ) ;
#3706 = ADVANCED_FACE ( 'NONE', ( #1937 ), #344, .T. ) ;
#3707 = FACE_OUTER_BOUND ( 'NONE', #6761, .T. ) ;
#3708 = CARTESIAN_POINT ( 'NONE',  ( -5.525000000000000355, 0.9050000000000000266, -0.9050000000000000266 ) ) ;
#3709 = LINE ( 'NONE', #6120, #392 ) ;
#3710 = DIRECTION ( 'NONE',  ( 0.000000000000000000, -1.000000000000000000, 0.000000000000000000 ) ) ;
#3711 = VECTOR ( 'NONE', #1867, 999.9999999999998863 ) ;
#3712 = AXIS2_PLACEMENT_3D ( 'NONE', #544, #6854, #3667 ) ;
#3714 = DIRECTION ( 'NONE',  ( -1.495451272393798655E-15, 1.000000000000000000, -0.000000000000000000 ) ) ;
#3713 = FACE_OUTER_BOUND ( 'NONE', #3270, .T. ) ;
#3715 = ORIENTED_EDGE ( 'NONE', *, *, #7774, .T. ) ;
#3716 = DIRECTION ( 'NONE',  ( 0.7071067811865474617, -0.000000000000000000, -0.7071067811865474617 ) ) ;
#3717 = VERTEX_POINT ( 'NONE', #5994 ) ;
#3718 = ORIENTED_EDGE ( 'NONE', *, *, #929, .T. ) ;
#3719 = VECTOR ( 'NONE', #1298, 1000.000000000000000 ) ;
#3720 = DIRECTION ( 'NONE',  ( 0.000000000000000000, -1.000000000000000000, 0.000000000000000000 ) ) ;
#3721 = CARTESIAN_POINT ( 'NONE',  ( -7.375000000000000000, 0.000000000000000000, -1.334999999999999742 ) ) ;
#3722 = ORIENTED_EDGE ( 'NONE', *, *, #4716, .F. ) ;
#3723 = DIRECTION ( 'NONE',  ( -0.000000000000000000, -0.7071067811865474617, 0.7071067811865474617 ) ) ;
#3724 = ORIENTED_EDGE ( 'NONE', *, *, #56, .F. ) ;
#3725 = AXIS2_PLACEMENT_3D ( 'NONE', #9952, #2984, #6912 ) ;
#3726 = DIRECTION ( 'NONE',  ( -1.000000000000000000, 0.000000000000000000, -0.000000000000000000 ) ) ;
#3727 = ORIENTED_EDGE ( 'NONE', *, *, #5591, .T. ) ;
#3728 = VERTEX_POINT ( 'NONE', #505 ) ;
#3729 = LINE ( 'NONE', #498, #2266 ) ;
#3730 = DIRECTION ( 'NONE',  ( -0.000000000000000000, 0.000000000000000000, -1.000000000000000000 ) ) ;
#3731 = ORIENTED_EDGE ( 'NONE', *, *, #5573, .F. ) ;
#3732 = ORIENTED_EDGE ( 'NONE', *, *, #3333, .T. ) ;
#3733 = CARTESIAN_POINT ( 'NONE',  ( -5.525000000000000355, 1.374015448775230075, 1.040834900053271950 ) ) ;
#3734 = DIRECTION ( 'NONE',  ( -1.000000000000000000, 0.000000000000000000, 0.000000000000000000 ) ) ;
#3735 = LINE ( 'NONE', #9267, #1473 ) ;
#3736 = FACE_OUTER_BOUND ( 'NONE', #459, .T. ) ;
#3737 = LINE ( 'NONE', #46, #3582 ) ;
#3738 = DIRECTION ( 'NONE',  ( 0.000000000000000000, -0.000000000000000000, -1.000000000000000000 ) ) ;
#3739 = ORIENTED_EDGE ( 'NONE', *, *, #3393, .T. ) ;
#3740 = EDGE_CURVE ( 'NONE', #1604, #7712, #8497, .T. ) ;
#3741 = EDGE_LOOP ( 'NONE', ( #8208, #2579, #3874, #8998 ) ) ;
#3742 = VECTOR ( 'NONE', #9711, 1000.000000000000000 ) ;
#3743 = DIRECTION ( 'NONE',  ( 1.000000000000000000, -0.000000000000000000, -0.000000000000000000 ) ) ;
#3744 = VECTOR ( 'NONE', #7031, 1000.000000000000000 ) ;
#3745 = DIRECTION ( 'NONE',  ( -0.000000000000000000, 0.7071067811865475727, -0.7071067811865475727 ) ) ;
#3746 = ORIENTED_EDGE ( 'NONE', *, *, #6226, .T. ) ;
#3747 = DIRECTION ( 'NONE',  ( -1.000000000000000000, -1.197572355469997778E-16, 0.000000000000000000 ) ) ;
#3748 = FACE_OUTER_BOUND ( 'NONE', #5922, .T. ) ;
#3749 = ORIENTED_EDGE ( 'NONE', *, *, #7002, .F. ) ;
#3750 = LINE ( 'NONE', #5820, #4296 ) ;
#3751 = LINE ( 'NONE', #4531, #2380 ) ;
#3752 = ORIENTED_EDGE ( 'NONE', *, *, #3635, .T. ) ;
#3753 = DIRECTION ( 'NONE',  ( 0.000000000000000000, -0.000000000000000000, -1.000000000000000000 ) ) ;
#3754 = ADVANCED_FACE ( 'NONE', ( #5226 ), #9049, .T. ) ;
#3755 = EDGE_LOOP ( 'NONE', ( #752, #9293, #3595, #5675 ) ) ;
#3756 = EDGE_CURVE ( 'NONE', #6478, #951, #7740, .T. ) ;
#3757 = CARTESIAN_POINT ( 'NONE',  ( -5.525000000000000355, 1.855000000000000204, 1.824999999999999289 ) ) ;
#3758 = DIRECTION ( 'NONE',  ( -0.000000000000000000, 0.000000000000000000, -1.000000000000000000 ) ) ;
#3759 = VECTOR ( 'NONE', #3125, 1000.000000000000000 ) ;
#3760 = CARTESIAN_POINT ( 'NONE',  ( -1.562499999999998446, 2.255000000000000338, 2.024999999999999911 ) ) ;
#3761 = CARTESIAN_POINT ( 'NONE',  ( -7.765000000000000568, 3.400000000000000355, 0.000000000000000000 ) ) ;
#3762 = CARTESIAN_POINT ( 'NONE',  ( -7.605000000000000426, 2.620487515035475390, -0.2750000000000000777 ) ) ;
#3763 = CARTESIAN_POINT ( 'NONE',  ( -4.474999999999999645, 0.5799999999999996270, 2.024999999999999911 ) ) ;
#3764 = DIRECTION ( 'NONE',  ( 0.000000000000000000, 1.000000000000000000, 0.000000000000000000 ) ) ;
#3766 = PLANE ( 'NONE',  #4542 ) ;
#3765 = DIRECTION ( 'NONE',  ( 1.000000000000000000, -0.000000000000000000, -0.000000000000000000 ) ) ;
#3767 = AXIS2_PLACEMENT_3D ( 'NONE', #1623, #6971, #8829 ) ;
#3768 = EDGE_CURVE ( 'NONE', #6389, #6206, #2936, .T. ) ;
#3769 = PLANE ( 'NONE',  #1092 ) ;
#3770 = ORIENTED_EDGE ( 'NONE', *, *, #8584, .T. ) ;
#3771 = EDGE_CURVE ( 'NONE', #5004, #8370, #3625, .T. ) ;
#3772 = ADVANCED_FACE ( 'NONE', ( #5172 ), #2214, .T. ) ;
#3773 = VECTOR ( 'NONE', #7427, 1000.000000000000000 ) ;
#3774 = ORIENTED_EDGE ( 'NONE', *, *, #2576, .F. ) ;
#3775 = DIRECTION ( 'NONE',  ( 1.000000000000000000, 0.000000000000000000, -0.000000000000000000 ) ) ;
#3776 = DIRECTION ( 'NONE',  ( -0.000000000000000000, 0.000000000000000000, 1.000000000000000000 ) ) ;
#3777 = ORIENTED_EDGE ( 'NONE', *, *, #6212, .T. ) ;
#3778 = ORIENTED_EDGE ( 'NONE', *, *, #2209, .F. ) ;
#3780 = DIRECTION ( 'NONE',  ( -0.000000000000000000, 0.000000000000000000, 1.000000000000000000 ) ) ;
#3779 = FACE_OUTER_BOUND ( 'NONE', #4104, .T. ) ;
#3781 = EDGE_LOOP ( 'NONE', ( #3927, #5254, #524, #8231 ) ) ;
#3782 = CARTESIAN_POINT ( 'NONE',  ( 3.855000000000002647, 0.1499999999999998002, -0.2750000000000000777 ) ) ;
#3783 = ADVANCED_FACE ( 'NONE', ( #6043 ), #4509, .T. ) ;
#3784 = CARTESIAN_POINT ( 'NONE',  ( -7.765000000000000568, 3.400000000000000355, 0.06499999999999994671 ) ) ;
#3785 = ORIENTED_EDGE ( 'NONE', *, *, #16, .F. ) ;
#3786 = CARTESIAN_POINT ( 'NONE',  ( -0.5250000000000002442, 0.7800000000000002487, 1.824999999999999289 ) ) ;
#3787 = CARTESIAN_POINT ( 'NONE',  ( -4.474999999999999645, 1.030000000000000027, -1.464999999999999636 ) ) ;
#3788 = FACE_OUTER_BOUND ( 'NONE', #5987, .T. ) ;
#3789 = FACE_OUTER_BOUND ( 'NONE', #5954, .T. ) ;
#3790 = CARTESIAN_POINT ( 'NONE',  ( 3.855000000000002647, 0.8499999999999992006, 2.024999999999999911 ) ) ;
#3791 = DIRECTION ( 'NONE',  ( -1.000000000000000000, 0.000000000000000000, -0.000000000000000000 ) ) ;
#3792 = EDGE_LOOP ( 'NONE', ( #5920, #9513, #9526, #4813, #8698, #545, #1865, #1461, #8009, #8080, #4575, #3052, #1925, #3614, #4491, #6884, #9540, #7063, #4190, #665, #4533, #3770, #8298, #7003, #402, #5785, #3968, #8806, #8942, #8555, #8758, #7072, #9945, #204, #7553, #9524, #8172, #5547, #4877, #1833, #5315, #444, #9047, #1715, #3239, #650, #8152, #8124, #4912, #4347, #2848, #3161, #1958, #3406, #6597, #659, #214, #3774, #5927, #1263, #7527, #4777, #3359, #60, #2540, #7019, #5956, #8966, #6681, #9492, #7580, #8571, #4859, #709, #419, #9349, #5064, #9468, #2503, #5234, #8662, #6136, #91, #6360, #7516, #7778, #7325, #4790, #8707, #7746, #5344, #5243 ) ) ;
#3793 = ORIENTED_EDGE ( 'NONE', *, *, #8144, .F. ) ;
#3794 = LINE ( 'NONE', #5236, #6207 ) ;
#3795 = PRODUCT ( 'SMxB-GHS-TB_07', 'SMxB-GHS-TB_07', '', ( #9169 ) ) ;
#3796 = ORIENTED_EDGE ( 'NONE', *, *, #7675, .F. ) ;
#3797 = EDGE_CURVE ( 'NONE', #3521, #4005, #95, .T. ) ;
#3798 = CARTESIAN_POINT ( 'NONE',  ( -0.5250000000000002442, 0.000000000000000000, 0.06499999999999994671 ) ) ;
#3799 = ORIENTED_EDGE ( 'NONE', *, *, #231, .T. ) ;
#3800 = CARTESIAN_POINT ( 'NONE',  ( -1.775000000000000133, 2.085000000000000409, -2.024999999999999911 ) ) ;
#3801 = VECTOR ( 'NONE', #5934, 1000.000000000000000 ) ;
#3802 = ORIENTED_EDGE ( 'NONE', *, *, #5765, .T. ) ;
#3803 = VECTOR ( 'NONE', #8471, 1000.000000000000000 ) ;
#3804 = ORIENTED_EDGE ( 'NONE', *, *, #9664, .T. ) ;
#3805 = FACE_OUTER_BOUND ( 'NONE', #2277, .T. ) ;
#3806 = CARTESIAN_POINT ( 'NONE',  ( -7.375000000000000000, 0.000000000000000000, -1.334999999999999742 ) ) ;
#3807 = DIRECTION ( 'NONE',  ( 1.734723475976806306E-15, -1.000000000000000000, 0.000000000000000000 ) ) ;
#3808 = VECTOR ( 'NONE', #4392, 1000.000000000000000 ) ;
#3809 = AXIS2_PLACEMENT_3D ( 'NONE', #6885, #1493, #727 ) ;
#3810 = CARTESIAN_POINT ( 'NONE',  ( 7.875000000000000000, 1.030000000000000027, 0.000000000000000000 ) ) ;
#3811 = DIRECTION ( 'NONE',  ( -0.000000000000000000, -0.000000000000000000, 1.000000000000000000 ) ) ;
#3812 = EDGE_CURVE ( 'NONE', #5625, #2599, #1669, .T. ) ;
#3813 = CARTESIAN_POINT ( 'NONE',  ( -7.875000000000000000, 4.250000000000000000, 0.09499999999999959865 ) ) ;
#3814 = CARTESIAN_POINT ( 'NONE',  ( -4.275000000000000355, 1.030000000000000027, -1.464999999999999636 ) ) ;
#3815 = CARTESIAN_POINT ( 'NONE',  ( 0.000000000000000000, 1.855000000000000204, 1.824999999999999289 ) ) ;
#3816 = ORIENTED_EDGE ( 'NONE', *, *, #939, .T. ) ;
#3817 = CARTESIAN_POINT ( 'NONE',  ( -4.275000000000000355, 0.7800000000000005818, 1.824999999999999067 ) ) ;
#3818 = EDGE_CURVE ( 'NONE', #9973, #9719, #143, .T. ) ;
#3819 = ORIENTED_EDGE ( 'NONE', *, *, #1447, .F. ) ;
#3820 = EDGE_CURVE ( 'NONE', #4132, #2927, #9359, .T. ) ;
#3821 = CARTESIAN_POINT ( 'NONE',  ( 0.7249999999999999778, 1.630000000000000782, 0.06499999999999994671 ) ) ;
#3822 = CARTESIAN_POINT ( 'NONE',  ( 3.855000000000002647, 0.7800000000000000266, -0.3250000000000000666 ) ) ;
#3823 = VERTEX_POINT ( 'NONE', #3278 ) ;
#3824 = LINE ( 'NONE', #7780, #9893 ) ;
#3825 = ORIENTED_EDGE ( 'NONE', *, *, #6939, .F. ) ;
#3826 = ORIENTED_EDGE ( 'NONE', *, *, #4514, .T. ) ;
#3827 = DIRECTION ( 'NONE',  ( 0.000000000000000000, -1.000000000000000000, 0.000000000000000000 ) ) ;
#3828 = SHAPE_REPRESENTATION ( 'pin', ( #1950 ), #7990 ) ;
#3829 = CARTESIAN_POINT ( 'NONE',  ( -0.7250000000000008660, 0.7800000000000003597, 1.824999999999999289 ) ) ;
#3830 = ORIENTED_EDGE ( 'NONE', *, *, #9634, .F. ) ;
#3831 = CARTESIAN_POINT ( 'NONE',  ( 2.600000000000001421, 0.000000000000000000, 2.024999999999999911 ) ) ;
#3832 = DIRECTION ( 'NONE',  ( 0.000000000000000000, 0.000000000000000000, -1.000000000000000000 ) ) ;
#3833 = DIRECTION ( 'NONE',  ( 0.000000000000000000, 0.7071067811865490160, -0.7071067811865460184 ) ) ;
#3834 = AXIS2_PLACEMENT_3D ( 'NONE', #9970, #5299, #1386 ) ;
#3835 = LINE ( 'NONE', #6345, #5077 ) ;
#3836 = ADVANCED_FACE ( 'NONE', ( #3081 ), #1572, .T. ) ;
#3837 = PLANE ( 'NONE',  #5899 ) ;
#3838 = DIRECTION ( 'NONE',  ( -0.000000000000000000, 0.000000000000000000, 1.000000000000000000 ) ) ;
#3839 = EDGE_CURVE ( 'NONE', #5690, #547, #2476, .T. ) ;
#3840 = CARTESIAN_POINT ( 'NONE',  ( 7.875000000000000000, 1.030000000000000027, -2.024999999999999911 ) ) ;
#3841 = ORIENTED_EDGE ( 'NONE', *, *, #4910, .F. ) ;
#3842 = ORIENTED_EDGE ( 'NONE', *, *, #765, .F. ) ;
#3843 = VECTOR ( 'NONE', #2801, 1000.000000000000000 ) ;
#3844 = ORIENTED_EDGE ( 'NONE', *, *, #6013, .F. ) ;
#3845 = AXIS2_PLACEMENT_3D ( 'NONE', #4367, #6108, #8252 ) ;
#3846 = DIRECTION ( 'NONE',  ( 0.000000000000000000, -0.7071067811865460184, -0.7071067811865489050 ) ) ;
#3847 = ADVANCED_FACE ( 'NONE', ( #3226 ), #4809, .T. ) ;
#3848 = DIRECTION ( 'NONE',  ( 1.000000000000000000, 0.000000000000000000, 0.000000000000000000 ) ) ;
#3849 = VECTOR ( 'NONE', #1213, 1000.000000000000000 ) ;
#3850 = FACE_OUTER_BOUND ( 'NONE', #8780, .T. ) ;
#3851 = DIRECTION ( 'NONE',  ( 1.000000000000000000, 0.000000000000000000, -0.000000000000000000 ) ) ;
#3852 = DIRECTION ( 'NONE',  ( 0.000000000000000000, -1.000000000000000000, 0.000000000000000000 ) ) ;
#3853 = AXIS2_PLACEMENT_3D ( 'NONE', #8759, #6512, #2491 ) ;
#3854 = ORIENTED_EDGE ( 'NONE', *, *, #3922, .F. ) ;
#3855 = ORIENTED_EDGE ( 'NONE', *, *, #3584, .F. ) ;
#3856 = VECTOR ( 'NONE', #4602, 1000.000000000000114 ) ;
#3857 = CARTESIAN_POINT ( 'NONE',  ( -0.5250000000000002442, 0.000000000000000000, 0.06499999999999994671 ) ) ;
#3858 = ADVANCED_FACE ( 'NONE', ( #8648 ), #9448, .F. ) ;
#3859 = DIRECTION ( 'NONE',  ( -0.000000000000000000, 1.000000000000000000, -0.000000000000000000 ) ) ;
#3860 = AXIS2_PLACEMENT_3D ( 'NONE', #99, #4866, #3124 ) ;
#3861 = EDGE_CURVE ( 'NONE', #9070, #4465, #7789, .T. ) ;
#3862 = LINE ( 'NONE', #6787, #2625 ) ;
#3863 = CARTESIAN_POINT ( 'NONE',  ( 1.562500000000001332, 1.855000000000000204, 1.824999999999999289 ) ) ;
#3864 = CARTESIAN_POINT ( 'NONE',  ( -3.437499999999999556, 1.855000000000000204, 0.06499999999999994671 ) ) ;
#3865 = VECTOR ( 'NONE', #2847, 1000.000000000000000 ) ;
#3866 = CARTESIAN_POINT ( 'NONE',  ( -6.989999999999999325, 0.5799999999999995159, 2.024999999999999911 ) ) ;
#3867 = ORIENTED_EDGE ( 'NONE', *, *, #2342, .F. ) ;
#3868 = LINE ( 'NONE', #4544, #2241 ) ;
#3869 = LINE ( 'NONE', #7768, #2410 ) ;
#3870 = EDGE_CURVE ( 'NONE', #5148, #4242, #3170, .T. ) ;
#3871 = LINE ( 'NONE', #801, #9670 ) ;
#3872 = VECTOR ( 'NONE', #8164, 1000.000000000000000 ) ;
#3873 = LINE ( 'NONE', #2508, #5316 ) ;
#3874 = ORIENTED_EDGE ( 'NONE', *, *, #4273, .T. ) ;
#3875 = LINE ( 'NONE', #2412, #6400 ) ;
#3876 = ORIENTED_EDGE ( 'NONE', *, *, #5544, .T. ) ;
#3877 = CARTESIAN_POINT ( 'NONE',  ( -5.724999999999999645, 1.937842712474619811, 1.824999999999999956 ) ) ;
#3878 = ORIENTED_EDGE ( 'NONE', *, *, #3283, .F. ) ;
#3879 = EDGE_LOOP ( 'NONE', ( #7087, #4846, #7530, #2673 ) ) ;
#3880 = EDGE_CURVE ( 'NONE', #701, #2032, #3424, .T. ) ;
#3881 = ORIENTED_EDGE ( 'NONE', *, *, #8823, .F. ) ;
#3882 = ADVANCED_FACE ( 'NONE', ( #6445 ), #7226, .T. ) ;
#3883 = CARTESIAN_POINT ( 'NONE',  ( 0.9374999999999964473, 8.809142651444728259E-15, 0.06499999999999994671 ) ) ;
#3884 = CARTESIAN_POINT ( 'NONE',  ( 0.7249999999999999778, 0.000000000000000000, -2.024999999999999911 ) ) ;
#3885 = CARTESIAN_POINT ( 'NONE',  ( 4.015000000000002345, 3.400000000000000355, 2.024999999999999911 ) ) ;
#3886 = FACE_OUTER_BOUND ( 'NONE', #3447, .T. ) ;
#3887 = DIRECTION ( 'NONE',  ( 0.000000000000000000, 5.706327223607912624E-16, 1.000000000000000000 ) ) ;
#3888 = VECTOR ( 'NONE', #5312, 1000.000000000000000 ) ;
#3889 = DIRECTION ( 'NONE',  ( -1.000000000000000000, -0.000000000000000000, -0.000000000000000000 ) ) ;
#3890 = ORIENTED_EDGE ( 'NONE', *, *, #9805, .F. ) ;
#3891 = VERTEX_POINT ( 'NONE', #1155 ) ;
#3892 = EDGE_CURVE ( 'NONE', #4802, #7276, #1871, .T. ) ;
#3893 = EDGE_CURVE ( 'NONE', #9994, #1113, #1777, .T. ) ;
#3894 = EDGE_CURVE ( 'NONE', #6990, #1868, #2659, .T. ) ;
#3895 = ADVANCED_FACE ( 'NONE', ( #5877 ), #5776, .F. ) ;
#3896 = CARTESIAN_POINT ( 'NONE',  ( 3.050000000000003375, 3.820000000000000728, -1.224999999999999867 ) ) ;
#3897 = CARTESIAN_POINT ( 'NONE',  ( 3.625000000000002220, 0.1499999999999974964, 2.024999999999999911 ) ) ;
#3898 = ORIENTED_EDGE ( 'NONE', *, *, #969, .T. ) ;
#3899 = DIRECTION ( 'NONE',  ( 0.000000000000000000, 0.000000000000000000, -1.000000000000000000 ) ) ;
#3900 = ORIENTED_EDGE ( 'NONE', *, *, #9745, .T. ) ;
#3901 = ORIENTED_EDGE ( 'NONE', *, *, #7471, .T. ) ;
#3902 = CARTESIAN_POINT ( 'NONE',  ( -1.562499999999998446, 2.255000000000000338, 0.06499999999999994671 ) ) ;
#3903 = DIRECTION ( 'NONE',  ( 1.000000000000000000, -0.000000000000000000, -0.000000000000000000 ) ) ;
#3904 = CARTESIAN_POINT ( 'NONE',  ( -7.875000000000000000, 1.030000000000000027, -2.024999999999999911 ) ) ;
#3905 = VECTOR ( 'NONE', #6300, 1000.000000000000000 ) ;
#3906 = CARTESIAN_POINT ( 'NONE',  ( -0.3124999999999993894, 1.855000000000000204, 0.06499999999999994671 ) ) ;
#3907 = DIRECTION ( 'NONE',  ( 0.000000000000000000, 0.7071067811865474617, 0.7071067811865474617 ) ) ;
#3908 = APPLICATION_CONTEXT ( 'automotive_design' ) ;
#3909 = ORIENTED_EDGE ( 'NONE', *, *, #9804, .T. ) ;
#3910 = LINE ( 'NONE', #2193, #5167 ) ;
#3911 = ORIENTED_EDGE ( 'NONE', *, *, #569, .F. ) ;
#3912 = DIRECTION ( 'NONE',  ( -0.000000000000000000, -0.000000000000000000, 1.000000000000000000 ) ) ;
#3913 = ORIENTED_EDGE ( 'NONE', *, *, #4896, .F. ) ;
#3914 = AXIS2_PLACEMENT_3D ( 'NONE', #1222, #3641, #5127 ) ;
#3915 = CARTESIAN_POINT ( 'NONE',  ( 2.413750000000001172, 2.255000000000000338, 2.024999999999999911 ) ) ;
#3916 = DIRECTION ( 'NONE',  ( 1.000000000000000000, 0.000000000000000000, 0.000000000000000000 ) ) ;
#3917 = ORIENTED_EDGE ( 'NONE', *, *, #148, .F. ) ;
#3918 = LINE ( 'NONE', #2308, #9178 ) ;
#3919 = AXIS2_PLACEMENT_3D ( 'NONE', #1573, #6916, #10052 ) ;
#3920 = DIRECTION ( 'NONE',  ( 0.000000000000000000, 0.000000000000000000, 1.000000000000000000 ) ) ;
#3921 = VERTEX_POINT ( 'NONE', #5108 ) ;
#3922 = EDGE_CURVE ( 'NONE', #6753, #8585, #8882, .T. ) ;
#3923 = DIRECTION ( 'NONE',  ( -0.000000000000000000, 1.000000000000000000, 0.000000000000000000 ) ) ;
#3924 = EDGE_CURVE ( 'NONE', #6782, #7661, #4913, .T. ) ;
#3925 = ORIENTED_EDGE ( 'NONE', *, *, #5910, .T. ) ;
#3926 = EDGE_LOOP ( 'NONE', ( #3936, #5020, #6734, #8792, #1053, #5680 ) ) ;
#3927 = ORIENTED_EDGE ( 'NONE', *, *, #7675, .T. ) ;
#3928 = ORIENTED_EDGE ( 'NONE', *, *, #3074, .T. ) ;
#3929 = CARTESIAN_POINT ( 'NONE',  ( -6.974999999999996980, 0.1800000000000000488, -0.2750000000000000777 ) ) ;
#3930 = DIRECTION ( 'NONE',  ( 0.000000000000000000, -0.000000000000000000, -1.000000000000000000 ) ) ;
#3931 = DIRECTION ( 'NONE',  ( 0.000000000000000000, -0.000000000000000000, -1.000000000000000000 ) ) ;
#3932 = VECTOR ( 'NONE', #6376, 1000.000000000000000 ) ;
#3933 = CARTESIAN_POINT ( 'NONE',  ( -3.749999999999998224, 2.760000000000000231, 1.824999999999999289 ) ) ;
#3934 = LINE ( 'NONE', #49, #6480 ) ;
#3935 = CARTESIAN_POINT ( 'NONE',  ( 4.125000000000001776, 0.000000000000000000, 0.000000000000000000 ) ) ;
#3936 = ORIENTED_EDGE ( 'NONE', *, *, #1001, .T. ) ;
#3937 = ORIENTED_EDGE ( 'NONE', *, *, #9746, .T. ) ;
#3938 = EDGE_CURVE ( 'NONE', #7289, #7377, #8226, .T. ) ;
#3939 = EDGE_CURVE ( 'NONE', #4168, #2928, #2569, .T. ) ;
#3940 = ORIENTED_EDGE ( 'NONE', *, *, #7080, .F. ) ;
#3941 = ORIENTED_EDGE ( 'NONE', *, *, #3771, .T. ) ;
#3942 = ORIENTED_EDGE ( 'NONE', *, *, #2760, .T. ) ;
#3943 = FACE_OUTER_BOUND ( 'NONE', #1640, .T. ) ;
#3944 = DIRECTION ( 'NONE',  ( 0.000000000000000000, 0.000000000000000000, -1.000000000000000000 ) ) ;
#3945 = VERTEX_POINT ( 'NONE', #4140 ) ;
#3946 = FACE_OUTER_BOUND ( 'NONE', #5556, .T. ) ;
#3947 = ADVANCED_FACE ( 'NONE', ( #7272 ), #235, .F. ) ;
#3948 = EDGE_CURVE ( 'NONE', #4826, #2370, #543, .T. ) ;
#3949 = DIRECTION ( 'NONE',  ( 0.000000000000000000, 0.000000000000000000, -1.000000000000000000 ) ) ;
#3950 = PLANE ( 'NONE',  #739 ) ;
#3951 = VERTEX_POINT ( 'NONE', #9943 ) ;
#3952 = EDGE_CURVE ( 'NONE', #108, #5742, #6079, .T. ) ;
#3953 = EDGE_CURVE ( 'NONE', #5958, #8109, #5213, .T. ) ;
#3954 = CARTESIAN_POINT ( 'NONE',  ( -7.500000000000000000, 3.500000000000000444, 0.000000000000000000 ) ) ;
#3955 = EDGE_CURVE ( 'NONE', #6241, #1788, #4337, .T. ) ;
#3956 = ORIENTED_EDGE ( 'NONE', *, *, #3771, .F. ) ;
#3957 = VERTEX_POINT ( 'NONE', #1353 ) ;
#3958 = LINE ( 'NONE', #7813, #9507 ) ;
#3959 = LINE ( 'NONE', #7246, #667 ) ;
#3960 = ADVANCED_FACE ( 'NONE', ( #7467 ), #6029, .F. ) ;
#3961 = DIRECTION ( 'NONE',  ( 0.000000000000000000, 0.000000000000000000, 1.000000000000000000 ) ) ;
#3962 = LINE ( 'NONE', #3864, #5973 ) ;
#3963 = ADVANCED_FACE ( 'NONE', ( #2974 ), #437, .F. ) ;
#3964 = VECTOR ( 'NONE', #431, 1000.000000000000000 ) ;
#3965 = AXIS2_PLACEMENT_3D ( 'NONE', #3062, #6234, #2303 ) ;
#3966 = VERTEX_POINT ( 'NONE', #5264 ) ;
#3967 = CARTESIAN_POINT ( 'NONE',  ( -3.749999999999998224, 1.630000000000001226, 0.06499999999999994671 ) ) ;
#3968 = ORIENTED_EDGE ( 'NONE', *, *, #293, .T. ) ;
#3969 = ORIENTED_EDGE ( 'NONE', *, *, #941, .T. ) ;
#3970 = FACE_OUTER_BOUND ( 'NONE', #3114, .T. ) ;
#3971 = DIRECTION ( 'NONE',  ( 0.000000000000000000, -1.000000000000000000, 0.000000000000000000 ) ) ;
#3972 = VECTOR ( 'NONE', #3327, 1000.000000000000000 ) ;
#3973 = AXIS2_PLACEMENT_3D ( 'NONE', #581, #6219, #5197 ) ;
#3974 = CARTESIAN_POINT ( 'NONE',  ( -7.275000000000000355, 0.7800000000000000266, -0.2750000000000000777 ) ) ;
#3975 = DIRECTION ( 'NONE',  ( 0.000000000000000000, 0.000000000000000000, -1.000000000000000000 ) ) ;
#3976 = LINE ( 'NONE', #5672, #7075 ) ;
#3977 = LINE ( 'NONE', #3068, #7259 ) ;
#3978 = ORIENTED_EDGE ( 'NONE', *, *, #8198, .F. ) ;
#3980 = DIRECTION ( 'NONE',  ( -1.000000000000000000, -0.000000000000000000, -0.000000000000000000 ) ) ;
#3979 = DIRECTION ( 'NONE',  ( 0.000000000000000000, 0.000000000000000000, -1.000000000000000000 ) ) ;
#3981 = VECTOR ( 'NONE', #1405, 1000.000000000000000 ) ;
#3982 = VECTOR ( 'NONE', #8349, 1000.000000000000000 ) ;
#3983 = DIRECTION ( 'NONE',  ( 0.000000000000000000, -1.000000000000000000, 0.000000000000000000 ) ) ;
#3984 = VERTEX_POINT ( 'NONE', #8377 ) ;
#3985 = VERTEX_POINT ( 'NONE', #2925 ) ;
#3986 = CARTESIAN_POINT ( 'NONE',  ( 0.5250000000000002442, 2.085000000000000409, -2.024999999999999911 ) ) ;
#3987 = CARTESIAN_POINT ( 'NONE',  ( -7.605000000000000426, 1.759999999999999121, 1.274999999999999911 ) ) ;
#3988 = FACE_OUTER_BOUND ( 'NONE', #6422, .T. ) ;
#3989 = VECTOR ( 'NONE', #7048, 1000.000000000000000 ) ;
#3990 = DIRECTION ( 'NONE',  ( 0.000000000000000000, -0.000000000000000000, -1.000000000000000000 ) ) ;
#3991 = VERTEX_POINT ( 'NONE', #6702 ) ;
#3992 = EDGE_LOOP ( 'NONE', ( #186, #5566, #6062, #5932 ) ) ;
#3993 = ORIENTED_EDGE ( 'NONE', *, *, #7980, .F. ) ;
#3994 = EDGE_LOOP ( 'NONE', ( #5066, #7515, #1254, #4346 ) ) ;
#3995 = MECHANICAL_DESIGN_GEOMETRIC_PRESENTATION_REPRESENTATION (  '', ( #2861 ), #888 ) ;
#3996 = FACE_OUTER_BOUND ( 'NONE', #1083, .T. ) ;
#3997 = ADVANCED_FACE ( 'NONE', ( #7628 ), #6751, .F. ) ;
#3998 = EDGE_CURVE ( 'NONE', #8709, #3496, #9250, .T. ) ;
#3999 = CARTESIAN_POINT ( 'NONE',  ( 3.750000000000000000, 0.7800000000000006928, 1.824999999999999289 ) ) ;
#4000 = CARTESIAN_POINT ( 'NONE',  ( -1.974999999999999867, 1.630000000000000782, 0.06499999999999994671 ) ) ;
#4001 = CARTESIAN_POINT ( 'NONE',  ( -3.224999999999999645, 1.855000000000000204, 0.06499999999999994671 ) ) ;
#4002 = ORIENTED_EDGE ( 'NONE', *, *, #3032, .F. ) ;
#4003 = CARTESIAN_POINT ( 'NONE',  ( -7.275000000000000355, 0.4800000000000017031, 0.000000000000000000 ) ) ;
#4004 = DIRECTION ( 'NONE',  ( 1.000000000000000000, 0.000000000000000000, -0.000000000000000000 ) ) ;
#4005 = VERTEX_POINT ( 'NONE', #9094 ) ;
#4006 = AXIS2_PLACEMENT_3D ( 'NONE', #4328, #7458, #3549 ) ;
#4007 = ORIENTED_EDGE ( 'NONE', *, *, #7774, .F. ) ;
#4008 = ORIENTED_EDGE ( 'NONE', *, *, #5839, .T. ) ;
#4009 = CARTESIAN_POINT ( 'NONE',  ( 3.040000000000001812, 0.5799999999999995159, 2.024999999999999911 ) ) ;
#4010 = EDGE_CURVE ( 'NONE', #7040, #1868, #9038, .T. ) ;
#4011 = VECTOR ( 'NONE', #6471, 1000.000000000000000 ) ;
#4012 = CARTESIAN_POINT ( 'NONE',  ( -7.765000000000000568, 2.400000000000000355, 2.024999999999999911 ) ) ;
#4013 = VECTOR ( 'NONE', #8103, 1000.000000000000000 ) ;
#4014 = DIRECTION ( 'NONE',  ( 0.000000000000000000, -1.000000000000000000, 0.000000000000000000 ) ) ;
#4015 = DIRECTION ( 'NONE',  ( -0.000000000000000000, -0.000000000000000000, -1.000000000000000000 ) ) ;
#4016 = EDGE_LOOP ( 'NONE', ( #9286, #5984, #6021, #5015, #1437, #7667, #493 ) ) ;
#4017 = CARTESIAN_POINT ( 'NONE',  ( -3.749999999999998224, 2.255000000000000338, 0.06499999999999994671 ) ) ;
#4018 = AXIS2_PLACEMENT_3D ( 'NONE', #6905, #1565, #5378 ) ;
#4019 = EDGE_LOOP ( 'NONE', ( #2789, #1577, #5177, #5377 ) ) ;
#4020 = ORIENTED_EDGE ( 'NONE', *, *, #5275, .F. ) ;
#4021 = FACE_OUTER_BOUND ( 'NONE', #6354, .T. ) ;
#4022 = AXIS2_PLACEMENT_3D ( 'NONE', #9219, #8546, #3838 ) ;
#4023 = FACE_OUTER_BOUND ( 'NONE', #916, .T. ) ;
#4024 = EDGE_CURVE ( 'NONE', #2027, #7307, #5156, .T. ) ;
#4025 = ADVANCED_FACE ( 'NONE', ( #6130 ), #2255, .F. ) ;
#4026 = ADVANCED_FACE ( 'NONE', ( #2200 ), #5317, .T. ) ;
#4027 = EDGE_CURVE ( 'NONE', #1274, #2420, #9986, .T. ) ;
#4028 = LINE ( 'NONE', #1653, #5297 ) ;
#4029 = CIRCLE ( 'NONE', #8764, 0.08500000000000000611 ) ;
#4030 = FILL_AREA_STYLE_COLOUR ( '', #2039 ) ;
#4031 = CARTESIAN_POINT ( 'NONE',  ( 3.625000000000002220, 1.719999999999999529, 2.024999999999999911 ) ) ;
#4032 = DIRECTION ( 'NONE',  ( -0.000000000000000000, 0.000000000000000000, 1.000000000000000000 ) ) ;
#4033 = ORIENTED_EDGE ( 'NONE', *, *, #3812, .T. ) ;
#4034 = FACE_OUTER_BOUND ( 'NONE', #9191, .T. ) ;
#4035 = ORIENTED_EDGE ( 'NONE', *, *, #7401, .T. ) ;
#4036 = EDGE_LOOP ( 'NONE', ( #5730, #1407, #3296, #413 ) ) ;
#4037 = VERTEX_POINT ( 'NONE', #7520 ) ;
#4038 = VECTOR ( 'NONE', #2700, 1000.000000000000000 ) ;
#4039 = CARTESIAN_POINT ( 'NONE',  ( -5.724999999999999645, 2.084999999999999964, -2.024999999999999911 ) ) ;
#4040 = SURFACE_STYLE_FILL_AREA ( #2658 ) ;
#4041 = CARTESIAN_POINT ( 'NONE',  ( 3.625000000000002220, 0.000000000000000000, -2.496936092690336118 ) ) ;
#4042 = ORIENTED_EDGE ( 'NONE', *, *, #7295, .T. ) ;
#4043 = EDGE_LOOP ( 'NONE', ( #43, #3825, #5475, #5453 ) ) ;
#4044 = VECTOR ( 'NONE', #7320, 1000.000000000000000 ) ;
#4045 = VERTEX_POINT ( 'NONE', #491 ) ;
#4046 = ORIENTED_EDGE ( 'NONE', *, *, #8884, .F. ) ;
#4047 = CARTESIAN_POINT ( 'NONE',  ( -7.015000000000000568, 0.000000000000000000, -1.724999999999999867 ) ) ;
#4048 = LINE ( 'NONE', #6555, #996 ) ;
#4049 = CARTESIAN_POINT ( 'NONE',  ( -1.775000000000000133, 0.7799999999999999156, 0.06499999999999994671 ) ) ;
#4050 = VERTEX_POINT ( 'NONE', #2864 ) ;
#4051 = LINE ( 'NONE', #8091, #10029 ) ;
#4052 = DIRECTION ( 'NONE',  ( -0.000000000000000000, -1.000000000000000000, -0.000000000000000000 ) ) ;
#4053 = ORIENTED_EDGE ( 'NONE', *, *, #2909, .F. ) ;
#4054 = CARTESIAN_POINT ( 'NONE',  ( -7.375000000000000000, 3.500000000000000444, 0.000000000000000000 ) ) ;
#4055 = EDGE_CURVE ( 'NONE', #6126, #9743, #5981, .T. ) ;
#4056 = ADVANCED_FACE ( 'NONE', ( #4701 ), #1510, .T. ) ;
#4057 = VERTEX_POINT ( 'NONE', #6374 ) ;
#4058 = VERTEX_POINT ( 'NONE', #2305 ) ;
#4059 = CARTESIAN_POINT ( 'NONE',  ( -0.7249999999999999778, 2.085000000000000409, -2.024999999999999911 ) ) ;
#4060 = CARTESIAN_POINT ( 'NONE',  ( 0.7766666666666807162, 3.043333333333329893, -0.4383333333333305215 ) ) ;
#4061 = LINE ( 'NONE', #7199, #232 ) ;
#4062 = DIRECTION ( 'NONE',  ( -1.000000000000000000, 0.000000000000000000, 0.000000000000000000 ) ) ;
#4063 = DIRECTION ( 'NONE',  ( 0.000000000000000000, 0.000000000000000000, -1.000000000000000000 ) ) ;
#4064 = EDGE_CURVE ( 'NONE', #2377, #6959, #3871, .T. ) ;
#4065 = VERTEX_POINT ( 'NONE', #3915 ) ;
#4066 = DIRECTION ( 'NONE',  ( 1.000000000000000000, -0.000000000000000000, -0.000000000000000000 ) ) ;
#4067 = EDGE_CURVE ( 'NONE', #3984, #6447, #5621, .T. ) ;
#4068 = ORIENTED_EDGE ( 'NONE', *, *, #5939, .F. ) ;
#4069 = CARTESIAN_POINT ( 'NONE',  ( -7.605000000000000426, 0.7800000000000000266, -0.2750000000000000777 ) ) ;
#4070 = CARTESIAN_POINT ( 'NONE',  ( -7.375000000000000888, 0.1499999999999998002, -0.2750000000000001332 ) ) ;
#4071 = VECTOR ( 'NONE', #2988, 1000.000000000000000 ) ;
#4072 = CARTESIAN_POINT ( 'NONE',  ( -5.525000000000000355, 1.629999999999999893, 4.165075243091329638E-16 ) ) ;
#4073 = DIRECTION ( 'NONE',  ( 0.000000000000000000, 0.000000000000000000, -1.000000000000000000 ) ) ;
#4074 = EDGE_CURVE ( 'NONE', #10028, #927, #4028, .T. ) ;
#4075 = EDGE_CURVE ( 'NONE', #3991, #6674, #10086, .T. ) ;
#4076 = ORIENTED_EDGE ( 'NONE', *, *, #7654, .F. ) ;
#4077 = EDGE_CURVE ( 'NONE', #1113, #4428, #697, .T. ) ;
#4078 = CARTESIAN_POINT ( 'NONE',  ( -5.724999999999999645, 0.2999999999999999889, 0.000000000000000000 ) ) ;
#4079 = EDGE_CURVE ( 'NONE', #7442, #6832, #3159, .T. ) ;
#4080 = EDGE_CURVE ( 'NONE', #8859, #8043, #31, .T. ) ;
#4081 = ORIENTED_EDGE ( 'NONE', *, *, #2077, .F. ) ;
#4082 = CARTESIAN_POINT ( 'NONE',  ( -3.749999999999998224, 1.630000000000001226, -2.024999999999999911 ) ) ;
#4083 = ORIENTED_EDGE ( 'NONE', *, *, #3016, .T. ) ;
#4084 = ORIENTED_EDGE ( 'NONE', *, *, #7030, .T. ) ;
#4085 = DIRECTION ( 'NONE',  ( 0.000000000000000000, 0.7071067811865474617, -0.7071067811865475727 ) ) ;
#4086 = DIRECTION ( 'NONE',  ( 0.000000000000000000, -0.000000000000000000, 1.000000000000000000 ) ) ;
#4087 = DIRECTION ( 'NONE',  ( 1.000000000000000000, -0.000000000000000000, -0.000000000000000000 ) ) ;
#4088 = VECTOR ( 'NONE', #8064, 1000.000000000000227 ) ;
#4089 = LINE ( 'NONE', #2429, #6155 ) ;
#4090 = VECTOR ( 'NONE', #4460, 1000.000000000000000 ) ;
#4091 = VERTEX_POINT ( 'NONE', #2408 ) ;
#4092 = EDGE_CURVE ( 'NONE', #8703, #1161, #4598, .T. ) ;
#4093 = ORIENTED_EDGE ( 'NONE', *, *, #8286, .T. ) ;
#4094 = AXIS2_PLACEMENT_3D ( 'NONE', #9336, #6321, #5606 ) ;
#4095 = ORIENTED_EDGE ( 'NONE', *, *, #6500, .F. ) ;
#4096 = ORIENTED_EDGE ( 'NONE', *, *, #6775, .F. ) ;
#4097 = CARTESIAN_POINT ( 'NONE',  ( -0.5250000000000002442, 1.030000000000000027, -2.024999999999999911 ) ) ;
#4098 = ORIENTED_EDGE ( 'NONE', *, *, #3953, .T. ) ;
#4099 = DIRECTION ( 'NONE',  ( 1.000000000000000000, 0.000000000000000000, 0.000000000000000000 ) ) ;
#4100 = CARTESIAN_POINT ( 'NONE',  ( -4.061874999999999680, 2.255000000000000338, 4.126874999999999183 ) ) ;
#4101 = ORIENTED_EDGE ( 'NONE', *, *, #8711, .T. ) ;
#4102 = EDGE_CURVE ( 'NONE', #722, #8059, #1607, .T. ) ;
#4103 = ORIENTED_EDGE ( 'NONE', *, *, #2759, .T. ) ;
#4104 = EDGE_LOOP ( 'NONE', ( #7785, #523, #9354, #6872 ) ) ;
#4105 = FACE_OUTER_BOUND ( 'NONE', #3092, .T. ) ;
#4106 = DIRECTION ( 'NONE',  ( 0.000000000000000000, -0.000000000000000000, 1.000000000000000000 ) ) ;
#4107 = CARTESIAN_POINT ( 'NONE',  ( 3.855000000000002647, 1.759999999999999121, 1.274999999999999911 ) ) ;
#4108 = EDGE_CURVE ( 'NONE', #10080, #7998, #3064, .T. ) ;
#4109 = LINE ( 'NONE', #2395, #6722 ) ;
#4110 = LINE ( 'NONE', #2591, #5343 ) ;
#4111 = DIRECTION ( 'NONE',  ( 1.000000000000000000, 0.000000000000000000, -0.000000000000000000 ) ) ;
#4112 = DIRECTION ( 'NONE',  ( -0.000000000000000000, 0.7071067811865475727, -0.7071067811865475727 ) ) ;
#4113 = ORIENTED_EDGE ( 'NONE', *, *, #3453, .F. ) ;
#4114 = ORIENTED_EDGE ( 'NONE', *, *, #9015, .T. ) ;
#4115 = CARTESIAN_POINT ( 'NONE',  ( 3.625000000000002220, 1.009999999999999121, 1.949999999999999289 ) ) ;
#4116 = FACE_OUTER_BOUND ( 'NONE', #1439, .T. ) ;
#4117 = ORIENTED_EDGE ( 'NONE', *, *, #9505, .F. ) ;
#4118 = ORIENTED_EDGE ( 'NONE', *, *, #5250, .T. ) ;
#4119 = CARTESIAN_POINT ( 'NONE',  ( -3.024999999999999911, 0.000000000000000000, 0.06499999999999994671 ) ) ;
#4120 = EDGE_CURVE ( 'NONE', #1997, #8935, #5473, .T. ) ;
#4121 = ADVANCED_FACE ( 'NONE', ( #82 ), #9299, .F. ) ;
#4122 = CARTESIAN_POINT ( 'NONE',  ( 0.000000000000000000, 1.855000000000000204, 0.06499999999999994671 ) ) ;
#4123 = VECTOR ( 'NONE', #7873, 1000.000000000000000 ) ;
#4124 = DIRECTION ( 'NONE',  ( 0.000000000000000000, -1.000000000000000000, 0.000000000000000000 ) ) ;
#4125 = LINE ( 'NONE', #9582, #4667 ) ;
#4126 = CARTESIAN_POINT ( 'NONE',  ( 0.000000000000000000, 1.937842712474619811, 1.824999999999999956 ) ) ;
#4127 = DIRECTION ( 'NONE',  ( 0.000000000000000000, -1.000000000000000000, 0.000000000000000000 ) ) ;
#4128 = ORIENTED_EDGE ( 'NONE', *, *, #2224, .F. ) ;
#4130 = CARTESIAN_POINT ( 'NONE',  ( -7.375000000000000888, 0.000000000000000000, -2.496936092690336118 ) ) ;
#4129 = PLANE ( 'NONE',  #1556 ) ;
#4131 = VERTEX_POINT ( 'NONE', #8579 ) ;
#4132 = VERTEX_POINT ( 'NONE', #2460 ) ;
#4133 = CARTESIAN_POINT ( 'NONE',  ( -7.275000000000000355, 0.4800000000000000377, 2.024999999999999911 ) ) ;
#4134 = VECTOR ( 'NONE', #5869, 1000.000000000000000 ) ;
#4135 = VECTOR ( 'NONE', #5736, 1000.000000000000000 ) ;
#4136 = VECTOR ( 'NONE', #3639, 1000.000000000000000 ) ;
#4137 = VERTEX_POINT ( 'NONE', #8730 ) ;
#4138 = DIRECTION ( 'NONE',  ( 0.000000000000000000, -0.7071067811865492381, -0.7071067811865457964 ) ) ;
#4139 = EDGE_CURVE ( 'NONE', #4556, #3066, #8924, .T. ) ;
#4140 = CARTESIAN_POINT ( 'NONE',  ( -1.775000000000000133, 1.630000000000000782, 0.06499999999999994671 ) ) ;
#4141 = EDGE_CURVE ( 'NONE', #4502, #9973, #9672, .T. ) ;
#4142 = VECTOR ( 'NONE', #8868, 1000.000000000000000 ) ;
#4143 = EDGE_LOOP ( 'NONE', ( #7465, #2180, #9378, #5734, #3819, #1409, #9538, #9563, #6448 ) ) ;
#4144 = ORIENTED_EDGE ( 'NONE', *, *, #1435, .T. ) ;
#4145 = ORIENTED_EDGE ( 'NONE', *, *, #899, .F. ) ;
#4146 = ORIENTED_EDGE ( 'NONE', *, *, #6777, .T. ) ;
#4147 = EDGE_CURVE ( 'NONE', #7474, #2982, #8828, .T. ) ;
#4148 = EDGE_CURVE ( 'NONE', #2611, #8723, #7309, .T. ) ;
#4149 = ADVANCED_FACE ( 'NONE', ( #2646 ), #7968, .F. ) ;
#4150 = DIRECTION ( 'NONE',  ( 0.000000000000000000, 0.000000000000000000, 1.000000000000000000 ) ) ;
#4151 = ORIENTED_EDGE ( 'NONE', *, *, #9935, .T. ) ;
#4152 = CARTESIAN_POINT ( 'NONE',  ( -0.000000000000000000, 2.085000000000000409, 2.024999999999999911 ) ) ;
#4153 = ORIENTED_EDGE ( 'NONE', *, *, #1216, .T. ) ;
#4154 = ADVANCED_FACE ( 'NONE', ( #4945 ), #5759, .F. ) ;
#4155 = CARTESIAN_POINT ( 'NONE',  ( 1.775000000000002354, 0.000000000000000000, -2.024999999999999911 ) ) ;
#4156 = PLANE ( 'NONE',  #3575 ) ;
#4157 = DIRECTION ( 'NONE',  ( 0.000000000000000000, -1.000000000000000000, 0.000000000000000000 ) ) ;
#4158 = DIRECTION ( 'NONE',  ( 0.000000000000000000, -1.000000000000000000, 0.000000000000000000 ) ) ;
#4159 = VECTOR ( 'NONE', #377, 1000.000000000000000 ) ;
#4160 = CARTESIAN_POINT ( 'NONE',  ( -6.800000000000000711, 3.240000000000000657, -1.224999999999999867 ) ) ;
#4161 = CARTESIAN_POINT ( 'NONE',  ( -3.024999999999999911, 2.085000000000000409, 2.024999999999999911 ) ) ;
#4162 = ORIENTED_EDGE ( 'NONE', *, *, #3087, .F. ) ;
#4163 = VECTOR ( 'NONE', #9291, 1000.000000000000000 ) ;
#4164 = ORIENTED_EDGE ( 'NONE', *, *, #5207, .F. ) ;
#4165 = SURFACE_STYLE_USAGE ( .BOTH. , #5804 ) ;
#4166 = LINE ( 'NONE', #8007, #5001 ) ;
#4167 = DIRECTION ( 'NONE',  ( 0.000000000000000000, -1.000000000000000000, 0.000000000000000000 ) ) ;
#4168 = VERTEX_POINT ( 'NONE', #4222 ) ;
#4169 = VECTOR ( 'NONE', #2948, 1000.000000000000000 ) ;
#4170 = CARTESIAN_POINT ( 'NONE',  ( -0.5250000000000011324, 1.855000000000000204, 1.824999999999999289 ) ) ;
#4171 = VECTOR ( 'NONE', #8449, 1000.000000000000114 ) ;
#4172 = LINE ( 'NONE', #8925, #7207 ) ;
#4173 = UNCERTAINTY_MEASURE_WITH_UNIT (LENGTH_MEASURE( 1.000000000000000082E-05 ), #4263, 'distance_accuracy_value', 'NONE');
#4174 = DIRECTION ( 'NONE',  ( -0.000000000000000000, 0.7071067811865475727, 0.7071067811865475727 ) ) ;
#4175 = DIRECTION ( 'NONE',  ( 1.000000000000000000, 1.197572355469997778E-16, 0.000000000000000000 ) ) ;
#4176 = CIRCLE ( 'NONE', #2717, 0.2999999999999999334 ) ;
#4177 = CARTESIAN_POINT ( 'NONE',  ( 1.775000000000002354, 2.085000000000000409, -2.024999999999999911 ) ) ;
#4178 = LINE ( 'NONE', #9629, #3330 ) ;
#4179 = ORIENTED_EDGE ( 'NONE', *, *, #3192, .T. ) ;
#4181 = CARTESIAN_POINT ( 'NONE',  ( -7.015000000000000568, 0.000000000000000000, -1.724999999999999867 ) ) ;
#4180 = CARTESIAN_POINT ( 'NONE',  ( -0.7249999999999999778, 1.855000000000000204, 0.06499999999999994671 ) ) ;
#4182 = AXIS2_PLACEMENT_3D ( 'NONE', #8495, #5383, #6963 ) ;
#4183 = DIRECTION ( 'NONE',  ( -0.000000000000000000, -0.000000000000000000, 1.000000000000000000 ) ) ;
#4184 = EDGE_CURVE ( 'NONE', #2415, #9231, #1142, .T. ) ;
#4185 = ORIENTED_EDGE ( 'NONE', *, *, #304, .F. ) ;
#4186 =( NAMED_UNIT ( * ) PLANE_ANGLE_UNIT ( ) SI_UNIT ( $, .RADIAN. ) );
#4187 = AXIS2_PLACEMENT_3D ( 'NONE', #4697, #4848, #7157 ) ;
#4188 = DIRECTION ( 'NONE',  ( 0.000000000000000000, 0.000000000000000000, -1.000000000000000000 ) ) ;
#4189 = VERTEX_POINT ( 'NONE', #219 ) ;
#4190 = ORIENTED_EDGE ( 'NONE', *, *, #9865, .T. ) ;
#4191 = EDGE_LOOP ( 'NONE', ( #784, #3316, #3324, #8082, #786, #2571, #3384, #1050, #1529 ) ) ;
#4192 = VECTOR ( 'NONE', #3617, 1000.000000000000000 ) ;
#4193 = ADVANCED_FACE ( 'NONE', ( #1914 ), #4275, .T. ) ;
#4194 = EDGE_CURVE ( 'NONE', #4269, #8590, #1764, .T. ) ;
#4195 = AXIS2_PLACEMENT_3D ( 'NONE', #8312, #9822, #3599 ) ;
#4196 = ORIENTED_EDGE ( 'NONE', *, *, #8390, .T. ) ;
#4197 = LINE ( 'NONE', #7942, #5411 ) ;
#4198 = VECTOR ( 'NONE', #9022, 1000.000000000000000 ) ;
#4199 = CARTESIAN_POINT ( 'NONE',  ( -3.024999999999999911, 0.7800000000000005818, 1.824999999999999067 ) ) ;
#4200 = LINE ( 'NONE', #5893, #4507 ) ;
#4201 = VERTEX_POINT ( 'NONE', #1043 ) ;
#4202 = EDGE_CURVE ( 'NONE', #6260, #1108, #7356, .T. ) ;
#4203 = ADVANCED_FACE ( 'NONE', ( #9722 ), #2960, .T. ) ;
#4204 = ORIENTED_EDGE ( 'NONE', *, *, #884, .F. ) ;
#4205 = ORIENTED_EDGE ( 'NONE', *, *, #5770, .T. ) ;
#4206 = AXIS2_PLACEMENT_3D ( 'NONE', #7329, #5732, #8844 ) ;
#4207 = DIRECTION ( 'NONE',  ( -1.000000000000000000, -0.000000000000000000, -0.000000000000000000 ) ) ;
#4208 = DIRECTION ( 'NONE',  ( 0.000000000000000000, 0.6038260274202660316, -0.7971161324486288891 ) ) ;
#4209 = FACE_OUTER_BOUND ( 'NONE', #65, .T. ) ;
#4210 = ORIENTED_EDGE ( 'NONE', *, *, #5250, .F. ) ;
#4211 = LINE ( 'NONE', #7345, #1704 ) ;
#4212 = CARTESIAN_POINT ( 'NONE',  ( 4.015000000000002345, 3.400000000000000355, 0.06499999999999994671 ) ) ;
#4213 = ORIENTED_EDGE ( 'NONE', *, *, #7900, .F. ) ;
#4214 = ORIENTED_EDGE ( 'NONE', *, *, #9501, .F. ) ;
#4215 = DIRECTION ( 'NONE',  ( 0.000000000000000000, 0.000000000000000000, -1.000000000000000000 ) ) ;
#4216 = EDGE_CURVE ( 'NONE', #955, #2095, #5096, .T. ) ;
#4217 = CARTESIAN_POINT ( 'NONE',  ( -1.974999999999999867, 1.030000000000000027, -1.464999999999999636 ) ) ;
#4218 = VECTOR ( 'NONE', #5290, 1000.000000000000000 ) ;
#4219 = FACE_OUTER_BOUND ( 'NONE', #277, .T. ) ;
#4220 = ORIENTED_EDGE ( 'NONE', *, *, #5939, .T. ) ;
#4221 = LINE ( 'NONE', #9668, #2076 ) ;
#4222 = CARTESIAN_POINT ( 'NONE',  ( -7.375000000000000888, 2.209999999999999520, -0.2750000000000000777 ) ) ;
#4223 = DIRECTION ( 'NONE',  ( 1.000000000000000000, -0.000000000000000000, -0.000000000000000000 ) ) ;
#4224 = FACE_OUTER_BOUND ( 'NONE', #5037, .T. ) ;
#4225 = CARTESIAN_POINT ( 'NONE',  ( -7.500000000000000000, 3.325000000000000178, 2.024999999999999911 ) ) ;
#4226 = AXIS2_PLACEMENT_3D ( 'NONE', #9226, #3745, #4574 ) ;
#4227 = CARTESIAN_POINT ( 'NONE',  ( -1.775000000000000133, 1.630000000000000782, -2.024999999999999911 ) ) ;
#4228 = CARTESIAN_POINT ( 'NONE',  ( 0.000000000000000000, 2.255000000000000338, 0.06499999999999994671 ) ) ;
#4229 = LINE ( 'NONE', #3800, #9203 ) ;
#4230 = ORIENTED_EDGE ( 'NONE', *, *, #9272, .F. ) ;
#4231 = CARTESIAN_POINT ( 'NONE',  ( 4.125000000000001776, 0.1800000000000000488, 0.000000000000000000 ) ) ;
#4232 = LINE ( 'NONE', #9686, #9910 ) ;
#4233 = EDGE_LOOP ( 'NONE', ( #4095, #1363, #1456, #7636 ) ) ;
#4234 = EDGE_LOOP ( 'NONE', ( #8740, #9478, #5944, #1312 ) ) ;
#4235 = CARTESIAN_POINT ( 'NONE',  ( -4.474999999999999645, 0.000000000000000000, -2.024999999999999911 ) ) ;
#4236 = CARTESIAN_POINT ( 'NONE',  ( 3.855000000000002647, 0.5300000000000049116, -0.3250000000000000666 ) ) ;
#4237 = ORIENTED_EDGE ( 'NONE', *, *, #1859, .T. ) ;
#4238 = AXIS2_PLACEMENT_3D ( 'NONE', #2218, #5335, #6919 ) ;
#4239 = ORIENTED_EDGE ( 'NONE', *, *, #7899, .F. ) ;
#4240 = ORIENTED_EDGE ( 'NONE', *, *, #8214, .F. ) ;
#4241 = VECTOR ( 'NONE', #554, 1000.000000000000114 ) ;
#4242 = VERTEX_POINT ( 'NONE', #2797 ) ;
#4243 = EDGE_LOOP ( 'NONE', ( #2873, #4020, #8694, #10008 ) ) ;
#4244 = AXIS2_PLACEMENT_3D ( 'NONE', #1571, #2213, #1418 ) ;
#4245 = VECTOR ( 'NONE', #2487, 1000.000000000000000 ) ;
#4246 = DIRECTION ( 'NONE',  ( 0.000000000000000000, 0.000000000000000000, -1.000000000000000000 ) ) ;
#4247 = EDGE_CURVE ( 'NONE', #7040, #6753, #2910, .T. ) ;
#4248 = ORIENTED_EDGE ( 'NONE', *, *, #8213, .T. ) ;
#4249 = DIRECTION ( 'NONE',  ( 0.000000000000000000, -1.000000000000000000, 0.000000000000000000 ) ) ;
#4250 = CARTESIAN_POINT ( 'NONE',  ( 1.562500000000001332, 0.04750000000000037526, 0.01749999999999957839 ) ) ;
#4251 = EDGE_LOOP ( 'NONE', ( #2436, #10035, #8184, #7504, #7976 ) ) ;
#4252 = VECTOR ( 'NONE', #7508, 1000.000000000000000 ) ;
#4254 = ORIENTED_EDGE ( 'NONE', *, *, #6964, .F. ) ;
#4253 = VECTOR ( 'NONE', #6199, 1000.000000000000000 ) ;
#4255 = EDGE_LOOP ( 'NONE', ( #3568, #1800, #318, #213 ) ) ;
#4256 = CARTESIAN_POINT ( 'NONE',  ( -5.724999999999999645, 1.374015448775230075, 1.040834900053271950 ) ) ;
#4257 = CARTESIAN_POINT ( 'NONE',  ( -4.474999999999999645, 1.855000000000000204, 1.824999999999999289 ) ) ;
#4258 = EDGE_CURVE ( 'NONE', #6731, #9667, #528, .T. ) ;
#4259 = EDGE_CURVE ( 'NONE', #9116, #7796, #584, .T. ) ;
#4260 = CARTESIAN_POINT ( 'NONE',  ( -5.525000000000000355, 1.030000000000000027, -2.024999999999999911 ) ) ;
#4261 = ADVANCED_FACE ( 'NONE', ( #3707 ), #1187, .T. ) ;
#4262 = VECTOR ( 'NONE', #61, 1000.000000000000000 ) ;
#4263 =( LENGTH_UNIT ( ) NAMED_UNIT ( * ) SI_UNIT ( .MILLI., .METRE. ) );
#4264 = FACE_OUTER_BOUND ( 'NONE', #2762, .T. ) ;
#4265 = VERTEX_POINT ( 'NONE', #9182 ) ;
#4266 = ORIENTED_EDGE ( 'NONE', *, *, #5009, .F. ) ;
#4267 = FILL_AREA_STYLE_COLOUR ( '', #7274 ) ;
#4268 = DIRECTION ( 'NONE',  ( 1.000000000000000000, 1.197572355469997778E-16, 0.000000000000000000 ) ) ;
#4269 = VERTEX_POINT ( 'NONE', #3760 ) ;
#4270 = DIRECTION ( 'NONE',  ( -1.000000000000000000, -1.204669080539440518E-15, 0.000000000000000000 ) ) ;
#4271 = CARTESIAN_POINT ( 'NONE',  ( -1.562499999999999112, 1.855000000000000204, 1.824999999999999289 ) ) ;
#4272 = FACE_OUTER_BOUND ( 'NONE', #5159, .T. ) ;
#4273 = EDGE_CURVE ( 'NONE', #7118, #1740, #1391, .T. ) ;
#4274 = EDGE_CURVE ( 'NONE', #3951, #8798, #6687, .T. ) ;
#4275 = PLANE ( 'NONE',  #5116 ) ;
#4276 = LINE ( 'NONE', #7455, #4088 ) ;
#4277 = LINE ( 'NONE', #9581, #5580 ) ;
#4278 = LINE ( 'NONE', #7559, #8249 ) ;
#4279 = LINE ( 'NONE', #7460, #6595 ) ;
#4280 = DIRECTION ( 'NONE',  ( -1.000000000000000000, 0.000000000000000000, 0.000000000000000000 ) ) ;
#4281 = ORIENTED_EDGE ( 'NONE', *, *, #3380, .T. ) ;
#4282 = DIRECTION ( 'NONE',  ( 1.000000000000000000, -0.000000000000000000, -0.000000000000000000 ) ) ;
#4283 = CARTESIAN_POINT ( 'NONE',  ( 3.175000000000001599, 3.965000000000001634, 0.06499999999999994671 ) ) ;
#4284 = ORIENTED_EDGE ( 'NONE', *, *, #4896, .T. ) ;
#4285 = ORIENTED_EDGE ( 'NONE', *, *, #240, .T. ) ;
#4286 = DIRECTION ( 'NONE',  ( 1.000000000000000000, 0.000000000000000000, 0.000000000000000000 ) ) ;
#4287 = DIRECTION ( 'NONE',  ( 0.000000000000000000, -0.7071067811865474617, -0.7071067811865474617 ) ) ;
#4288 = ORIENTED_EDGE ( 'NONE', *, *, #5897, .T. ) ;
#4289 = ORIENTED_EDGE ( 'NONE', *, *, #6460, .F. ) ;
#4290 = CARTESIAN_POINT ( 'NONE',  ( 7.875000000000000000, 0.000000000000000000, 2.024999999999999911 ) ) ;
#4291 = ORIENTED_EDGE ( 'NONE', *, *, #6654, .T. ) ;
#4292 = EDGE_LOOP ( 'NONE', ( #9765, #5164, #2829, #3675 ) ) ;
#4293 = EDGE_LOOP ( 'NONE', ( #4972, #5909, #1718, #3109, #9142, #2182, #5169, #9657 ) ) ;
#4294 = CARTESIAN_POINT ( 'NONE',  ( 2.187500000000001776, 2.255000000000000338, 0.06499999999999994671 ) ) ;
#4295 = CARTESIAN_POINT ( 'NONE',  ( -3.025000000000000799, 1.855000000000000204, 1.824999999999999289 ) ) ;
#4296 = VECTOR ( 'NONE', #5101, 1000.000000000000000 ) ;
#4297 = AXIS2_PLACEMENT_3D ( 'NONE', #5044, #8116, #326 ) ;
#4298 = CIRCLE ( 'NONE', #1020, 0.1499999999999999667 ) ;
#4299 = CARTESIAN_POINT ( 'NONE',  ( -7.375000000000000888, 0.000000000000000000, 1.975000000000001865 ) ) ;
#4300 = ORIENTED_EDGE ( 'NONE', *, *, #3393, .F. ) ;
#4301 = PLANE ( 'NONE',  #9398 ) ;
#4302 = DIRECTION ( 'NONE',  ( 0.000000000000000000, 0.000000000000000000, 1.000000000000000000 ) ) ;
#4303 = VERTEX_POINT ( 'NONE', #5142 ) ;
#4304 = ORIENTED_EDGE ( 'NONE', *, *, #6685, .F. ) ;
#4305 = VECTOR ( 'NONE', #4647, 1000.000000000000000 ) ;
#4306 = EDGE_CURVE ( 'NONE', #7128, #8666, #1240, .T. ) ;
#4307 = ORIENTED_EDGE ( 'NONE', *, *, #6592, .T. ) ;
#4308 = FACE_OUTER_BOUND ( 'NONE', #3022, .T. ) ;
#4309 = DIRECTION ( 'NONE',  ( 0.000000000000000000, 1.000000000000000000, 0.000000000000000000 ) ) ;
#4310 = DIRECTION ( 'NONE',  ( -0.000000000000000000, 0.000000000000000000, -1.000000000000000000 ) ) ;
#4311 = ORIENTED_EDGE ( 'NONE', *, *, #2843, .T. ) ;
#4312 = DIRECTION ( 'NONE',  ( 0.000000000000000000, 0.000000000000000000, 1.000000000000000000 ) ) ;
#4313 = VERTEX_POINT ( 'NONE', #7507 ) ;
#4314 = ORIENTED_EDGE ( 'NONE', *, *, #5141, .T. ) ;
#4315 = DIRECTION ( 'NONE',  ( 0.000000000000000000, 0.000000000000000000, -1.000000000000000000 ) ) ;
#4316 = CARTESIAN_POINT ( 'NONE',  ( -9.341064372665991643E-17, 0.7800000000000006928, 0.06499999999999994671 ) ) ;
#4317 = ADVANCED_FACE ( 'NONE', ( #3601 ), #2853, .T. ) ;
#4318 = ORIENTED_EDGE ( 'NONE', *, *, #216, .F. ) ;
#4319 = EDGE_CURVE ( 'NONE', #8109, #248, #7556, .T. ) ;
#4320 = DIRECTION ( 'NONE',  ( -0.000000000000000000, 0.000000000000000000, -1.000000000000000000 ) ) ;
#4321 = DIRECTION ( 'NONE',  ( -0.000000000000000000, -0.000000000000000000, 1.000000000000000000 ) ) ;
#4322 = CARTESIAN_POINT ( 'NONE',  ( -5.724999999999999645, 0.2250000000000000056, -1.584999999999999964 ) ) ;
#4323 = PRESENTATION_LAYER_ASSIGNMENT (  '', '', ( #2861 ) ) ;
#4324 = CARTESIAN_POINT ( 'NONE',  ( -7.765000000000000568, 0.000000000000000000, 0.000000000000000000 ) ) ;
#4325 = CARTESIAN_POINT ( 'NONE',  ( -7.015000000000000568, 4.120000000000000107, -1.724999999999999867 ) ) ;
#4326 = VECTOR ( 'NONE', #9096, 1000.000000000000000 ) ;
#4327 = LINE ( 'NONE', #7456, #7052 ) ;
#4328 = CARTESIAN_POINT ( 'NONE',  ( -9.341064372665991643E-17, 0.7800000000000006928, 1.824999999999999289 ) ) ;
#4329 = DIRECTION ( 'NONE',  ( 1.000000000000000000, 1.136281752823236226E-16, -0.000000000000000000 ) ) ;
#4330 = CARTESIAN_POINT ( 'NONE',  ( 3.625000000000001332, 0.000000000000000000, 0.06499999999999994671 ) ) ;
#4331 = VERTEX_POINT ( 'NONE', #9890 ) ;
#4332 = DIRECTION ( 'NONE',  ( 0.000000000000000000, -1.000000000000000000, 0.000000000000000000 ) ) ;
#4333 = EDGE_CURVE ( 'NONE', #9205, #1284, #9192, .T. ) ;
#4334 = ORIENTED_EDGE ( 'NONE', *, *, #6255, .T. ) ;
#4335 = AXIS2_PLACEMENT_3D ( 'NONE', #5084, #5907, #2176 ) ;
#4336 = VERTEX_POINT ( 'NONE', #2146 ) ;
#4337 = LINE ( 'NONE', #8326, #1842 ) ;
#4338 = VECTOR ( 'NONE', #4062, 1000.000000000000000 ) ;
#4339 = AXIS2_PLACEMENT_3D ( 'NONE', #9799, #9053, #7247 ) ;
#4340 = ORIENTED_EDGE ( 'NONE', *, *, #7471, .F. ) ;
#4341 = CARTESIAN_POINT ( 'NONE',  ( 1.975000000000001865, 1.030000000000000027, -2.024999999999999911 ) ) ;
#4342 = ORIENTED_EDGE ( 'NONE', *, *, #3454, .F. ) ;
#4343 = ORIENTED_EDGE ( 'NONE', *, *, #9561, .T. ) ;
#4344 = DIRECTION ( 'NONE',  ( -0.000000000000000000, -0.000000000000000000, 1.000000000000000000 ) ) ;
#4345 = ADVANCED_FACE ( 'NONE', ( #10030 ), #5419, .T. ) ;
#4346 = ORIENTED_EDGE ( 'NONE', *, *, #5011, .T. ) ;
#4347 = ORIENTED_EDGE ( 'NONE', *, *, #2643, .F. ) ;
#4348 = VECTOR ( 'NONE', #6250, 1000.000000000000000 ) ;
#4349 = CARTESIAN_POINT ( 'NONE',  ( 3.625000000000002220, 2.209999999999998188, 2.024999999999999911 ) ) ;
#4350 = DIRECTION ( 'NONE',  ( 0.000000000000000000, 0.000000000000000000, -1.000000000000000000 ) ) ;
#4351 = DIRECTION ( 'NONE',  ( 1.000000000000000000, 0.000000000000000000, 0.000000000000000000 ) ) ;
#4352 = CARTESIAN_POINT ( 'NONE',  ( -3.224999999999999645, 0.000000000000000000, 0.06499999999999994671 ) ) ;
#4353 = LINE ( 'NONE', #2824, #4409 ) ;
#4354 = DIRECTION ( 'NONE',  ( 1.000000000000000000, -0.000000000000000000, -0.000000000000000000 ) ) ;
#4355 = LINE ( 'NONE', #1116, #6465 ) ;
#4356 = ORIENTED_EDGE ( 'NONE', *, *, #4366, .F. ) ;
#4357 = VECTOR ( 'NONE', #1911, 1000.000000000000000 ) ;
#4358 = ORIENTED_EDGE ( 'NONE', *, *, #562, .F. ) ;
#4359 = VECTOR ( 'NONE', #9732, 1000.000000000000000 ) ;
#4360 = CARTESIAN_POINT ( 'NONE',  ( -11.62499999999999822, 1.030000000000000027, -2.024999999999999911 ) ) ;
#4361 = CARTESIAN_POINT ( 'NONE',  ( 3.750000000000000000, 2.255000000000000338, 2.024999999999999911 ) ) ;
#4362 = DIRECTION ( 'NONE',  ( 1.000000000000000000, 0.000000000000000000, 0.000000000000000000 ) ) ;
#4363 = PLANE ( 'NONE',  #1967 ) ;
#4364 = ORIENTED_EDGE ( 'NONE', *, *, #9505, .T. ) ;
#4365 = DIRECTION ( 'NONE',  ( -1.197572355469997778E-16, -1.000000000000000000, 0.000000000000000000 ) ) ;
#4366 = EDGE_CURVE ( 'NONE', #338, #6478, #695, .T. ) ;
#4367 = CARTESIAN_POINT ( 'NONE',  ( -7.375000000000000888, 1.559999999999999609, 1.949999999999999512 ) ) ;
#4368 = ORIENTED_EDGE ( 'NONE', *, *, #4077, .F. ) ;
#4369 = ADVANCED_FACE ( 'NONE', ( #2197 ), #9298, .T. ) ;
#4370 = EDGE_LOOP ( 'NONE', ( #6276, #9303, #3671, #9177 ) ) ;
#4371 = CARTESIAN_POINT ( 'NONE',  ( -5.724999999999999645, 1.855000000000000204, 0.06499999999999994671 ) ) ;
#4372 = VECTOR ( 'NONE', #4332, 1000.000000000000000 ) ;
#4373 = CARTESIAN_POINT ( 'NONE',  ( 3.525000000000002132, 0.7800000000000000266, 1.324999999999999734 ) ) ;
#4374 = ORIENTED_EDGE ( 'NONE', *, *, #5465, .F. ) ;
#4375 = VERTEX_POINT ( 'NONE', #4644 ) ;
#4376 = CARTESIAN_POINT ( 'NONE',  ( 0.000000000000000000, 2.760000000000000231, 0.06499999999999994671 ) ) ;
#4377 = DIRECTION ( 'NONE',  ( 0.000000000000000000, -1.000000000000000000, 5.706327223607912624E-16 ) ) ;
#4378 = DIRECTION ( 'NONE',  ( 1.000000000000000000, 0.000000000000000000, 0.000000000000000000 ) ) ;
#4379 = CARTESIAN_POINT ( 'NONE',  ( 3.625000000000002220, 1.009999999999999121, 1.864999999999999325 ) ) ;
#4380 = CARTESIAN_POINT ( 'NONE',  ( -5.312499999999999112, 1.855000000000000204, 0.06499999999999994671 ) ) ;
#4381 = EDGE_CURVE ( 'NONE', #3332, #8255, #1404, .T. ) ;
#4382 = CARTESIAN_POINT ( 'NONE',  ( -1.408343819019456028E-16, 2.490000000000001545, -2.024999999999999911 ) ) ;
#4383 = LINE ( 'NONE', #7510, #8417 ) ;
#4384 = EDGE_CURVE ( 'NONE', #8861, #3674, #5260, .T. ) ;
#4385 = DIRECTION ( 'NONE',  ( 1.000000000000000000, 0.000000000000000000, 0.000000000000000000 ) ) ;
#4386 = DIRECTION ( 'NONE',  ( 0.000000000000000000, -1.000000000000000000, 0.000000000000000000 ) ) ;
#4387 = VERTEX_POINT ( 'NONE', #2354 ) ;
#4388 = CARTESIAN_POINT ( 'NONE',  ( 3.975000000000002753, 0.5300000000000049116, -0.3250000000000000666 ) ) ;
#4389 = VERTEX_POINT ( 'NONE', #7824 ) ;
#4390 = ORIENTED_EDGE ( 'NONE', *, *, #8317, .T. ) ;
#4391 = DIRECTION ( 'NONE',  ( 1.000000000000000000, 0.000000000000000000, 0.000000000000000000 ) ) ;
#4392 = DIRECTION ( 'NONE',  ( 0.000000000000000000, 0.7071067811865474617, -0.7071067811865475727 ) ) ;
#4393 = EDGE_CURVE ( 'NONE', #2147, #2095, #5472, .T. ) ;
#4394 = EDGE_CURVE ( 'NONE', #9867, #1828, #4548, .T. ) ;
#4395 = DIRECTION ( 'NONE',  ( 1.000000000000000000, 0.000000000000000000, -0.000000000000000000 ) ) ;
#4396 = EDGE_CURVE ( 'NONE', #6316, #4556, #4750, .T. ) ;
#4397 = EDGE_CURVE ( 'NONE', #7575, #8715, #846, .T. ) ;
#4398 = ORIENTED_EDGE ( 'NONE', *, *, #9430, .F. ) ;
#4399 = ADVANCED_FACE ( 'NONE', ( #4023 ), #799, .T. ) ;
#4400 = ORIENTED_EDGE ( 'NONE', *, *, #4879, .F. ) ;
#4402 = DIRECTION ( 'NONE',  ( 1.000000000000000000, 0.000000000000000000, 0.000000000000000000 ) ) ;
#4401 = DIRECTION ( 'NONE',  ( 0.000000000000000000, 1.000000000000000000, 0.000000000000000000 ) ) ;
#4403 = ORIENTED_EDGE ( 'NONE', *, *, #4772, .T. ) ;
#4404 = CARTESIAN_POINT ( 'NONE',  ( 3.265000000000002345, 2.727340868674716046E-16, -2.024999999999999911 ) ) ;
#4405 = VERTEX_POINT ( 'NONE', #7158 ) ;
#4406 = ORIENTED_EDGE ( 'NONE', *, *, #442, .F. ) ;
#4407 = DIRECTION ( 'NONE',  ( 0.7071067811865474617, -0.000000000000000000, -0.7071067811865474617 ) ) ;
#4408 = DIRECTION ( 'NONE',  ( 1.000000000000000000, 0.000000000000000000, 0.000000000000000000 ) ) ;
#4409 = VECTOR ( 'NONE', #2111, 1000.000000000000000 ) ;
#4410 = CARTESIAN_POINT ( 'NONE',  ( 3.625000000000002220, 1.009999999999999121, 1.864999999999999325 ) ) ;
#4411 = CARTESIAN_POINT ( 'NONE',  ( -7.500000000000000000, 8.777094706955511913E-18, 0.09499999999999998723 ) ) ;
#4412 = EDGE_CURVE ( 'NONE', #9556, #4418, #2458, .T. ) ;
#4413 = ORIENTED_EDGE ( 'NONE', *, *, #7029, .T. ) ;
#4414 = VECTOR ( 'NONE', #7188, 1000.000000000000114 ) ;
#4415 = DIRECTION ( 'NONE',  ( 0.000000000000000000, 0.000000000000000000, -1.000000000000000000 ) ) ;
#4416 = EDGE_LOOP ( 'NONE', ( #7049, #2074, #7825, #2819, #2594 ) ) ;
#4417 = VECTOR ( 'NONE', #3586, 1000.000000000000114 ) ;
#4418 = VERTEX_POINT ( 'NONE', #7921 ) ;
#4419 = PLANE ( 'NONE',  #8174 ) ;
#4420 = DIRECTION ( 'NONE',  ( -0.000000000000000000, 1.000000000000000000, 0.000000000000000000 ) ) ;
#4421 = EDGE_LOOP ( 'NONE', ( #7524, #8185, #2456, #2100 ) ) ;
#4422 = FACE_OUTER_BOUND ( 'NONE', #6493, .T. ) ;
#4423 = VECTOR ( 'NONE', #7954, 1000.000000000000000 ) ;
#4424 = LINE ( 'NONE', #7601, #6788 ) ;
#4425 = VECTOR ( 'NONE', #8237, 1000.000000000000000 ) ;
#4426 = ORIENTED_EDGE ( 'NONE', *, *, #8586, .T. ) ;
#4427 = DIRECTION ( 'NONE',  ( -1.000000000000000000, 0.000000000000000000, 0.000000000000000000 ) ) ;
#4428 = VERTEX_POINT ( 'NONE', #3258 ) ;
#4429 = ORIENTED_EDGE ( 'NONE', *, *, #5839, .F. ) ;
#4430 = DIRECTION ( 'NONE',  ( -0.000000000000000000, -0.000000000000000000, 1.000000000000000000 ) ) ;
#4431 = CYLINDRICAL_SURFACE ( 'NONE', #7323, 0.08500000000000000611 ) ;
#4432 = CIRCLE ( 'NONE', #2633, 0.08500000000000000611 ) ;
#4433 = CARTESIAN_POINT ( 'NONE',  ( -6.363749999999999574, 2.255000000000000338, 1.824999999999999289 ) ) ;
#4434 = DIRECTION ( 'NONE',  ( 0.000000000000000000, 0.000000000000000000, -1.000000000000000000 ) ) ;
#4435 = CARTESIAN_POINT ( 'NONE',  ( -7.325000000000001954, 0.4800000000000000377, 2.024999999999999911 ) ) ;
#4436 = LINE ( 'NONE', #4488, #211 ) ;
#4438 = CARTESIAN_POINT ( 'NONE',  ( -7.500000000000000000, 3.965000000000001634, 0.6399999999999999023 ) ) ;
#4437 = CARTESIAN_POINT ( 'NONE',  ( -7.875000000000000000, 2.400000000000000355, 0.000000000000000000 ) ) ;
#4439 = VERTEX_POINT ( 'NONE', #4850 ) ;
#4440 = LINE ( 'NONE', #9033, #1753 ) ;
#4441 = EDGE_LOOP ( 'NONE', ( #5483, #1834, #5879, #1727 ) ) ;
#4442 = PRODUCT_RELATED_PRODUCT_CATEGORY ( 'part', '', ( #7478 ) ) ;
#4443 = EDGE_LOOP ( 'NONE', ( #9440, #5115, #4304, #9590 ) ) ;
#4444 = ADVANCED_FACE ( 'NONE', ( #6371 ), #8729, .T. ) ;
#4445 = EDGE_CURVE ( 'NONE', #8450, #5630, #271, .T. ) ;
#4446 = APPLICATION_CONTEXT ( 'automotive_design' ) ;
#4447 = DIRECTION ( 'NONE',  ( -1.000000000000000000, 0.000000000000000000, 0.000000000000000000 ) ) ;
#4448 = CARTESIAN_POINT ( 'NONE',  ( -7.605000000000000426, 0.1499999999999998002, -0.2750000000000000777 ) ) ;
#4449 = ORIENTED_EDGE ( 'NONE', *, *, #4897, .T. ) ;
#4450 = PLANE ( 'NONE',  #301 ) ;
#4451 = ORIENTED_EDGE ( 'NONE', *, *, #6013, .T. ) ;
#4452 = CARTESIAN_POINT ( 'NONE',  ( 3.750000000000001776, 3.965000000000001634, 0.06499999999999994671 ) ) ;
#4453 = ORIENTED_EDGE ( 'NONE', *, *, #9320, .F. ) ;
#4454 = EDGE_CURVE ( 'NONE', #547, #6976, #1912, .T. ) ;
#4455 = EDGE_LOOP ( 'NONE', ( #9442, #7339, #6820, #7449 ) ) ;
#4456 = EDGE_CURVE ( 'NONE', #5945, #4242, #1181, .T. ) ;
#4457 = EDGE_CURVE ( 'NONE', #3699, #911, #2792, .T. ) ;
#4458 = DIRECTION ( 'NONE',  ( 0.000000000000000000, -1.000000000000000000, -0.000000000000000000 ) ) ;
#4459 = LINE ( 'NONE', #5117, #2138 ) ;
#4460 = DIRECTION ( 'NONE',  ( -1.000000000000000000, 0.000000000000000000, 0.000000000000000000 ) ) ;
#4461 = DIRECTION ( 'NONE',  ( -0.000000000000000000, -0.000000000000000000, 1.000000000000000000 ) ) ;
#4462 = COLOUR_RGB ( '',0.7960784313725489669, 0.8235294117647058432, 0.9372549019607843146 ) ;
#4463 = CARTESIAN_POINT ( 'NONE',  ( 3.265000000000002345, 1.903000000000000025, -1.724999999999999867 ) ) ;
#4464 = CARTESIAN_POINT ( 'NONE',  ( 0.7249999999999999778, 2.085000000000000409, -2.024999999999999911 ) ) ;
#4465 = VERTEX_POINT ( 'NONE', #4271 ) ;
#4466 = EDGE_CURVE ( 'NONE', #6721, #1666, #2851, .T. ) ;
#4467 = ORIENTED_EDGE ( 'NONE', *, *, #1315, .T. ) ;
#4468 = EDGE_CURVE ( 'NONE', #9845, #8739, #1091, .T. ) ;
#4469 = VECTOR ( 'NONE', #9635, 1000.000000000000000 ) ;
#4470 = AXIS2_PLACEMENT_3D ( 'NONE', #8517, #6172, #9131 ) ;
#4471 = DIRECTION ( 'NONE',  ( 1.000000000000000000, 0.000000000000000000, 0.000000000000000000 ) ) ;
#4472 = CARTESIAN_POINT ( 'NONE',  ( -5.724999999999999645, 1.044999999999999929, -1.044999999999999929 ) ) ;
#4473 = CARTESIAN_POINT ( 'NONE',  ( -1.775000000000000133, 0.000000000000000000, 0.06499999999999994671 ) ) ;
#4474 = EDGE_LOOP ( 'NONE', ( #6529, #9940, #7081, #755, #4114, #3878, #3969, #6754 ) ) ;
#4475 = VECTOR ( 'NONE', #7874, 1000.000000000000000 ) ;
#4476 = ORIENTED_EDGE ( 'NONE', *, *, #690, .F. ) ;
#4477 = SURFACE_STYLE_FILL_AREA ( #9766 ) ;
#4478 = ORIENTED_EDGE ( 'NONE', *, *, #3417, .T. ) ;
#4479 = VERTEX_POINT ( 'NONE', #321 ) ;
#4480 = CARTESIAN_POINT ( 'NONE',  ( 3.750000000000001776, 3.965000000000001634, 0.06499999999999994671 ) ) ;
#4481 = CARTESIAN_POINT ( 'NONE',  ( 1.975000000000001865, 1.630000000000000560, -2.024999999999999911 ) ) ;
#4482 = FACE_OUTER_BOUND ( 'NONE', #6231, .T. ) ;
#4483 = CARTESIAN_POINT ( 'NONE',  ( -0.000000000000000000, 2.255000000000000338, 2.024999999999999911 ) ) ;
#4484 = AXIS2_PLACEMENT_3D ( 'NONE', #8207, #7991, #6508 ) ;
#4485 = FACE_OUTER_BOUND ( 'NONE', #7203, .T. ) ;
#4486 = CARTESIAN_POINT ( 'NONE',  ( 3.050000000000003375, 3.820000000000000728, -1.224999999999999867 ) ) ;
#4487 = LINE ( 'NONE', #2025, #729 ) ;
#4488 = CARTESIAN_POINT ( 'NONE',  ( -6.800000000000001599, 3.820000000000000728, -1.224999999999999867 ) ) ;
#4489 = VECTOR ( 'NONE', #7914, 1000.000000000000000 ) ;
#4490 = ORIENTED_EDGE ( 'NONE', *, *, #1962, .T. ) ;
#4491 = ORIENTED_EDGE ( 'NONE', *, *, #3894, .T. ) ;
#4492 = AXIS2_PLACEMENT_3D ( 'NONE', #2649, #2752, #1096 ) ;
#4493 = CARTESIAN_POINT ( 'NONE',  ( 4.125000000000001776, 1.030000000000000027, 0.000000000000000000 ) ) ;
#4494 = DIRECTION ( 'NONE',  ( 0.000000000000000000, 1.000000000000000000, 0.000000000000000000 ) ) ;
#4495 = ORIENTED_EDGE ( 'NONE', *, *, #5636, .T. ) ;
#4496 = VECTOR ( 'NONE', #9083, 1000.000000000000114 ) ;
#4497 = CARTESIAN_POINT ( 'NONE',  ( -5.937500000000000000, 0.000000000000000000, 2.024999999999999911 ) ) ;
#4498 = VERTEX_POINT ( 'NONE', #8163 ) ;
#4500 = CARTESIAN_POINT ( 'NONE',  ( 2.689999999999999503, 3.820000000000000728, -2.024999999999999911 ) ) ;
#4499 = DIRECTION ( 'NONE',  ( 1.000000000000000000, 0.000000000000000000, -0.000000000000000000 ) ) ;
#4501 = EDGE_CURVE ( 'NONE', #7304, #7128, #7745, .T. ) ;
#4502 = VERTEX_POINT ( 'NONE', #6634 ) ;
#4503 = VECTOR ( 'NONE', #3057, 1000.000000000000000 ) ;
#4504 = CARTESIAN_POINT ( 'NONE',  ( 3.855000000000002647, 0.000000000000000000, 2.024999999999999911 ) ) ;
#4505 = DIRECTION ( 'NONE',  ( 0.7071067811865475727, 0.000000000000000000, -0.7071067811865475727 ) ) ;
#4506 = EDGE_LOOP ( 'NONE', ( #5132, #4151, #170, #7393 ) ) ;
#4507 = VECTOR ( 'NONE', #3480, 1000.000000000000000 ) ;
#4508 = LINE ( 'NONE', #3733, #1509 ) ;
#4509 = PLANE ( 'NONE',  #7251 ) ;
#4511 = AXIS2_PLACEMENT_3D ( 'NONE', #6612, #509, #7486 ) ;
#4510 = DIRECTION ( 'NONE',  ( 0.000000000000000000, -1.000000000000000000, 0.000000000000000000 ) ) ;
#4512 = CARTESIAN_POINT ( 'NONE',  ( -7.375000000000000000, 4.120000000000000107, 0.09499999999999961253 ) ) ;
#4513 = DIRECTION ( 'NONE',  ( 0.000000000000000000, -1.000000000000000000, 0.000000000000000000 ) ) ;
#4514 = EDGE_CURVE ( 'NONE', #1701, #349, #2747, .T. ) ;
#4515 = DIRECTION ( 'NONE',  ( 2.168404344971008079E-15, 1.000000000000000000, 0.000000000000000000 ) ) ;
#4516 = VERTEX_POINT ( 'NONE', #1286 ) ;
#4517 = ADVANCED_FACE ( 'NONE', ( #1443 ), #4535, .T. ) ;
#4518 = VECTOR ( 'NONE', #4887, 1000.000000000000000 ) ;
#4519 = ORIENTED_EDGE ( 'NONE', *, *, #10063, .T. ) ;
#4520 = LINE ( 'NONE', #8354, #2136 ) ;
#4521 = CONTEXT_DEPENDENT_SHAPE_REPRESENTATION ( #5495, #3152 ) ;
#4522 = VERTEX_POINT ( 'NONE', #2243 ) ;
#4523 = EDGE_CURVE ( 'NONE', #2599, #4201, #9180, .T. ) ;
#4524 = LINE ( 'NONE', #7659, #564 ) ;
#4525 = ORIENTED_EDGE ( 'NONE', *, *, #8402, .T. ) ;
#4526 = EDGE_CURVE ( 'NONE', #7416, #4498, #3101, .T. ) ;
#4527 = EDGE_CURVE ( 'NONE', #9962, #7278, #5405, .T. ) ;
#4528 = DIRECTION ( 'NONE',  ( 0.000000000000000000, -0.000000000000000000, -1.000000000000000000 ) ) ;
#4529 = ADVANCED_FACE ( 'NONE', ( #3805 ), #7614, .T. ) ;
#4530 = ORIENTED_EDGE ( 'NONE', *, *, #8923, .T. ) ;
#4531 = CARTESIAN_POINT ( 'NONE',  ( -5.525000000000000355, 2.055000000000001048, 2.024999999999999911 ) ) ;
#4532 = ORIENTED_EDGE ( 'NONE', *, *, #4637, .F. ) ;
#4533 = ORIENTED_EDGE ( 'NONE', *, *, #6894, .T. ) ;
#4534 = AXIS2_PLACEMENT_3D ( 'NONE', #8538, #4651, #7880 ) ;
#4535 = PLANE ( 'NONE',  #3809 ) ;
#4536 = CARTESIAN_POINT ( 'NONE',  ( 1.975000000000001865, 0.000000000000000000, 2.024999999999999911 ) ) ;
#4537 = DIRECTION ( 'NONE',  ( -1.000000000000000000, -1.136281752823236226E-16, 0.000000000000000000 ) ) ;
#4538 = LINE ( 'NONE', #6995, #486 ) ;
#4539 = DIRECTION ( 'NONE',  ( 0.000000000000000000, 0.000000000000000000, -1.000000000000000000 ) ) ;
#4540 = LINE ( 'NONE', #2800, #1698 ) ;
#4541 = CARTESIAN_POINT ( 'NONE',  ( -4.275000000000000355, 0.000000000000000000, 0.06499999999999994671 ) ) ;
#4542 = AXIS2_PLACEMENT_3D ( 'NONE', #6795, #5205, #3554 ) ;
#4543 = EDGE_CURVE ( 'NONE', #8023, #7307, #2184, .T. ) ;
#4544 = CARTESIAN_POINT ( 'NONE',  ( 0.7249999999999999778, 1.630000000000000782, -2.024999999999999911 ) ) ;
#4545 = VERTEX_POINT ( 'NONE', #3757 ) ;
#4546 = DIRECTION ( 'NONE',  ( -1.000000000000000000, 0.000000000000000000, 0.000000000000000000 ) ) ;
#4547 = ORIENTED_EDGE ( 'NONE', *, *, #4523, .F. ) ;
#4548 = LINE ( 'NONE', #2407, #2826 ) ;
#4549 = CARTESIAN_POINT ( 'NONE',  ( -5.525000000000000355, 2.085000000000000409, 0.06499999999999994671 ) ) ;
#4550 = CARTESIAN_POINT ( 'NONE',  ( 3.175000000000001599, 3.325000000000000178, 0.06499999999999994671 ) ) ;
#4551 = ORIENTED_EDGE ( 'NONE', *, *, #8770, .F. ) ;
#4552 = CARTESIAN_POINT ( 'NONE',  ( -9.341064372665991643E-17, 0.7800000000000006928, 0.06499999999999994671 ) ) ;
#4553 = ORIENTED_EDGE ( 'NONE', *, *, #8179, .T. ) ;
#4555 = CARTESIAN_POINT ( 'NONE',  ( -3.749999999999998224, 2.209999999999998188, -0.2750000000000000777 ) ) ;
#4554 = CARTESIAN_POINT ( 'NONE',  ( -3.024999999999999911, 0.000000000000000000, 0.06499999999999994671 ) ) ;
#4556 = VERTEX_POINT ( 'NONE', #6993 ) ;
#4557 = CARTESIAN_POINT ( 'NONE',  ( -1.974999999999999867, 0.7800000000000002487, 0.06499999999999994671 ) ) ;
#4558 = CARTESIAN_POINT ( 'NONE',  ( 3.050000000000003375, 3.820000000000000728, -2.024999999999999911 ) ) ;
#4559 = CARTESIAN_POINT ( 'NONE',  ( -5.724999999999999645, 1.629999999999999893, -1.464999999999999858 ) ) ;
#4560 = CARTESIAN_POINT ( 'NONE',  ( 0.000000000000000000, 2.760000000000000231, 0.06499999999999994671 ) ) ;
#4561 = DIRECTION ( 'NONE',  ( 1.000000000000000000, -0.000000000000000000, -0.000000000000000000 ) ) ;
#4562 = LINE ( 'NONE', #6095, #9160 ) ;
#4563 = CARTESIAN_POINT ( 'NONE',  ( -7.375000000000000888, -1.828238918348616824E-15, -0.1250000000000009992 ) ) ;
#4564 = VECTOR ( 'NONE', #831, 1000.000000000000000 ) ;
#4565 = VECTOR ( 'NONE', #1680, 1000.000000000000000 ) ;
#4566 = LINE ( 'NONE', #7700, #6150 ) ;
#4567 = ORIENTED_EDGE ( 'NONE', *, *, #8699, .F. ) ;
#4568 = ORIENTED_EDGE ( 'NONE', *, *, #6712, .F. ) ;
#4569 = CARTESIAN_POINT ( 'NONE',  ( 3.050000000000002487, 3.240000000000000657, -2.024999999999999911 ) ) ;
#4570 = EDGE_CURVE ( 'NONE', #4303, #6648, #9331, .T. ) ;
#4571 = DIRECTION ( 'NONE',  ( -0.000000000000000000, 0.000000000000000000, 1.000000000000000000 ) ) ;
#4572 = ADVANCED_FACE ( 'NONE', ( #6935 ), #9974, .F. ) ;
#4573 = CARTESIAN_POINT ( 'NONE',  ( 0.000000000000000000, 2.255000000000000338, 0.06499999999999994671 ) ) ;
#4574 = DIRECTION ( 'NONE',  ( 1.000000000000000000, 0.000000000000000000, -0.000000000000000000 ) ) ;
#4575 = ORIENTED_EDGE ( 'NONE', *, *, #309, .F. ) ;
#4576 = LINE ( 'NONE', #1485, #4262 ) ;
#4577 = LINE ( 'NONE', #7807, #4669 ) ;
#4578 = CARTESIAN_POINT ( 'NONE',  ( 3.050000000000003375, 3.820000000000000728, -2.024999999999999911 ) ) ;
#4579 = EDGE_LOOP ( 'NONE', ( #7831, #8748, #5492, #6263, #7139 ) ) ;
#4580 = DIRECTION ( 'NONE',  ( -1.000000000000000000, -1.495451272393798852E-15, 0.000000000000000000 ) ) ;
#4581 = VERTEX_POINT ( 'NONE', #6116 ) ;
#4582 = ORIENTED_EDGE ( 'NONE', *, *, #4833, .T. ) ;
#4583 = CARTESIAN_POINT ( 'NONE',  ( -5.724999999999999645, 0.000000000000000000, -2.024999999999999911 ) ) ;
#4584 = EDGE_CURVE ( 'NONE', #8709, #6073, #526, .T. ) ;
#4585 = ADVANCED_FACE ( 'NONE', ( #3053 ), #6784, .F. ) ;
#4586 = DIRECTION ( 'NONE',  ( 1.000000000000000000, 0.000000000000000000, 0.000000000000000000 ) ) ;
#4587 = EDGE_CURVE ( 'NONE', #1327, #4439, #2134, .T. ) ;
#4588 = LINE ( 'NONE', #686, #2480 ) ;
#4589 = VECTOR ( 'NONE', #5938, 1000.000000000000000 ) ;
#4590 = DIRECTION ( 'NONE',  ( -1.495451272393798852E-15, -1.000000000000000000, 0.000000000000000000 ) ) ;
#4591 = DIRECTION ( 'NONE',  ( 0.000000000000000000, -1.000000000000000000, 0.000000000000000000 ) ) ;
#4592 = DIRECTION ( 'NONE',  ( 0.000000000000000000, -0.000000000000000000, -1.000000000000000000 ) ) ;
#4593 = DIRECTION ( 'NONE',  ( 1.000000000000000000, 0.000000000000000000, 0.000000000000000000 ) ) ;
#4594 = AXIS2_PLACEMENT_3D ( 'NONE', #9520, #930, #2542 ) ;
#4595 = VECTOR ( 'NONE', #7698, 1000.000000000000000 ) ;
#4596 = VERTEX_POINT ( 'NONE', #2291 ) ;
#4597 = EDGE_CURVE ( 'NONE', #1248, #8666, #7086, .T. ) ;
#4598 = LINE ( 'NONE', #3817, #54 ) ;
#4599 = VERTEX_POINT ( 'NONE', #6836 ) ;
#4600 = DIRECTION ( 'NONE',  ( -1.000000000000000000, 0.000000000000000000, 0.000000000000000000 ) ) ;
#4601 = ORIENTED_EDGE ( 'NONE', *, *, #8838, .F. ) ;
#4602 = DIRECTION ( 'NONE',  ( 0.5000000000000003331, 0.000000000000000000, -0.8660254037844383745 ) ) ;
#4603 = EDGE_LOOP ( 'NONE', ( #8848, #2676, #6035, #5041, #7175, #4782, #1955, #300 ) ) ;
#4604 = ORIENTED_EDGE ( 'NONE', *, *, #1315, .F. ) ;
#4605 = DIRECTION ( 'NONE',  ( 0.000000000000000000, -1.000000000000000000, 0.000000000000000000 ) ) ;
#4606 = DIRECTION ( 'NONE',  ( 0.000000000000000000, -1.000000000000000000, 0.000000000000000000 ) ) ;
#4607 = ORIENTED_EDGE ( 'NONE', *, *, #9573, .T. ) ;
#4608 = CIRCLE ( 'NONE', #1002, 0.1499999999999999667 ) ;
#4609 = DIRECTION ( 'NONE',  ( 1.000000000000000000, 0.000000000000000000, 0.000000000000000000 ) ) ;
#4610 = PLANE ( 'NONE',  #6216 ) ;
#4611 = DIRECTION ( 'NONE',  ( 0.000000000000000000, -1.000000000000000000, -0.000000000000000000 ) ) ;
#4612 = CARTESIAN_POINT ( 'NONE',  ( 3.265000000000002345, 1.903000000000000025, 0.000000000000000000 ) ) ;
#4613 = DIRECTION ( 'NONE',  ( 0.000000000000000000, 0.000000000000000000, -1.000000000000000000 ) ) ;
#4614 = CARTESIAN_POINT ( 'NONE',  ( 3.625000000000002220, 0.000000000000000000, 2.024999999999999911 ) ) ;
#4615 = VERTEX_POINT ( 'NONE', #9926 ) ;
#4616 = ORIENTED_EDGE ( 'NONE', *, *, #1760, .T. ) ;
#4617 = VERTEX_POINT ( 'NONE', #2958 ) ;
#4618 = EDGE_CURVE ( 'NONE', #2611, #3985, #835, .T. ) ;
#4619 = DIRECTION ( 'NONE',  ( 0.000000000000000000, -1.000000000000000000, 0.000000000000000000 ) ) ;
#4620 = DIRECTION ( 'NONE',  ( 0.000000000000000000, -1.000000000000000000, 0.000000000000000000 ) ) ;
#4621 = DIRECTION ( 'NONE',  ( 0.000000000000000000, -1.000000000000000000, 0.000000000000000000 ) ) ;
#4622 = CARTESIAN_POINT ( 'NONE',  ( -5.724999999999999645, 2.085000000000000409, -1.464999999999999636 ) ) ;
#4623 = DIRECTION ( 'NONE',  ( 0.000000000000000000, 1.000000000000000000, 0.000000000000000000 ) ) ;
#4624 = VERTEX_POINT ( 'NONE', #6413 ) ;
#4625 = DIRECTION ( 'NONE',  ( -1.000000000000000000, 0.000000000000000000, 0.000000000000000000 ) ) ;
#4626 = EDGE_CURVE ( 'NONE', #2931, #9661, #5557, .T. ) ;
#4627 = VECTOR ( 'NONE', #2820, 1000.000000000000000 ) ;
#4628 = EDGE_LOOP ( 'NONE', ( #9233, #1520, #5793, #10061 ) ) ;
#4629 = VECTOR ( 'NONE', #6065, 1000.000000000000000 ) ;
#4630 = ORIENTED_EDGE ( 'NONE', *, *, #1659, .F. ) ;
#4631 = DIRECTION ( 'NONE',  ( -0.000000000000000000, -0.7071067811865474617, -0.7071067811865474617 ) ) ;
#4632 = CARTESIAN_POINT ( 'NONE',  ( -5.525000000000000355, 0.6250000000000000000, -1.464999999999999858 ) ) ;
#4633 = AXIS2_PLACEMENT_3D ( 'NONE', #8278, #6853, #7685 ) ;
#4634 = DIRECTION ( 'NONE',  ( 1.000000000000000000, 0.000000000000000000, 0.000000000000000000 ) ) ;
#4635 = CARTESIAN_POINT ( 'NONE',  ( -0.5250000000000002442, 0.5500000000000010436, 2.024999999999999911 ) ) ;
#4636 = DIRECTION ( 'NONE',  ( 1.000000000000000000, -2.168404344971008079E-15, 0.000000000000000000 ) ) ;
#4637 = EDGE_CURVE ( 'NONE', #8750, #2058, #3958, .T. ) ;
#4638 = ORIENTED_EDGE ( 'NONE', *, *, #8887, .T. ) ;
#4639 = EDGE_CURVE ( 'NONE', #7474, #3430, #5654, .T. ) ;
#4640 = LINE ( 'NONE', #740, #282 ) ;
#4641 = ORIENTED_EDGE ( 'NONE', *, *, #9806, .F. ) ;
#4642 = CARTESIAN_POINT ( 'NONE',  ( 0.5250000000000002442, 2.085000000000000409, -1.464999999999999636 ) ) ;
#4643 = STYLED_ITEM ( 'NONE', ( #1646 ), #5429 ) ;
#4644 = CARTESIAN_POINT ( 'NONE',  ( -5.724999999999999645, 0.5500000000000000444, 0.06499999999999998834 ) ) ;
#4645 = VERTEX_POINT ( 'NONE', #8670 ) ;
#4646 = DIRECTION ( 'NONE',  ( 0.000000000000000000, 0.000000000000000000, -1.000000000000000000 ) ) ;
#4647 = DIRECTION ( 'NONE',  ( -0.000000000000000000, -1.000000000000000000, -0.000000000000000000 ) ) ;
#4648 = EDGE_CURVE ( 'NONE', #6407, #5356, #7192, .T. ) ;
#4649 = ORIENTED_EDGE ( 'NONE', *, *, #4466, .F. ) ;
#4651 = DIRECTION ( 'NONE',  ( 1.000000000000000000, 0.000000000000000000, 0.000000000000000000 ) ) ;
#4650 = FACE_OUTER_BOUND ( 'NONE', #28, .T. ) ;
#4652 = EDGE_CURVE ( 'NONE', #7585, #7979, #7906, .T. ) ;
#4653 = EDGE_CURVE ( 'NONE', #8845, #7575, #2495, .T. ) ;
#4654 = AXIS2_PLACEMENT_3D ( 'NONE', #521, #2129, #9067 ) ;
#4655 = CARTESIAN_POINT ( 'NONE',  ( -3.749999999999998224, 1.855000000000000204, 0.06499999999999994671 ) ) ;
#4656 = AXIS2_PLACEMENT_3D ( 'NONE', #848, #6377, #3113 ) ;
#4657 = EDGE_LOOP ( 'NONE', ( #9649, #8469, #2029, #2993 ) ) ;
#4658 = DIRECTION ( 'NONE',  ( -0.000000000000000000, -0.000000000000000000, 1.000000000000000000 ) ) ;
#4659 = CARTESIAN_POINT ( 'NONE',  ( 2.187500000000001776, 1.855000000000000204, 0.06499999999999994671 ) ) ;
#4660 = CARTESIAN_POINT ( 'NONE',  ( -7.605000000000000426, 0.000000000000000000, -2.496936092690336118 ) ) ;
#4661 = CARTESIAN_POINT ( 'NONE',  ( -4.275000000000000355, 0.5799999999999996270, 2.024999999999999911 ) ) ;
#4662 = CARTESIAN_POINT ( 'NONE',  ( 3.625000000000002220, 1.009999999999999121, 1.949999999999999289 ) ) ;
#4663 = CARTESIAN_POINT ( 'NONE',  ( -6.163749999999999396, 2.960000000000000853, 2.024999999999999911 ) ) ;
#4664 = CARTESIAN_POINT ( 'NONE',  ( -4.687500000000000000, 1.855000000000000204, 0.06499999999999994671 ) ) ;
#4665 = ORIENTED_EDGE ( 'NONE', *, *, #2843, .F. ) ;
#4666 = ADVANCED_FACE ( 'NONE', ( #4105 ), #9379, .F. ) ;
#4667 = VECTOR ( 'NONE', #7262, 1000.000000000000000 ) ;
#4668 = ORIENTED_EDGE ( 'NONE', *, *, #4781, .F. ) ;
#4669 = VECTOR ( 'NONE', #9420, 1000.000000000000114 ) ;
#4670 = PLANE ( 'NONE',  #4788 ) ;
#4671 = LINE ( 'NONE', #7893, #2955 ) ;
#4672 = LINE ( 'NONE', #1734, #8958 ) ;
#4673 = VECTOR ( 'NONE', #2125, 1000.000000000000000 ) ;
#4674 = ORIENTED_EDGE ( 'NONE', *, *, #5440, .F. ) ;
#4675 = CARTESIAN_POINT ( 'NONE',  ( -4.687500000000000000, 2.255000000000000338, 2.024999999999999911 ) ) ;
#4676 = PLANE ( 'NONE',  #7292 ) ;
#4677 = LINE ( 'NONE', #7036, #5328 ) ;
#4678 = VERTEX_POINT ( 'NONE', #1593 ) ;
#4679 = CARTESIAN_POINT ( 'NONE',  ( 1.775000000000002354, 0.5500000000000010436, 0.06499999999999994671 ) ) ;
#4680 = AXIS2_PLACEMENT_3D ( 'NONE', #1521, #1667, #7931 ) ;
#4681 = ORIENTED_EDGE ( 'NONE', *, *, #2977, .T. ) ;
#4682 = CARTESIAN_POINT ( 'NONE',  ( 3.625000000000002220, -1.781481197162711565E-15, 1.875000000000000888 ) ) ;
#4683 = ORIENTED_EDGE ( 'NONE', *, *, #1883, .F. ) ;
#4684 = AXIS2_PLACEMENT_3D ( 'NONE', #6489, #7165, #3271 ) ;
#4685 = DIRECTION ( 'NONE',  ( 0.000000000000000000, 0.000000000000000000, 1.000000000000000000 ) ) ;
#4686 = DIRECTION ( 'NONE',  ( 0.000000000000000000, 1.000000000000000000, -9.239047059953170954E-17 ) ) ;
#4687 = VECTOR ( 'NONE', #6152, 1000.000000000000000 ) ;
#4688 = CARTESIAN_POINT ( 'NONE',  ( 3.975000000000002753, 0.7799999999999999156, -0.3250000000000000666 ) ) ;
#4689 = FACE_OUTER_BOUND ( 'NONE', #405, .T. ) ;
#4690 = LINE ( 'NONE', #7817, #8425 ) ;
#4691 = VECTOR ( 'NONE', #6575, 1000.000000000000000 ) ;
#4692 = VERTEX_POINT ( 'NONE', #9709 ) ;
#4693 = VECTOR ( 'NONE', #2353, 1000.000000000000000 ) ;
#4694 = LINE ( 'NONE', #7820, #9555 ) ;
#4695 = CARTESIAN_POINT ( 'NONE',  ( 0.7249999999999999778, 0.7800000000000005818, 1.824999999999999067 ) ) ;
#4696 = ORIENTED_EDGE ( 'NONE', *, *, #9583, .T. ) ;
#4697 = CARTESIAN_POINT ( 'NONE',  ( 0.000000000000000000, 0.5300000000000049116, -0.3250000000000000666 ) ) ;
#4698 = CARTESIAN_POINT ( 'NONE',  ( 3.625000000000002220, -1.828238918348616824E-15, -0.1250000000000009992 ) ) ;
#4699 = EDGE_CURVE ( 'NONE', #2411, #2919, #9566, .T. ) ;
#4700 = VECTOR ( 'NONE', #3670, 1000.000000000000000 ) ;
#4701 = FACE_OUTER_BOUND ( 'NONE', #3051, .T. ) ;
#4702 = EDGE_CURVE ( 'NONE', #8435, #6810, #7490, .T. ) ;
#4703 = VECTOR ( 'NONE', #10075, 1000.000000000000000 ) ;
#4704 = DIRECTION ( 'NONE',  ( 0.000000000000000000, 0.000000000000000000, 1.000000000000000000 ) ) ;
#4705 = LINE ( 'NONE', #10038, #7095 ) ;
#4706 = ORIENTED_EDGE ( 'NONE', *, *, #6144, .F. ) ;
#4707 = CARTESIAN_POINT ( 'NONE',  ( -5.525000000000000355, 0.5500000000000000444, 1.824999999999999956 ) ) ;
#4708 = EDGE_LOOP ( 'NONE', ( #1823, #2431, #855, #4954 ) ) ;
#4709 = LINE ( 'NONE', #6387, #7327 ) ;
#4710 = VECTOR ( 'NONE', #607, 1000.000000000000000 ) ;
#4711 = ORIENTED_EDGE ( 'NONE', *, *, #6685, .T. ) ;
#4712 = VERTEX_POINT ( 'NONE', #5081 ) ;
#4713 = DIRECTION ( 'NONE',  ( -0.000000000000000000, -0.000000000000000000, 1.000000000000000000 ) ) ;
#4714 = DIRECTION ( 'NONE',  ( 0.000000000000000000, 0.000000000000000000, -1.000000000000000000 ) ) ;
#4715 = ADVANCED_FACE ( 'NONE', ( #408 ), #7596, .T. ) ;
#4716 = EDGE_CURVE ( 'NONE', #6799, #7294, #5393, .T. ) ;
#4717 = DIRECTION ( 'NONE',  ( -0.000000000000000000, 1.000000000000000000, 0.000000000000000000 ) ) ;
#4718 = EDGE_CURVE ( 'NONE', #6389, #4331, #5345, .T. ) ;
#4719 = DIRECTION ( 'NONE',  ( 1.000000000000000000, 0.000000000000000000, 0.000000000000000000 ) ) ;
#4720 = VECTOR ( 'NONE', #2300, 1000.000000000000000 ) ;
#4721 = DIRECTION ( 'NONE',  ( 0.000000000000000000, 0.000000000000000000, -1.000000000000000000 ) ) ;
#4722 = CARTESIAN_POINT ( 'NONE',  ( -0.9375000000000000000, 2.255000000000000338, 0.06499999999999994671 ) ) ;
#4723 = ORIENTED_EDGE ( 'NONE', *, *, #2286, .T. ) ;
#4724 = VERTEX_POINT ( 'NONE', #4569 ) ;
#4725 = VERTEX_POINT ( 'NONE', #1480 ) ;
#4726 = EDGE_CURVE ( 'NONE', #9116, #6783, #1728, .T. ) ;
#4727 = AXIS2_PLACEMENT_3D ( 'NONE', #1606, #6078, #8961 ) ;
#4728 = VECTOR ( 'NONE', #4776, 1000.000000000000000 ) ;
#4729 = ORIENTED_EDGE ( 'NONE', *, *, #1147, .F. ) ;
#4730 = DIRECTION ( 'NONE',  ( 0.000000000000000000, 0.000000000000000000, -1.000000000000000000 ) ) ;
#4731 = LINE ( 'NONE', #2442, #5160 ) ;
#4732 = DIRECTION ( 'NONE',  ( 0.000000000000000000, 0.000000000000000000, -1.000000000000000000 ) ) ;
#4733 = ORIENTED_EDGE ( 'NONE', *, *, #5021, .T. ) ;
#4734 = PLANE ( 'NONE',  #7517 ) ;
#4735 = VERTEX_POINT ( 'NONE', #6980 ) ;
#4736 = ORIENTED_EDGE ( 'NONE', *, *, #7332, .F. ) ;
#4737 = CARTESIAN_POINT ( 'NONE',  ( 3.855000000000002647, 1.474999999999999423, 1.949999999999999067 ) ) ;
#4738 = DIRECTION ( 'NONE',  ( 1.000000000000000000, 0.000000000000000000, 0.000000000000000000 ) ) ;
#4739 = DIRECTION ( 'NONE',  ( -0.000000000000000000, -0.000000000000000000, 1.000000000000000000 ) ) ;
#4740 = DIRECTION ( 'NONE',  ( 0.000000000000000000, 0.000000000000000000, 1.000000000000000000 ) ) ;
#4741 = AXIS2_PLACEMENT_3D ( 'NONE', #3999, #2332, #3182 ) ;
#4742 = DIRECTION ( 'NONE',  ( 2.168404344971008079E-15, 1.000000000000000000, 0.000000000000000000 ) ) ;
#4743 = ORIENTED_EDGE ( 'NONE', *, *, #5872, .F. ) ;
#4744 = FACE_OUTER_BOUND ( 'NONE', #3994, .T. ) ;
#4745 = VERTEX_POINT ( 'NONE', #7848 ) ;
#4746 = CARTESIAN_POINT ( 'NONE',  ( 0.7249999999999999778, 0.7799999999999999156, 0.06499999999999994671 ) ) ;
#4747 = ADVANCED_FACE ( 'NONE', ( #3996 ), #4775, .F. ) ;
#4748 = ORIENTED_EDGE ( 'NONE', *, *, #692, .T. ) ;
#4749 = VERTEX_POINT ( 'NONE', #3090 ) ;
#4750 = LINE ( 'NONE', #3362, #4123 ) ;
#4751 = VECTOR ( 'NONE', #8088, 1000.000000000000000 ) ;
#4752 = CARTESIAN_POINT ( 'NONE',  ( -7.605000000000000426, 1.709999999999999520, 1.324999999999999734 ) ) ;
#4753 = VERTEX_POINT ( 'NONE', #4294 ) ;
#4754 = DIRECTION ( 'NONE',  ( 1.000000000000000000, 0.000000000000000000, 0.000000000000000000 ) ) ;
#4755 = VECTOR ( 'NONE', #8869, 1000.000000000000000 ) ;
#4756 = DIRECTION ( 'NONE',  ( 1.000000000000000000, -9.035018104045847275E-16, 0.000000000000000000 ) ) ;
#4757 = ORIENTED_EDGE ( 'NONE', *, *, #8713, .F. ) ;
#4758 = CARTESIAN_POINT ( 'NONE',  ( -5.724999999999999645, 0.5999999999999999778, -2.324999999999999734 ) ) ;
#4759 = AXIS2_PLACEMENT_3D ( 'NONE', #2751, #4174, #7407 ) ;
#4760 = ORIENTED_EDGE ( 'NONE', *, *, #8201, .T. ) ;
#4761 = EDGE_CURVE ( 'NONE', #1059, #5109, #7233, .T. ) ;
#4762 = ORIENTED_EDGE ( 'NONE', *, *, #2806, .T. ) ;
#4763 = VERTEX_POINT ( 'NONE', #246 ) ;
#4764 = DIRECTION ( 'NONE',  ( 0.000000000000000000, -1.000000000000000000, -0.000000000000000000 ) ) ;
#4765 = CARTESIAN_POINT ( 'NONE',  ( -5.724999999999999645, 1.796421356237309919, 1.766421356237310114 ) ) ;
#4766 = CARTESIAN_POINT ( 'NONE',  ( 7.875000000000000000, 4.250000000000000000, -2.024999999999999467 ) ) ;
#4767 = CARTESIAN_POINT ( 'NONE',  ( -5.525000000000000355, 0.2999999999999999889, -2.824999999999999734 ) ) ;
#4768 = APPLICATION_PROTOCOL_DEFINITION ( 'draft international standard', 'automotive_design', 1998, #1673 ) ;
#4769 = DIRECTION ( 'NONE',  ( 1.000000000000000000, 1.197572355469997778E-16, 0.000000000000000000 ) ) ;
#4770 = ORIENTED_EDGE ( 'NONE', *, *, #8330, .F. ) ;
#4771 = ORIENTED_EDGE ( 'NONE', *, *, #1550, .T. ) ;
#4772 = EDGE_CURVE ( 'NONE', #8895, #7330, #198, .T. ) ;
#4773 = EDGE_CURVE ( 'NONE', #6810, #787, #4298, .T. ) ;
#4774 = VERTEX_POINT ( 'NONE', #5786 ) ;
#4775 = PLANE ( 'NONE',  #9364 ) ;
#4776 = DIRECTION ( 'NONE',  ( 0.000000000000000000, 0.000000000000000000, -1.000000000000000000 ) ) ;
#4777 = ORIENTED_EDGE ( 'NONE', *, *, #438, .F. ) ;
#4778 = LINE ( 'NONE', #6355, #1313 ) ;
#4779 = LINE ( 'NONE', #10069, #742 ) ;
#4780 = EDGE_CURVE ( 'NONE', #4465, #9867, #5933, .T. ) ;
#4781 = EDGE_CURVE ( 'NONE', #7891, #114, #611, .T. ) ;
#4782 = ORIENTED_EDGE ( 'NONE', *, *, #9016, .T. ) ;
#4783 = EDGE_LOOP ( 'NONE', ( #3428, #1585, #7431, #3305, #7686, #2046, #9802, #5244, #6748 ) ) ;
#4784 = DIRECTION ( 'NONE',  ( 0.000000000000000000, 0.000000000000000000, -1.000000000000000000 ) ) ;
#4785 = PLANE ( 'NONE',  #2793 ) ;
#4786 = DIRECTION ( 'NONE',  ( 0.000000000000000000, 1.000000000000000000, 0.000000000000000000 ) ) ;
#4787 = DIRECTION ( 'NONE',  ( 0.000000000000000000, -1.000000000000000000, 9.239047059953170954E-17 ) ) ;
#4788 = AXIS2_PLACEMENT_3D ( 'NONE', #4047, #7180, #5640 ) ;
#4789 = VECTOR ( 'NONE', #6737, 1000.000000000000000 ) ;
#4790 = ORIENTED_EDGE ( 'NONE', *, *, #4871, .T. ) ;
#4791 = DIRECTION ( 'NONE',  ( 0.000000000000000000, -0.000000000000000000, -1.000000000000000000 ) ) ;
#4792 = ORIENTED_EDGE ( 'NONE', *, *, #9622, .T. ) ;
#4793 = LINE ( 'NONE', #796, #6507 ) ;
#4794 = EDGE_LOOP ( 'NONE', ( #448, #8616, #1468, #499 ) ) ;
#4795 = DIRECTION ( 'NONE',  ( -0.000000000000000000, -1.000000000000000000, -0.000000000000000000 ) ) ;
#4796 = DIRECTION ( 'NONE',  ( 0.000000000000000000, -0.000000000000000000, -1.000000000000000000 ) ) ;
#4797 = VECTOR ( 'NONE', #9676, 1000.000000000000000 ) ;
#4798 = AXIS2_PLACEMENT_3D ( 'NONE', #9784, #2809, #598 ) ;
#4799 = VECTOR ( 'NONE', #2731, 1000.000000000000114 ) ;
#4800 = LINE ( 'NONE', #84, #6257 ) ;
#4801 = DIRECTION ( 'NONE',  ( 0.000000000000000000, -0.7071067811865352493, 0.7071067811865597852 ) ) ;
#4802 = VERTEX_POINT ( 'NONE', #2049 ) ;
#4803 = DIRECTION ( 'NONE',  ( 0.000000000000000000, 0.000000000000000000, -1.000000000000000000 ) ) ;
#4804 = VECTOR ( 'NONE', #847, 1000.000000000000000 ) ;
#4805 = EDGE_LOOP ( 'NONE', ( #5135, #4665, #1989, #7543 ) ) ;
#4806 = ORIENTED_EDGE ( 'NONE', *, *, #2155, .F. ) ;
#4807 = CARTESIAN_POINT ( 'NONE',  ( 4.125000000000001776, 0.7800000000000000266, -0.2750000000000000777 ) ) ;
#4808 =( LENGTH_UNIT ( ) NAMED_UNIT ( * ) SI_UNIT ( .MILLI., .METRE. ) );
#4809 = PLANE ( 'NONE',  #7574 ) ;
#4810 = VECTOR ( 'NONE', #9884, 1000.000000000000000 ) ;
#4811 = ORIENTED_EDGE ( 'NONE', *, *, #5897, .F. ) ;
#4812 = ORIENTED_EDGE ( 'NONE', *, *, #7387, .T. ) ;
#4813 = ORIENTED_EDGE ( 'NONE', *, *, #8144, .T. ) ;
#4814 = ORIENTED_EDGE ( 'NONE', *, *, #4445, .T. ) ;
#4815 = PRESENTATION_LAYER_ASSIGNMENT (  '', '', ( #1366 ) ) ;
#4816 = SHAPE_REPRESENTATION ( 'SM07B-GHS-TB', ( #8148, #6852, #1931, #8307, #636, #2452, #4727, #7984, #2941 ), #3557 ) ;
#4817 = FACE_OUTER_BOUND ( 'NONE', #6804, .T. ) ;
#4819 = VECTOR ( 'NONE', #1145, 1000.000000000000000 ) ;
#4818 = DIRECTION ( 'NONE',  ( 1.000000000000000000, -1.204669080539440518E-15, 0.000000000000000000 ) ) ;
#4820 = FACE_OUTER_BOUND ( 'NONE', #4036, .T. ) ;
#4821 = ADVANCED_FACE ( 'NONE', ( #5993 ), #2879, .T. ) ;
#4822 = EDGE_CURVE ( 'NONE', #7028, #5004, #9159, .T. ) ;
#4823 = EDGE_LOOP ( 'NONE', ( #1202, #5731, #3122, #2803, #3026 ) ) ;
#4824 = DIRECTION ( 'NONE',  ( 0.000000000000000000, 0.000000000000000000, 1.000000000000000000 ) ) ;
#4825 = CARTESIAN_POINT ( 'NONE',  ( -0.7249999999999999778, 0.5500000000000010436, 2.024999999999999911 ) ) ;
#4826 = VERTEX_POINT ( 'NONE', #4558 ) ;
#4827 = VECTOR ( 'NONE', #274, 1000.000000000000000 ) ;
#4828 = VERTEX_POINT ( 'NONE', #3677 ) ;
#4829 = VECTOR ( 'NONE', #8053, 1000.000000000000000 ) ;
#4830 = ORIENTED_EDGE ( 'NONE', *, *, #7965, .F. ) ;
#4831 = AXIS2_PLACEMENT_3D ( 'NONE', #1280, #2683, #8964 ) ;
#4832 = ADVANCED_FACE ( 'NONE', ( #3027 ), #9106, .F. ) ;
#4833 = EDGE_CURVE ( 'NONE', #3276, #9913, #2986, .T. ) ;
#4834 = CLOSED_SHELL ( 'NONE', ( #9212, #5398, #9755, #9315, #6578, #10011, #3960, #3282, #2166 ) ) ;
#4835 = ADVANCED_FACE ( 'NONE', ( #1267 ), #5274, .T. ) ;
#4836 = FACE_OUTER_BOUND ( 'NONE', #6614, .T. ) ;
#4837 = EDGE_CURVE ( 'NONE', #8558, #5593, #3624, .T. ) ;
#4838 = CARTESIAN_POINT ( 'NONE',  ( 3.750000000000000000, 2.085000000000000409, 2.024999999999999911 ) ) ;
#4839 = VECTOR ( 'NONE', #4249, 1000.000000000000000 ) ;
#4840 = CARTESIAN_POINT ( 'NONE',  ( -7.875000000000000000, 0.000000000000000000, 0.06499999999999994671 ) ) ;
#4841 = DIRECTION ( 'NONE',  ( -1.000000000000000000, -1.197572355469997778E-16, 0.000000000000000000 ) ) ;
#4842 = CARTESIAN_POINT ( 'NONE',  ( 2.689999999999999503, 3.240000000000001101, -2.024999999999999911 ) ) ;
#4843 = VERTEX_POINT ( 'NONE', #3786 ) ;
#4844 = CARTESIAN_POINT ( 'NONE',  ( -7.765000000000000568, 2.400000000000000355, 0.06499999999999994671 ) ) ;
#4845 = VECTOR ( 'NONE', #5309, 1000.000000000000114 ) ;
#4846 = ORIENTED_EDGE ( 'NONE', *, *, #8946, .T. ) ;
#4847 = ORIENTED_EDGE ( 'NONE', *, *, #4618, .F. ) ;
#4848 = DIRECTION ( 'NONE',  ( 0.000000000000000000, 0.7071067811865352493, 0.7071067811865597852 ) ) ;
#4849 = VECTOR ( 'NONE', #4613, 1000.000000000000000 ) ;
#4850 = CARTESIAN_POINT ( 'NONE',  ( -4.275000000000000355, 2.085000000000000409, 2.024999999999999911 ) ) ;
#4851 = LINE ( 'NONE', #3083, #3446 ) ;
#4852 = FILL_AREA_STYLE ('',( #4030 ) ) ;
#4853 = LINE ( 'NONE', #4177, #9194 ) ;
#4854 = LINE ( 'NONE', #1767, #9036 ) ;
#4855 = ORIENTED_EDGE ( 'NONE', *, *, #6698, .F. ) ;
#4856 = DIRECTION ( 'NONE',  ( 0.000000000000000000, -1.000000000000000000, -0.000000000000000000 ) ) ;
#4857 = ORIENTED_EDGE ( 'NONE', *, *, #1185, .F. ) ;
#4858 = CARTESIAN_POINT ( 'NONE',  ( 6.790000000000000036, 0.7800000000000015810, 1.824999999999999289 ) ) ;
#4859 = ORIENTED_EDGE ( 'NONE', *, *, #1530, .T. ) ;
#4860 = VERTEX_POINT ( 'NONE', #9846 ) ;
#4861 = AXIS2_PLACEMENT_3D ( 'NONE', #2078, #5196, #8311 ) ;
#4862 = VECTOR ( 'NONE', #3008, 1000.000000000000000 ) ;
#4863 = CARTESIAN_POINT ( 'NONE',  ( -3.437499999999999556, 2.255000000000000338, 0.06499999999999994671 ) ) ;
#4864 = DIRECTION ( 'NONE',  ( 0.000000000000000000, 0.000000000000000000, 1.000000000000000000 ) ) ;
#4865 = CARTESIAN_POINT ( 'NONE',  ( 5.000000000000000000, 0.5500000000000010436, 2.024999999999999911 ) ) ;
#4866 = DIRECTION ( 'NONE',  ( -1.000000000000000000, 0.000000000000000000, 0.000000000000000000 ) ) ;
#4867 = ORIENTED_EDGE ( 'NONE', *, *, #2538, .T. ) ;
#4868 = VECTOR ( 'NONE', #1412, 1000.000000000000000 ) ;
#4869 = EDGE_LOOP ( 'NONE', ( #7398, #7268, #7935, #2899, #4196 ) ) ;
#4870 = VERTEX_POINT ( 'NONE', #8342 ) ;
#4871 = EDGE_CURVE ( 'NONE', #3615, #8023, #8235, .T. ) ;
#4872 = VERTEX_POINT ( 'NONE', #4349 ) ;
#4873 = CARTESIAN_POINT ( 'NONE',  ( -0.000000000000000000, 0.5500000000000010436, 2.024999999999999911 ) ) ;
#4874 = CARTESIAN_POINT ( 'NONE',  ( -4.687500000000000000, 0.000000000000000000, 0.06499999999999994671 ) ) ;
#4875 = VERTEX_POINT ( 'NONE', #6914 ) ;
#4876 = LINE ( 'NONE', #4152, #7453 ) ;
#4877 = ORIENTED_EDGE ( 'NONE', *, *, #9989, .F. ) ;
#4878 = ORIENTED_EDGE ( 'NONE', *, *, #6813, .T. ) ;
#4879 = EDGE_CURVE ( 'NONE', #8288, #3700, #1314, .T. ) ;
#4880 = EDGE_CURVE ( 'NONE', #9329, #5537, #8391, .T. ) ;
#4881 = VERTEX_POINT ( 'NONE', #9954 ) ;
#4882 = EDGE_CURVE ( 'NONE', #2934, #5887, #4508, .T. ) ;
#4883 = AXIS2_PLACEMENT_3D ( 'NONE', #9279, #2997, #2280 ) ;
#4884 = DIRECTION ( 'NONE',  ( -0.000000000000000000, 1.000000000000000000, 0.000000000000000000 ) ) ;
#4885 = CARTESIAN_POINT ( 'NONE',  ( -6.790000000000000036, 0.000000000000000000, 1.824999999999999289 ) ) ;
#4886 = LINE ( 'NONE', #8001, #492 ) ;
#4887 = DIRECTION ( 'NONE',  ( 0.000000000000000000, -1.000000000000000000, 0.000000000000000000 ) ) ;
#4888 = CARTESIAN_POINT ( 'NONE',  ( -7.375000000000000888, -0.06250000000000049960, -0.06250000000000077716 ) ) ;
#4889 = PRESENTATION_STYLE_ASSIGNMENT (( #7248 ) ) ;
#4890 = DIRECTION ( 'NONE',  ( -1.000000000000000000, 0.000000000000000000, -0.000000000000000000 ) ) ;
#4891 = CARTESIAN_POINT ( 'NONE',  ( -6.790000000000000036, 0.000000000000000000, 0.06499999999999994671 ) ) ;
#4892 = ORIENTED_EDGE ( 'NONE', *, *, #1689, .F. ) ;
#4893 = FACE_OUTER_BOUND ( 'NONE', #882, .T. ) ;
#4894 = EDGE_CURVE ( 'NONE', #1153, #8951, #10002, .T. ) ;
#4895 = EDGE_LOOP ( 'NONE', ( #5651, #9769, #6302, #1169, #5191 ) ) ;
#4896 = EDGE_CURVE ( 'NONE', #1701, #9479, #9796, .T. ) ;
#4897 = EDGE_CURVE ( 'NONE', #1647, #5392, #6763, .T. ) ;
#4898 = LINE ( 'NONE', #6427, #2903 ) ;
#4899 = AXIS2_PLACEMENT_3D ( 'NONE', #3434, #9643, #2670 ) ;
#4900 = DIRECTION ( 'NONE',  ( 0.000000000000000000, 0.000000000000000000, -1.000000000000000000 ) ) ;
#4901 = DIRECTION ( 'NONE',  ( -0.000000000000000000, -0.7071067811865474617, -0.7071067811865474617 ) ) ;
#4902 = VECTOR ( 'NONE', #4620, 1000.000000000000000 ) ;
#4903 = LINE ( 'NONE', #8733, #8078 ) ;
#4904 = LINE ( 'NONE', #4072, #5605 ) ;
#4905 = CARTESIAN_POINT ( 'NONE',  ( 0.000000000000000000, 0.000000000000000000, -1.224999999999999867 ) ) ;
#4906 = EDGE_LOOP ( 'NONE', ( #9454, #3473, #7232, #4042 ) ) ;
#4907 = VERTEX_POINT ( 'NONE', #1657 ) ;
#4908 = VECTOR ( 'NONE', #3832, 1000.000000000000000 ) ;
#4909 = EDGE_CURVE ( 'NONE', #7040, #9300, #7587, .T. ) ;
#4910 = EDGE_CURVE ( 'NONE', #9699, #840, #8583, .T. ) ;
#4911 = EDGE_CURVE ( 'NONE', #4971, #6153, #8686, .T. ) ;
#4912 = ORIENTED_EDGE ( 'NONE', *, *, #6699, .F. ) ;
#4913 = LINE ( 'NONE', #4236, #5773 ) ;
#4914 = VECTOR ( 'NONE', #8522, 1000.000000000000000 ) ;
#4915 = DIRECTION ( 'NONE',  ( -1.000000000000000000, -1.136281752823236226E-16, 0.000000000000000000 ) ) ;
#4916 = ORIENTED_EDGE ( 'NONE', *, *, #2535, .T. ) ;
#4917 = LINE ( 'NONE', #7424, #3075 ) ;
#4918 = VECTOR ( 'NONE', #1032, 1000.000000000000000 ) ;
#4919 = ORIENTED_EDGE ( 'NONE', *, *, #9435, .T. ) ;
#4920 = VERTEX_POINT ( 'NONE', #1325 ) ;
#4921 = VECTOR ( 'NONE', #8168, 1000.000000000000000 ) ;
#4922 = LINE ( 'NONE', #9642, #4751 ) ;
#4923 = ORIENTED_EDGE ( 'NONE', *, *, #7401, .F. ) ;
#4924 = CARTESIAN_POINT ( 'NONE',  ( 2.600000000000001421, 3.965000000000001634, 0.06499999999999994671 ) ) ;
#4925 = LINE ( 'NONE', #2672, #4839 ) ;
#4926 = CARTESIAN_POINT ( 'NONE',  ( -3.437499999999999556, 2.255000000000000338, 0.06499999999999994671 ) ) ;
#4927 = ORIENTED_EDGE ( 'NONE', *, *, #4882, .F. ) ;
#4928 = VECTOR ( 'NONE', #782, 1000.000000000000000 ) ;
#4929 = ORIENTED_EDGE ( 'NONE', *, *, #7846, .T. ) ;
#4930 = CYLINDRICAL_SURFACE ( 'NONE', #3065, 0.1499999999999999667 ) ;
#4931 = VECTOR ( 'NONE', #5721, 1000.000000000000000 ) ;
#4932 = CARTESIAN_POINT ( 'NONE',  ( -5.724999999999999645, 0.7800000000000001377, 0.06499999999999994671 ) ) ;
#4933 = DIRECTION ( 'NONE',  ( 0.000000000000000000, -1.000000000000000000, 0.000000000000000000 ) ) ;
#4934 = PLANE ( 'NONE',  #4339 ) ;
#4935 = DIRECTION ( 'NONE',  ( 0.000000000000000000, 0.000000000000000000, 1.000000000000000000 ) ) ;
#4936 = LINE ( 'NONE', #1751, #9240 ) ;
#4937 = LINE ( 'NONE', #7912, #9395 ) ;
#4938 = ORIENTED_EDGE ( 'NONE', *, *, #6158, .T. ) ;
#4939 = EDGE_LOOP ( 'NONE', ( #4762, #5014, #1591, #5725 ) ) ;
#4940 = DIRECTION ( 'NONE',  ( 0.000000000000000000, 0.000000000000000000, -1.000000000000000000 ) ) ;
#4941 = LINE ( 'NONE', #9716, #1234 ) ;
#4942 = CYLINDRICAL_SURFACE ( 'NONE', #5852, 0.2999999999999999334 ) ;
#4943 = EDGE_LOOP ( 'NONE', ( #3694, #1817, #9835, #4117 ) ) ;
#4944 = CARTESIAN_POINT ( 'NONE',  ( -1.852139257101876488E-16, 1.630000000000001226, -2.024999999999999911 ) ) ;
#4945 = FACE_OUTER_BOUND ( 'NONE', #6863, .T. ) ;
#4946 = CARTESIAN_POINT ( 'NONE',  ( 3.855000000000002647, -0.9375000000000012212, 0.9375000000000056621 ) ) ;
#4947 = CARTESIAN_POINT ( 'NONE',  ( -3.224999999999999645, 2.055000000000001048, 2.024999999999999911 ) ) ;
#4948 = EDGE_CURVE ( 'NONE', #10068, #6648, #2310, .T. ) ;
#4949 = DIRECTION ( 'NONE',  ( 0.000000000000000000, 0.000000000000000000, -1.000000000000000000 ) ) ;
#4950 = CARTESIAN_POINT ( 'NONE',  ( -7.605000000000000426, 0.000000000000000000, 1.324999999999999734 ) ) ;
#4951 = EDGE_CURVE ( 'NONE', #4516, #4137, #2115, .T. ) ;
#4952 = DIRECTION ( 'NONE',  ( 0.000000000000000000, 0.000000000000000000, 1.000000000000000000 ) ) ;
#4953 = FACE_OUTER_BOUND ( 'NONE', #5112, .T. ) ;
#4954 = ORIENTED_EDGE ( 'NONE', *, *, #4184, .F. ) ;
#4956 = CARTESIAN_POINT ( 'NONE',  ( 3.224999999999998757, 0.1800000000000000488, -0.2750000000000000777 ) ) ;
#4955 = CARTESIAN_POINT ( 'NONE',  ( -5.724999999999999645, 2.055000000000001048, 2.024999999999999911 ) ) ;
#4957 = ORIENTED_EDGE ( 'NONE', *, *, #7534, .T. ) ;
#4958 = DIRECTION ( 'NONE',  ( 0.000000000000000000, -0.7071067811865474617, -0.7071067811865474617 ) ) ;
#4959 = AXIS2_PLACEMENT_3D ( 'NONE', #1982, #8990, #9544 ) ;
#4960 = AXIS2_PLACEMENT_3D ( 'NONE', #6812, #6147, #1417 ) ;
#4961 = VERTEX_POINT ( 'NONE', #560 ) ;
#4962 = DIRECTION ( 'NONE',  ( 0.000000000000000000, 0.000000000000000000, 1.000000000000000000 ) ) ;
#4963 = ADVANCED_FACE ( 'NONE', ( #6238 ), #9351, .T. ) ;
#4964 = EDGE_CURVE ( 'NONE', #7732, #9201, #6953, .T. ) ;
#4965 = EDGE_CURVE ( 'NONE', #1266, #7917, #4705, .T. ) ;
#4966 = EDGE_CURVE ( 'NONE', #5055, #4860, #5423, .T. ) ;
#4967 = AXIS2_PLACEMENT_3D ( 'NONE', #654, #3775, #6899 ) ;
#4968 = EDGE_CURVE ( 'NONE', #5653, #6401, #9217, .T. ) ;
#4969 = VECTOR ( 'NONE', #905, 1000.000000000000000 ) ;
#4970 = EDGE_LOOP ( 'NONE', ( #8801, #4213, #8717, #8175 ) ) ;
#4971 = VERTEX_POINT ( 'NONE', #7876 ) ;
#4972 = ORIENTED_EDGE ( 'NONE', *, *, #10049, .T. ) ;
#4973 = ORIENTED_EDGE ( 'NONE', *, *, #5764, .T. ) ;
#4974 = VECTOR ( 'NONE', #6647, 1000.000000000000000 ) ;
#4975 = CARTESIAN_POINT ( 'NONE',  ( 0.000000000000000000, 3.325000000000000178, 0.06499999999999994671 ) ) ;
#4976 = ADVANCED_FACE ( 'NONE', ( #850 ), #805, .T. ) ;
#4977 = ORIENTED_EDGE ( 'NONE', *, *, #10007, .T. ) ;
#4978 = DIRECTION ( 'NONE',  ( -0.000000000000000000, -0.7071067811865474617, -0.7071067811865474617 ) ) ;
#4979 = DIRECTION ( 'NONE',  ( -1.000000000000000000, 0.000000000000000000, 0.000000000000000000 ) ) ;
#4980 = CARTESIAN_POINT ( 'NONE',  ( -8.194767476705230536, 2.255000000000000338, 0.06499999999999994671 ) ) ;
#4981 = EDGE_LOOP ( 'NONE', ( #1560, #2328, #2515, #3854 ) ) ;
#4982 = ORIENTED_EDGE ( 'NONE', *, *, #4780, .F. ) ;
#4983 = VECTOR ( 'NONE', #5251, 1000.000000000000000 ) ;
#4984 = CARTESIAN_POINT ( 'NONE',  ( 1.775000000000002354, 0.5799999999999995159, 2.024999999999999911 ) ) ;
#4985 = FACE_OUTER_BOUND ( 'NONE', #6510, .T. ) ;
#4986 = EDGE_CURVE ( 'NONE', #6073, #5301, #10088, .T. ) ;
#4987 = CARTESIAN_POINT ( 'NONE',  ( 1.775000000000002354, 2.085000000000000409, -2.024999999999999467 ) ) ;
#4988 = CARTESIAN_POINT ( 'NONE',  ( -5.724999999999999645, 0.9050000000000000266, -0.9050000000000000266 ) ) ;
#4989 = DIRECTION ( 'NONE',  ( 0.000000000000000000, -1.000000000000000000, 0.000000000000000000 ) ) ;
#4990 = ORIENTED_EDGE ( 'NONE', *, *, #2710, .T. ) ;
#4991 = EDGE_LOOP ( 'NONE', ( #2379, #474, #197, #962 ) ) ;
#4992 = LINE ( 'NONE', #9019, #1888 ) ;
#4993 = ORIENTED_EDGE ( 'NONE', *, *, #12, .F. ) ;
#4994 = VECTOR ( 'NONE', #4732, 1000.000000000000000 ) ;
#4995 = DIRECTION ( 'NONE',  ( 0.000000000000000000, 1.000000000000000000, -0.000000000000000000 ) ) ;
#4996 = VECTOR ( 'NONE', #4354, 1000.000000000000000 ) ;
#4997 = DIRECTION ( 'NONE',  ( 1.000000000000000000, 0.000000000000000000, 0.000000000000000000 ) ) ;
#4998 = CARTESIAN_POINT ( 'NONE',  ( -7.875000000000000000, 0.7800000000000000266, -0.2750000000000000777 ) ) ;
#4999 = LINE ( 'NONE', #6482, #3600 ) ;
#5000 = CARTESIAN_POINT ( 'NONE',  ( -7.375000000000000000, 3.500000000000000444, -1.334999999999999742 ) ) ;
#5001 = VECTOR ( 'NONE', #3254, 1000.000000000000000 ) ;
#5002 = LINE ( 'NONE', #1974, #2188 ) ;
#5003 = CARTESIAN_POINT ( 'NONE',  ( -7.875000000000000000, 0.000000000000000000, 2.024999999999999911 ) ) ;
#5004 = VERTEX_POINT ( 'NONE', #6284 ) ;
#5005 = LINE ( 'NONE', #9630, #7322 ) ;
#5006 = VECTOR ( 'NONE', #4713, 1000.000000000000000 ) ;
#5007 = ORIENTED_EDGE ( 'NONE', *, *, #7349, .T. ) ;
#5008 = LINE ( 'NONE', #4283, #8294 ) ;
#5009 = EDGE_CURVE ( 'NONE', #2145, #5467, #3977, .T. ) ;
#5010 = ORIENTED_EDGE ( 'NONE', *, *, #8452, .T. ) ;
#5011 = EDGE_CURVE ( 'NONE', #3216, #9904, #1514, .T. ) ;
#5012 = PLANE ( 'NONE',  #1782 ) ;
#5013 = CARTESIAN_POINT ( 'NONE',  ( -4.474999999999999645, 0.7800000000000002487, 0.06499999999999994671 ) ) ;
#5014 = ORIENTED_EDGE ( 'NONE', *, *, #386, .F. ) ;
#5015 = ORIENTED_EDGE ( 'NONE', *, *, #9482, .T. ) ;
#5016 = ORIENTED_EDGE ( 'NONE', *, *, #7913, .T. ) ;
#5017 = AXIS2_PLACEMENT_3D ( 'NONE', #8300, #409, #6724 ) ;
#5018 = ORIENTED_EDGE ( 'NONE', *, *, #9951, .F. ) ;
#5019 = EDGE_CURVE ( 'NONE', #3632, #1364, #5233, .T. ) ;
#5020 = ORIENTED_EDGE ( 'NONE', *, *, #1672, .T. ) ;
#5021 = EDGE_CURVE ( 'NONE', #4037, #4522, #7777, .T. ) ;
#5022 = EDGE_CURVE ( 'NONE', #7479, #4749, #9439, .T. ) ;
#5023 = EDGE_CURVE ( 'NONE', #8059, #759, #8833, .T. ) ;
#5024 = CARTESIAN_POINT ( 'NONE',  ( -6.924999999999999822, 3.965000000000001634, 0.06499999999999994671 ) ) ;
#5025 = VECTOR ( 'NONE', #1977, 1000.000000000000000 ) ;
#5026 = ORIENTED_EDGE ( 'NONE', *, *, #9806, .T. ) ;
#5027 = VECTOR ( 'NONE', #2037, 1000.000000000000000 ) ;
#5028 = LINE ( 'NONE', #8045, #1218 ) ;
#5029 = LINE ( 'NONE', #4250, #7459 ) ;
#5030 = ORIENTED_EDGE ( 'NONE', *, *, #2093, .T. ) ;
#5031 = ORIENTED_EDGE ( 'NONE', *, *, #9184, .F. ) ;
#5032 = VECTOR ( 'NONE', #29, 1000.000000000000000 ) ;
#5033 = DIRECTION ( 'NONE',  ( 1.000000000000000000, 0.000000000000000000, -0.000000000000000000 ) ) ;
#5034 = DIRECTION ( 'NONE',  ( 1.000000000000000000, -0.000000000000000000, -0.000000000000000000 ) ) ;
#5035 = PLANE ( 'NONE',  #732 ) ;
#5036 = CARTESIAN_POINT ( 'NONE',  ( -3.025000000000000799, 2.055000000000001048, 2.024999999999999911 ) ) ;
#5037 = EDGE_LOOP ( 'NONE', ( #7936, #795, #6133, #8079, #9105 ) ) ;
#5038 = EDGE_LOOP ( 'NONE', ( #9983, #9949, #6236, #5891 ) ) ;
#5039 = LINE ( 'NONE', #1906, #3345 ) ;
#5040 = DIRECTION ( 'NONE',  ( 0.000000000000000000, 0.000000000000000000, 1.000000000000000000 ) ) ;
#5041 = ORIENTED_EDGE ( 'NONE', *, *, #1629, .F. ) ;
#5042 = DIRECTION ( 'NONE',  ( 0.000000000000000000, -1.000000000000000000, 0.000000000000000000 ) ) ;
#5043 = DIRECTION ( 'NONE',  ( 1.000000000000000000, 0.000000000000000000, 0.000000000000000000 ) ) ;
#5044 = CARTESIAN_POINT ( 'NONE',  ( 0.000000000000000000, 0.000000000000000000, 1.274999999999999911 ) ) ;
#5045 = CARTESIAN_POINT ( 'NONE',  ( 7.875000000000000000, 1.030000000000000027, -1.464999999999999636 ) ) ;
#5046 = LINE ( 'NONE', #1045, #9956 ) ;
#5047 = CARTESIAN_POINT ( 'NONE',  ( -5.525000000000000355, 0.6805981797501089448, 1.625000000000000000 ) ) ;
#5048 = CARTESIAN_POINT ( 'NONE',  ( -7.375000000000000888, 1.009999999999999121, 1.864999999999999325 ) ) ;
#5049 = DIRECTION ( 'NONE',  ( -1.000000000000000000, -0.000000000000000000, -0.000000000000000000 ) ) ;
#5050 = DIRECTION ( 'NONE',  ( 0.000000000000000000, -1.000000000000000000, 0.000000000000000000 ) ) ;
#5052 = DIRECTION ( 'NONE',  ( 0.000000000000000000, 0.7071067811865597852, 0.7071067811865352493 ) ) ;
#5051 = LINE ( 'NONE', #8222, #5819 ) ;
#5053 = LINE ( 'NONE', #6545, #2585 ) ;
#5054 = VECTOR ( 'NONE', #7744, 1000.000000000000000 ) ;
#5055 = VERTEX_POINT ( 'NONE', #6433 ) ;
#5056 = VECTOR ( 'NONE', #1583, 1000.000000000000000 ) ;
#5057 = CARTESIAN_POINT ( 'NONE',  ( 4.374999999999999112, -1.376287680150671594E-15, 0.02292814286300589796 ) ) ;
#5058 = CONTEXT_DEPENDENT_SHAPE_REPRESENTATION ( #7062, #934 ) ;
#5059 = CARTESIAN_POINT ( 'NONE',  ( 3.265000000000002345, 0.000000000000000000, -1.724999999999999867 ) ) ;
#5060 = AXIS2_PLACEMENT_3D ( 'NONE', #2568, #6344, #4962 ) ;
#5061 = ORIENTED_EDGE ( 'NONE', *, *, #5831, .F. ) ;
#5062 = ADVANCED_FACE ( 'NONE', ( #4953 ), #331, .T. ) ;
#5063 = FACE_BOUND ( 'NONE', #8907, .T. ) ;
#5064 = ORIENTED_EDGE ( 'NONE', *, *, #9435, .F. ) ;
#5065 = VERTEX_POINT ( 'NONE', #6487 ) ;
#5066 = ORIENTED_EDGE ( 'NONE', *, *, #8646, .F. ) ;
#5067 = VECTOR ( 'NONE', #3171, 1000.000000000000000 ) ;
#5068 = DIRECTION ( 'NONE',  ( 1.734723475976806503E-15, -1.000000000000000000, 0.000000000000000000 ) ) ;
#5069 = VECTOR ( 'NONE', #4351, 1000.000000000000000 ) ;
#5070 = DIRECTION ( 'NONE',  ( -1.000000000000000000, -1.136281752823236226E-16, 0.000000000000000000 ) ) ;
#5071 = EDGE_CURVE ( 'NONE', #8590, #1284, #9533, .T. ) ;
#5072 = PLANE ( 'NONE',  #7129 ) ;
#5073 = DIRECTION ( 'NONE',  ( -1.000000000000000000, 0.000000000000000000, -0.000000000000000000 ) ) ;
#5074 = ORIENTED_EDGE ( 'NONE', *, *, #899, .T. ) ;
#5075 = ADVANCED_FACE ( 'NONE', ( #276 ), #8020, .T. ) ;
#5076 = EDGE_CURVE ( 'NONE', #3951, #8703, #5821, .T. ) ;
#5077 = VECTOR ( 'NONE', #2374, 1000.000000000000000 ) ;
#5079 = ORIENTED_EDGE ( 'NONE', *, *, #7899, .T. ) ;
#5078 = VECTOR ( 'NONE', #2246, 1000.000000000000000 ) ;
#5080 = ORIENTED_EDGE ( 'NONE', *, *, #6839, .F. ) ;
#5081 = CARTESIAN_POINT ( 'NONE',  ( -5.525000000000000355, 1.855000000000000204, 0.06499999999999994671 ) ) ;
#5082 = LINE ( 'NONE', #411, #7190 ) ;
#5083 = CYLINDRICAL_SURFACE ( 'NONE', #6380, 0.2000000000000000944 ) ;
#5084 = CARTESIAN_POINT ( 'NONE',  ( -5.525000000000000355, 0.000000000000000000, 1.824999999999999956 ) ) ;
#5085 = DIRECTION ( 'NONE',  ( 0.000000000000000000, 1.000000000000000000, 0.000000000000000000 ) ) ;
#5086 = ORIENTED_EDGE ( 'NONE', *, *, #4761, .T. ) ;
#5087 = EDGE_CURVE ( 'NONE', #8703, #6910, #4178, .T. ) ;
#5088 = EDGE_CURVE ( 'NONE', #4596, #7242, #9487, .T. ) ;
#5089 = VERTEX_POINT ( 'NONE', #6588 ) ;
#5090 = LINE ( 'NONE', #4373, #5346 ) ;
#5091 = ORIENTED_EDGE ( 'NONE', *, *, #4024, .T. ) ;
#5092 = ORIENTED_EDGE ( 'NONE', *, *, #2966, .F. ) ;
#5093 = AXIS2_PLACEMENT_3D ( 'NONE', #8802, #1786, #5739 ) ;
#5094 = LINE ( 'NONE', #5863, #4357 ) ;
#5095 = DIRECTION ( 'NONE',  ( 1.000000000000000000, 0.000000000000000000, 0.000000000000000000 ) ) ;
#5096 = LINE ( 'NONE', #5865, #9034 ) ;
#5097 = CARTESIAN_POINT ( 'NONE',  ( -7.725000000000000533, 0.5300000000000049116, -0.3250000000000000666 ) ) ;
#5098 = FACE_OUTER_BOUND ( 'NONE', #1237, .T. ) ;
#5099 = CARTESIAN_POINT ( 'NONE',  ( -1.775000000000000133, 1.855000000000000204, 0.06499999999999994671 ) ) ;
#5100 = LINE ( 'NONE', #9828, #2701 ) ;
#5101 = DIRECTION ( 'NONE',  ( 0.000000000000000000, -1.000000000000000000, 0.000000000000000000 ) ) ;
#5102 = CARTESIAN_POINT ( 'NONE',  ( 2.600000000000001421, 3.965000000000001634, 0.06499999999999994671 ) ) ;
#5103 = DIRECTION ( 'NONE',  ( 0.000000000000000000, 1.000000000000000000, 0.000000000000000000 ) ) ;
#5104 = LINE ( 'NONE', #8223, #1907 ) ;
#5105 = ORIENTED_EDGE ( 'NONE', *, *, #7167, .F. ) ;
#5106 = ORIENTED_EDGE ( 'NONE', *, *, #6280, .T. ) ;
#5107 = DIRECTION ( 'NONE',  ( 0.000000000000000000, 0.000000000000000000, 1.000000000000000000 ) ) ;
#5108 = CARTESIAN_POINT ( 'NONE',  ( -1.775000000000001021, 2.085000000000000409, -2.024999999999999467 ) ) ;
#5109 = VERTEX_POINT ( 'NONE', #7264 ) ;
#5110 = DIRECTION ( 'NONE',  ( -0.000000000000000000, 1.000000000000000000, 0.000000000000000000 ) ) ;
#5111 = VECTOR ( 'NONE', #4447, 1000.000000000000000 ) ;
#5112 = EDGE_LOOP ( 'NONE', ( #8604, #1017, #3287, #9594, #5106, #2866 ) ) ;
#5113 = VERTEX_POINT ( 'NONE', #6539 ) ;
#5114 = VERTEX_POINT ( 'NONE', #225 ) ;
#5115 = ORIENTED_EDGE ( 'NONE', *, *, #2475, .F. ) ;
#5116 = AXIS2_PLACEMENT_3D ( 'NONE', #7405, #3457, #1093 ) ;
#5117 = CARTESIAN_POINT ( 'NONE',  ( 5.000000000000000000, 1.855000000000000204, 1.824999999999999289 ) ) ;
#5118 = VECTOR ( 'NONE', #3920, 1000.000000000000000 ) ;
#5119 = DIRECTION ( 'NONE',  ( -0.000000000000000000, -0.000000000000000000, 1.000000000000000000 ) ) ;
#5120 = ORIENTED_EDGE ( 'NONE', *, *, #9015, .F. ) ;
#5121 = CARTESIAN_POINT ( 'NONE',  ( -7.375000000000000000, 0.000000000000000000, 0.000000000000000000 ) ) ;
#5122 = ORIENTED_EDGE ( 'NONE', *, *, #5526, .T. ) ;
#5123 = DIRECTION ( 'NONE',  ( 1.000000000000000000, -0.000000000000000000, -0.000000000000000000 ) ) ;
#5124 = VERTEX_POINT ( 'NONE', #1149 ) ;
#5125 = FACE_OUTER_BOUND ( 'NONE', #7291, .T. ) ;
#5126 = EDGE_CURVE ( 'NONE', #8763, #4875, #4854, .T. ) ;
#5127 = DIRECTION ( 'NONE',  ( 0.000000000000000000, 0.000000000000000000, -1.000000000000000000 ) ) ;
#5128 = DIRECTION ( 'NONE',  ( 0.000000000000000000, 0.000000000000000000, -1.000000000000000000 ) ) ;
#5129 = DIRECTION ( 'NONE',  ( 0.000000000000000000, -0.000000000000000000, 1.000000000000000000 ) ) ;
#5130 = LINE ( 'NONE', #9870, #567 ) ;
#5131 = ORIENTED_EDGE ( 'NONE', *, *, #1231, .T. ) ;
#5132 = ORIENTED_EDGE ( 'NONE', *, *, #9436, .F. ) ;
#5133 = FILL_AREA_STYLE ('',( #2787 ) ) ;
#5134 = DIRECTION ( 'NONE',  ( 1.197572355469997778E-16, -1.000000000000000000, 0.000000000000000000 ) ) ;
#5135 = ORIENTED_EDGE ( 'NONE', *, *, #8873, .T. ) ;
#5136 = LINE ( 'NONE', #9236, #8451 ) ;
#5137 = ADVANCED_FACE ( 'NONE', ( #2652 ), #9677, .F. ) ;
#5138 = ADVANCED_FACE ( 'NONE', ( #950 ), #8875, .T. ) ;
#5139 = EDGE_CURVE ( 'NONE', #1960, #6011, #8123, .T. ) ;
#5140 = PLANE ( 'NONE',  #4195 ) ;
#5141 = EDGE_CURVE ( 'NONE', #9961, #4870, #133, .T. ) ;
#5142 = CARTESIAN_POINT ( 'NONE',  ( -5.724999999999999645, 2.085000000000000409, -2.024999999999999911 ) ) ;
#5143 = CARTESIAN_POINT ( 'NONE',  ( 0.5250000000000002442, 0.5799999999999996270, 2.024999999999999911 ) ) ;
#5144 = VECTOR ( 'NONE', #4175, 1000.000000000000000 ) ;
#5145 = DIRECTION ( 'NONE',  ( -1.000000000000000000, 0.000000000000000000, -0.000000000000000000 ) ) ;
#5146 = DIRECTION ( 'NONE',  ( 1.000000000000000000, 0.000000000000000000, 0.000000000000000000 ) ) ;
#5147 = DIRECTION ( 'NONE',  ( 0.5000000000000003331, 0.000000000000000000, -0.8660254037844383745 ) ) ;
#5148 = VERTEX_POINT ( 'NONE', #6381 ) ;
#5149 = PLANE ( 'NONE',  #6824 ) ;
#5150 = VECTOR ( 'NONE', #5146, 1000.000000000000000 ) ;
#5151 = DIRECTION ( 'NONE',  ( 0.000000000000000000, 0.000000000000000000, -1.000000000000000000 ) ) ;
#5152 = ORIENTED_EDGE ( 'NONE', *, *, #7726, .T. ) ;
#5153 = VECTOR ( 'NONE', #118, 1000.000000000000000 ) ;
#5154 = ORIENTED_EDGE ( 'NONE', *, *, #9078, .F. ) ;
#5155 = EDGE_CURVE ( 'NONE', #1284, #1909, #2511, .T. ) ;
#5156 = LINE ( 'NONE', #9836, #3981 ) ;
#5157 = VECTOR ( 'NONE', #8612, 1000.000000000000000 ) ;
#5158 = FACE_OUTER_BOUND ( 'NONE', #5791, .T. ) ;
#5159 = EDGE_LOOP ( 'NONE', ( #1491, #2901, #3222, #7422, #1105 ) ) ;
#5160 = VECTOR ( 'NONE', #2533, 1000.000000000000000 ) ;
#5161 = ORIENTED_EDGE ( 'NONE', *, *, #4909, .F. ) ;
#5163 = DIRECTION ( 'NONE',  ( 0.000000000000000000, 1.000000000000000000, 0.000000000000000000 ) ) ;
#5162 = PLANE ( 'NONE',  #8970 ) ;
#5164 = ORIENTED_EDGE ( 'NONE', *, *, #5526, .F. ) ;
#5165 = EDGE_LOOP ( 'NONE', ( #4923, #9158, #4390, #1307 ) ) ;
#5166 = DIRECTION ( 'NONE',  ( 0.000000000000000000, -1.000000000000000000, 0.000000000000000000 ) ) ;
#5167 = VECTOR ( 'NONE', #1399, 1000.000000000000000 ) ;
#5168 = ORIENTED_EDGE ( 'NONE', *, *, #8699, .T. ) ;
#5169 = ORIENTED_EDGE ( 'NONE', *, *, #8767, .F. ) ;
#5170 = VECTOR ( 'NONE', #5175, 1000.000000000000000 ) ;
#5171 = CARTESIAN_POINT ( 'NONE',  ( -11.62499999999999822, 1.030000000000000027, 0.000000000000000000 ) ) ;
#5172 = FACE_OUTER_BOUND ( 'NONE', #9591, .T. ) ;
#5173 = CARTESIAN_POINT ( 'NONE',  ( -5.724999999999999645, 0.2999999999999999889, 0.000000000000000000 ) ) ;
#5174 = LINE ( 'NONE', #2109, #160 ) ;
#5175 = DIRECTION ( 'NONE',  ( -1.000000000000000000, 0.000000000000000000, 0.000000000000000000 ) ) ;
#5176 = VECTOR ( 'NONE', #7100, 1000.000000000000000 ) ;
#5177 = ORIENTED_EDGE ( 'NONE', *, *, #135, .F. ) ;
#5178 = PLANE ( 'NONE',  #2883 ) ;
#5179 = CARTESIAN_POINT ( 'NONE',  ( -2.187499999999999556, 2.255000000000000338, 0.06499999999999994671 ) ) ;
#5180 = VERTEX_POINT ( 'NONE', #7973 ) ;
#5181 = EDGE_CURVE ( 'NONE', #8956, #7056, #7215, .T. ) ;
#5182 = ORIENTED_EDGE ( 'NONE', *, *, #9323, .F. ) ;
#5183 = VECTOR ( 'NONE', #4282, 1000.000000000000000 ) ;
#5184 = CARTESIAN_POINT ( 'NONE',  ( 11.62500000000000000, 1.030000000000000027, -2.024999999999999911 ) ) ;
#5185 = FACE_OUTER_BOUND ( 'NONE', #2985, .T. ) ;
#5186 = DIRECTION ( 'NONE',  ( 0.000000000000000000, 0.000000000000000000, 1.000000000000000000 ) ) ;
#5187 = ORIENTED_EDGE ( 'NONE', *, *, #7533, .F. ) ;
#5188 = CARTESIAN_POINT ( 'NONE',  ( 3.750000000000001776, 0.000000000000000000, 0.06499999999999994671 ) ) ;
#5189 = DIRECTION ( 'NONE',  ( -0.000000000000000000, 0.000000000000000000, 1.000000000000000000 ) ) ;
#5190 = EDGE_LOOP ( 'NONE', ( #3006, #3295, #1768, #4311 ) ) ;
#5191 = ORIENTED_EDGE ( 'NONE', *, *, #6825, .T. ) ;
#5192 = VECTOR ( 'NONE', #5883, 1000.000000000000000 ) ;
#5193 = CARTESIAN_POINT ( 'NONE',  ( 2.613750000000001350, 2.255000000000000338, 1.824999999999999289 ) ) ;
#5194 = VERTEX_POINT ( 'NONE', #9187 ) ;
#5195 = ORIENTED_EDGE ( 'NONE', *, *, #1689, .T. ) ;
#5196 = DIRECTION ( 'NONE',  ( 1.000000000000000000, 0.000000000000000000, 0.000000000000000000 ) ) ;
#5197 = DIRECTION ( 'NONE',  ( 1.000000000000000000, 0.000000000000000000, -0.000000000000000000 ) ) ;
#5198 = DIRECTION ( 'NONE',  ( 0.000000000000000000, 0.000000000000000000, 1.000000000000000000 ) ) ;
#5199 = CARTESIAN_POINT ( 'NONE',  ( -7.765000000000000568, 0.000000000000000000, 2.024999999999999911 ) ) ;
#5200 = CARTESIAN_POINT ( 'NONE',  ( 0.000000000000000000, 0.5500000000000000444, 1.824999999999999956 ) ) ;
#5201 = CARTESIAN_POINT ( 'NONE',  ( 0.000000000000000000, 1.759999999999999121, 1.274999999999999911 ) ) ;
#5202 = CARTESIAN_POINT ( 'NONE',  ( -3.749999999999998224, 0.7800000000000006928, 0.06499999999999994671 ) ) ;
#5203 = CARTESIAN_POINT ( 'NONE',  ( -7.375000000000000000, 4.120000000000000107, 0.000000000000000000 ) ) ;
#5204 = EDGE_CURVE ( 'NONE', #5555, #5124, #9031, .T. ) ;
#5205 = DIRECTION ( 'NONE',  ( 0.000000000000000000, -1.000000000000000000, 0.000000000000000000 ) ) ;
#5206 = EDGE_CURVE ( 'NONE', #9815, #7317, #6693, .T. ) ;
#5207 = EDGE_CURVE ( 'NONE', #7018, #6959, #3657, .T. ) ;
#5208 = VERTEX_POINT ( 'NONE', #2802 ) ;
#5209 = DIRECTION ( 'NONE',  ( 0.000000000000000000, 0.000000000000000000, -1.000000000000000000 ) ) ;
#5210 = VERTEX_POINT ( 'NONE', #2026 ) ;
#5211 = ORIENTED_EDGE ( 'NONE', *, *, #7940, .F. ) ;
#5212 = SURFACE_STYLE_USAGE ( .BOTH. , #2097 ) ;
#5213 = LINE ( 'NONE', #4493, #2000 ) ;
#5214 = LINE ( 'NONE', #8328, #8569 ) ;
#5215 = EDGE_CURVE ( 'NONE', #6241, #9308, #2192, .T. ) ;
#5216 = EDGE_LOOP ( 'NONE', ( #1018, #1196, #956, #7934 ) ) ;
#5218 = DIRECTION ( 'NONE',  ( 0.000000000000000000, 0.000000000000000000, -1.000000000000000000 ) ) ;
#5217 = DIRECTION ( 'NONE',  ( 1.000000000000000000, 0.000000000000000000, 0.000000000000000000 ) ) ;
#5219 = EDGE_CURVE ( 'NONE', #628, #6401, #1355, .T. ) ;
#5220 = EDGE_LOOP ( 'NONE', ( #6180, #4307, #8864, #7747, #9601, #9396, #4770, #4144, #8846, #3273, #2258, #5874, #5295, #5211 ) ) ;
#5221 = ORIENTED_EDGE ( 'NONE', *, *, #9337, .F. ) ;
#5222 = DIRECTION ( 'NONE',  ( 0.000000000000000000, -1.000000000000000000, 0.000000000000000000 ) ) ;
#5223 = DIRECTION ( 'NONE',  ( 0.000000000000000000, -1.000000000000000000, -0.000000000000000000 ) ) ;
#5224 = ORIENTED_EDGE ( 'NONE', *, *, #8026, .T. ) ;
#5225 = ORIENTED_EDGE ( 'NONE', *, *, #2153, .F. ) ;
#5226 = FACE_OUTER_BOUND ( 'NONE', #1211, .T. ) ;
#5227 = CARTESIAN_POINT ( 'NONE',  ( -7.375000000000000888, -0.9375000000000012212, 0.9375000000000056621 ) ) ;
#5228 = VECTOR ( 'NONE', #3889, 1000.000000000000000 ) ;
#5229 = LINE ( 'NONE', #8344, #7373 ) ;
#5230 = DIRECTION ( 'NONE',  ( 0.000000000000000000, 0.000000000000000000, -1.000000000000000000 ) ) ;
#5231 = VECTOR ( 'NONE', #8994, 1000.000000000000000 ) ;
#5232 = LINE ( 'NONE', #9112, #2238 ) ;
#5233 = LINE ( 'NONE', #7110, #4305 ) ;
#5234 = ORIENTED_EDGE ( 'NONE', *, *, #6339, .T. ) ;
#5235 = ORIENTED_EDGE ( 'NONE', *, *, #1829, .T. ) ;
#5236 = CARTESIAN_POINT ( 'NONE',  ( -11.62499999999999822, 1.030000000000000027, -2.024999999999999911 ) ) ;
#5237 = SHAPE_DEFINITION_REPRESENTATION ( #9278, #1663 ) ;
#5238 = LINE ( 'NONE', #2068, #7711 ) ;
#5239 = VECTOR ( 'NONE', #1860, 1000.000000000000000 ) ;
#5240 = LINE ( 'NONE', #9869, #6139 ) ;
#5241 = ORIENTED_EDGE ( 'NONE', *, *, #4384, .F. ) ;
#5242 = FACE_OUTER_BOUND ( 'NONE', #184, .T. ) ;
#5243 = ORIENTED_EDGE ( 'NONE', *, *, #9452, .F. ) ;
#5244 = ORIENTED_EDGE ( 'NONE', *, *, #3032, .T. ) ;
#5245 = DIRECTION ( 'NONE',  ( 0.000000000000000000, -1.000000000000000000, -0.000000000000000000 ) ) ;
#5246 = CARTESIAN_POINT ( 'NONE',  ( -4.275000000000000355, 2.085000000000000409, -2.024999999999999911 ) ) ;
#5247 = DIRECTION ( 'NONE',  ( -1.000000000000000000, -1.136281752823236226E-16, 0.000000000000000000 ) ) ;
#5248 = DIRECTION ( 'NONE',  ( -1.000000000000000000, 0.000000000000000000, 0.000000000000000000 ) ) ;
#5249 = CARTESIAN_POINT ( 'NONE',  ( 2.187500000000001776, 2.055000000000001048, 2.024999999999999911 ) ) ;
#5250 = EDGE_CURVE ( 'NONE', #9556, #8895, #7511, .T. ) ;
#5251 = DIRECTION ( 'NONE',  ( 0.000000000000000000, -1.000000000000000000, 0.000000000000000000 ) ) ;
#5252 = DIRECTION ( 'NONE',  ( -1.000000000000000000, 1.197572355469997778E-16, 0.000000000000000000 ) ) ;
#5253 = DIRECTION ( 'NONE',  ( 0.000000000000000000, 0.000000000000000000, 1.000000000000000000 ) ) ;
#5254 = ORIENTED_EDGE ( 'NONE', *, *, #6336, .T. ) ;
#5256 = CARTESIAN_POINT ( 'NONE',  ( -6.349999999999999645, 3.965000000000001634, 0.06499999999999994671 ) ) ;
#5255 = DIRECTION ( 'NONE',  ( 0.000000000000000000, -0.000000000000000000, -1.000000000000000000 ) ) ;
#5257 = ORIENTED_EDGE ( 'NONE', *, *, #4597, .T. ) ;
#5258 = CARTESIAN_POINT ( 'NONE',  ( 9.125000000000000000, 2.055000000000001048, 2.024999999999999911 ) ) ;
#5259 = ORIENTED_EDGE ( 'NONE', *, *, #3031, .F. ) ;
#5260 = LINE ( 'NONE', #1507, #7244 ) ;
#5261 = EDGE_LOOP ( 'NONE', ( #7870, #3403, #8183, #9371 ) ) ;
#5262 =( NAMED_UNIT ( * ) PLANE_ANGLE_UNIT ( ) SI_UNIT ( $, .RADIAN. ) );
#5263 = ADVANCED_FACE ( 'NONE', ( #8318 ), #3505, .T. ) ;
#5264 = CARTESIAN_POINT ( 'NONE',  ( -5.525000000000000355, 0.5050000000000000044, -1.584999999999999964 ) ) ;
#5265 = ORIENTED_EDGE ( 'NONE', *, *, #3252, .F. ) ;
#5267 = CARTESIAN_POINT ( 'NONE',  ( -5.724999999999999645, 1.080000000000000071, 0.000000000000000000 ) ) ;
#5266 = PLANE ( 'NONE',  #473 ) ;
#5268 = ORIENTED_EDGE ( 'NONE', *, *, #8768, .T. ) ;
#5269 = ORIENTED_EDGE ( 'NONE', *, *, #2907, .T. ) ;
#5270 = LINE ( 'NONE', #3619, #4710 ) ;
#5271 = CARTESIAN_POINT ( 'NONE',  ( -10.53999999999999737, 0.7800000000000015810, 1.824999999999999289 ) ) ;
#5272 = ORIENTED_EDGE ( 'NONE', *, *, #9078, .T. ) ;
#5273 = EDGE_LOOP ( 'NONE', ( #3804, #8574, #7269, #3715 ) ) ;
#5274 = PLANE ( 'NONE',  #6420 ) ;
#5275 = EDGE_CURVE ( 'NONE', #8900, #9743, #4436, .T. ) ;
#5276 = EDGE_CURVE ( 'NONE', #5644, #9285, #2916, .T. ) ;
#5277 = EDGE_CURVE ( 'NONE', #7764, #3089, #590, .T. ) ;
#5278 = EDGE_CURVE ( 'NONE', #705, #9552, #8221, .T. ) ;
#5279 = LINE ( 'NONE', #2822, #5069 ) ;
#5280 = CARTESIAN_POINT ( 'NONE',  ( -7.725000000000000533, 1.759999999999992459, 1.275000000000006573 ) ) ;
#5281 = VECTOR ( 'NONE', #7626, 1000.000000000000000 ) ;
#5282 = PLANE ( 'NONE',  #4511 ) ;
#5283 = ORIENTED_EDGE ( 'NONE', *, *, #80, .F. ) ;
#5284 = ORIENTED_EDGE ( 'NONE', *, *, #9377, .F. ) ;
#5285 = AXIS2_PLACEMENT_3D ( 'NONE', #1430, #8506, #4571 ) ;
#5286 = VECTOR ( 'NONE', #977, 1000.000000000000000 ) ;
#5287 = ADVANCED_FACE ( 'NONE', ( #8266 ), #3552, .T. ) ;
#5288 = FACE_OUTER_BOUND ( 'NONE', #3427, .T. ) ;
#5289 = CARTESIAN_POINT ( 'NONE',  ( 0.3125000000000002776, 0.000000000000000000, 0.06499999999999994671 ) ) ;
#5290 = DIRECTION ( 'NONE',  ( -0.000000000000000000, -0.000000000000000000, 1.000000000000000000 ) ) ;
#5291 = ORIENTED_EDGE ( 'NONE', *, *, #1659, .T. ) ;
#5292 = DIRECTION ( 'NONE',  ( 1.000000000000000000, 0.000000000000000000, 0.000000000000000000 ) ) ;
#5293 = CARTESIAN_POINT ( 'NONE',  ( -7.875000000000000000, 2.259999999999999343, 2.024999999999999911 ) ) ;
#5294 = CARTESIAN_POINT ( 'NONE',  ( -4.275000000000000355, 2.085000000000000409, -1.464999999999999636 ) ) ;
#5295 = ORIENTED_EDGE ( 'NONE', *, *, #5452, .T. ) ;
#5296 = DIRECTION ( 'NONE',  ( 0.000000000000000000, 0.000000000000000000, 1.000000000000000000 ) ) ;
#5297 = VECTOR ( 'NONE', #129, 1000.000000000000000 ) ;
#5298 = ORIENTED_EDGE ( 'NONE', *, *, #8332, .F. ) ;
#5299 = DIRECTION ( 'NONE',  ( 1.000000000000000000, -0.000000000000000000, -0.000000000000000000 ) ) ;
#5300 = ORIENTED_EDGE ( 'NONE', *, *, #5470, .F. ) ;
#5301 = VERTEX_POINT ( 'NONE', #482 ) ;
#5302 = PLANE ( 'NONE',  #8920 ) ;
#5303 = DIRECTION ( 'NONE',  ( 0.000000000000000000, 1.000000000000000000, 0.000000000000000000 ) ) ;
#5304 = DIRECTION ( 'NONE',  ( -1.000000000000000000, 0.000000000000000000, -0.000000000000000000 ) ) ;
#5305 = UNCERTAINTY_MEASURE_WITH_UNIT (LENGTH_MEASURE( 1.000000000000000082E-05 ), #490, 'distance_accuracy_value', 'NONE');
#5306 = LINE ( 'NONE', #8367, #8741 ) ;
#5307 = CARTESIAN_POINT ( 'NONE',  ( 3.855000000000002647, 1.709999999999999520, 1.324999999999999734 ) ) ;
#5308 = DIRECTION ( 'NONE',  ( 1.000000000000000000, -0.000000000000000000, -0.000000000000000000 ) ) ;
#5310 = FACE_OUTER_BOUND ( 'NONE', #6398, .T. ) ;
#5309 = DIRECTION ( 'NONE',  ( 0.5000000000000003331, 0.000000000000000000, 0.8660254037844383745 ) ) ;
#5311 = ORIENTED_EDGE ( 'NONE', *, *, #8214, .T. ) ;
#5312 = DIRECTION ( 'NONE',  ( 2.168404344971008079E-15, 1.000000000000000000, 0.000000000000000000 ) ) ;
#5313 = EDGE_CURVE ( 'NONE', #4615, #2147, #534, .T. ) ;
#5314 = ORIENTED_EDGE ( 'NONE', *, *, #9321, .T. ) ;
#5315 = ORIENTED_EDGE ( 'NONE', *, *, #5754, .F. ) ;
#5316 = VECTOR ( 'NONE', #3312, 1000.000000000000000 ) ;
#5317 = PLANE ( 'NONE',  #4967 ) ;
#5318 = DIRECTION ( 'NONE',  ( -0.7071067811865495711, 0.7071067811865454633, 0.000000000000000000 ) ) ;
#5319 = ORIENTED_EDGE ( 'NONE', *, *, #2485, .T. ) ;
#5321 = CARTESIAN_POINT ( 'NONE',  ( -0.3125000000000037748, 8.809142651444728259E-15, 0.06499999999999994671 ) ) ;
#5320 = PLANE ( 'NONE',  #4018 ) ;
#5322 = ORIENTED_EDGE ( 'NONE', *, *, #33, .F. ) ;
#5323 = LINE ( 'NONE', #9260, #9735 ) ;
#5324 = EDGE_CURVE ( 'NONE', #7479, #4091, #9829, .T. ) ;
#5325 = EDGE_CURVE ( 'NONE', #7270, #9490, #2087, .T. ) ;
#5326 = CARTESIAN_POINT ( 'NONE',  ( 0.7249999999999990896, 1.855000000000000204, 1.824999999999999289 ) ) ;
#5327 = ORIENTED_EDGE ( 'NONE', *, *, #9503, .F. ) ;
#5328 = VECTOR ( 'NONE', #14, 1000.000000000000114 ) ;
#5329 = DIRECTION ( 'NONE',  ( -1.000000000000000000, 0.000000000000000000, 0.000000000000000000 ) ) ;
#5330 = PLANE ( 'NONE',  #6049 ) ;
#5332 = VECTOR ( 'NONE', #9854, 1000.000000000000000 ) ;
#5331 = CARTESIAN_POINT ( 'NONE',  ( -7.605000000000000426, 0.7800000000000000266, -0.3250000000000000666 ) ) ;
#5333 = DIRECTION ( 'NONE',  ( 0.000000000000000000, 0.000000000000000000, -1.000000000000000000 ) ) ;
#5334 = CARTESIAN_POINT ( 'NONE',  ( -0.3124999999999993894, 1.855000000000000204, 0.06499999999999994671 ) ) ;
#5335 = DIRECTION ( 'NONE',  ( 1.000000000000000000, 0.000000000000000000, 0.000000000000000000 ) ) ;
#5336 = CARTESIAN_POINT ( 'NONE',  ( -4.687500000000000000, 0.04750000000000037526, 0.01749999999999957839 ) ) ;
#5337 = ORIENTED_EDGE ( 'NONE', *, *, #123, .T. ) ;
#5338 = VECTOR ( 'NONE', #7829, 1000.000000000000000 ) ;
#5339 = ADVANCED_FACE ( 'NONE', ( #1601 ), #839, .F. ) ;
#5340 = EDGE_CURVE ( 'NONE', #4037, #911, #7679, .T. ) ;
#5341 = ADVANCED_FACE ( 'NONE', ( #8677 ), #9981, .T. ) ;
#5342 = ADVANCED_FACE ( 'NONE', ( #6227 ), #736, .T. ) ;
#5343 = VECTOR ( 'NONE', #3247, 1000.000000000000000 ) ;
#5344 = ORIENTED_EDGE ( 'NONE', *, *, #5752, .F. ) ;
#5345 = LINE ( 'NONE', #1429, #4136 ) ;
#5346 = VECTOR ( 'NONE', #472, 1000.000000000000000 ) ;
#5347 = CARTESIAN_POINT ( 'NONE',  ( -6.439999999999997726, 3.820000000000000728, -1.224999999999999867 ) ) ;
#5348 = APPLICATION_PROTOCOL_DEFINITION ( 'draft international standard', 'automotive_design', 1998, #4446 ) ;
#5349 = VECTOR ( 'NONE', #9480, 1000.000000000000114 ) ;
#5350 = AXIS2_PLACEMENT_3D ( 'NONE', #8643, #4764, #9721 ) ;
#5351 = DIRECTION ( 'NONE',  ( 1.000000000000000000, 0.000000000000000000, 0.000000000000000000 ) ) ;
#5352 = CARTESIAN_POINT ( 'NONE',  ( -5.724999999999999645, 2.085000000000000409, 0.06499999999999994671 ) ) ;
#5353 = ORIENTED_EDGE ( 'NONE', *, *, #8270, .F. ) ;
#5354 = LINE ( 'NONE', #6058, #6920 ) ;
#5355 = ADVANCED_FACE ( 'NONE', ( #8479 ), #1453, .T. ) ;
#5356 = VERTEX_POINT ( 'NONE', #3813 ) ;
#5357 = VERTEX_POINT ( 'NONE', #6943 ) ;
#5358 = AXIS2_PLACEMENT_3D ( 'NONE', #5926, #9900, #2930 ) ;
#5359 = VECTOR ( 'NONE', #1952, 1000.000000000000000 ) ;
#5360 = CARTESIAN_POINT ( 'NONE',  ( -5.724999999999999645, 1.630000000000000560, -2.024999999999999911 ) ) ;
#5361 = CARTESIAN_POINT ( 'NONE',  ( -5.312499999999999112, 1.855000000000000204, 1.824999999999999289 ) ) ;
#5362 = CARTESIAN_POINT ( 'NONE',  ( -11.62499999999999822, 2.055000000000001048, 2.024999999999999911 ) ) ;
#5363 = DIRECTION ( 'NONE',  ( -0.000000000000000000, -0.000000000000000000, 1.000000000000000000 ) ) ;
#5364 = LINE ( 'NONE', #8476, #1553 ) ;
#5365 = VECTOR ( 'NONE', #3827, 1000.000000000000000 ) ;
#5366 = DIRECTION ( 'NONE',  ( 0.000000000000000000, 0.000000000000000000, 1.000000000000000000 ) ) ;
#5367 = DIRECTION ( 'NONE',  ( 0.000000000000000000, 0.000000000000000000, 1.000000000000000000 ) ) ;
#5368 = FACE_OUTER_BOUND ( 'NONE', #2657, .T. ) ;
#5369 = VERTEX_POINT ( 'NONE', #3866 ) ;
#5370 = DIRECTION ( 'NONE',  ( 0.000000000000000000, 0.000000000000000000, 1.000000000000000000 ) ) ;
#5371 = DIRECTION ( 'NONE',  ( 0.000000000000000000, 0.000000000000000000, 1.000000000000000000 ) ) ;
#5372 = VECTOR ( 'NONE', #4157, 1000.000000000000000 ) ;
#5373 = EDGE_CURVE ( 'NONE', #7289, #288, #6999, .T. ) ;
#5374 = CARTESIAN_POINT ( 'NONE',  ( 3.625000000000001332, 3.500000000000000444, 0.000000000000000000 ) ) ;
#5375 = ORIENTED_EDGE ( 'NONE', *, *, #538, .F. ) ;
#5376 = LINE ( 'NONE', #3021, #8039 ) ;
#5377 = ORIENTED_EDGE ( 'NONE', *, *, #6324, .F. ) ;
#5379 = DIRECTION ( 'NONE',  ( -1.000000000000000000, 0.000000000000000000, 0.000000000000000000 ) ) ;
#5378 = DIRECTION ( 'NONE',  ( 0.000000000000000000, -0.000000000000000000, -1.000000000000000000 ) ) ;
#5380 = EDGE_LOOP ( 'NONE', ( #2162, #2012, #7347, #1592, #2584, #3618, #3061, #6032 ) ) ;
#5381 = EDGE_LOOP ( 'NONE', ( #3917, #1235, #434, #1876, #8289 ) ) ;
#5382 = CARTESIAN_POINT ( 'NONE',  ( 1.975000000000001865, 0.000000000000000000, 0.06499999999999994671 ) ) ;
#5383 = DIRECTION ( 'NONE',  ( 1.000000000000000000, 0.000000000000000000, 0.000000000000000000 ) ) ;
#5384 = DIRECTION ( 'NONE',  ( 1.000000000000000000, 0.000000000000000000, 0.000000000000000000 ) ) ;
#5385 = DIRECTION ( 'NONE',  ( 0.000000000000000000, 0.000000000000000000, -1.000000000000000000 ) ) ;
#5386 = DIRECTION ( 'NONE',  ( 0.000000000000000000, 0.000000000000000000, -1.000000000000000000 ) ) ;
#5387 = CARTESIAN_POINT ( 'NONE',  ( -7.875000000000000000, 2.209999999999999520, 1.324999999999999734 ) ) ;
#5388 = DIRECTION ( 'NONE',  ( -1.000000000000000000, 0.000000000000000000, 0.000000000000000000 ) ) ;
#5389 = EDGE_CURVE ( 'NONE', #4303, #1894, #9294, .T. ) ;
#5390 = VERTEX_POINT ( 'NONE', #8820 ) ;
#5391 = ORIENTED_EDGE ( 'NONE', *, *, #573, .F. ) ;
#5392 = VERTEX_POINT ( 'NONE', #1854 ) ;
#5393 = LINE ( 'NONE', #2173, #3011 ) ;
#5394 = VECTOR ( 'NONE', #8050, 1000.000000000000000 ) ;
#5395 = PLANE ( 'NONE',  #5396 ) ;
#5396 = AXIS2_PLACEMENT_3D ( 'NONE', #8553, #7076, #1532 ) ;
#5397 = ADVANCED_FACE ( 'NONE', ( #2548 ), #5751, .F. ) ;
#5398 = ADVANCED_FACE ( 'NONE', ( #2597 ), #1801, .T. ) ;
#5399 = EDGE_CURVE ( 'NONE', #5357, #628, #2686, .T. ) ;
#5400 = CARTESIAN_POINT ( 'NONE',  ( -0.7249999999999999778, 2.085000000000000409, 2.024999999999999911 ) ) ;
#5401 = FACE_OUTER_BOUND ( 'NONE', #4370, .T. ) ;
#5402 = VECTOR ( 'NONE', #8744, 1000.000000000000000 ) ;
#5403 = ORIENTED_EDGE ( 'NONE', *, *, #7344, .T. ) ;
#5404 = VERTEX_POINT ( 'NONE', #1037 ) ;
#5405 = LINE ( 'NONE', #3857, #3803 ) ;
#5406 = CARTESIAN_POINT ( 'NONE',  ( 3.625000000000002220, 1.644999999999999352, 1.949999999999999067 ) ) ;
#5407 = VECTOR ( 'NONE', #8445, 1000.000000000000000 ) ;
#5408 = EDGE_CURVE ( 'NONE', #248, #5113, #3253, .T. ) ;
#5409 = CARTESIAN_POINT ( 'NONE',  ( -2.812499999999999112, 1.855000000000000204, 0.06499999999999994671 ) ) ;
#5410 = EDGE_CURVE ( 'NONE', #621, #5532, #169, .T. ) ;
#5411 = VECTOR ( 'NONE', #7132, 1000.000000000000000 ) ;
#5412 = DIRECTION ( 'NONE',  ( 0.5773502691896241767, 0.5773502691896265082, 0.5773502691896265082 ) ) ;
#5413 = DIRECTION ( 'NONE',  ( 0.000000000000000000, 0.000000000000000000, -1.000000000000000000 ) ) ;
#5414 = ORIENTED_EDGE ( 'NONE', *, *, #7039, .T. ) ;
#5415 = LINE ( 'NONE', #3107, #1062 ) ;
#5416 = VECTOR ( 'NONE', #4738, 1000.000000000000000 ) ;
#5417 = PLANE ( 'NONE',  #616 ) ;
#5418 = ORIENTED_EDGE ( 'NONE', *, *, #9481, .T. ) ;
#5419 = PLANE ( 'NONE',  #1498 ) ;
#5420 = DIRECTION ( 'NONE',  ( -1.000000000000000000, 0.000000000000000000, -0.000000000000000000 ) ) ;
#5421 = ORIENTED_EDGE ( 'NONE', *, *, #4468, .F. ) ;
#5422 = DIRECTION ( 'NONE',  ( 0.000000000000000000, -1.000000000000000000, 0.000000000000000000 ) ) ;
#5423 = LINE ( 'NONE', #5999, #3982 ) ;
#5424 = EDGE_LOOP ( 'NONE', ( #7432, #4449, #9714, #563, #9971, #2126, #3687 ) ) ;
#5426 = DIRECTION ( 'NONE',  ( -0.000000000000000000, -0.7071067811865474617, -0.7071067811865474617 ) ) ;
#5425 = DIRECTION ( 'NONE',  ( 0.000000000000000000, 0.000000000000000000, -1.000000000000000000 ) ) ;
#5427 = ORIENTED_EDGE ( 'NONE', *, *, #2906, .T. ) ;
#5428 = CARTESIAN_POINT ( 'NONE',  ( -7.500000000000000000, 3.965000000000001634, 0.06499999999999994671 ) ) ;
#5429 = MANIFOLD_SOLID_BREP ( 'NONE', #6635 ) ;
#5430 = VERTEX_POINT ( 'NONE', #5612 ) ;
#5431 = CARTESIAN_POINT ( 'NONE',  ( 3.625000000000001332, 1.903000000000000025, -1.334999999999999742 ) ) ;
#5432 = CARTESIAN_POINT ( 'NONE',  ( 0.000000000000000000, 2.255000000000000338, 0.06499999999999994671 ) ) ;
#5433 = CARTESIAN_POINT ( 'NONE',  ( 1.775000000000002354, 1.855000000000000204, 0.06499999999999994671 ) ) ;
#5434 = CARTESIAN_POINT ( 'NONE',  ( 0.5250000000000002442, 0.000000000000000000, 2.024999999999999911 ) ) ;
#5435 = CARTESIAN_POINT ( 'NONE',  ( -7.375000000000000000, 1.903000000000000025, 0.000000000000000000 ) ) ;
#5436 = FACE_OUTER_BOUND ( 'NONE', #4455, .T. ) ;
#5437 = LINE ( 'NONE', #4614, #6531 ) ;
#5438 = ORIENTED_EDGE ( 'NONE', *, *, #8658, .T. ) ;
#5439 = ORIENTED_EDGE ( 'NONE', *, *, #1118, .F. ) ;
#5440 = EDGE_CURVE ( 'NONE', #6330, #4724, #9523, .T. ) ;
#5441 = CARTESIAN_POINT ( 'NONE',  ( -2.187499999999999556, 1.855000000000000204, 0.06499999999999994671 ) ) ;
#5442 = CARTESIAN_POINT ( 'NONE',  ( 2.689999999999999503, 3.240000000000001101, -1.224999999999999867 ) ) ;
#5443 = CARTESIAN_POINT ( 'NONE',  ( 5.000000000000000000, 1.855000000000000204, 0.06499999999999994671 ) ) ;
#5444 = ORIENTED_EDGE ( 'NONE', *, *, #441, .F. ) ;
#5445 = CARTESIAN_POINT ( 'NONE',  ( 10.37500000000000000, 2.055000000000001048, 2.024999999999999911 ) ) ;
#5446 = DIRECTION ( 'NONE',  ( 0.000000000000000000, 0.000000000000000000, 1.000000000000000000 ) ) ;
#5447 = VERTEX_POINT ( 'NONE', #7148 ) ;
#5448 = FACE_OUTER_BOUND ( 'NONE', #2264, .T. ) ;
#5449 = VECTOR ( 'NONE', #9311, 1000.000000000000000 ) ;
#5450 = ORIENTED_EDGE ( 'NONE', *, *, #2643, .T. ) ;
#5451 = VECTOR ( 'NONE', #9744, 1000.000000000000000 ) ;
#5452 = EDGE_CURVE ( 'NONE', #7128, #3422, #3499, .T. ) ;
#5453 = ORIENTED_EDGE ( 'NONE', *, *, #7771, .F. ) ;
#5454 = LINE ( 'NONE', #4555, #9728 ) ;
#5455 = CARTESIAN_POINT ( 'NONE',  ( -7.575000000000000178, 4.190000000000000391, 2.024999999999999911 ) ) ;
#5456 = LINE ( 'NONE', #4059, #2320 ) ;
#5457 = AXIS2_PLACEMENT_3D ( 'NONE', #4324, #5248, #6842 ) ;
#5458 = CARTESIAN_POINT ( 'NONE',  ( 0.000000000000000000, 0.5500000000000000444, 0.06499999999999998834 ) ) ;
#5459 = AXIS2_PLACEMENT_3D ( 'NONE', #9302, #7010, #8535 ) ;
#5460 = CARTESIAN_POINT ( 'NONE',  ( -3.749999999999998224, 2.255000000000000338, 2.024999999999999911 ) ) ;
#5461 = CARTESIAN_POINT ( 'NONE',  ( 2.050000000000002487, 2.490000000000001101, -1.224999999999999867 ) ) ;
#5462 = DIRECTION ( 'NONE',  ( 1.000000000000000000, 0.000000000000000000, 0.000000000000000000 ) ) ;
#5463 = EDGE_LOOP ( 'NONE', ( #6309, #2954, #748, #7851, #7014 ) ) ;
#5464 = PLANE ( 'NONE',  #6802 ) ;
#5465 = EDGE_CURVE ( 'NONE', #6753, #5750, #935, .T. ) ;
#5466 = LINE ( 'NONE', #938, #3233 ) ;
#5467 = VERTEX_POINT ( 'NONE', #3304 ) ;
#5468 = ADVANCED_FACE ( 'NONE', ( #8775 ), #6421, .T. ) ;
#5469 = EDGE_CURVE ( 'NONE', #1099, #3176, #6732, .T. ) ;
#5470 = EDGE_CURVE ( 'NONE', #9694, #200, #5039, .T. ) ;
#5471 = LINE ( 'NONE', #3156, #1569 ) ;
#5472 = LINE ( 'NONE', #1350, #5281 ) ;
#5473 = LINE ( 'NONE', #3974, #9204 ) ;
#5474 = FACE_OUTER_BOUND ( 'NONE', #923, .T. ) ;
#5475 = ORIENTED_EDGE ( 'NONE', *, *, #8520, .F. ) ;
#5476 = DIRECTION ( 'NONE',  ( -0.000000000000000000, 0.000000000000000000, -1.000000000000000000 ) ) ;
#5477 = DIRECTION ( 'NONE',  ( 8.468115335143821308E-17, 0.7071067811865475727, 0.7071067811865474617 ) ) ;
#5478 = ORIENTED_EDGE ( 'NONE', *, *, #3839, .T. ) ;
#5479 = DIRECTION ( 'NONE',  ( 0.000000000000000000, 0.7071067811865597852, 0.7071067811865352493 ) ) ;
#5480 = ORIENTED_EDGE ( 'NONE', *, *, #919, .T. ) ;
#5481 = FACE_OUTER_BOUND ( 'NONE', #8793, .T. ) ;
#5482 = ADVANCED_FACE ( 'NONE', ( #5242 ), #5955, .F. ) ;
#5483 = ORIENTED_EDGE ( 'NONE', *, *, #2330, .F. ) ;
#5484 = ORIENTED_EDGE ( 'NONE', *, *, #68, .F. ) ;
#5485 = LINE ( 'NONE', #3929, #8911 ) ;
#5486 = PLANE ( 'NONE',  #4244 ) ;
#5487 = VECTOR ( 'NONE', #1973, 1000.000000000000000 ) ;
#5488 = CARTESIAN_POINT ( 'NONE',  ( 0.9374999999999964473, 8.809142651444728259E-15, 2.024999999999999911 ) ) ;
#5489 = CARTESIAN_POINT ( 'NONE',  ( -0.7249999999999999778, 0.5500000000000010436, 2.024999999999999911 ) ) ;
#5490 = AXIS2_PLACEMENT_3D ( 'NONE', #3539, #2124, #6829 ) ;
#5491 = ORIENTED_EDGE ( 'NONE', *, *, #5215, .F. ) ;
#5492 = ORIENTED_EDGE ( 'NONE', *, *, #5181, .F. ) ;
#5493 = VECTOR ( 'NONE', #1538, 1000.000000000000000 ) ;
#5494 = AXIS2_PLACEMENT_3D ( 'NONE', #5121, #8348, #9164 ) ;
#5495 =( REPRESENTATION_RELATIONSHIP ('NONE','NONE', #4816, #3828 ) REPRESENTATION_RELATIONSHIP_WITH_TRANSFORMATION ( #7598 )SHAPE_REPRESENTATION_RELATIONSHIP( ) );
#5496 = MANIFOLD_SOLID_BREP ( 'Lateral Tab 1', #3516 ) ;
#5497 = PLANE ( 'NONE',  #3579 ) ;
#5498 = LINE ( 'NONE', #3184, #5715 ) ;
#5499 = AXIS2_PLACEMENT_3D ( 'NONE', #807, #3923, #3217 ) ;
#5500 = ORIENTED_EDGE ( 'NONE', *, *, #4148, .T. ) ;
#5501 = DIRECTION ( 'NONE',  ( -0.000000000000000000, 0.7071067811865475727, -0.7071067811865475727 ) ) ;
#5502 = EDGE_CURVE ( 'NONE', #6553, #4516, #6781, .T. ) ;
#5503 = LINE ( 'NONE', #8611, #8262 ) ;
#5504 = VERTEX_POINT ( 'NONE', #1134 ) ;
#5505 = LINE ( 'NONE', #785, #7693 ) ;
#5506 = ORIENTED_EDGE ( 'NONE', *, *, #6839, .T. ) ;
#5507 = ORIENTED_EDGE ( 'NONE', *, *, #9818, .F. ) ;
#5508 = DIRECTION ( 'NONE',  ( 1.204669080539440518E-15, -1.000000000000000000, 0.000000000000000000 ) ) ;
#5509 = AXIS2_PLACEMENT_3D ( 'NONE', #423, #1759, #3411 ) ;
#5510 = DIRECTION ( 'NONE',  ( 1.000000000000000000, 0.000000000000000000, 0.000000000000000000 ) ) ;
#5511 = DIRECTION ( 'NONE',  ( 0.000000000000000000, -1.000000000000000000, 0.000000000000000000 ) ) ;
#5512 = ADVANCED_FACE ( 'NONE', ( #2740 ), #1334, .F. ) ;
#5513 = DIRECTION ( 'NONE',  ( -1.000000000000000000, 1.197572355469997778E-16, 0.000000000000000000 ) ) ;
#5514 = PLANE ( 'NONE',  #8260 ) ;
#5515 = MANIFOLD_SOLID_BREP ( 'NONE', #4834 ) ;
#5516 = CARTESIAN_POINT ( 'NONE',  ( 0.000000000000000000, 2.209999999999998188, -2.496936092690336118 ) ) ;
#5517 = EDGE_LOOP ( 'NONE', ( #8279, #1346, #2681, #9066 ) ) ;
#5518 = VECTOR ( 'NONE', #5479, 1000.000000000000000 ) ;
#5519 = PLANE ( 'NONE',  #1221 ) ;
#5520 = CARTESIAN_POINT ( 'NONE',  ( -7.605000000000000426, 0.7800000000000000266, -0.3250000000000000666 ) ) ;
#5521 = ORIENTED_EDGE ( 'NONE', *, *, #4319, .F. ) ;
#5522 = LINE ( 'NONE', #8630, #5829 ) ;
#5523 = AXIS2_PLACEMENT_3D ( 'NONE', #8073, #1051, #229 ) ;
#5524 = AXIS2_PLACEMENT_3D ( 'NONE', #1827, #9636, #9147 ) ;
#5525 = DIRECTION ( 'NONE',  ( 0.7071067811865495711, 0.7071067811865454633, 0.000000000000000000 ) ) ;
#5526 = EDGE_CURVE ( 'NONE', #3334, #8011, #9018, .T. ) ;
#5527 = ORIENTED_EDGE ( 'NONE', *, *, #442, .T. ) ;
#5528 = CARTESIAN_POINT ( 'NONE',  ( 0.9375000000000008882, 1.855000000000000204, 1.824999999999999289 ) ) ;
#5529 = DIRECTION ( 'NONE',  ( 1.000000000000000000, -1.197572355469997778E-16, 0.000000000000000000 ) ) ;
#5530 = ORIENTED_EDGE ( 'NONE', *, *, #8838, .T. ) ;
#5531 = LINE ( 'NONE', #8638, #7306 ) ;
#5532 = VERTEX_POINT ( 'NONE', #4371 ) ;
#5533 = ORIENTED_EDGE ( 'NONE', *, *, #9939, .F. ) ;
#5534 = FACE_OUTER_BOUND ( 'NONE', #8639, .T. ) ;
#5535 = VECTOR ( 'NONE', #5123, 1000.000000000000000 ) ;
#5536 = VERTEX_POINT ( 'NONE', #471 ) ;
#5537 = VERTEX_POINT ( 'NONE', #8409 ) ;
#5538 = DIRECTION ( 'NONE',  ( 1.000000000000000000, -2.168404344971008079E-15, 0.000000000000000000 ) ) ;
#5539 = LINE ( 'NONE', #3884, #7365 ) ;
#5540 = CARTESIAN_POINT ( 'NONE',  ( -7.605000000000000426, 0.4800000000000017031, -0.2750000000000000777 ) ) ;
#5541 = EDGE_CURVE ( 'NONE', #4045, #6959, #10014, .T. ) ;
#5542 = VECTOR ( 'NONE', #2805, 1000.000000000000114 ) ;
#5543 = DIRECTION ( 'NONE',  ( 0.000000000000000000, 0.000000000000000000, 1.000000000000000000 ) ) ;
#5544 = EDGE_CURVE ( 'NONE', #9009, #4545, #3751, .T. ) ;
#5545 = CARTESIAN_POINT ( 'NONE',  ( -7.015000000000000568, 4.120000000000000107, 0.000000000000000000 ) ) ;
#5546 = ADVANCED_FACE ( 'NONE', ( #7664 ), #635, .F. ) ;
#5547 = ORIENTED_EDGE ( 'NONE', *, *, #230, .T. ) ;
#5548 = ORIENTED_EDGE ( 'NONE', *, *, #3158, .F. ) ;
#5549 = LINE ( 'NONE', #8659, #5056 ) ;
#5550 = ORIENTED_EDGE ( 'NONE', *, *, #2077, .T. ) ;
#5551 = CARTESIAN_POINT ( 'NONE',  ( 9.125000000000000000, 1.030000000000000027, -2.024999999999999911 ) ) ;
#5552 = FACE_OUTER_BOUND ( 'NONE', #2765, .T. ) ;
#5553 = ORIENTED_EDGE ( 'NONE', *, *, #8700, .F. ) ;
#5554 = LINE ( 'NONE', #7755, #7032 ) ;
#5555 = VERTEX_POINT ( 'NONE', #8067 ) ;
#5556 = EDGE_LOOP ( 'NONE', ( #5616, #519, #2327, #7169 ) ) ;
#5557 = LINE ( 'NONE', #2340, #8383 ) ;
#5558 = VECTOR ( 'NONE', #4818, 1000.000000000000000 ) ;
#5559 = CARTESIAN_POINT ( 'NONE',  ( 1.775000000000002354, 1.030000000000000027, -2.024999999999999911 ) ) ;
#5560 = LINE ( 'NONE', #7863, #6548 ) ;
#5561 = DIRECTION ( 'NONE',  ( 1.000000000000000000, -0.000000000000000000, -0.000000000000000000 ) ) ;
#5562 = LINE ( 'NONE', #1645, #1873 ) ;
#5563 = MANIFOLD_SOLID_BREP ( 'Boss-Extrude3', #6305 ) ;
#5564 = VECTOR ( 'NONE', #7901, 1000.000000000000000 ) ;
#5565 = DIRECTION ( 'NONE',  ( -1.533293416683373645E-15, -0.7071067811865474617, -0.7071067811865474617 ) ) ;
#5566 = ORIENTED_EDGE ( 'NONE', *, *, #5697, .F. ) ;
#5567 = CARTESIAN_POINT ( 'NONE',  ( 1.562500000000001332, 2.055000000000001048, 2.024999999999999911 ) ) ;
#5568 = VERTEX_POINT ( 'NONE', #1766 ) ;
#5569 = CARTESIAN_POINT ( 'NONE',  ( -1.974999999999999867, 0.5799999999999996270, 2.024999999999999911 ) ) ;
#5570 = ORIENTED_EDGE ( 'NONE', *, *, #8631, .F. ) ;
#5571 = VERTEX_POINT ( 'NONE', #5720 ) ;
#5572 = VECTOR ( 'NONE', #6004, 1000.000000000000000 ) ;
#5573 = EDGE_CURVE ( 'NONE', #6847, #2058, #4903, .T. ) ;
#5574 = FACE_OUTER_BOUND ( 'NONE', #7420, .T. ) ;
#5575 = CARTESIAN_POINT ( 'NONE',  ( 4.015000000000002345, 3.400000000000000355, 2.024999999999999911 ) ) ;
#5576 = DIRECTION ( 'NONE',  ( 1.000000000000000000, 0.000000000000000000, 0.000000000000000000 ) ) ;
#5577 = VECTOR ( 'NONE', #6582, 1000.000000000000000 ) ;
#5578 = DIRECTION ( 'NONE',  ( 2.168404344971008079E-15, 1.000000000000000000, 0.000000000000000000 ) ) ;
#5579 = ORIENTED_EDGE ( 'NONE', *, *, #2297, .T. ) ;
#5580 = VECTOR ( 'NONE', #6689, 1000.000000000000000 ) ;
#5581 = ORIENTED_EDGE ( 'NONE', *, *, #6315, .F. ) ;
#5582 = PLANE ( 'NONE',  #9110 ) ;
#5583 = ORIENTED_EDGE ( 'NONE', *, *, #558, .T. ) ;
#5584 = ORIENTED_EDGE ( 'NONE', *, *, #6461, .F. ) ;
#5585 = EDGE_CURVE ( 'NONE', #9193, #7372, #8831, .T. ) ;
#5586 = DIRECTION ( 'NONE',  ( 0.000000000000000000, -0.7071067811865460184, -0.7071067811865490160 ) ) ;
#5587 = CARTESIAN_POINT ( 'NONE',  ( 3.625000000000002220, -0.9375000000000012212, 0.9375000000000056621 ) ) ;
#5588 = PRODUCT_CONTEXT ( 'NONE', #4446, 'mechanical' ) ;
#5589 = CARTESIAN_POINT ( 'NONE',  ( 6.790000000000000036, 0.7800000000000015810, 1.824999999999999289 ) ) ;
#5590 = ORIENTED_EDGE ( 'NONE', *, *, #8258, .T. ) ;
#5591 = EDGE_CURVE ( 'NONE', #7978, #5369, #4125, .T. ) ;
#5592 = ORIENTED_EDGE ( 'NONE', *, *, #942, .F. ) ;
#5593 = VERTEX_POINT ( 'NONE', #7210 ) ;
#5594 = EDGE_CURVE ( 'NONE', #1604, #5208, #223, .T. ) ;
#5595 = ADVANCED_FACE ( 'NONE', ( #3313 ), #1812, .T. ) ;
#5596 = DIRECTION ( 'NONE',  ( -1.533293416683373645E-15, -0.7071067811865474617, -0.7071067811865474617 ) ) ;
#5597 = CARTESIAN_POINT ( 'NONE',  ( -7.605000000000000426, 1.094999999999999085, 1.949999999999999289 ) ) ;
#5598 = LINE ( 'NONE', #9509, #9595 ) ;
#5599 = EDGE_LOOP ( 'NONE', ( #5637, #5677, #2089, #2156, #5421 ) ) ;
#5600 = DIRECTION ( 'NONE',  ( -0.7071067811865474617, -0.000000000000000000, -0.7071067811865474617 ) ) ;
#5601 = ORIENTED_EDGE ( 'NONE', *, *, #325, .F. ) ;
#5602 = CARTESIAN_POINT ( 'NONE',  ( -3.024999999999999911, 1.030000000000000027, -1.464999999999999636 ) ) ;
#5603 = ORIENTED_EDGE ( 'NONE', *, *, #1492, .T. ) ;
#5604 = ADVANCED_FACE ( 'NONE', ( #9627 ), #1862, .T. ) ;
#5605 = VECTOR ( 'NONE', #7109, 1000.000000000000000 ) ;
#5606 = DIRECTION ( 'NONE',  ( 1.000000000000000000, 2.403995947861434526E-16, 0.000000000000000000 ) ) ;
#5607 = CARTESIAN_POINT ( 'NONE',  ( -6.349999999999999645, 3.965000000000001634, 0.06499999999999994671 ) ) ;
#5608 = LINE ( 'NONE', #5458, #1141 ) ;
#5609 = DIRECTION ( 'NONE',  ( -0.000000000000000000, -0.000000000000000000, -1.000000000000000000 ) ) ;
#5610 = CARTESIAN_POINT ( 'NONE',  ( -7.875000000000000000, 0.3399999999999997469, -1.315000000000000169 ) ) ;
#5611 = VECTOR ( 'NONE', #8483, 1000.000000000000000 ) ;
#5612 = CARTESIAN_POINT ( 'NONE',  ( -6.349999999999999645, 3.965000000000001634, 2.024999999999999911 ) ) ;
#5613 = ORIENTED_EDGE ( 'NONE', *, *, #1490, .F. ) ;
#5614 = CARTESIAN_POINT ( 'NONE',  ( 1.775000000000002354, 0.7800000000000004707, 1.824999999999998845 ) ) ;
#5615 = ORIENTED_EDGE ( 'NONE', *, *, #588, .F. ) ;
#5616 = ORIENTED_EDGE ( 'NONE', *, *, #9992, .T. ) ;
#5617 = EDGE_CURVE ( 'NONE', #5571, #7998, #3265, .T. ) ;
#5618 = CARTESIAN_POINT ( 'NONE',  ( -4.474999999999999645, 1.855000000000000204, 0.06499999999999994671 ) ) ;
#5619 = CARTESIAN_POINT ( 'NONE',  ( -5.800000000000000711, 2.490000000000001101, -1.224999999999999867 ) ) ;
#5620 = AXIS2_PLACEMENT_3D ( 'NONE', #8363, #1337, #3704 ) ;
#5621 = LINE ( 'NONE', #7107, #8867 ) ;
#5622 = LINE ( 'NONE', #9218, #4595 ) ;
#5623 = DIRECTION ( 'NONE',  ( 0.000000000000000000, 0.000000000000000000, -1.000000000000000000 ) ) ;
#5624 = CARTESIAN_POINT ( 'NONE',  ( 11.62500000000000000, 2.055000000000001048, 2.024999999999999911 ) ) ;
#5625 = VERTEX_POINT ( 'NONE', #5575 ) ;
#5627 = CARTESIAN_POINT ( 'NONE',  ( -4.474999999999999645, 2.085000000000000409, -2.024999999999999911 ) ) ;
#5626 = DIRECTION ( 'NONE',  ( 0.7071067811865475727, 0.000000000000000000, -0.7071067811865475727 ) ) ;
#5628 = ORIENTED_EDGE ( 'NONE', *, *, #3922, .T. ) ;
#5629 = AXIS2_PLACEMENT_3D ( 'NONE', #7058, #4801, #7925 ) ;
#5630 = VERTEX_POINT ( 'NONE', #9675 ) ;
#5631 = ORIENTED_EDGE ( 'NONE', *, *, #6712, .T. ) ;
#5632 = DIRECTION ( 'NONE',  ( -0.000000000000000000, 0.000000000000000000, 1.000000000000000000 ) ) ;
#5633 = LINE ( 'NONE', #9543, #9459 ) ;
#5634 = PRODUCT_DEFINITION ( 'UNKNOWN', '', #3413, #1393 ) ;
#5635 = ORIENTED_EDGE ( 'NONE', *, *, #5219, .T. ) ;
#5636 = EDGE_CURVE ( 'NONE', #9791, #9069, #1708, .T. ) ;
#5637 = ORIENTED_EDGE ( 'NONE', *, *, #8086, .T. ) ;
#5638 = ORIENTED_EDGE ( 'NONE', *, *, #1763, .F. ) ;
#5639 = AXIS2_PLACEMENT_3D ( 'NONE', #4115, #6367, #4063 ) ;
#5640 = DIRECTION ( 'NONE',  ( 1.000000000000000000, 0.000000000000000000, -0.000000000000000000 ) ) ;
#5641 = AXIS2_PLACEMENT_3D ( 'NONE', #4486, #9978, #4590 ) ;
#5642 = FACE_OUTER_BOUND ( 'NONE', #7126, .T. ) ;
#5643 = LINE ( 'NONE', #8755, #800 ) ;
#5644 = VERTEX_POINT ( 'NONE', #2650 ) ;
#5645 = LINE ( 'NONE', #8044, #7885 ) ;
#5646 = CARTESIAN_POINT ( 'NONE',  ( -1.974999999999999867, 0.000000000000000000, 2.024999999999999911 ) ) ;
#5647 = LINE ( 'NONE', #7947, #5157 ) ;
#5648 = EDGE_CURVE ( 'NONE', #1099, #1690, #6537, .T. ) ;
#5649 = EDGE_CURVE ( 'NONE', #7640, #1909, #948, .T. ) ;
#5650 = VECTOR ( 'NONE', #6845, 1000.000000000000000 ) ;
#5651 = ORIENTED_EDGE ( 'NONE', *, *, #9980, .T. ) ;
#5652 = VECTOR ( 'NONE', #9473, 1000.000000000000000 ) ;
#5653 = VERTEX_POINT ( 'NONE', #6791 ) ;
#5654 = LINE ( 'NONE', #7952, #2520 ) ;
#5655 = CARTESIAN_POINT ( 'NONE',  ( 3.265000000000002345, 1.903000000000000025, -2.024999999999999467 ) ) ;
#5656 = DIRECTION ( 'NONE',  ( -0.000000000000000000, -0.000000000000000000, 1.000000000000000000 ) ) ;
#5657 = CIRCLE ( 'NONE', #9871, 0.08500000000000000611 ) ;
#5658 = CARTESIAN_POINT ( 'NONE',  ( 0.000000000000000000, 0.5500000000000000444, 1.824999999999999956 ) ) ;
#5659 = DIRECTION ( 'NONE',  ( 0.000000000000000000, 0.000000000000000000, -1.000000000000000000 ) ) ;
#5660 = ADVANCED_FACE ( 'NONE', ( #2141 ), #2695, .F. ) ;
#5661 = LINE ( 'NONE', #8725, #8276 ) ;
#5662 = AXIS2_PLACEMENT_3D ( 'NONE', #10025, #6179, #6229 ) ;
#5663 = CARTESIAN_POINT ( 'NONE',  ( -5.724999999999999645, 0.5999999999999999778, -2.324999999999999734 ) ) ;
#5664 = ORIENTED_EDGE ( 'NONE', *, *, #3506, .F. ) ;
#5665 = DIRECTION ( 'NONE',  ( 0.000000000000000000, -1.000000000000000000, 0.000000000000000000 ) ) ;
#5666 = AXIS2_PLACEMENT_3D ( 'NONE', #6397, #8599, #3990 ) ;
#5667 = AXIS2_PLACEMENT_3D ( 'NONE', #2014, #5134, #3493 ) ;
#5668 = CARTESIAN_POINT ( 'NONE',  ( 3.265000000000002345, 1.903000000000000025, -1.724999999999999867 ) ) ;
#5669 = CARTESIAN_POINT ( 'NONE',  ( 2.500000000000000000, 2.085000000000000409, -2.024999999999999911 ) ) ;
#5670 =( NAMED_UNIT ( * ) PLANE_ANGLE_UNIT ( ) SI_UNIT ( $, .RADIAN. ) );
#5671 = VECTOR ( 'NONE', #5042, 1000.000000000000000 ) ;
#5672 = CARTESIAN_POINT ( 'NONE',  ( -3.040000000000000036, 0.5799999999999995159, 2.024999999999999911 ) ) ;
#5673 = AXIS2_PLACEMENT_3D ( 'NONE', #5962, #9023, #5632 ) ;
#5674 = DIRECTION ( 'NONE',  ( 0.000000000000000000, 0.000000000000000000, 1.000000000000000000 ) ) ;
#5675 = ORIENTED_EDGE ( 'NONE', *, *, #309, .T. ) ;
#5676 = CARTESIAN_POINT ( 'NONE',  ( -6.349999999999999645, 0.000000000000000000, 2.024999999999999911 ) ) ;
#5677 = ORIENTED_EDGE ( 'NONE', *, *, #6212, .F. ) ;
#5678 = DIRECTION ( 'NONE',  ( 0.000000000000000000, -1.000000000000000000, 0.000000000000000000 ) ) ;
#5679 = VERTEX_POINT ( 'NONE', #1293 ) ;
#5680 = ORIENTED_EDGE ( 'NONE', *, *, #2830, .F. ) ;
#5681 = VECTOR ( 'NONE', #1338, 1000.000000000000000 ) ;
#5682 = CARTESIAN_POINT ( 'NONE',  ( -7.375000000000000888, 2.279999999999999805, -0.2750000000000000777 ) ) ;
#5683 = ORIENTED_EDGE ( 'NONE', *, *, #8713, .T. ) ;
#5684 = VECTOR ( 'NONE', #3983, 1000.000000000000000 ) ;
#5685 = ORIENTED_EDGE ( 'NONE', *, *, #3693, .T. ) ;
#5686 = ORIENTED_EDGE ( 'NONE', *, *, #8076, .F. ) ;
#5687 = ORIENTED_EDGE ( 'NONE', *, *, #5469, .T. ) ;
#5688 = VECTOR ( 'NONE', #8271, 1000.000000000000000 ) ;
#5689 = CARTESIAN_POINT ( 'NONE',  ( 1.562500000000001332, 1.855000000000000204, 0.06499999999999994671 ) ) ;
#5690 = VERTEX_POINT ( 'NONE', #9136 ) ;
#5691 = FACE_OUTER_BOUND ( 'NONE', #2871, .T. ) ;
#5692 = FACE_OUTER_BOUND ( 'NONE', #5960, .T. ) ;
#5693 = DIRECTION ( 'NONE',  ( 0.000000000000000000, 0.000000000000000000, -1.000000000000000000 ) ) ;
#5694 = EDGE_LOOP ( 'NONE', ( #9352, #1150, #8194, #6855 ) ) ;
#5695 = EDGE_LOOP ( 'NONE', ( #3494, #1028, #8234, #925 ) ) ;
#5696 = EDGE_CURVE ( 'NONE', #3717, #1478, #8927, .T. ) ;
#5697 = EDGE_CURVE ( 'NONE', #6206, #8763, #4278, .T. ) ;
#5698 = CARTESIAN_POINT ( 'NONE',  ( 7.875000000000000000, 2.055000000000001048, 2.024999999999999911 ) ) ;
#5699 = DIRECTION ( 'NONE',  ( 0.000000000000000000, -2.920409892216845161E-16, -1.000000000000000000 ) ) ;
#5700 = DIRECTION ( 'NONE',  ( 0.5773502691896240657, -0.5773502691896266192, 0.5773502691896266192 ) ) ;
#5701 = FACE_OUTER_BOUND ( 'NONE', #2349, .T. ) ;
#5702 = DIRECTION ( 'NONE',  ( 0.000000000000000000, -1.000000000000000000, 0.000000000000000000 ) ) ;
#5703 = FACE_OUTER_BOUND ( 'NONE', #2664, .T. ) ;
#5704 = ORIENTED_EDGE ( 'NONE', *, *, #1001, .F. ) ;
#5705 = VECTOR ( 'NONE', #107, 1000.000000000000000 ) ;
#5706 = ORIENTED_EDGE ( 'NONE', *, *, #4639, .T. ) ;
#5707 = CARTESIAN_POINT ( 'NONE',  ( -5.724999999999999645, 0.9300000000000000488, 1.378567737020261808 ) ) ;
#5708 = CARTESIAN_POINT ( 'NONE',  ( 0.5250000000000002442, 0.7800000000000005818, 1.824999999999999067 ) ) ;
#5709 = ORIENTED_EDGE ( 'NONE', *, *, #4584, .F. ) ;
#5710 = DIRECTION ( 'NONE',  ( 1.000000000000000000, 0.000000000000000000, 0.000000000000000000 ) ) ;
#5711 = EDGE_CURVE ( 'NONE', #288, #8331, #6643, .T. ) ;
#5712 = EDGE_CURVE ( 'NONE', #637, #7164, #6743, .T. ) ;
#5713 = ADVANCED_FACE ( 'NONE', ( #1917 ), #5868, .F. ) ;
#5714 = EDGE_CURVE ( 'NONE', #9479, #10015, #2857, .T. ) ;
#5715 = VECTOR ( 'NONE', #8607, 1000.000000000000000 ) ;
#5716 = PLANE ( 'NONE',  #3919 ) ;
#5717 = CARTESIAN_POINT ( 'NONE',  ( -7.575000000000000178, 4.250000000000000000, 2.024999999999999911 ) ) ;
#5718 = VECTOR ( 'NONE', #7084, 1000.000000000000000 ) ;
#5719 = PLANE ( 'NONE',  #3664 ) ;
#5720 = CARTESIAN_POINT ( 'NONE',  ( -7.605000000000000426, 0.7800000000000000266, 1.324999999999999734 ) ) ;
#5721 = DIRECTION ( 'NONE',  ( 1.000000000000000000, 0.000000000000000000, 0.000000000000000000 ) ) ;
#5722 = CARTESIAN_POINT ( 'NONE',  ( -0.9375000000000000000, 0.000000000000000000, 2.024999999999999911 ) ) ;
#5723 = DIRECTION ( 'NONE',  ( 0.000000000000000000, 0.000000000000000000, -1.000000000000000000 ) ) ;
#5724 = VERTEX_POINT ( 'NONE', #5048 ) ;
#5725 = ORIENTED_EDGE ( 'NONE', *, *, #7655, .T. ) ;
#5726 = PLANE ( 'NONE',  #2923 ) ;
#5727 = ORIENTED_EDGE ( 'NONE', *, *, #9272, .T. ) ;
#5728 = VECTOR ( 'NONE', #2647, 1000.000000000000000 ) ;
#5729 = DIRECTION ( 'NONE',  ( -1.000000000000000000, 0.000000000000000000, 0.000000000000000000 ) ) ;
#5730 = ORIENTED_EDGE ( 'NONE', *, *, #4894, .T. ) ;
#5731 = ORIENTED_EDGE ( 'NONE', *, *, #1042, .F. ) ;
#5732 = DIRECTION ( 'NONE',  ( 0.000000000000000000, 0.000000000000000000, -1.000000000000000000 ) ) ;
#5733 = ORIENTED_EDGE ( 'NONE', *, *, #6949, .F. ) ;
#5734 = ORIENTED_EDGE ( 'NONE', *, *, #4964, .T. ) ;
#5735 = AXIS2_PLACEMENT_3D ( 'NONE', #7438, #4365, #3587 ) ;
#5736 = DIRECTION ( 'NONE',  ( 0.000000000000000000, -0.000000000000000000, -1.000000000000000000 ) ) ;
#5737 = DIRECTION ( 'NONE',  ( 1.000000000000000000, 0.000000000000000000, 0.000000000000000000 ) ) ;
#5738 = ORIENTED_EDGE ( 'NONE', *, *, #8158, .T. ) ;
#5739 = DIRECTION ( 'NONE',  ( 0.000000000000000000, -0.000000000000000000, 1.000000000000000000 ) ) ;
#5740 = CARTESIAN_POINT ( 'NONE',  ( -6.790000000000000036, 2.760000000000000231, 1.824999999999999289 ) ) ;
#5741 = ORIENTED_EDGE ( 'NONE', *, *, #2538, .F. ) ;
#5742 = VERTEX_POINT ( 'NONE', #7409 ) ;
#5743 = LINE ( 'NONE', #4155, #9195 ) ;
#5744 = DIRECTION ( 'NONE',  ( 1.000000000000000000, 0.000000000000000000, 0.000000000000000000 ) ) ;
#5745 = DIRECTION ( 'NONE',  ( 0.000000000000000000, -1.000000000000000000, 2.920409892216845161E-16 ) ) ;
#5746 = CARTESIAN_POINT ( 'NONE',  ( -7.605000000000000426, 0.7800000000000000266, -0.2750000000000000777 ) ) ;
#5747 = CARTESIAN_POINT ( 'NONE',  ( 4.125000000000001776, 3.500000000000000444, 0.000000000000000000 ) ) ;
#5748 = DIRECTION ( 'NONE',  ( 0.000000000000000000, -1.000000000000000000, 0.000000000000000000 ) ) ;
#5749 = ORIENTED_EDGE ( 'NONE', *, *, #3768, .F. ) ;
#5750 = VERTEX_POINT ( 'NONE', #8170 ) ;
#5751 = PLANE ( 'NONE',  #6609 ) ;
#5752 = EDGE_CURVE ( 'NONE', #6488, #2027, #1342, .T. ) ;
#5753 = LINE ( 'NONE', #991, #5176 ) ;
#5754 = EDGE_CURVE ( 'NONE', #3957, #1259, #6020, .T. ) ;
#5755 = DIRECTION ( 'NONE',  ( 0.000000000000000000, 0.000000000000000000, -1.000000000000000000 ) ) ;
#5756 = ORIENTED_EDGE ( 'NONE', *, *, #6026, .F. ) ;
#5757 = LINE ( 'NONE', #4119, #5671 ) ;
#5758 = CARTESIAN_POINT ( 'NONE',  ( 2.613750000000001350, 2.760000000000000231, 1.824999999999999289 ) ) ;
#5759 = PLANE ( 'NONE',  #4297 ) ;
#5760 = LINE ( 'NONE', #3546, #4755 ) ;
#5761 = CARTESIAN_POINT ( 'NONE',  ( 3.040000000000001812, 0.7799999999999999156, 0.06499999999999994671 ) ) ;
#5762 = PLANE ( 'NONE',  #6406 ) ;
#5763 = DIRECTION ( 'NONE',  ( 0.7071067811865414665, 0.000000000000000000, -0.7071067811865536790 ) ) ;
#5764 = EDGE_CURVE ( 'NONE', #870, #4774, #4487, .T. ) ;
#5765 = EDGE_CURVE ( 'NONE', #9719, #8965, #8265, .T. ) ;
#5766 = ORIENTED_EDGE ( 'NONE', *, *, #6392, .T. ) ;
#5767 = EDGE_CURVE ( 'NONE', #2415, #5724, #7121, .T. ) ;
#5768 = LINE ( 'NONE', #1151, #5183 ) ;
#5769 = EDGE_CURVE ( 'NONE', #7639, #2539, #1243, .T. ) ;
#5770 = EDGE_CURVE ( 'NONE', #4331, #8763, #5100, .T. ) ;
#5771 = DIRECTION ( 'NONE',  ( 1.197572355469997778E-16, -1.000000000000000000, 0.000000000000000000 ) ) ;
#5772 = AXIS2_PLACEMENT_3D ( 'NONE', #8465, #4580, #2754 ) ;
#5773 = VECTOR ( 'NONE', #7370, 1000.000000000000000 ) ;
#5774 = VECTOR ( 'NONE', #10074, 1000.000000000000000 ) ;
#5775 = ORIENTED_EDGE ( 'NONE', *, *, #7671, .F. ) ;
#5776 = PLANE ( 'NONE',  #4959 ) ;
#5777 = ORIENTED_EDGE ( 'NONE', *, *, #2814, .F. ) ;
#5778 = AXIS2_PLACEMENT_3D ( 'NONE', #2363, #5477, #5529 ) ;
#5779 = ADVANCED_FACE ( 'NONE', ( #1190 ), #2913, .T. ) ;
#5780 = ORIENTED_EDGE ( 'NONE', *, *, #4216, .F. ) ;
#5781 = EDGE_CURVE ( 'NONE', #4907, #1271, #4383, .T. ) ;
#5782 = ORIENTED_EDGE ( 'NONE', *, *, #3756, .F. ) ;
#5783 = ORIENTED_EDGE ( 'NONE', *, *, #7590, .T. ) ;
#5784 = CYLINDRICAL_SURFACE ( 'NONE', #435, 0.08500000000000000611 ) ;
#5785 = ORIENTED_EDGE ( 'NONE', *, *, #8199, .T. ) ;
#5786 = CARTESIAN_POINT ( 'NONE',  ( -1.775000000000000133, 0.5500000000000010436, 2.024999999999999911 ) ) ;
#5787 = DIRECTION ( 'NONE',  ( -0.000000000000000000, 1.000000000000000000, 0.000000000000000000 ) ) ;
#5788 = VERTEX_POINT ( 'NONE', #481 ) ;
#5789 = CARTESIAN_POINT ( 'NONE',  ( -7.765000000000000568, 3.400000000000000355, 0.000000000000000000 ) ) ;
#5790 = CARTESIAN_POINT ( 'NONE',  ( -5.724999999999999645, 2.085000000000000409, 2.024999999999999911 ) ) ;
#5791 = EDGE_LOOP ( 'NONE', ( #4830, #2815, #6027, #8629 ) ) ;
#5792 = ADVANCED_FACE ( 'NONE', ( #3604 ), #3656, .F. ) ;
#5793 = ORIENTED_EDGE ( 'NONE', *, *, #1075, .T. ) ;
#5794 = LINE ( 'NONE', #2629, #9659 ) ;
#5795 = LINE ( 'NONE', #8000, #7997 ) ;
#5796 = DIRECTION ( 'NONE',  ( 0.000000000000000000, 1.000000000000000000, 0.000000000000000000 ) ) ;
#5797 = VECTOR ( 'NONE', #9485, 1000.000000000000000 ) ;
#5798 = ORIENTED_EDGE ( 'NONE', *, *, #4202, .T. ) ;
#5799 = CARTESIAN_POINT ( 'NONE',  ( 1.975000000000001865, 2.055000000000001048, 2.024999999999999911 ) ) ;
#5800 = DIRECTION ( 'NONE',  ( 0.000000000000000000, -1.000000000000000000, 0.000000000000000000 ) ) ;
#5801 = ORIENTED_EDGE ( 'NONE', *, *, #3998, .T. ) ;
#5802 = PRESENTATION_LAYER_ASSIGNMENT (  '', '', ( #3354 ) ) ;
#5803 = ORIENTED_EDGE ( 'NONE', *, *, #4822, .F. ) ;
#5804 = SURFACE_SIDE_STYLE ('',( #120 ) ) ;
#5805 = PLANE ( 'NONE',  #9565 ) ;
#5806 = LINE ( 'NONE', #3358, #1590 ) ;
#5807 = ORIENTED_EDGE ( 'NONE', *, *, #5502, .F. ) ;
#5808 = VECTOR ( 'NONE', #7249, 1000.000000000000000 ) ;
#5809 = PLANE ( 'NONE',  #7801 ) ;
#5810 = CARTESIAN_POINT ( 'NONE',  ( -0.7249999999999999778, 0.000000000000000000, 0.06499999999999994671 ) ) ;
#5811 = FACE_OUTER_BOUND ( 'NONE', #245, .T. ) ;
#5812 = VECTOR ( 'NONE', #970, 1000.000000000000000 ) ;
#5813 = EDGE_CURVE ( 'NONE', #2361, #1402, #1549, .T. ) ;
#5814 = LINE ( 'NONE', #1143, #5728 ) ;
#5815 = EDGE_CURVE ( 'NONE', #844, #2367, #8524, .T. ) ;
#5816 = UNCERTAINTY_MEASURE_WITH_UNIT (LENGTH_MEASURE( 1.000000000000000082E-05 ), #436, 'distance_accuracy_value', 'NONE');
#5817 = CARTESIAN_POINT ( 'NONE',  ( -7.375000000000000000, 3.965000000000001634, 0.09499999999999966804 ) ) ;
#5818 = DIRECTION ( 'NONE',  ( 0.000000000000000000, -1.000000000000000000, -0.000000000000000000 ) ) ;
#5819 = VECTOR ( 'NONE', #7050, 1000.000000000000000 ) ;
#5820 = CARTESIAN_POINT ( 'NONE',  ( -5.525000000000000355, 0.000000000000000000, 0.06499999999999994671 ) ) ;
#5821 = LINE ( 'NONE', #3315, #7750 ) ;
#5822 = VERTEX_POINT ( 'NONE', #10023 ) ;
#5824 = DIRECTION ( 'NONE',  ( 0.000000000000000000, 1.000000000000000000, 0.000000000000000000 ) ) ;
#5823 = CARTESIAN_POINT ( 'NONE',  ( 4.015000000000002345, 0.000000000000000000, 2.024999999999999911 ) ) ;
#5825 = CARTESIAN_POINT ( 'NONE',  ( -3.224999999999999645, 0.7800000000000005818, 1.824999999999999067 ) ) ;
#5826 = VERTEX_POINT ( 'NONE', #7721 ) ;
#5827 = EDGE_CURVE ( 'NONE', #8255, #6577, #3962, .T. ) ;
#5828 = CARTESIAN_POINT ( 'NONE',  ( 3.124999999999998224, -1.376287680150671594E-15, 0.02292814286300589796 ) ) ;
#5829 = VECTOR ( 'NONE', #1605, 1000.000000000000000 ) ;
#5830 = ADVANCED_FACE ( 'NONE', ( #7865 ), #6275, .F. ) ;
#5831 = EDGE_CURVE ( 'NONE', #3174, #4336, #2398, .T. ) ;
#5832 = PLANE ( 'NONE',  #2435 ) ;
#5833 = VERTEX_POINT ( 'NONE', #9931 ) ;
#5834 = ORIENTED_EDGE ( 'NONE', *, *, #9320, .T. ) ;
#5835 = EDGE_LOOP ( 'NONE', ( #4736, #6329, #9318, #6661 ) ) ;
#5836 = VECTOR ( 'NONE', #9441, 1000.000000000000000 ) ;
#5837 = ORIENTED_EDGE ( 'NONE', *, *, #4394, .T. ) ;
#5838 = EDGE_CURVE ( 'NONE', #147, #7278, #9383, .T. ) ;
#5839 = EDGE_CURVE ( 'NONE', #3623, #1901, #6176, .T. ) ;
#5840 = ADVANCED_FACE ( 'NONE', ( #7763 ), #8624, .F. ) ;
#5841 = EDGE_CURVE ( 'NONE', #7796, #6125, #735, .T. ) ;
#5842 = CARTESIAN_POINT ( 'NONE',  ( -5.525000000000000355, 1.937842712474619811, 1.625000000000000000 ) ) ;
#5843 = CARTESIAN_POINT ( 'NONE',  ( -3.749999999999998224, 3.965000000000001634, 0.06499999999999994671 ) ) ;
#5844 = VECTOR ( 'NONE', #6960, 1000.000000000000000 ) ;
#5845 = PLANE ( 'NONE',  #8807 ) ;
#5846 = ORIENTED_EDGE ( 'NONE', *, *, #8145, .F. ) ;
#5847 = CARTESIAN_POINT ( 'NONE',  ( 1.775000000000002354, 0.000000000000000000, 0.06499999999999994671 ) ) ;
#5848 = LINE ( 'NONE', #4980, #3849 ) ;
#5849 = EDGE_LOOP ( 'NONE', ( #1852, #3409, #6114, #9574 ) ) ;
#5850 = ORIENTED_EDGE ( 'NONE', *, *, #190, .T. ) ;
#5851 = ORIENTED_EDGE ( 'NONE', *, *, #8021, .T. ) ;
#5852 = AXIS2_PLACEMENT_3D ( 'NONE', #5663, #6576, #5755 ) ;
#5853 = CARTESIAN_POINT ( 'NONE',  ( -4.275000000000000355, 1.030000000000000027, -2.024999999999999911 ) ) ;
#5854 = CARTESIAN_POINT ( 'NONE',  ( 3.265000000000002345, 4.120000000000000107, 0.09499999999999961253 ) ) ;
#5855 = CARTESIAN_POINT ( 'NONE',  ( -3.749999999999998224, 2.760000000000000231, 0.06499999999999994671 ) ) ;
#5856 = VERTEX_POINT ( 'NONE', #24 ) ;
#5857 = DIRECTION ( 'NONE',  ( -1.000000000000000000, 0.000000000000000000, -0.000000000000000000 ) ) ;
#5858 = ORIENTED_EDGE ( 'NONE', *, *, #7535, .T. ) ;
#5859 = EDGE_LOOP ( 'NONE', ( #1618, #1892, #6000, #990 ) ) ;
#5860 = FACE_OUTER_BOUND ( 'NONE', #3037, .T. ) ;
#5861 = VERTEX_POINT ( 'NONE', #5461 ) ;
#5862 = VERTEX_POINT ( 'NONE', #8568 ) ;
#5863 = CARTESIAN_POINT ( 'NONE',  ( 1.562500000000001332, 2.255000000000000338, -10.40208472228517778 ) ) ;
#5864 = CARTESIAN_POINT ( 'NONE',  ( -5.724999999999999645, 0.2999999999999999889, -2.324999999999999734 ) ) ;
#5865 = CARTESIAN_POINT ( 'NONE',  ( -7.875000000000000000, 0.000000000000000000, -1.334999999999999742 ) ) ;
#5866 = CARTESIAN_POINT ( 'NONE',  ( -7.875000000000000000, 2.400000000000000355, 2.024999999999999911 ) ) ;
#5867 = LINE ( 'NONE', #4227, #220 ) ;
#5868 = PLANE ( 'NONE',  #7283 ) ;
#5869 = DIRECTION ( 'NONE',  ( -0.000000000000000000, 0.000000000000000000, 1.000000000000000000 ) ) ;
#5870 = CARTESIAN_POINT ( 'NONE',  ( 5.000000000000000000, 1.630000000000001226, -1.464999999999999636 ) ) ;
#5871 = LINE ( 'NONE', #9886, #6177 ) ;
#5872 = EDGE_CURVE ( 'NONE', #927, #9069, #4690, .T. ) ;
#5873 = ADVANCED_FACE ( 'NONE', ( #7047 ), #5514, .T. ) ;
#5874 = ORIENTED_EDGE ( 'NONE', *, *, #4501, .T. ) ;
#5875 = VECTOR ( 'NONE', #2812, 1000.000000000000000 ) ;
#5876 = DIRECTION ( 'NONE',  ( 1.000000000000000000, 0.000000000000000000, 0.000000000000000000 ) ) ;
#5877 = FACE_OUTER_BOUND ( 'NONE', #1160, .T. ) ;
#5878 = DIRECTION ( 'NONE',  ( 0.000000000000000000, -1.000000000000000000, 0.000000000000000000 ) ) ;
#5879 = ORIENTED_EDGE ( 'NONE', *, *, #8303, .F. ) ;
#5880 = LINE ( 'NONE', #390, #8160 ) ;
#5881 = ORIENTED_EDGE ( 'NONE', *, *, #1686, .T. ) ;
#5882 = ORIENTED_EDGE ( 'NONE', *, *, #6871, .T. ) ;
#5883 = DIRECTION ( 'NONE',  ( 0.000000000000000000, 0.000000000000000000, -1.000000000000000000 ) ) ;
#5884 = EDGE_CURVE ( 'NONE', #6847, #1901, #2191, .T. ) ;
#5885 = EDGE_CURVE ( 'NONE', #4645, #5788, #9242, .T. ) ;
#5886 = ORIENTED_EDGE ( 'NONE', *, *, #2020, .F. ) ;
#5887 = VERTEX_POINT ( 'NONE', #646 ) ;
#5888 = CIRCLE ( 'NONE', #8671, 0.07500000000000084377 ) ;
#5889 = CARTESIAN_POINT ( 'NONE',  ( -5.724999999999999645, 1.604999999999999982, 1.362867965644034118 ) ) ;
#5890 = DIRECTION ( 'NONE',  ( 0.000000000000000000, -1.000000000000000000, 0.000000000000000000 ) ) ;
#5891 = ORIENTED_EDGE ( 'NONE', *, *, #7295, .F. ) ;
#5892 = CARTESIAN_POINT ( 'NONE',  ( 3.240000000000001545, 2.960000000000000853, 2.024999999999999911 ) ) ;
#5893 = CARTESIAN_POINT ( 'NONE',  ( -5.724999999999999645, 1.049567419867294182, 1.469141641133302034 ) ) ;
#5894 = VERTEX_POINT ( 'NONE', #3763 ) ;
#5895 = AXIS2_PLACEMENT_3D ( 'NONE', #7343, #5034, #1223 ) ;
#5896 = ADVANCED_FACE ( 'NONE', ( #6889 ), #9979, .F. ) ;
#5897 = EDGE_CURVE ( 'NONE', #6799, #9165, #5364, .T. ) ;
#5898 = EDGE_CURVE ( 'NONE', #8601, #2877, #1082, .T. ) ;
#5900 = ORIENTED_EDGE ( 'NONE', *, *, #7881, .F. ) ;
#5899 = AXIS2_PLACEMENT_3D ( 'NONE', #946, #3887, #1525 ) ;
#5901 = ORIENTED_EDGE ( 'NONE', *, *, #3598, .T. ) ;
#5902 = CARTESIAN_POINT ( 'NONE',  ( -3.024999999999999911, 1.855000000000000204, 0.06499999999999994671 ) ) ;
#5903 = CARTESIAN_POINT ( 'NONE',  ( 3.855000000000002647, 2.209999999999999520, -0.2750000000000000777 ) ) ;
#5904 = LINE ( 'NONE', #3485, #4918 ) ;
#5905 = ORIENTED_EDGE ( 'NONE', *, *, #5947, .F. ) ;
#5906 = DIRECTION ( 'NONE',  ( 0.000000000000000000, 0.000000000000000000, 1.000000000000000000 ) ) ;
#5907 = DIRECTION ( 'NONE',  ( 1.000000000000000000, 0.000000000000000000, 0.000000000000000000 ) ) ;
#5908 = ORIENTED_EDGE ( 'NONE', *, *, #3598, .F. ) ;
#5909 = ORIENTED_EDGE ( 'NONE', *, *, #3952, .T. ) ;
#5910 = EDGE_CURVE ( 'NONE', #7375, #2532, #2593, .T. ) ;
#5911 = CARTESIAN_POINT ( 'NONE',  ( 0.5250000000000002442, 1.030000000000000027, -2.024999999999999911 ) ) ;
#5912 = ORIENTED_EDGE ( 'NONE', *, *, #8945, .F. ) ;
#5913 = FACE_OUTER_BOUND ( 'NONE', #7064, .T. ) ;
#5914 = CARTESIAN_POINT ( 'NONE',  ( -7.765000000000000568, 3.400000000000000355, 0.06499999999999994671 ) ) ;
#5915 = CARTESIAN_POINT ( 'NONE',  ( -4.474999999999999645, 2.085000000000000409, -2.024999999999999911 ) ) ;
#5916 = CARTESIAN_POINT ( 'NONE',  ( 3.625000000000002220, 1.559999999999999609, 1.949999999999999512 ) ) ;
#5917 = DIRECTION ( 'NONE',  ( 1.000000000000000000, 0.000000000000000000, 0.000000000000000000 ) ) ;
#5918 = CARTESIAN_POINT ( 'NONE',  ( -3.749999999999998224, 0.7800000000000006928, 0.06499999999999994671 ) ) ;
#5919 = DIRECTION ( 'NONE',  ( -1.000000000000000000, 0.000000000000000000, 0.000000000000000000 ) ) ;
#5920 = ORIENTED_EDGE ( 'NONE', *, *, #9807, .F. ) ;
#5921 = CARTESIAN_POINT ( 'NONE',  ( -7.375000000000000888, 1.719999999999999529, 2.024999999999999911 ) ) ;
#5922 = EDGE_LOOP ( 'NONE', ( #101, #2421, #4128, #3132 ) ) ;
#5923 = CARTESIAN_POINT ( 'NONE',  ( 4.125000000000001776, 0.000000000000000000, -1.315000000000000169 ) ) ;
#5924 = ORIENTED_EDGE ( 'NONE', *, *, #9880, .T. ) ;
#5926 = CARTESIAN_POINT ( 'NONE',  ( 0.7249999999999999778, 0.000000000000000000, -2.024999999999999911 ) ) ;
#5925 = CARTESIAN_POINT ( 'NONE',  ( 3.625000000000002220, -0.06250000000000049960, -0.06250000000000077716 ) ) ;
#5927 = ORIENTED_EDGE ( 'NONE', *, *, #9495, .F. ) ;
#5928 = VECTOR ( 'NONE', #4784, 1000.000000000000000 ) ;
#5929 = ORIENTED_EDGE ( 'NONE', *, *, #8097, .T. ) ;
#5930 = LINE ( 'NONE', #8285, #1413 ) ;
#5931 = EDGE_LOOP ( 'NONE', ( #6706, #5886, #5079, #6063 ) ) ;
#5932 = ORIENTED_EDGE ( 'NONE', *, *, #3263, .T. ) ;
#5933 = LINE ( 'NONE', #7531, #1176 ) ;
#5934 = DIRECTION ( 'NONE',  ( -0.7071067811865495711, -0.7071067811865454633, 0.000000000000000000 ) ) ;
#5935 = AXIS2_PLACEMENT_3D ( 'NONE', #9529, #4997, #4900 ) ;
#5936 = LINE ( 'NONE', #5227, #4241 ) ;
#5937 = AXIS2_PLACEMENT_3D ( 'NONE', #3368, #5763, #5050 ) ;
#5938 = DIRECTION ( 'NONE',  ( 0.000000000000000000, 0.000000000000000000, 1.000000000000000000 ) ) ;
#5939 = EDGE_CURVE ( 'NONE', #6772, #536, #7200, .T. ) ;
#5940 = CARTESIAN_POINT ( 'NONE',  ( 3.625000000000001332, 3.500000000000000444, 0.06499999999999994671 ) ) ;
#5941 = ADVANCED_FACE ( 'NONE', ( #6418 ), #168, .F. ) ;
#5942 = VERTEX_POINT ( 'NONE', #6366 ) ;
#5943 = DIRECTION ( 'NONE',  ( 1.000000000000000000, 0.000000000000000000, 0.000000000000000000 ) ) ;
#5944 = ORIENTED_EDGE ( 'NONE', *, *, #5324, .T. ) ;
#5945 = VERTEX_POINT ( 'NONE', #8107 ) ;
#5946 = CARTESIAN_POINT ( 'NONE',  ( 1.250000000000000000, 1.855000000000000204, 1.824999999999999289 ) ) ;
#5947 = EDGE_CURVE ( 'NONE', #4058, #1543, #8722, .T. ) ;
#5948 = CARTESIAN_POINT ( 'NONE',  ( 9.374999999999998224, -1.376287680150671594E-15, 0.02292814286300589796 ) ) ;
#5949 = EDGE_CURVE ( 'NONE', #10041, #637, #212, .T. ) ;
#5950 = CARTESIAN_POINT ( 'NONE',  ( -1.408343819019456028E-16, 2.490000000000001545, -1.224999999999999867 ) ) ;
#5951 = LINE ( 'NONE', #2008, #9707 ) ;
#5952 = FACE_OUTER_BOUND ( 'NONE', #3491, .T. ) ;
#5953 = EDGE_LOOP ( 'NONE', ( #9897, #1661, #4814, #3175, #9411, #4429 ) ) ;
#5954 = EDGE_LOOP ( 'NONE', ( #9816, #9534, #1296, #7114, #9690, #3320 ) ) ;
#5955 = PLANE ( 'NONE',  #4654 ) ;
#5956 = ORIENTED_EDGE ( 'NONE', *, *, #8026, .F. ) ;
#5957 = PLANE ( 'NONE',  #9717 ) ;
#5958 = VERTEX_POINT ( 'NONE', #6523 ) ;
#5959 = AXIS2_PLACEMENT_3D ( 'NONE', #32, #2306, #1511 ) ;
#5960 = EDGE_LOOP ( 'NONE', ( #1804, #2663, #5985, #8681 ) ) ;
#5961 = CARTESIAN_POINT ( 'NONE',  ( -7.725000000000001421, 2.209999999999999520, 1.274999999999999911 ) ) ;
#5962 = CARTESIAN_POINT ( 'NONE',  ( 0.3125000000000002776, 0.000000000000000000, 0.06499999999999994671 ) ) ;
#5963 = EDGE_CURVE ( 'NONE', #1788, #2159, #3353, .T. ) ;
#5964 = DIRECTION ( 'NONE',  ( -0.000000000000000000, -0.000000000000000000, 1.000000000000000000 ) ) ;
#5965 = ADVANCED_FACE ( 'NONE', ( #5703 ), #7097, .T. ) ;
#5966 = VECTOR ( 'NONE', #9064, 1000.000000000000000 ) ;
#5967 = DIRECTION ( 'NONE',  ( 0.000000000000000000, -1.000000000000000000, 0.000000000000000000 ) ) ;
#5968 = FACE_OUTER_BOUND ( 'NONE', #8488, .T. ) ;
#5969 = DIRECTION ( 'NONE',  ( 0.000000000000000000, 0.000000000000000000, -1.000000000000000000 ) ) ;
#5970 = DIRECTION ( 'NONE',  ( -0.7071067811865474617, 0.000000000000000000, -0.7071067811865474617 ) ) ;
#5972 = CARTESIAN_POINT ( 'NONE',  ( 3.855000000000002647, 2.209999999999998188, -0.2750000000000000777 ) ) ;
#5971 = DIRECTION ( 'NONE',  ( 0.000000000000000000, -1.000000000000000000, 0.000000000000000000 ) ) ;
#5973 = VECTOR ( 'NONE', #3811, 1000.000000000000000 ) ;
#5974 = ORIENTED_EDGE ( 'NONE', *, *, #1504, .F. ) ;
#5975 = PLANE ( 'NONE',  #1422 ) ;
#5976 = VERTEX_POINT ( 'NONE', #9612 ) ;
#5977 = AXIS2_PLACEMENT_3D ( 'NONE', #8953, #1942, #6720 ) ;
#5978 = ORIENTED_EDGE ( 'NONE', *, *, #383, .T. ) ;
#5979 =( NAMED_UNIT ( * ) PLANE_ANGLE_UNIT ( ) SI_UNIT ( $, .RADIAN. ) );
#5980 = EDGE_CURVE ( 'NONE', #6832, #6558, #9522, .T. ) ;
#5981 = LINE ( 'NONE', #2098, #9214 ) ;
#5982 = VECTOR ( 'NONE', #5800, 1000.000000000000000 ) ;
#5983 = LINE ( 'NONE', #9896, #4326 ) ;
#5984 = ORIENTED_EDGE ( 'NONE', *, *, #464, .T. ) ;
#5985 = ORIENTED_EDGE ( 'NONE', *, *, #306, .T. ) ;
#5986 = DIRECTION ( 'NONE',  ( 0.000000000000000000, 0.7071067811865490160, -0.7071067811865460184 ) ) ;
#5987 = EDGE_LOOP ( 'NONE', ( #2006, #7890, #5010, #8655, #4855, #7468, #1193, #8988, #975 ) ) ;
#5988 = PLANE ( 'NONE',  #8456 ) ;
#5989 = VECTOR ( 'NONE', #3153, 1000.000000000000000 ) ;
#5990 = PLANE ( 'NONE',  #944 ) ;
#5991 = ORIENTED_EDGE ( 'NONE', *, *, #2035, .F. ) ;
#5992 = ORIENTED_EDGE ( 'NONE', *, *, #8887, .F. ) ;
#5993 = FACE_OUTER_BOUND ( 'NONE', #9715, .T. ) ;
#5994 = CARTESIAN_POINT ( 'NONE',  ( 0.7249999999999999778, 2.055000000000001048, 2.024999999999999911 ) ) ;
#5995 = CARTESIAN_POINT ( 'NONE',  ( -5.724999999999999645, 0.000000000000000000, -1.584999999999999964 ) ) ;
#5996 = CARTESIAN_POINT ( 'NONE',  ( 3.975000000000002753, 0.7799999999999999156, -0.2750000000000000777 ) ) ;
#5997 = DIRECTION ( 'NONE',  ( -1.000000000000000000, 0.000000000000000000, 0.000000000000000000 ) ) ;
#5998 = DIRECTION ( 'NONE',  ( 0.000000000000000000, -1.000000000000000000, 0.000000000000000000 ) ) ;
#5999 = CARTESIAN_POINT ( 'NONE',  ( -7.605000000000000426, 2.209999999999998188, -2.496936092690336118 ) ) ;
#6000 = ORIENTED_EDGE ( 'NONE', *, *, #6968, .T. ) ;
#6001 = ORIENTED_EDGE ( 'NONE', *, *, #8402, .F. ) ;
#6002 = CIRCLE ( 'NONE', #4534, 0.2999999999999999334 ) ;
#6003 = VECTOR ( 'NONE', #9710, 1000.000000000000000 ) ;
#6004 = DIRECTION ( 'NONE',  ( -1.000000000000000000, -0.000000000000000000, -0.000000000000000000 ) ) ;
#6005 = DIRECTION ( 'NONE',  ( 2.168404344971008079E-15, 1.000000000000000000, 0.000000000000000000 ) ) ;
#6006 = FACE_OUTER_BOUND ( 'NONE', #634, .T. ) ;
#6007 = CARTESIAN_POINT ( 'NONE',  ( -2.187499999999999556, 0.000000000000000000, 0.06499999999999994671 ) ) ;
#6008 = VERTEX_POINT ( 'NONE', #2451 ) ;
#6009 = ORIENTED_EDGE ( 'NONE', *, *, #5617, .F. ) ;
#6010 = VECTOR ( 'NONE', #4958, 1000.000000000000114 ) ;
#6011 = VERTEX_POINT ( 'NONE', #3303 ) ;
#6012 = VERTEX_POINT ( 'NONE', #8817 ) ;
#6013 = EDGE_CURVE ( 'NONE', #7470, #8432, #1851, .T. ) ;
#6014 = EDGE_CURVE ( 'NONE', #4545, #4712, #6323, .T. ) ;
#6015 = CARTESIAN_POINT ( 'NONE',  ( -3.749999999999998224, 3.325000000000000178, 0.06499999999999994671 ) ) ;
#6016 = CARTESIAN_POINT ( 'NONE',  ( -1.852139257101876488E-16, 1.630000000000001226, 0.06499999999999994671 ) ) ;
#6017 = DIRECTION ( 'NONE',  ( 0.000000000000000000, 1.000000000000000000, 0.000000000000000000 ) ) ;
#6018 = CARTESIAN_POINT ( 'NONE',  ( -1.562499999999999112, 1.855000000000000204, 0.06499999999999994671 ) ) ;
#6019 = CARTESIAN_POINT ( 'NONE',  ( -5.525000000000000355, 2.085000000000000409, -1.464999999999999636 ) ) ;
#6020 = LINE ( 'NONE', #5202, #4159 ) ;
#6021 = ORIENTED_EDGE ( 'NONE', *, *, #8944, .T. ) ;
#6022 = FACE_OUTER_BOUND ( 'NONE', #2260, .T. ) ;
#6023 = ORIENTED_EDGE ( 'NONE', *, *, #5541, .T. ) ;
#6024 = EDGE_CURVE ( 'NONE', #3193, #5833, #8005, .T. ) ;
#6025 = EDGE_CURVE ( 'NONE', #1158, #8819, #5562, .T. ) ;
#6026 = EDGE_CURVE ( 'NONE', #6857, #2367, #4937, .T. ) ;
#6027 = ORIENTED_EDGE ( 'NONE', *, *, #2953, .F. ) ;
#6028 = ORIENTED_EDGE ( 'NONE', *, *, #2047, .T. ) ;
#6029 = PLANE ( 'NONE',  #6273 ) ;
#6030 = LINE ( 'NONE', #6132, #5027 ) ;
#6031 = ORIENTED_EDGE ( 'NONE', *, *, #8995, .T. ) ;
#6032 = ORIENTED_EDGE ( 'NONE', *, *, #123, .F. ) ;
#6034 = CARTESIAN_POINT ( 'NONE',  ( -7.375000000000000888, -1.781481197162711565E-15, 1.875000000000000888 ) ) ;
#6033 = FACE_OUTER_BOUND ( 'NONE', #8057, .T. ) ;
#6035 = ORIENTED_EDGE ( 'NONE', *, *, #941, .F. ) ;
#6036 = VERTEX_POINT ( 'NONE', #1034 ) ;
#6037 = CARTESIAN_POINT ( 'NONE',  ( 3.625000000000002220, 0.4800000000000000377, 1.975000000000001865 ) ) ;
#6038 = EDGE_CURVE ( 'NONE', #9794, #9654, #7147, .T. ) ;
#6039 = DIRECTION ( 'NONE',  ( -0.000000000000000000, -1.000000000000000000, -0.000000000000000000 ) ) ;
#6040 = EDGE_LOOP ( 'NONE', ( #8993, #3524, #451, #7503 ) ) ;
#6041 = ORIENTED_EDGE ( 'NONE', *, *, #57, .F. ) ;
#6042 = CARTESIAN_POINT ( 'NONE',  ( 1.250000000000000000, 1.855000000000000204, 1.824999999999999289 ) ) ;
#6043 = FACE_OUTER_BOUND ( 'NONE', #3755, .T. ) ;
#6044 = CARTESIAN_POINT ( 'NONE',  ( 2.600000000000001421, 0.000000000000000000, 0.06499999999999994671 ) ) ;
#6045 = CARTESIAN_POINT ( 'NONE',  ( 3.750000000000001776, 8.777094706955511913E-18, 0.09499999999999998723 ) ) ;
#6046 = VECTOR ( 'NONE', #446, 1000.000000000000000 ) ;
#6047 = FACE_OUTER_BOUND ( 'NONE', #596, .T. ) ;
#6048 = ORIENTED_EDGE ( 'NONE', *, *, #5076, .T. ) ;
#6049 = AXIS2_PLACEMENT_3D ( 'NONE', #3029, #6295, #668 ) ;
#6050 = ORIENTED_EDGE ( 'NONE', *, *, #9224, .T. ) ;
#6051 = CARTESIAN_POINT ( 'NONE',  ( -0.7249999999999999778, 2.055000000000001048, 2.024999999999999911 ) ) ;
#6052 = FACE_OUTER_BOUND ( 'NONE', #9737, .T. ) ;
#6053 = ORIENTED_EDGE ( 'NONE', *, *, #8936, .T. ) ;
#6054 = AXIS2_PLACEMENT_3D ( 'NONE', #9749, #9797, #9108 ) ;
#6055 = DIRECTION ( 'NONE',  ( 1.000000000000000000, 0.000000000000000000, -0.000000000000000000 ) ) ;
#6056 = LINE ( 'NONE', #5294, #6146 ) ;
#6057 = ORIENTED_EDGE ( 'NONE', *, *, #6654, .F. ) ;
#6058 = CARTESIAN_POINT ( 'NONE',  ( -1.775000000000000133, 0.000000000000000000, 2.024999999999999911 ) ) ;
#6059 = AXIS2_PLACEMENT_3D ( 'NONE', #7495, #9228, #5906 ) ;
#6060 = ORIENTED_EDGE ( 'NONE', *, *, #640, .F. ) ;
#6061 = DIRECTION ( 'NONE',  ( -0.000000000000000000, -0.7071067811865474617, -0.7071067811865474617 ) ) ;
#6062 = ORIENTED_EDGE ( 'NONE', *, *, #573, .T. ) ;
#6063 = ORIENTED_EDGE ( 'NONE', *, *, #1258, .F. ) ;
#6064 = LINE ( 'NONE', #4480, #2732 ) ;
#6065 = DIRECTION ( 'NONE',  ( 0.000000000000000000, 0.000000000000000000, 1.000000000000000000 ) ) ;
#6066 = DIRECTION ( 'NONE',  ( 0.000000000000000000, 0.000000000000000000, -1.000000000000000000 ) ) ;
#6067 = CARTESIAN_POINT ( 'NONE',  ( -5.525000000000000355, 2.055000000000001048, 2.024999999999999911 ) ) ;
#6068 = LINE ( 'NONE', #3762, #6129 ) ;
#6069 = DIRECTION ( 'NONE',  ( 0.000000000000000000, 0.000000000000000000, -1.000000000000000000 ) ) ;
#6070 = EDGE_CURVE ( 'NONE', #4132, #2522, #7302, .T. ) ;
#6072 = LINE ( 'NONE', #9780, #6503 ) ;
#6071 = PLANE ( 'NONE',  #5662 ) ;
#6073 = VERTEX_POINT ( 'NONE', #5610 ) ;
#6074 = DIRECTION ( 'NONE',  ( 0.000000000000000000, 0.000000000000000000, 1.000000000000000000 ) ) ;
#6075 = ORIENTED_EDGE ( 'NONE', *, *, #7156, .T. ) ;
#6076 = VERTEX_POINT ( 'NONE', #4161 ) ;
#6077 = VERTEX_POINT ( 'NONE', #8858 ) ;
#6078 = DIRECTION ( 'NONE',  ( 0.000000000000000000, 0.000000000000000000, 1.000000000000000000 ) ) ;
#6079 = LINE ( 'NONE', #3017, #6419 ) ;
#6080 = VECTOR ( 'NONE', #4824, 1000.000000000000000 ) ;
#6081 = CARTESIAN_POINT ( 'NONE',  ( -3.224999999999999645, 0.7799999999999999156, 0.06499999999999994671 ) ) ;
#6082 = EDGE_CURVE ( 'NONE', #3623, #1111, #2501, .T. ) ;
#6083 = ADVANCED_FACE ( 'NONE', ( #8358 ), #8203, .F. ) ;
#6084 = VERTEX_POINT ( 'NONE', #3489 ) ;
#6085 = ADVANCED_FACE ( 'NONE', ( #5952 ), #6676, .T. ) ;
#6086 = LINE ( 'NONE', #2362, #3461 ) ;
#6087 = VERTEX_POINT ( 'NONE', #4212 ) ;
#6089 = CARTESIAN_POINT ( 'NONE',  ( -5.525000000000000355, 2.085000000000000409, 2.024999999999999911 ) ) ;
#6088 = CARTESIAN_POINT ( 'NONE',  ( 1.250000000000000000, 1.855000000000000204, 0.06499999999999994671 ) ) ;
#6090 = VERTEX_POINT ( 'NONE', #9762 ) ;
#6091 = LINE ( 'NONE', #7637, #928 ) ;
#6092 = EDGE_LOOP ( 'NONE', ( #9898, #10089, #4977, #7027, #5484, #9297, #6849, #1029, #5269, #5241, #4929 ) ) ;
#6093 = CARTESIAN_POINT ( 'NONE',  ( -3.749999999999998224, 1.630000000000001226, -1.464999999999999636 ) ) ;
#6094 = CARTESIAN_POINT ( 'NONE',  ( -7.375000000000000888, 1.719999999999999529, 1.949999999999998623 ) ) ;
#6095 = CARTESIAN_POINT ( 'NONE',  ( 4.015000000000002345, 3.400000000000000355, 0.06499999999999994671 ) ) ;
#6096 = CARTESIAN_POINT ( 'NONE',  ( -7.605000000000000426, 1.559999999999999609, 1.864999999999999547 ) ) ;
#6097 = ADVANCED_FACE ( 'NONE', ( #9012 ), #7391, .F. ) ;
#6098 = AXIS2_PLACEMENT_3D ( 'NONE', #1318, #1419, #2271 ) ;
#6099 = VECTOR ( 'NONE', #8115, 1000.000000000000000 ) ;
#6100 = CARTESIAN_POINT ( 'NONE',  ( -1.562500000000003553, 8.809142651444728259E-15, 0.06499999999999994671 ) ) ;
#6101 = EDGE_LOOP ( 'NONE', ( #470, #9397, #2896, #4007 ) ) ;
#6102 = VECTOR ( 'NONE', #8015, 1000.000000000000114 ) ;
#6103 = VECTOR ( 'NONE', #3651, 1000.000000000000000 ) ;
#6104 = DIRECTION ( 'NONE',  ( 1.000000000000000000, 0.000000000000000000, 0.000000000000000000 ) ) ;
#6105 = EDGE_CURVE ( 'NONE', #3534, #6077, #518, .T. ) ;
#6106 = LINE ( 'NONE', #2229, #626 ) ;
#6107 = LINE ( 'NONE', #8251, #2483 ) ;
#6108 = DIRECTION ( 'NONE',  ( -1.000000000000000000, 0.000000000000000000, 0.000000000000000000 ) ) ;
#6109 = FACE_BOUND ( 'NONE', #8588, .T. ) ;
#6110 = ORIENTED_EDGE ( 'NONE', *, *, #9126, .T. ) ;
#6111 = FACE_OUTER_BOUND ( 'NONE', #4243, .T. ) ;
#6112 = VECTOR ( 'NONE', #2888, 1000.000000000000000 ) ;
#6113 = ORIENTED_EDGE ( 'NONE', *, *, #6517, .T. ) ;
#6114 = ORIENTED_EDGE ( 'NONE', *, *, #4454, .F. ) ;
#6115 = DIRECTION ( 'NONE',  ( 1.000000000000000000, 0.000000000000000000, 0.000000000000000000 ) ) ;
#6116 = CARTESIAN_POINT ( 'NONE',  ( 4.015000000000002345, 2.400000000000000355, 0.06499999999999994671 ) ) ;
#6117 = PLANE ( 'NONE',  #1736 ) ;
#6118 = DIRECTION ( 'NONE',  ( 1.000000000000000000, 0.000000000000000000, 0.000000000000000000 ) ) ;
#6119 = CARTESIAN_POINT ( 'NONE',  ( -7.605000000000000426, 0.7800000000000000266, -0.3250000000000000666 ) ) ;
#6120 = CARTESIAN_POINT ( 'NONE',  ( 1.975000000000001865, 0.000000000000000000, -2.024999999999999911 ) ) ;
#6121 = DIRECTION ( 'NONE',  ( 0.000000000000000000, 0.7071067811865475727, -0.7071067811865475727 ) ) ;
#6122 = CARTESIAN_POINT ( 'NONE',  ( -4.062500000000003553, 8.809142651444728259E-15, 0.06499999999999994671 ) ) ;
#6123 = FACE_OUTER_BOUND ( 'NONE', #3522, .T. ) ;
#6124 = LINE ( 'NONE', #537, #3888 ) ;
#6125 = VERTEX_POINT ( 'NONE', #3644 ) ;
#6126 = VERTEX_POINT ( 'NONE', #2009 ) ;
#6127 = DIRECTION ( 'NONE',  ( 0.000000000000000000, 1.000000000000000000, 0.000000000000000000 ) ) ;
#6128 = EDGE_CURVE ( 'NONE', #4581, #5467, #5130, .T. ) ;
#6129 = VECTOR ( 'NONE', #9185, 1000.000000000000000 ) ;
#6130 = FACE_OUTER_BOUND ( 'NONE', #906, .T. ) ;
#6131 = AXIS2_PLACEMENT_3D ( 'NONE', #2080, #8313, #1289 ) ;
#6132 = CARTESIAN_POINT ( 'NONE',  ( -4.474999999999999645, 1.630000000000000782, -2.024999999999999911 ) ) ;
#6133 = ORIENTED_EDGE ( 'NONE', *, *, #5277, .F. ) ;
#6134 = VECTOR ( 'NONE', #8316, 1000.000000000000000 ) ;
#6135 = CARTESIAN_POINT ( 'NONE',  ( -0.5250000000000011324, 2.055000000000001048, 2.024999999999999911 ) ) ;
#6136 = ORIENTED_EDGE ( 'NONE', *, *, #2838, .F. ) ;
#6137 = CARTESIAN_POINT ( 'NONE',  ( -5.724999999999999645, 0.000000000000000000, -2.824999999999999734 ) ) ;
#6138 = ORIENTED_EDGE ( 'NONE', *, *, #1775, .T. ) ;
#6139 = VECTOR ( 'NONE', #4312, 1000.000000000000000 ) ;
#6140 = DIRECTION ( 'NONE',  ( 0.000000000000000000, -1.000000000000000000, 9.239047059953170954E-17 ) ) ;
#6141 = DIRECTION ( 'NONE',  ( 0.7071067811865474617, 0.000000000000000000, 0.7071067811865474617 ) ) ;
#6142 = EDGE_CURVE ( 'NONE', #1335, #8715, #1227, .T. ) ;
#6143 = ORIENTED_EDGE ( 'NONE', *, *, #4523, .T. ) ;
#6144 = EDGE_CURVE ( 'NONE', #8432, #8040, #312, .T. ) ;
#6145 = EDGE_CURVE ( 'NONE', #4692, #3700, #8913, .T. ) ;
#6146 = VECTOR ( 'NONE', #8406, 1000.000000000000000 ) ;
#6147 = DIRECTION ( 'NONE',  ( 0.000000000000000000, 1.000000000000000000, 0.000000000000000000 ) ) ;
#6148 = DIRECTION ( 'NONE',  ( -0.000000000000000000, -0.000000000000000000, 1.000000000000000000 ) ) ;
#6150 = VECTOR ( 'NONE', #3738, 1000.000000000000000 ) ;
#6149 = DIRECTION ( 'NONE',  ( 2.168404344971008079E-15, 1.000000000000000000, 0.000000000000000000 ) ) ;
#6151 = LINE ( 'NONE', #8499, #8514 ) ;
#6152 = DIRECTION ( 'NONE',  ( 0.000000000000000000, 1.000000000000000000, -9.239047059953170954E-17 ) ) ;
#6153 = VERTEX_POINT ( 'NONE', #1128 ) ;
#6154 = AXIS2_PLACEMENT_3D ( 'NONE', #9296, #2299, #2401 ) ;
#6155 = VECTOR ( 'NONE', #7793, 1000.000000000000000 ) ;
#6156 = ADVANCED_FACE ( 'NONE', ( #4264 ), #2737, .F. ) ;
#6157 = ORIENTED_EDGE ( 'NONE', *, *, #3559, .T. ) ;
#6158 = EDGE_CURVE ( 'NONE', #4724, #4826, #6989, .T. ) ;
#6159 = EDGE_CURVE ( 'NONE', #8047, #5124, #3094, .T. ) ;
#6160 = EDGE_CURVE ( 'NONE', #6709, #7928, #7808, .T. ) ;
#6161 = DIRECTION ( 'NONE',  ( -0.000000000000000000, 0.000000000000000000, 1.000000000000000000 ) ) ;
#6162 = VECTOR ( 'NONE', #5665, 1000.000000000000000 ) ;
#6163 = PLANE ( 'NONE',  #4883 ) ;
#6164 = CARTESIAN_POINT ( 'NONE',  ( -7.725000000000001421, 2.209999999999999520, 1.324999999999999734 ) ) ;
#6165 = ORIENTED_EDGE ( 'NONE', *, *, #1559, .T. ) ;
#6166 = CARTESIAN_POINT ( 'NONE',  ( -1.974999999999999867, 0.000000000000000000, 0.06499999999999994671 ) ) ;
#6167 = ORIENTED_EDGE ( 'NONE', *, *, #2924, .T. ) ;
#6168 = ORIENTED_EDGE ( 'NONE', *, *, #8065, .T. ) ;
#6169 = VECTOR ( 'NONE', #2957, 1000.000000000000000 ) ;
#6170 = EDGE_CURVE ( 'NONE', #1036, #7773, #4677, .T. ) ;
#6171 = VECTOR ( 'NONE', #3859, 1000.000000000000000 ) ;
#6172 = DIRECTION ( 'NONE',  ( 0.000000000000000000, -1.000000000000000000, 0.000000000000000000 ) ) ;
#6173 = LINE ( 'NONE', #6016, #7477 ) ;
#6174 = CARTESIAN_POINT ( 'NONE',  ( 3.265000000000002345, 4.250000000000000000, 0.09499999999999959865 ) ) ;
#6175 = LINE ( 'NONE', #2295, #81 ) ;
#6176 = LINE ( 'NONE', #2296, #3515 ) ;
#6177 = VECTOR ( 'NONE', #6695, 1000.000000000000000 ) ;
#6178 = DIRECTION ( 'NONE',  ( -1.000000000000000000, -0.000000000000000000, -0.000000000000000000 ) ) ;
#6179 = DIRECTION ( 'NONE',  ( 0.000000000000000000, -1.000000000000000000, 0.000000000000000000 ) ) ;
#6180 = ORIENTED_EDGE ( 'NONE', *, *, #8622, .T. ) ;
#6181 = CARTESIAN_POINT ( 'NONE',  ( -3.437499999999999556, 0.000000000000000000, 0.06499999999999994671 ) ) ;
#6182 = AXIS2_PLACEMENT_3D ( 'NONE', #8481, #7562, #7464 ) ;
#6183 = DIRECTION ( 'NONE',  ( 0.000000000000000000, -1.000000000000000000, 0.000000000000000000 ) ) ;
#6184 = FACE_OUTER_BOUND ( 'NONE', #2378, .T. ) ;
#6185 = CARTESIAN_POINT ( 'NONE',  ( -5.724999999999999645, 1.454999999999999849, 0.000000000000000000 ) ) ;
#6186 = DIRECTION ( 'NONE',  ( -0.000000000000000000, -0.000000000000000000, -1.000000000000000000 ) ) ;
#6187 = VERTEX_POINT ( 'NONE', #571 ) ;
#6188 = EDGE_CURVE ( 'NONE', #6125, #1359, #6830, .T. ) ;
#6190 = DIRECTION ( 'NONE',  ( -1.000000000000000000, 0.000000000000000000, 0.000000000000000000 ) ) ;
#6189 = CARTESIAN_POINT ( 'NONE',  ( -5.937500000000000000, 2.255000000000000338, 0.06499999999999994671 ) ) ;
#6191 = EDGE_CURVE ( 'NONE', #9433, #6562, #6056, .T. ) ;
#6192 = ORIENTED_EDGE ( 'NONE', *, *, #2811, .F. ) ;
#6193 = FACE_OUTER_BOUND ( 'NONE', #4019, .T. ) ;
#6194 = ORIENTED_EDGE ( 'NONE', *, *, #9807, .T. ) ;
#6195 = CARTESIAN_POINT ( 'NONE',  ( -3.024999999999999911, 0.7800000000000002487, 1.824999999999999289 ) ) ;
#6196 = FACE_OUTER_BOUND ( 'NONE', #595, .T. ) ;
#6197 = CARTESIAN_POINT ( 'NONE',  ( 1.250000000000000000, 0.7800000000000006928, 1.824999999999999289 ) ) ;
#6198 = CARTESIAN_POINT ( 'NONE',  ( -7.605000000000000426, 2.209999999999999520, 0.06499999999999994671 ) ) ;
#6199 = DIRECTION ( 'NONE',  ( 1.000000000000000000, 0.000000000000000000, 0.000000000000000000 ) ) ;
#6200 = LINE ( 'NONE', #5334, #6977 ) ;
#6201 = DIRECTION ( 'NONE',  ( 0.000000000000000000, 0.000000000000000000, 1.000000000000000000 ) ) ;
#6202 = EDGE_CURVE ( 'NONE', #4132, #2453, #1382, .T. ) ;
#6203 = ORIENTED_EDGE ( 'NONE', *, *, #575, .T. ) ;
#6204 = ADVANCED_FACE ( 'NONE', ( #6877, #3001, #6109, #2234 ), #9600, .F. ) ;
#6205 = ORIENTED_EDGE ( 'NONE', *, *, #3511, .F. ) ;
#6206 = VERTEX_POINT ( 'NONE', #6312 ) ;
#6207 = VECTOR ( 'NONE', #3743, 1000.000000000000000 ) ;
#6208 = CARTESIAN_POINT ( 'NONE',  ( -5.724999999999999645, 0.8400214062398350112, 1.745765205484050231 ) ) ;
#6209 = VECTOR ( 'NONE', #3846, 1000.000000000000114 ) ;
#6210 = ORIENTED_EDGE ( 'NONE', *, *, #6850, .T. ) ;
#6211 = FACE_OUTER_BOUND ( 'NONE', #9046, .T. ) ;
#6212 = EDGE_CURVE ( 'NONE', #4058, #1441, #5647, .T. ) ;
#6213 = EDGE_CURVE ( 'NONE', #4961, #8241, #1738, .T. ) ;
#6214 = DIRECTION ( 'NONE',  ( 1.000000000000000000, 0.000000000000000000, 0.000000000000000000 ) ) ;
#6215 = EDGE_CURVE ( 'NONE', #6012, #3121, #8804, .T. ) ;
#6216 = AXIS2_PLACEMENT_3D ( 'NONE', #5432, #10003, #3930 ) ;
#6217 = ORIENTED_EDGE ( 'NONE', *, *, #3336, .F. ) ;
#6218 = VERTEX_POINT ( 'NONE', #250 ) ;
#6219 = DIRECTION ( 'NONE',  ( -0.000000000000000000, 0.7071067811865475727, -0.7071067811865475727 ) ) ;
#6220 = PLANE ( 'NONE',  #109 ) ;
#6221 = VECTOR ( 'NONE', #426, 1000.000000000000000 ) ;
#6222 = DIRECTION ( 'NONE',  ( 0.000000000000000000, 0.7071067811865475727, -0.7071067811865475727 ) ) ;
#6223 = VECTOR ( 'NONE', #7331, 1000.000000000000114 ) ;
#6224 = FACE_OUTER_BOUND ( 'NONE', #1385, .T. ) ;
#6225 = CARTESIAN_POINT ( 'NONE',  ( -9.341064372665991643E-17, 0.7800000000000006928, 0.06499999999999994671 ) ) ;
#6226 = EDGE_CURVE ( 'NONE', #2671, #8965, #157, .T. ) ;
#6227 = FACE_OUTER_BOUND ( 'NONE', #7737, .T. ) ;
#6228 = ORIENTED_EDGE ( 'NONE', *, *, #2806, .F. ) ;
#6229 = DIRECTION ( 'NONE',  ( 0.000000000000000000, -0.000000000000000000, -1.000000000000000000 ) ) ;
#6230 = CARTESIAN_POINT ( 'NONE',  ( 3.525000000000002132, 0.4800000000000017031, 0.000000000000000000 ) ) ;
#6231 = EDGE_LOOP ( 'NONE', ( #5026, #1159, #7546, #3344 ) ) ;
#6232 = VECTOR ( 'NONE', #9929, 1000.000000000000000 ) ;
#6233 = CARTESIAN_POINT ( 'NONE',  ( -7.375000000000000888, 2.209999999999999520, 1.975000000000001865 ) ) ;
#6234 = DIRECTION ( 'NONE',  ( 0.000000000000000000, -0.7071067811865460184, -0.7071067811865490160 ) ) ;
#6235 = LINE ( 'NONE', #9348, #2219 ) ;
#6236 = ORIENTED_EDGE ( 'NONE', *, *, #2344, .T. ) ;
#6237 = CARTESIAN_POINT ( 'NONE',  ( -7.765000000000000568, 3.400000000000000355, 2.024999999999999911 ) ) ;
#6238 = FACE_OUTER_BOUND ( 'NONE', #2102, .T. ) ;
#6239 = ORIENTED_EDGE ( 'NONE', *, *, #8658, .F. ) ;
#6240 = CARTESIAN_POINT ( 'NONE',  ( 1.775000000000002354, 1.855000000000000204, 0.06499999999999994671 ) ) ;
#6241 = VERTEX_POINT ( 'NONE', #2443 ) ;
#6242 = ORIENTED_EDGE ( 'NONE', *, *, #7715, .F. ) ;
#6243 = ORIENTED_EDGE ( 'NONE', *, *, #4587, .F. ) ;
#6244 = AXIS2_PLACEMENT_3D ( 'NONE', #6856, #6902, #5476 ) ;
#6245 = DIRECTION ( 'NONE',  ( 0.000000000000000000, 0.000000000000000000, -1.000000000000000000 ) ) ;
#6246 = CARTESIAN_POINT ( 'NONE',  ( -3.749999999999998224, 0.5500000000000010436, 0.06499999999999994671 ) ) ;
#6247 = ADVANCED_FACE ( 'NONE', ( #8665 ), #9512, .T. ) ;
#6248 = DIRECTION ( 'NONE',  ( -8.468115335143821308E-17, 0.7071067811865475727, 0.7071067811865474617 ) ) ;
#6249 = CYLINDRICAL_SURFACE ( 'NONE', #3767, 0.1499999999999999667 ) ;
#6250 = DIRECTION ( 'NONE',  ( -1.000000000000000000, -1.136281752823236226E-16, 0.000000000000000000 ) ) ;
#6251 = CARTESIAN_POINT ( 'NONE',  ( -5.525000000000000355, 0.5500000000000000444, 0.06499999999999998834 ) ) ;
#6252 = EDGE_LOOP ( 'NONE', ( #7733, #5, #926, #8613 ) ) ;
#6253 = ORIENTED_EDGE ( 'NONE', *, *, #9748, .T. ) ;
#6254 = ORIENTED_EDGE ( 'NONE', *, *, #439, .F. ) ;
#6255 = EDGE_CURVE ( 'NONE', #3332, #3232, #971, .T. ) ;
#6256 = EDGE_CURVE ( 'NONE', #7056, #7917, #7240, .T. ) ;
#6257 = VECTOR ( 'NONE', #2606, 1000.000000000000000 ) ;
#6258 = DIRECTION ( 'NONE',  ( 1.000000000000000000, 0.000000000000000000, 0.000000000000000000 ) ) ;
#6259 = DIRECTION ( 'NONE',  ( 0.000000000000000000, 1.000000000000000000, 0.000000000000000000 ) ) ;
#6260 = VERTEX_POINT ( 'NONE', #7854 ) ;
#6261 = LINE ( 'NONE', #5551, #4928 ) ;
#6262 = DIRECTION ( 'NONE',  ( 0.000000000000000000, 0.7071067811865474617, -0.7071067811865475727 ) ) ;
#6263 = ORIENTED_EDGE ( 'NONE', *, *, #1291, .T. ) ;
#6264 = LINE ( 'NONE', #1639, #5564 ) ;
#6265 = VECTOR ( 'NONE', #7022, 999.9999999999998863 ) ;
#6266 = VECTOR ( 'NONE', #504, 1000.000000000000000 ) ;
#6267 = FACE_OUTER_BOUND ( 'NONE', #4234, .T. ) ;
#6268 = EDGE_LOOP ( 'NONE', ( #3890, #9587, #10070, #2825 ) ) ;
#6269 = ADVANCED_FACE ( 'NONE', ( #830 ), #3950, .T. ) ;
#6270 = EDGE_CURVE ( 'NONE', #3891, #1773, #5848, .T. ) ;
#6271 = EDGE_CURVE ( 'NONE', #6810, #5887, #4200, .T. ) ;
#6272 = CARTESIAN_POINT ( 'NONE',  ( 1.975000000000001865, 0.5799999999999995159, 2.024999999999999911 ) ) ;
#6273 = AXIS2_PLACEMENT_3D ( 'NONE', #1303, #6801, #2036 ) ;
#6274 = DIRECTION ( 'NONE',  ( 1.000000000000000000, 0.000000000000000000, 0.000000000000000000 ) ) ;
#6275 = PLANE ( 'NONE',  #8749 ) ;
#6276 = ORIENTED_EDGE ( 'NONE', *, *, #1022, .F. ) ;
#6277 = CARTESIAN_POINT ( 'NONE',  ( -5.525000000000000355, 1.454999999999999849, 1.212867965644033985 ) ) ;
#6278 = VERTEX_POINT ( 'NONE', #7334 ) ;
#6279 = DIRECTION ( 'NONE',  ( -0.000000000000000000, -0.000000000000000000, -1.000000000000000000 ) ) ;
#6280 = EDGE_CURVE ( 'NONE', #4265, #5180, #4355, .T. ) ;
#6281 = LINE ( 'NONE', #1707, #7929 ) ;
#6282 = ORIENTED_EDGE ( 'NONE', *, *, #3818, .F. ) ;
#6283 = DIRECTION ( 'NONE',  ( 1.000000000000000000, 0.000000000000000000, 0.000000000000000000 ) ) ;
#6284 = CARTESIAN_POINT ( 'NONE',  ( 3.525000000000002132, 0.4800000000000000377, 2.024999999999999911 ) ) ;
#6285 = VERTEX_POINT ( 'NONE', #297 ) ;
#6287 = DIRECTION ( 'NONE',  ( 1.734723475976806306E-15, -1.000000000000000000, 0.000000000000000000 ) ) ;
#6286 = DIRECTION ( 'NONE',  ( -0.000000000000000000, 1.000000000000000000, -0.000000000000000000 ) ) ;
#6288 = ORIENTED_EDGE ( 'NONE', *, *, #9333, .F. ) ;
#6289 = ORIENTED_EDGE ( 'NONE', *, *, #9184, .T. ) ;
#6290 = FACE_OUTER_BOUND ( 'NONE', #4939, .T. ) ;
#6291 = ORIENTED_EDGE ( 'NONE', *, *, #3192, .F. ) ;
#6292 = VECTOR ( 'NONE', #9882, 1000.000000000000000 ) ;
#6293 = ORIENTED_EDGE ( 'NONE', *, *, #2297, .F. ) ;
#6294 = PLANE ( 'NONE',  #5350 ) ;
#6295 = DIRECTION ( 'NONE',  ( 0.000000000000000000, 0.000000000000000000, 1.000000000000000000 ) ) ;
#6296 = AXIS2_PLACEMENT_3D ( 'NONE', #4228, #902, #8872 ) ;
#6297 = FACE_OUTER_BOUND ( 'NONE', #2070, .T. ) ;
#6298 = APPLICATION_PROTOCOL_DEFINITION ( 'draft international standard', 'automotive_design', 1998, #2227 ) ;
#6299 = FACE_OUTER_BOUND ( 'NONE', #5220, .T. ) ;
#6300 = DIRECTION ( 'NONE',  ( -0.000000000000000000, 0.000000000000000000, 1.000000000000000000 ) ) ;
#6301 = ORIENTED_EDGE ( 'NONE', *, *, #680, .F. ) ;
#6302 = ORIENTED_EDGE ( 'NONE', *, *, #7802, .F. ) ;
#6303 = AXIS2_PLACEMENT_3D ( 'NONE', #7288, #2624, #1684 ) ;
#6304 = ORIENTED_EDGE ( 'NONE', *, *, #7154, .F. ) ;
#6305 = CLOSED_SHELL ( 'NONE', ( #5604, #4821, #5713, #4963, #136, #7564, #25, #1445, #8972, #294, #2282, #3209, #8129, #1870, #9368, #9504, #1557, #9648, #717, #4832, #3895, #4345, #9261, #8128, #6624, #7229, #8477, #4026, #6893, #2477, #954, #9115, #989, #4025, #9334, #2211, #7847, #7155, #1432, #2537, #4747, #2414, #1993, #3118, #5397, #1935, #6474, #385, #1316, #8518, #7967, #1501, #2150, #866, #5339, #4976, #255, #6746, #7337, #254, #10046, #5896, #8400, #1012, #5792, #8756, #6450, #1233, #3432, #4835, #3621, #6247, #8783, #3847, #324, #3208, #3558, #369, #4203, #1619, #1374, #3220, #2418, #6563, #1695, #1948, #5482, #1016, #4154, #3692, #350, #17, #3963, #3441, #8375, #5840, #5075, #9401, #3666, #2613, #9924, #7017, #8413, #9548, #5512, #3338, #8189, #1802, #3947, #4399, #4517, #743, #8327, #8810, #3772, #6665, #5355, #2225, #6890, #5830, #1375, #1073, #1709, #3783, #2905, #6375, #7417, #1449, #6340, #9151, #3335, #252, #9002, #3442, #8077, #10083, #3360, #4666, #5062, #4585, #2050, #2283, #6823, #4715, #3088, #6156, #8531, #6981, #3518, #1561, #9557, #7277, #7878, #2642, #2589, #3392, #2994, #3836, #2484, #9443, #2707, #253, #2696, #7728, #9678, #7607, #5546, #5137, #3018, #1373, #4261, #2523, #3570, #5263, #7563, #1130, #8714, #9335, #8712, #3280, #3647, #6967, #9535, #2549, #7578, #2419, #7336, #1762, #4121, #2355, #6085, #121, #9938, #1262, #1620, #2694, #2827, #5941, #3573, #5595, #5341, #1632, #6269, #6509, #1945, #4572, #9283, #3134, #4193, #9747, #6735, #4317, #3997, #7657, #3706, #9977, #6441, #768, #9684, #5779, #9682, #3882, #4149, #2708, #9518, #9427, #8329, #6204, #1505, #6097, #5965, #6395, #3508, #4529, #4056, #7966, #3148, #8466, #6903 ) ) ;
#6306 = VECTOR ( 'NONE', #9511, 1000.000000000000000 ) ;
#6307 = DIRECTION ( 'NONE',  ( 0.000000000000000000, 0.000000000000000000, 1.000000000000000000 ) ) ;
#6308 = FACE_OUTER_BOUND ( 'NONE', #1283, .T. ) ;
#6309 = ORIENTED_EDGE ( 'NONE', *, *, #5021, .F. ) ;
#6310 = DIRECTION ( 'NONE',  ( -1.000000000000000000, 0.000000000000000000, 0.000000000000000000 ) ) ;
#6311 = LINE ( 'NONE', #7754, #2396 ) ;
#6312 = CARTESIAN_POINT ( 'NONE',  ( -5.724999999999999645, 0.2999999999999999889, -2.824999999999999734 ) ) ;
#6313 = CARTESIAN_POINT ( 'NONE',  ( -7.375000000000000888, 1.719999999999999529, 1.949999999999998623 ) ) ;
#6314 = VECTOR ( 'NONE', #4658, 1000.000000000000000 ) ;
#6315 = EDGE_CURVE ( 'NONE', #7294, #8435, #3204, .T. ) ;
#6316 = VERTEX_POINT ( 'NONE', #5179 ) ;
#6317 = ORIENTED_EDGE ( 'NONE', *, *, #56, .T. ) ;
#6318 = VECTOR ( 'NONE', #1087, 1000.000000000000000 ) ;
#6319 = AXIS2_PLACEMENT_3D ( 'NONE', #174, #3257, #6370 ) ;
#6320 = DIRECTION ( 'NONE',  ( 0.000000000000000000, 0.000000000000000000, -1.000000000000000000 ) ) ;
#6321 = DIRECTION ( 'NONE',  ( -2.403995947861434526E-16, 1.000000000000000000, 0.000000000000000000 ) ) ;
#6322 = DIRECTION ( 'NONE',  ( 1.000000000000000000, 0.000000000000000000, -0.000000000000000000 ) ) ;
#6323 = LINE ( 'NONE', #2546, #1380 ) ;
#6324 = EDGE_CURVE ( 'NONE', #5208, #2995, #3437, .T. ) ;
#6325 = VECTOR ( 'NONE', #8737, 1000.000000000000000 ) ;
#6326 = CARTESIAN_POINT ( 'NONE',  ( -5.525000000000000355, 0.000000000000000000, -2.024999999999999911 ) ) ;
#6327 = EDGE_CURVE ( 'NONE', #3275, #1281, #9646, .T. ) ;
#6328 = VECTOR ( 'NONE', #4631, 1000.000000000000114 ) ;
#6329 = ORIENTED_EDGE ( 'NONE', *, *, #3404, .F. ) ;
#6330 = VERTEX_POINT ( 'NONE', #1891 ) ;
#6331 = CARTESIAN_POINT ( 'NONE',  ( -1.974999999999999867, 0.000000000000000000, -2.024999999999999911 ) ) ;
#6332 = VECTOR ( 'NONE', #9199, 1000.000000000000000 ) ;
#6333 = LINE ( 'NONE', #4031, #4931 ) ;
#6334 = CARTESIAN_POINT ( 'NONE',  ( -5.525000000000000355, 0.7800000000000001377, 0.06499999999999994671 ) ) ;
#6335 = ORIENTED_EDGE ( 'NONE', *, *, #4514, .F. ) ;
#6336 = EDGE_CURVE ( 'NONE', #6709, #2105, #5029, .T. ) ;
#6338 = CARTESIAN_POINT ( 'NONE',  ( -5.724999999999999645, 1.080000000000000071, 1.378567737020260031 ) ) ;
#6337 = DIRECTION ( 'NONE',  ( 0.000000000000000000, -1.000000000000000000, 0.000000000000000000 ) ) ;
#6339 = EDGE_CURVE ( 'NONE', #3610, #1625, #2726, .T. ) ;
#6340 = ADVANCED_FACE ( 'NONE', ( #3779 ), #6955, .T. ) ;
#6341 = ORIENTED_EDGE ( 'NONE', *, *, #5813, .T. ) ;
#6342 = VERTEX_POINT ( 'NONE', #10091 ) ;
#6343 = DIRECTION ( 'NONE',  ( 0.000000000000000000, -1.000000000000000000, 0.000000000000000000 ) ) ;
#6344 = DIRECTION ( 'NONE',  ( 0.000000000000000000, 1.000000000000000000, -0.000000000000000000 ) ) ;
#6345 = CARTESIAN_POINT ( 'NONE',  ( 1.250000000000000000, 0.5500000000000010436, 2.024999999999999911 ) ) ;
#6346 = ITEM_DEFINED_TRANSFORMATION ( 'NONE', 'NONE', #8307,  #1950 ) ;
#6347 = VECTOR ( 'NONE', #9843, 1000.000000000000000 ) ;
#6348 = CARTESIAN_POINT ( 'NONE',  ( 3.625000000000002220, 0.8499999999999992006, 1.949999999999999289 ) ) ;
#6349 = EDGE_CURVE ( 'NONE', #5856, #7979, #3119, .T. ) ;
#6350 = ORIENTED_EDGE ( 'NONE', *, *, #47, .F. ) ;
#6351 = ORIENTED_EDGE ( 'NONE', *, *, #5408, .F. ) ;
#6352 = PLANE ( 'NONE',  #4741 ) ;
#6353 = LINE ( 'NONE', #4873, #1959 ) ;
#6354 = EDGE_LOOP ( 'NONE', ( #9044, #1658, #2972, #7153 ) ) ;
#6355 = CARTESIAN_POINT ( 'NONE',  ( -7.375000000000000888, 1.559999999999999609, 1.864999999999999547 ) ) ;
#6356 = CARTESIAN_POINT ( 'NONE',  ( -1.974999999999999867, 1.030000000000000027, -2.024999999999999911 ) ) ;
#6357 = ORIENTED_EDGE ( 'NONE', *, *, #2811, .T. ) ;
#6358 = CARTESIAN_POINT ( 'NONE',  ( -1.974999999999999867, 2.085000000000000409, 2.024999999999999911 ) ) ;
#6359 = ORIENTED_EDGE ( 'NONE', *, *, #10063, .F. ) ;
#6360 = ORIENTED_EDGE ( 'NONE', *, *, #4381, .F. ) ;
#6361 = VECTOR ( 'NONE', #5986, 1000.000000000000227 ) ;
#6362 = CARTESIAN_POINT ( 'NONE',  ( 3.625000000000002220, 2.209999999999999520, 0.06499999999999994671 ) ) ;
#6363 = CARTESIAN_POINT ( 'NONE',  ( -5.724999999999999645, 0.000000000000000000, 0.000000000000000000 ) ) ;
#6364 =( GEOMETRIC_REPRESENTATION_CONTEXT ( 3 ) GLOBAL_UNCERTAINTY_ASSIGNED_CONTEXT ( ( #3056 ) ) GLOBAL_UNIT_ASSIGNED_CONTEXT ( ( #4808, #6497, #3423 ) ) REPRESENTATION_CONTEXT ( 'NONE', 'WORKASPACE' ) );
#6365 = LINE ( 'NONE', #889, #5652 ) ;
#6366 = CARTESIAN_POINT ( 'NONE',  ( 3.625000000000001332, 3.965000000000001634, 0.09499999999999966804 ) ) ;
#6367 = DIRECTION ( 'NONE',  ( 1.000000000000000000, -0.000000000000000000, -0.000000000000000000 ) ) ;
#6368 = LINE ( 'NONE', #4017, #2409 ) ;
#6369 = ORIENTED_EDGE ( 'NONE', *, *, #2356, .T. ) ;
#6370 = DIRECTION ( 'NONE',  ( 1.000000000000000000, -1.197572355469997778E-16, 0.000000000000000000 ) ) ;
#6371 = FACE_OUTER_BOUND ( 'NONE', #4906, .T. ) ;
#6372 = VECTOR ( 'NONE', #4611, 1000.000000000000000 ) ;
#6373 = VECTOR ( 'NONE', #9798, 1000.000000000000000 ) ;
#6374 = CARTESIAN_POINT ( 'NONE',  ( 3.625000000000002220, 1.474999999999999423, 1.949999999999999067 ) ) ;
#6375 = ADVANCED_FACE ( 'NONE', ( #4650 ), #5320, .T. ) ;
#6376 = DIRECTION ( 'NONE',  ( 1.000000000000000000, 0.000000000000000000, 0.000000000000000000 ) ) ;
#6377 = DIRECTION ( 'NONE',  ( -1.000000000000000000, 0.000000000000000000, -0.000000000000000000 ) ) ;
#6378 = CARTESIAN_POINT ( 'NONE',  ( -3.224999999999999645, 0.000000000000000000, -2.024999999999999911 ) ) ;
#6379 = DIRECTION ( 'NONE',  ( 1.000000000000000000, 0.000000000000000000, 0.000000000000000000 ) ) ;
#6380 = AXIS2_PLACEMENT_3D ( 'NONE', #2005, #6568, #8051 ) ;
#6381 = CARTESIAN_POINT ( 'NONE',  ( 4.125000000000001776, 2.209999999999999520, 1.975000000000001865 ) ) ;
#6382 = VERTEX_POINT ( 'NONE', #6189 ) ;
#6384 = CARTESIAN_POINT ( 'NONE',  ( -7.725000000000001421, 2.209999999999999520, 1.324999999999999734 ) ) ;
#6383 = CARTESIAN_POINT ( 'NONE',  ( 2.050000000000002487, 3.820000000000000728, -2.024999999999999911 ) ) ;
#6385 = VECTOR ( 'NONE', #3747, 1000.000000000000000 ) ;
#6386 = ORIENTED_EDGE ( 'NONE', *, *, #8273, .T. ) ;
#6387 = CARTESIAN_POINT ( 'NONE',  ( 3.750000000000001776, 3.500000000000000444, 0.000000000000000000 ) ) ;
#6388 = VERTEX_POINT ( 'NONE', #2416 ) ;
#6389 = VERTEX_POINT ( 'NONE', #6137 ) ;
#6390 = FACE_OUTER_BOUND ( 'NONE', #9305, .T. ) ;
#6391 = EDGE_CURVE ( 'NONE', #7428, #2831, #7059, .T. ) ;
#6392 = EDGE_CURVE ( 'NONE', #7661, #5630, #5531, .T. ) ;
#6393 = EDGE_CURVE ( 'NONE', #6285, #8563, #7779, .T. ) ;
#6394 = DIRECTION ( 'NONE',  ( 0.000000000000000000, 0.000000000000000000, -1.000000000000000000 ) ) ;
#6395 = ADVANCED_FACE ( 'NONE', ( #9257 ), #9353, .T. ) ;
#6396 = ITEM_DEFINED_TRANSFORMATION ( 'NONE', 'NONE', #2941,  #1950 ) ;
#6397 = CARTESIAN_POINT ( 'NONE',  ( 10.37500000000000000, 1.030000000000000027, 0.000000000000000000 ) ) ;
#6398 = EDGE_LOOP ( 'NONE', ( #3078, #5882, #2061, #8549, #8742, #9704 ) ) ;
#6399 = ORIENTED_EDGE ( 'NONE', *, *, #8649, .F. ) ;
#6400 = VECTOR ( 'NONE', #2259, 1000.000000000000000 ) ;
#6401 = VERTEX_POINT ( 'NONE', #1613 ) ;
#6402 = ORIENTED_EDGE ( 'NONE', *, *, #7845, .T. ) ;
#6403 = EDGE_CURVE ( 'NONE', #7448, #7220, #8489, .T. ) ;
#6404 = DIRECTION ( 'NONE',  ( 1.000000000000000000, 0.000000000000000000, 0.000000000000000000 ) ) ;
#6405 = LINE ( 'NONE', #2531, #291 ) ;
#6406 = AXIS2_PLACEMENT_3D ( 'NONE', #6432, #849, #9486 ) ;
#6407 = VERTEX_POINT ( 'NONE', #8537 ) ;
#6408 = CARTESIAN_POINT ( 'NONE',  ( -11.62499999999999822, 1.030000000000000027, -1.464999999999999636 ) ) ;
#6409 = DIRECTION ( 'NONE',  ( 1.000000000000000000, 0.000000000000000000, 0.000000000000000000 ) ) ;
#6410 = VERTEX_POINT ( 'NONE', #7012 ) ;
#6411 = ORIENTED_EDGE ( 'NONE', *, *, #3147, .T. ) ;
#6412 = ORIENTED_EDGE ( 'NONE', *, *, #1730, .T. ) ;
#6413 = CARTESIAN_POINT ( 'NONE',  ( -6.349999999999999645, 3.325000000000000178, 2.024999999999999911 ) ) ;
#6414 = LINE ( 'NONE', #9519, #2733 ) ;
#6415 = CARTESIAN_POINT ( 'NONE',  ( 0.000000000000000000, 1.855000000000000204, 1.824999999999999289 ) ) ;
#6416 = DIRECTION ( 'NONE',  ( -0.000000000000000000, -0.7071067811865491270, -0.7071067811865459074 ) ) ;
#6417 = SURFACE_SIDE_STYLE ('',( #6570 ) ) ;
#6418 = FACE_OUTER_BOUND ( 'NONE', #5835, .T. ) ;
#6419 = VECTOR ( 'NONE', #9197, 1000.000000000000000 ) ;
#6420 = AXIS2_PLACEMENT_3D ( 'NONE', #7641, #7480, #553 ) ;
#6421 = PLANE ( 'NONE',  #7767 ) ;
#6422 = EDGE_LOOP ( 'NONE', ( #2434, #1487, #5092, #3086, #1179 ) ) ;
#6423 = CARTESIAN_POINT ( 'NONE',  ( 3.750000000000000000, 1.855000000000000204, 0.06499999999999994671 ) ) ;
#6424 = ORIENTED_EDGE ( 'NONE', *, *, #821, .T. ) ;
#6425 = EDGE_CURVE ( 'NONE', #3985, #5862, #9202, .T. ) ;
#6426 = ORIENTED_EDGE ( 'NONE', *, *, #5470, .T. ) ;
#6427 = CARTESIAN_POINT ( 'NONE',  ( 3.750000000000000000, 1.630000000000001226, 0.06499999999999994671 ) ) ;
#6428 = EDGE_CURVE ( 'NONE', #7118, #6388, #4176, .T. ) ;
#6429 = VECTOR ( 'NONE', #1705, 1000.000000000000000 ) ;
#6430 = DIRECTION ( 'NONE',  ( 0.000000000000000000, 0.000000000000000000, 1.000000000000000000 ) ) ;
#6431 = DIRECTION ( 'NONE',  ( 0.000000000000000000, -1.000000000000000000, 0.000000000000000000 ) ) ;
#6432 = CARTESIAN_POINT ( 'NONE',  ( 7.875000000000000000, 0.000000000000000000, -1.464999999999999636 ) ) ;
#6433 = CARTESIAN_POINT ( 'NONE',  ( -7.605000000000000426, 2.209999999999998188, -0.2750000000000000777 ) ) ;
#6434 = ORIENTED_EDGE ( 'NONE', *, *, #9074, .T. ) ;
#6435 = LINE ( 'NONE', #4078, #4359 ) ;
#6436 = ORIENTED_EDGE ( 'NONE', *, *, #1304, .T. ) ;
#6437 = VECTOR ( 'NONE', #6178, 1000.000000000000000 ) ;
#6438 = ORIENTED_EDGE ( 'NONE', *, *, #6813, .F. ) ;
#6439 = LINE ( 'NONE', #1195, #7159 ) ;
#6440 = EDGE_CURVE ( 'NONE', #6772, #1740, #7112, .T. ) ;
#6441 = ADVANCED_FACE ( 'NONE', ( #1410 ), #4129, .F. ) ;
#6442 = ORIENTED_EDGE ( 'NONE', *, *, #4702, .T. ) ;
#6443 = ORIENTED_EDGE ( 'NONE', *, *, #7280, .T. ) ;
#6444 = PRESENTATION_STYLE_ASSIGNMENT (( #1721 ) ) ;
#6445 = FACE_OUTER_BOUND ( 'NONE', #2055, .T. ) ;
#6446 = ITEM_DEFINED_TRANSFORMATION ( 'NONE', 'NONE', #2452,  #1950 ) ;
#6447 = VERTEX_POINT ( 'NONE', #7266 ) ;
#6448 = ORIENTED_EDGE ( 'NONE', *, *, #5696, .F. ) ;
#6449 = AXIS2_PLACEMENT_3D ( 'NONE', #5047, #9726, #7312 ) ;
#6450 = ADVANCED_FACE ( 'NONE', ( #226 ), #2608, .T. ) ;
#6451 = ORIENTED_EDGE ( 'NONE', *, *, #8883, .F. ) ;
#6452 = VERTEX_POINT ( 'NONE', #4955 ) ;
#6453 = DIRECTION ( 'NONE',  ( -1.000000000000000000, 0.000000000000000000, 0.000000000000000000 ) ) ;
#6454 = FACE_OUTER_BOUND ( 'NONE', #6703, .T. ) ;
#6455 = DIRECTION ( 'NONE',  ( 0.000000000000000000, 0.000000000000000000, 1.000000000000000000 ) ) ;
#6456 = ORIENTED_EDGE ( 'NONE', *, *, #4141, .T. ) ;
#6457 = CARTESIAN_POINT ( 'NONE',  ( -7.605000000000000426, 0.8499999999999992006, 1.949999999999999289 ) ) ;
#6458 = ORIENTED_EDGE ( 'NONE', *, *, #7280, .F. ) ;
#6459 = EDGE_CURVE ( 'NONE', #8296, #3991, #8125, .T. ) ;
#6460 = EDGE_CURVE ( 'NONE', #1099, #8669, #907, .T. ) ;
#6461 = EDGE_CURVE ( 'NONE', #6558, #6285, #9084, .T. ) ;
#6462 = VECTOR ( 'NONE', #1332, 1000.000000000000000 ) ;
#6463 = EDGE_LOOP ( 'NONE', ( #7425, #811, #6028, #7101 ) ) ;
#6464 = DIRECTION ( 'NONE',  ( 0.000000000000000000, -1.000000000000000000, 0.000000000000000000 ) ) ;
#6465 = VECTOR ( 'NONE', #4302, 1000.000000000000000 ) ;
#6466 = CARTESIAN_POINT ( 'NONE',  ( -7.375000000000000000, 3.500000000000000444, -1.334999999999999742 ) ) ;
#6467 = FACE_OUTER_BOUND ( 'NONE', #605, .T. ) ;
#6468 = CARTESIAN_POINT ( 'NONE',  ( -5.800000000000000711, 3.820000000000000728, -1.224999999999999867 ) ) ;
#6469 = AXIS2_PLACEMENT_3D ( 'NONE', #4988, #261, #9521 ) ;
#6470 = DIRECTION ( 'NONE',  ( -1.000000000000000000, 0.000000000000000000, 0.000000000000000000 ) ) ;
#6471 = DIRECTION ( 'NONE',  ( 0.000000000000000000, 0.000000000000000000, -1.000000000000000000 ) ) ;
#6472 = ORIENTED_EDGE ( 'NONE', *, *, #4273, .F. ) ;
#6473 = DIRECTION ( 'NONE',  ( 0.000000000000000000, 1.000000000000000000, 0.000000000000000000 ) ) ;
#6474 = ADVANCED_FACE ( 'NONE', ( #4034 ), #6541, .F. ) ;
#6475 = CARTESIAN_POINT ( 'NONE',  ( -4.474999999999999645, 0.7799999999999999156, 0.06499999999999994671 ) ) ;
#6476 = VERTEX_POINT ( 'NONE', #6383 ) ;
#6477 = DIRECTION ( 'NONE',  ( 0.000000000000000000, -0.000000000000000000, 1.000000000000000000 ) ) ;
#6478 = VERTEX_POINT ( 'NONE', #9489 ) ;
#6479 = CARTESIAN_POINT ( 'NONE',  ( -0.5250000000000002442, 0.000000000000000000, 2.024999999999999911 ) ) ;
#6480 = VECTOR ( 'NONE', #3172, 1000.000000000000000 ) ;
#6481 = CIRCLE ( 'NONE', #3381, 0.08500000000000000611 ) ;
#6482 = CARTESIAN_POINT ( 'NONE',  ( 3.625000000000002220, 0.000000000000000000, 1.975000000000001865 ) ) ;
#6483 = FACE_OUTER_BOUND ( 'NONE', #4443, .T. ) ;
#6484 = DIRECTION ( 'NONE',  ( 0.000000000000000000, -1.000000000000000000, 0.000000000000000000 ) ) ;
#6485 = CARTESIAN_POINT ( 'NONE',  ( 3.750000000000001776, 3.500000000000000444, 0.09499999999999966804 ) ) ;
#6486 = CIRCLE ( 'NONE', #761, 0.1499999999999999667 ) ;
#6487 = CARTESIAN_POINT ( 'NONE',  ( 0.3125000000000002776, 2.255000000000000338, 2.024999999999999911 ) ) ;
#6488 = VERTEX_POINT ( 'NONE', #8267 ) ;
#6490 = LINE ( 'NONE', #4181, #597 ) ;
#6489 = CARTESIAN_POINT ( 'NONE',  ( 2.689999999999999503, 3.240000000000001101, -1.224999999999999867 ) ) ;
#6491 = ORIENTED_EDGE ( 'NONE', *, *, #8586, .F. ) ;
#6492 = DIRECTION ( 'NONE',  ( 1.000000000000000000, 0.000000000000000000, 0.000000000000000000 ) ) ;
#6493 = EDGE_LOOP ( 'NONE', ( #512, #9500, #7681, #4103, #8751 ) ) ;
#6494 = ORIENTED_EDGE ( 'NONE', *, *, #2276, .F. ) ;
#6495 = VECTOR ( 'NONE', #1049, 1000.000000000000000 ) ;
#6496 = VECTOR ( 'NONE', #6617, 1000.000000000000000 ) ;
#6497 =( NAMED_UNIT ( * ) PLANE_ANGLE_UNIT ( ) SI_UNIT ( $, .RADIAN. ) );
#6498 = CARTESIAN_POINT ( 'NONE',  ( -5.724999999999999645, 0.01500000000000050078, -0.01500000000000050078 ) ) ;
#6499 = LINE ( 'NONE', #1928, #7161 ) ;
#6500 = EDGE_CURVE ( 'NONE', #7389, #6090, #7512, .T. ) ;
#6501 = ORIENTED_EDGE ( 'NONE', *, *, #6594, .T. ) ;
#6502 = ORIENTED_EDGE ( 'NONE', *, *, #8143, .T. ) ;
#6503 = VECTOR ( 'NONE', #4386, 1000.000000000000000 ) ;
#6504 = VERTEX_POINT ( 'NONE', #483 ) ;
#6505 = ORIENTED_EDGE ( 'NONE', *, *, #3559, .F. ) ;
#6506 = DIRECTION ( 'NONE',  ( 0.000000000000000000, -7.950815931560366901E-15, -1.000000000000000000 ) ) ;
#6507 = VECTOR ( 'NONE', #3912, 1000.000000000000000 ) ;
#6508 = DIRECTION ( 'NONE',  ( 0.000000000000000000, -0.000000000000000000, -1.000000000000000000 ) ) ;
#6509 = ADVANCED_FACE ( 'NONE', ( #6794 ), #2917, .T. ) ;
#6510 = EDGE_LOOP ( 'NONE', ( #2772, #3876, #4604, #2364 ) ) ;
#6511 = CARTESIAN_POINT ( 'NONE',  ( 5.000000000000000000, 1.855000000000000204, 1.824999999999999289 ) ) ;
#6512 = DIRECTION ( 'NONE',  ( 0.000000000000000000, 0.000000000000000000, 1.000000000000000000 ) ) ;
#6513 = ORIENTED_EDGE ( 'NONE', *, *, #4761, .F. ) ;
#6514 = LINE ( 'NONE', #4360, #6003 ) ;
#6515 = DIRECTION ( 'NONE',  ( -0.000000000000000000, -0.000000000000000000, 1.000000000000000000 ) ) ;
#6516 = EDGE_CURVE ( 'NONE', #2931, #1568, #9086, .T. ) ;
#6517 = EDGE_CURVE ( 'NONE', #337, #5625, #2699, .T. ) ;
#6518 = EDGE_CURVE ( 'NONE', #9201, #10015, #5051, .T. ) ;
#6519 = LINE ( 'NONE', #1078, #1756 ) ;
#6520 = EDGE_CURVE ( 'NONE', #8723, #3985, #27, .T. ) ;
#6521 = PLANE ( 'NONE',  #6469 ) ;
#6522 = CARTESIAN_POINT ( 'NONE',  ( 2.187500000000001776, 0.000000000000000000, 0.06499999999999994671 ) ) ;
#6523 = CARTESIAN_POINT ( 'NONE',  ( 4.125000000000001776, 1.030000000000000027, -2.024999999999999911 ) ) ;
#6524 = VERTEX_POINT ( 'NONE', #8424 ) ;
#6525 = ORIENTED_EDGE ( 'NONE', *, *, #5410, .F. ) ;
#6526 = CARTESIAN_POINT ( 'NONE',  ( -0.7249999999999999778, 1.630000000000000782, 0.06499999999999994671 ) ) ;
#6527 = ORIENTED_EDGE ( 'NONE', *, *, #2474, .T. ) ;
#6528 = DIRECTION ( 'NONE',  ( -0.000000000000000000, 1.000000000000000000, 0.000000000000000000 ) ) ;
#6529 = ORIENTED_EDGE ( 'NONE', *, *, #5206, .F. ) ;
#6530 = CARTESIAN_POINT ( 'NONE',  ( -5.525000000000000355, 1.080000000000000071, 0.000000000000000000 ) ) ;
#6531 = VECTOR ( 'NONE', #10055, 1000.000000000000000 ) ;
#6532 = EDGE_CURVE ( 'NONE', #5537, #7028, #8627, .T. ) ;
#6533 = DIRECTION ( 'NONE',  ( 0.000000000000000000, -0.000000000000000000, -1.000000000000000000 ) ) ;
#6534 = DIRECTION ( 'NONE',  ( -0.000000000000000000, 0.000000000000000000, 1.000000000000000000 ) ) ;
#6535 = AXIS2_PLACEMENT_3D ( 'NONE', #1200, #5110, #8379 ) ;
#6536 = PLANE ( 'NONE',  #4492 ) ;
#6537 = LINE ( 'NONE', #6378, #5797 ) ;
#6538 = DIRECTION ( 'NONE',  ( 1.000000000000000000, 0.000000000000000000, 0.000000000000000000 ) ) ;
#6539 = CARTESIAN_POINT ( 'NONE',  ( -7.875000000000000000, 0.3399999999999997469, -1.464999999999999636 ) ) ;
#6540 = ORIENTED_EDGE ( 'NONE', *, *, #7761, .T. ) ;
#6542 = CARTESIAN_POINT ( 'NONE',  ( 4.125000000000001776, 2.209999999999999520, 1.975000000000001865 ) ) ;
#6541 = PLANE ( 'NONE',  #4684 ) ;
#6543 = ORIENTED_EDGE ( 'NONE', *, *, #8022, .T. ) ;
#6544 = VECTOR ( 'NONE', #2174, 1000.000000000000000 ) ;
#6545 = CARTESIAN_POINT ( 'NONE',  ( 0.9375000000000008882, 1.855000000000000204, 0.06499999999999994671 ) ) ;
#6546 = ORIENTED_EDGE ( 'NONE', *, *, #8507, .T. ) ;
#6547 = DIRECTION ( 'NONE',  ( 0.000000000000000000, -0.000000000000000000, 1.000000000000000000 ) ) ;
#6548 = VECTOR ( 'NONE', #1748, 1000.000000000000000 ) ;
#6549 = PLANE ( 'NONE',  #5524 ) ;
#6550 = ORIENTED_EDGE ( 'NONE', *, *, #441, .T. ) ;
#6551 = DIRECTION ( 'NONE',  ( -0.000000000000000000, -0.000000000000000000, 1.000000000000000000 ) ) ;
#6552 = VERTEX_POINT ( 'NONE', #738 ) ;
#6553 = VERTEX_POINT ( 'NONE', #3014 ) ;
#6554 = ORIENTED_EDGE ( 'NONE', *, *, #8644, .F. ) ;
#6555 = CARTESIAN_POINT ( 'NONE',  ( -7.375000000000000888, 0.000000000000000000, 2.024999999999999911 ) ) ;
#6556 = VERTEX_POINT ( 'NONE', #1603 ) ;
#6557 = FACE_OUTER_BOUND ( 'NONE', #9840, .T. ) ;
#6558 = VERTEX_POINT ( 'NONE', #6277 ) ;
#6559 = VECTOR ( 'NONE', #2281, 1000.000000000000000 ) ;
#6560 = ORIENTED_EDGE ( 'NONE', *, *, #2776, .T. ) ;
#6561 = EDGE_CURVE ( 'NONE', #6278, #6476, #7723, .T. ) ;
#6562 = VERTEX_POINT ( 'NONE', #3814 ) ;
#6563 = ADVANCED_FACE ( 'NONE', ( #4744 ), #6071, .T. ) ;
#6564 = DIRECTION ( 'NONE',  ( -1.000000000000000000, 0.000000000000000000, -0.000000000000000000 ) ) ;
#6565 = VECTOR ( 'NONE', #6283, 1000.000000000000000 ) ;
#6566 = CARTESIAN_POINT ( 'NONE',  ( -3.749999999999998224, 0.7800000000000006928, 0.06499999999999994671 ) ) ;
#6567 =( NAMED_UNIT ( * ) SI_UNIT ( $, .STERADIAN. ) SOLID_ANGLE_UNIT ( ) );
#6568 = DIRECTION ( 'NONE',  ( -1.000000000000000000, 0.000000000000000000, 0.000000000000000000 ) ) ;
#6569 = ORIENTED_EDGE ( 'NONE', *, *, #8037, .F. ) ;
#6570 = SURFACE_STYLE_FILL_AREA ( #932 ) ;
#6571 = DIRECTION ( 'NONE',  ( 0.000000000000000000, -1.000000000000000000, 5.706327223607912624E-16 ) ) ;
#6572 = ORIENTED_EDGE ( 'NONE', *, *, #1446, .F. ) ;
#6573 = ORIENTED_EDGE ( 'NONE', *, *, #8837, .T. ) ;
#6574 =( NAMED_UNIT ( * ) PLANE_ANGLE_UNIT ( ) SI_UNIT ( $, .RADIAN. ) );
#6575 = DIRECTION ( 'NONE',  ( 0.000000000000000000, -1.000000000000000000, 0.000000000000000000 ) ) ;
#6576 = DIRECTION ( 'NONE',  ( 1.000000000000000000, 0.000000000000000000, 0.000000000000000000 ) ) ;
#6577 = VERTEX_POINT ( 'NONE', #9342 ) ;
#6578 = ADVANCED_FACE ( 'NONE', ( #6123 ), #5519, .T. ) ;
#6579 = CARTESIAN_POINT ( 'NONE',  ( -6.439999999999997726, 3.240000000000001101, -2.024999999999999911 ) ) ;
#6580 = LINE ( 'NONE', #3652, #8609 ) ;
#6581 = DIRECTION ( 'NONE',  ( -1.000000000000000000, 0.000000000000000000, 0.000000000000000000 ) ) ;
#6582 = DIRECTION ( 'NONE',  ( 0.000000000000000000, -1.000000000000000000, 0.000000000000000000 ) ) ;
#6583 = CARTESIAN_POINT ( 'NONE',  ( -5.724999999999999645, 1.630000000000000560, -1.464999999999999636 ) ) ;
#6584 = VECTOR ( 'NONE', #7105, 1000.000000000000000 ) ;
#6585 = CARTESIAN_POINT ( 'NONE',  ( 1.975000000000001865, 1.855000000000000204, 0.06499999999999994671 ) ) ;
#6586 = DIRECTION ( 'NONE',  ( 0.000000000000000000, -0.000000000000000000, -1.000000000000000000 ) ) ;
#6587 = CARTESIAN_POINT ( 'NONE',  ( 3.625000000000002220, 0.4800000000000000377, 2.024999999999999911 ) ) ;
#6588 = CARTESIAN_POINT ( 'NONE',  ( -1.974999999999999867, 2.055000000000001048, 2.024999999999999911 ) ) ;
#6589 = ORIENTED_EDGE ( 'NONE', *, *, #4396, .T. ) ;
#6590 = CARTESIAN_POINT ( 'NONE',  ( -0.5250000000000002442, 1.855000000000000204, 0.06499999999999994671 ) ) ;
#6591 = ORIENTED_EDGE ( 'NONE', *, *, #4274, .F. ) ;
#6592 = EDGE_CURVE ( 'NONE', #9403, #3379, #9876, .T. ) ;
#6593 = LINE ( 'NONE', #7414, #1086 ) ;
#6594 = EDGE_CURVE ( 'NONE', #5210, #5430, #5415, .T. ) ;
#6595 = VECTOR ( 'NONE', #10013, 1000.000000000000000 ) ;
#6596 = EDGE_CURVE ( 'NONE', #8969, #7056, #9932, .T. ) ;
#6597 = ORIENTED_EDGE ( 'NONE', *, *, #286, .F. ) ;
#6598 = EDGE_LOOP ( 'NONE', ( #7565, #6979, #2560, #3, #100, #9412, #2206, #6601, #5851, #3802, #1121, #3942, #6434, #1009, #4205, #3178, #3095, #3099, #2075 ) ) ;
#6599 = CARTESIAN_POINT ( 'NONE',  ( -7.375000000000000888, 0.000000000000000000, -0.2750000000000000777 ) ) ;
#6600 = LINE ( 'NONE', #1057, #8619 ) ;
#6601 = ORIENTED_EDGE ( 'NONE', *, *, #730, .T. ) ;
#6602 = VECTOR ( 'NONE', #9347, 1000.000000000000000 ) ;
#6603 = ORIENTED_EDGE ( 'NONE', *, *, #2767, .T. ) ;
#6604 = ORIENTED_EDGE ( 'NONE', *, *, #3634, .F. ) ;
#6605 = ORIENTED_EDGE ( 'NONE', *, *, #624, .T. ) ;
#6606 = EDGE_CURVE ( 'NONE', #9285, #7844, #3868, .T. ) ;
#6607 = ORIENTED_EDGE ( 'NONE', *, *, #8649, .T. ) ;
#6608 = ORIENTED_EDGE ( 'NONE', *, *, #7673, .F. ) ;
#6609 = AXIS2_PLACEMENT_3D ( 'NONE', #9615, #6473, #1085 ) ;
#6610 = DIRECTION ( 'NONE',  ( 0.000000000000000000, -1.000000000000000000, 0.000000000000000000 ) ) ;
#6611 = ORIENTED_EDGE ( 'NONE', *, *, #4570, .T. ) ;
#6612 = CARTESIAN_POINT ( 'NONE',  ( 1.250000000000000000, 2.085000000000000409, -2.024999999999999911 ) ) ;
#6613 = DIRECTION ( 'NONE',  ( 0.000000000000000000, -1.626303258728255862E-15, -1.000000000000000000 ) ) ;
#6614 = EDGE_LOOP ( 'NONE', ( #2551, #4681, #6304, #6870 ) ) ;
#6615 = ORIENTED_EDGE ( 'NONE', *, *, #9736, .T. ) ;
#6616 = VECTOR ( 'NONE', #7209, 1000.000000000000000 ) ;
#6617 = DIRECTION ( 'NONE',  ( 1.000000000000000000, -0.000000000000000000, -0.000000000000000000 ) ) ;
#6618 = CARTESIAN_POINT ( 'NONE',  ( -7.875000000000000000, -0.000000000000000000, 2.024999999999999911 ) ) ;
#6619 = LINE ( 'NONE', #465, #1470 ) ;
#6620 = ORIENTED_EDGE ( 'NONE', *, *, #8274, .T. ) ;
#6621 = CARTESIAN_POINT ( 'NONE',  ( 4.125000000000001776, 2.400000000000000355, 2.024999999999999911 ) ) ;
#6622 = CARTESIAN_POINT ( 'NONE',  ( 3.855000000000002647, 1.112733808603542986E-15, 1.949999999999999956 ) ) ;
#6623 = ORIENTED_EDGE ( 'NONE', *, *, #797, .F. ) ;
#6624 = ADVANCED_FACE ( 'NONE', ( #3713 ), #5464, .T. ) ;
#6625 = AXIS2_PLACEMENT_3D ( 'NONE', #9428, #5561, #8675 ) ;
#6626 = EDGE_LOOP ( 'NONE', ( #8690, #2775, #5686, #6543, #1650 ) ) ;
#6627 = SURFACE_STYLE_FILL_AREA ( #5133 ) ;
#6628 = DIRECTION ( 'NONE',  ( -0.000000000000000000, -0.000000000000000000, 1.000000000000000000 ) ) ;
#6629 = ORIENTED_EDGE ( 'NONE', *, *, #4259, .F. ) ;
#6630 = CARTESIAN_POINT ( 'NONE',  ( -7.765000000000000568, 2.400000000000000355, 0.000000000000000000 ) ) ;
#6631 = ORIENTED_EDGE ( 'NONE', *, *, #1872, .F. ) ;
#6632 = VECTOR ( 'NONE', #1497, 1000.000000000000000 ) ;
#6633 = PLANE ( 'NONE',  #6653 ) ;
#6634 = CARTESIAN_POINT ( 'NONE',  ( -5.724999999999999645, 1.629999999999999893, 0.9136038969321070846 ) ) ;
#6635 = CLOSED_SHELL ( 'NONE', ( #2288, #9215, #5287, #7589, #2626, #2778, #2768, #5873, #8692, #1348, #2461, #3754, #3456, #7400, #8701, #7772, #1628, #7016, #5468, #1182, #2287 ) ) ;
#6636 = CARTESIAN_POINT ( 'NONE',  ( -3.437499999999999556, 2.255000000000000338, 2.024999999999999911 ) ) ;
#6637 = VECTOR ( 'NONE', #2632, 1000.000000000000000 ) ;
#6638 = CARTESIAN_POINT ( 'NONE',  ( -4.804399278668253004, 4.190000000000000391, -2.773821216833562087 ) ) ;
#6639 = LINE ( 'NONE', #2854, #1139 ) ;
#6640 = PLANE ( 'NONE',  #494 ) ;
#6641 = EDGE_CURVE ( 'NONE', #5065, #8036, #8572, .T. ) ;
#6642 = CARTESIAN_POINT ( 'NONE',  ( 3.265000000000002345, 4.120000000000000107, 0.000000000000000000 ) ) ;
#6643 = LINE ( 'NONE', #1146, #5650 ) ;
#6644 = EDGE_CURVE ( 'NONE', #5369, #6667, #4694, .T. ) ;
#6645 = VECTOR ( 'NONE', #1500, 1000.000000000000000 ) ;
#6646 = CARTESIAN_POINT ( 'NONE',  ( -7.605000000000000426, 0.7800000000000000266, -0.3250000000000000666 ) ) ;
#6647 = DIRECTION ( 'NONE',  ( -1.000000000000000000, 0.000000000000000000, 0.000000000000000000 ) ) ;
#6648 = VERTEX_POINT ( 'NONE', #2965 ) ;
#6649 = LINE ( 'NONE', #8071, #8120 ) ;
#6650 = VECTOR ( 'NONE', #4461, 1000.000000000000000 ) ;
#6651 = DIRECTION ( 'NONE',  ( -0.000000000000000000, -0.000000000000000000, 1.000000000000000000 ) ) ;
#6652 = ORIENTED_EDGE ( 'NONE', *, *, #919, .F. ) ;
#6653 = AXIS2_PLACEMENT_3D ( 'NONE', #8012, #8060, #4320 ) ;
#6654 = EDGE_CURVE ( 'NONE', #6648, #7474, #3910, .T. ) ;
#6655 = EDGE_CURVE ( 'NONE', #8324, #8463, #2403, .T. ) ;
#6656 = EDGE_CURVE ( 'NONE', #4735, #4872, #6891, .T. ) ;
#6657 = EDGE_CURVE ( 'NONE', #7500, #5114, #8480, .T. ) ;
#6658 = ORIENTED_EDGE ( 'NONE', *, *, #1107, .F. ) ;
#6659 = FACE_BOUND ( 'NONE', #3490, .T. ) ;
#6660 = ORIENTED_EDGE ( 'NONE', *, *, #7881, .T. ) ;
#6661 = ORIENTED_EDGE ( 'NONE', *, *, #9935, .F. ) ;
#6662 = CARTESIAN_POINT ( 'NONE',  ( -3.224999999999999645, 2.085000000000000409, 2.024999999999999911 ) ) ;
#6663 = LINE ( 'NONE', #6044, #3120 ) ;
#6664 = VECTOR ( 'NONE', #1205, 1000.000000000000000 ) ;
#6665 = ADVANCED_FACE ( 'NONE', ( #1754 ), #7151, .T. ) ;
#6666 = PLANE ( 'NONE',  #4899 ) ;
#6667 = VERTEX_POINT ( 'NONE', #2598 ) ;
#6668 = LINE ( 'NONE', #9752, #8095 ) ;
#6669 = VERTEX_POINT ( 'NONE', #8863 ) ;
#6670 = ORIENTED_EDGE ( 'NONE', *, *, #8768, .F. ) ;
#6671 = ORIENTED_EDGE ( 'NONE', *, *, #6644, .T. ) ;
#6672 = CARTESIAN_POINT ( 'NONE',  ( 3.855000000000002647, 1.759999999999999121, 1.274999999999999911 ) ) ;
#6673 = CARTESIAN_POINT ( 'NONE',  ( -5.724999999999999645, 1.080000000000000071, 0.000000000000000000 ) ) ;
#6674 = VERTEX_POINT ( 'NONE', #6526 ) ;
#6675 = LINE ( 'NONE', #9761, #9065 ) ;
#6676 = PLANE ( 'NONE',  #6962 ) ;
#6677 = ORIENTED_EDGE ( 'NONE', *, *, #502, .F. ) ;
#6678 = AXIS2_PLACEMENT_3D ( 'NONE', #4316, #8257, #1236 ) ;
#6679 = ORIENTED_EDGE ( 'NONE', *, *, #5696, .T. ) ;
#6680 = DIRECTION ( 'NONE',  ( -1.000000000000000000, 0.000000000000000000, 0.000000000000000000 ) ) ;
#6681 = ORIENTED_EDGE ( 'NONE', *, *, #1119, .F. ) ;
#6682 = ORIENTED_EDGE ( 'NONE', *, *, #5373, .T. ) ;
#6683 = PLANE ( 'NONE',  #3383 ) ;
#6684 = DIRECTION ( 'NONE',  ( 0.000000000000000000, -1.000000000000000000, -0.000000000000000000 ) ) ;
#6685 = EDGE_CURVE ( 'NONE', #3307, #6783, #1855, .T. ) ;
#6686 = CARTESIAN_POINT ( 'NONE',  ( -5.724999999999999645, 1.479999999999999982, 0.9136038969321059744 ) ) ;
#6687 = LINE ( 'NONE', #9773, #9683 ) ;
#6688 = CARTESIAN_POINT ( 'NONE',  ( -6.800000000000000711, 3.240000000000000657, -1.224999999999999867 ) ) ;
#6689 = DIRECTION ( 'NONE',  ( 0.000000000000000000, 0.000000000000000000, -1.000000000000000000 ) ) ;
#6690 = LINE ( 'NONE', #6019, #557 ) ;
#6691 = CARTESIAN_POINT ( 'NONE',  ( -7.375000000000000888, 1.009999999999999121, 1.949999999999999289 ) ) ;
#6692 = CARTESIAN_POINT ( 'NONE',  ( -5.724999999999999645, 1.302867965644034065, 1.302867965644036063 ) ) ;
#6693 = LINE ( 'NONE', #4330, #7594 ) ;
#6694 = ORIENTED_EDGE ( 'NONE', *, *, #5325, .T. ) ;
#6695 = DIRECTION ( 'NONE',  ( 1.000000000000000000, 0.000000000000000000, 0.000000000000000000 ) ) ;
#6696 = CARTESIAN_POINT ( 'NONE',  ( -6.349999999999999645, 3.325000000000000178, 0.06499999999999994671 ) ) ;
#6697 = VERTEX_POINT ( 'NONE', #122 ) ;
#6698 = EDGE_CURVE ( 'NONE', #5208, #6697, #4166, .T. ) ;
#6699 = EDGE_CURVE ( 'NONE', #4050, #349, #841, .T. ) ;
#6700 = AXIS2_PLACEMENT_3D ( 'NONE', #6313, #7809, #3899 ) ;
#6701 =( NAMED_UNIT ( * ) SI_UNIT ( $, .STERADIAN. ) SOLID_ANGLE_UNIT ( ) );
#6702 = CARTESIAN_POINT ( 'NONE',  ( -0.7249999999999999778, 1.855000000000000204, 0.06499999999999994671 ) ) ;
#6703 = EDGE_LOOP ( 'NONE', ( #3071, #5548, #7937, #7374 ) ) ;
#6704 = ORIENTED_EDGE ( 'NONE', *, *, #7995, .T. ) ;
#6705 = DIRECTION ( 'NONE',  ( 0.000000000000000000, 0.000000000000000000, -1.000000000000000000 ) ) ;
#6706 = ORIENTED_EDGE ( 'NONE', *, *, #1041, .F. ) ;
#6707 = ORIENTED_EDGE ( 'NONE', *, *, #6014, .T. ) ;
#6708 = LINE ( 'NONE', #9696, #7483 ) ;
#6709 = VERTEX_POINT ( 'NONE', #5567 ) ;
#6710 = EDGE_LOOP ( 'NONE', ( #7149, #8035, #5007, #3553, #3486, #1875 ) ) ;
#6711 = EDGE_CURVE ( 'NONE', #9231, #4045, #4029, .T. ) ;
#6712 = EDGE_CURVE ( 'NONE', #6782, #1647, #5753, .T. ) ;
#6713 = CARTESIAN_POINT ( 'NONE',  ( -6.924999999999999822, 3.325000000000000178, 0.06499999999999994671 ) ) ;
#6714 = VECTOR ( 'NONE', #4510, 1000.000000000000000 ) ;
#6715 = LINE ( 'NONE', #8948, #4135 ) ;
#6716 = VECTOR ( 'NONE', #1210, 1000.000000000000000 ) ;
#6717 = LINE ( 'NONE', #3527, #4071 ) ;
#6718 = CARTESIAN_POINT ( 'NONE',  ( -5.525000000000000355, 1.080000000000000071, 1.378567737020260031 ) ) ;
#6719 = DIRECTION ( 'NONE',  ( 1.000000000000000000, 0.000000000000000000, 0.000000000000000000 ) ) ;
#6720 = DIRECTION ( 'NONE',  ( 0.000000000000000000, 0.000000000000000000, -1.000000000000000000 ) ) ;
#6721 = VERTEX_POINT ( 'NONE', #75 ) ;
#6722 = VECTOR ( 'NONE', #5511, 1000.000000000000000 ) ;
#6723 = ORIENTED_EDGE ( 'NONE', *, *, #2342, .T. ) ;
#6724 = DIRECTION ( 'NONE',  ( 0.000000000000000000, -0.000000000000000000, -1.000000000000000000 ) ) ;
#6725 = FACE_OUTER_BOUND ( 'NONE', #3236, .T. ) ;
#6726 = CARTESIAN_POINT ( 'NONE',  ( -7.875000000000000000, 8.777094706955511913E-18, 0.09499999999999998723 ) ) ;
#6727 = AXIS2_PLACEMENT_3D ( 'NONE', #8610, #5501, #1536 ) ;
#6728 = DIRECTION ( 'NONE',  ( -1.000000000000000000, 0.000000000000000000, 0.000000000000000000 ) ) ;
#6729 = DIRECTION ( 'NONE',  ( 0.000000000000000000, 0.000000000000000000, 1.000000000000000000 ) ) ;
#6730 = ORIENTED_EDGE ( 'NONE', *, *, #1317, .T. ) ;
#6731 = VERTEX_POINT ( 'NONE', #9616 ) ;
#6732 = LINE ( 'NONE', #8916, #7113 ) ;
#6733 = LINE ( 'NONE', #1178, #3688 ) ;
#6734 = ORIENTED_EDGE ( 'NONE', *, *, #2155, .T. ) ;
#6735 = ADVANCED_FACE ( 'NONE', ( #4116 ), #3408, .T. ) ;
#6736 = DIRECTION ( 'NONE',  ( -1.000000000000000000, -1.197572355469997778E-16, 0.000000000000000000 ) ) ;
#6737 = DIRECTION ( 'NONE',  ( 1.000000000000000000, -0.000000000000000000, -0.000000000000000000 ) ) ;
#6738 = DIRECTION ( 'NONE',  ( 0.000000000000000000, -1.445602896647339508E-15, -1.000000000000000000 ) ) ;
#6739 = DIRECTION ( 'NONE',  ( -0.000000000000000000, -0.000000000000000000, 1.000000000000000000 ) ) ;
#6740 = DIRECTION ( 'NONE',  ( 0.000000000000000000, 0.000000000000000000, 1.000000000000000000 ) ) ;
#6741 = LINE ( 'NONE', #2855, #1795 ) ;
#6742 = CARTESIAN_POINT ( 'NONE',  ( -5.525000000000000355, 2.085000000000000409, -2.024999999999999467 ) ) ;
#6743 = LINE ( 'NONE', #4435, #3843 ) ;
#6744 = DIRECTION ( 'NONE',  ( -1.000000000000000000, -0.000000000000000000, -0.000000000000000000 ) ) ;
#6745 = LINE ( 'NONE', #9831, #1742 ) ;
#6746 = ADVANCED_FACE ( 'NONE', ( #9431 ), #215, .T. ) ;
#6747 = ORIENTED_EDGE ( 'NONE', *, *, #6592, .F. ) ;
#6748 = ORIENTED_EDGE ( 'NONE', *, *, #9389, .T. ) ;
#6749 = AXIS2_PLACEMENT_3D ( 'NONE', #1703, #175, #4377 ) ;
#6750 =( NAMED_UNIT ( * ) SI_UNIT ( $, .STERADIAN. ) SOLID_ANGLE_UNIT ( ) );
#6751 = PLANE ( 'NONE',  #4798 ) ;
#6752 = DIRECTION ( 'NONE',  ( 0.000000000000000000, 0.000000000000000000, -1.000000000000000000 ) ) ;
#6753 = VERTEX_POINT ( 'NONE', #6475 ) ;
#6754 = ORIENTED_EDGE ( 'NONE', *, *, #8837, .F. ) ;
#6756 = LINE ( 'NONE', #9099, #8617 ) ;
#6755 = CARTESIAN_POINT ( 'NONE',  ( -5.724999999999999645, 1.454999999999999849, 1.212867965644033985 ) ) ;
#6757 = ORIENTED_EDGE ( 'NONE', *, *, #6191, .F. ) ;
#6758 = VECTOR ( 'NONE', #1207, 1000.000000000000000 ) ;
#6759 = VERTEX_POINT ( 'NONE', #7916 ) ;
#6760 = CARTESIAN_POINT ( 'NONE',  ( -5.724999999999999645, 0.000000000000000000, 2.024999999999999911 ) ) ;
#6761 = EDGE_LOOP ( 'NONE', ( #3357, #602, #6031, #4711 ) ) ;
#6762 = ORIENTED_EDGE ( 'NONE', *, *, #9073, .F. ) ;
#6763 = LINE ( 'NONE', #3822, #1835 ) ;
#6764 = CARTESIAN_POINT ( 'NONE',  ( -4.290000000000042668, -7.334999999999998188, 2.024999999999999911 ) ) ;
#6765 = VECTOR ( 'NONE', #5049, 1000.000000000000000 ) ;
#6766 = VECTOR ( 'NONE', #425, 1000.000000000000000 ) ;
#6767 = CARTESIAN_POINT ( 'NONE',  ( 3.265000000000002345, 0.000000000000000000, -1.724999999999999867 ) ) ;
#6768 = CARTESIAN_POINT ( 'NONE',  ( 1.562500000000001332, 0.000000000000000000, 0.06499999999999994671 ) ) ;
#6769 = CARTESIAN_POINT ( 'NONE',  ( 0.7249999999999999778, 1.855000000000000204, 0.06499999999999994671 ) ) ;
#6770 = DIRECTION ( 'NONE',  ( -8.468115335143821308E-17, 0.7071067811865475727, 0.7071067811865474617 ) ) ;
#6771 = ORIENTED_EDGE ( 'NONE', *, *, #8085, .T. ) ;
#6772 = VERTEX_POINT ( 'NONE', #2550 ) ;
#6773 = DIRECTION ( 'NONE',  ( 2.168404344971008079E-15, 1.000000000000000000, 0.000000000000000000 ) ) ;
#6774 = EDGE_CURVE ( 'NONE', #2950, #8463, #6481, .T. ) ;
#6775 = EDGE_CURVE ( 'NONE', #8047, #4753, #6368, .T. ) ;
#6776 = LINE ( 'NONE', #4473, #5966 ) ;
#6777 = EDGE_CURVE ( 'NONE', #3593, #7242, #2504, .T. ) ;
#6778 = EDGE_CURVE ( 'NONE', #5958, #1933, #5661, .T. ) ;
#6779 = STYLED_ITEM ( 'NONE', ( #131 ), #5563 ) ;
#6780 = ORIENTED_EDGE ( 'NONE', *, *, #7236, .T. ) ;
#6781 = LINE ( 'NONE', #9123, #8738 ) ;
#6782 = VERTEX_POINT ( 'NONE', #1700 ) ;
#6783 = VERTEX_POINT ( 'NONE', #4844 ) ;
#6784 = PLANE ( 'NONE',  #4470 ) ;
#6785 = DIRECTION ( 'NONE',  ( -1.000000000000000000, 0.000000000000000000, 0.000000000000000000 ) ) ;
#6786 = DIRECTION ( 'NONE',  ( 0.000000000000000000, 1.000000000000000000, 0.000000000000000000 ) ) ;
#6787 = CARTESIAN_POINT ( 'NONE',  ( -1.775000000000000133, 0.000000000000000000, 0.06499999999999994671 ) ) ;
#6788 = VECTOR ( 'NONE', #8202, 1000.000000000000000 ) ;
#6789 = LINE ( 'NONE', #2799, #6232 ) ;
#6790 = DIRECTION ( 'NONE',  ( 0.000000000000000000, 0.000000000000000000, 1.000000000000000000 ) ) ;
#6791 = CARTESIAN_POINT ( 'NONE',  ( 3.855000000000002647, 1.559999999999999609, 1.864999999999999547 ) ) ;
#6792 = EDGE_CURVE ( 'NONE', #8934, #6904, #7961, .T. ) ;
#6793 = CARTESIAN_POINT ( 'NONE',  ( -3.749999999999998224, 2.085000000000000409, -2.024999999999999911 ) ) ;
#6795 = CARTESIAN_POINT ( 'NONE',  ( 1.250000000000000000, 1.855000000000000204, 0.06499999999999994671 ) ) ;
#6794 = FACE_OUTER_BOUND ( 'NONE', #5165, .T. ) ;
#6796 = VECTOR ( 'NONE', #9919, 1000.000000000000000 ) ;
#6797 = DIRECTION ( 'NONE',  ( -1.000000000000000000, 0.000000000000000000, 0.000000000000000000 ) ) ;
#6798 = VECTOR ( 'NONE', #1890, 1000.000000000000000 ) ;
#6799 = VERTEX_POINT ( 'NONE', #8821 ) ;
#6800 = DIRECTION ( 'NONE',  ( 0.000000000000000000, 0.000000000000000000, 1.000000000000000000 ) ) ;
#6801 = DIRECTION ( 'NONE',  ( 0.000000000000000000, 0.000000000000000000, 1.000000000000000000 ) ) ;
#6802 = AXIS2_PLACEMENT_3D ( 'NONE', #6846, #9188, #7680 ) ;
#6803 = DIRECTION ( 'NONE',  ( -0.000000000000000000, 0.7071067811865475727, -0.7071067811865475727 ) ) ;
#6804 = EDGE_LOOP ( 'NONE', ( #4281, #9502, #8161, #3439 ) ) ;
#6805 = EDGE_LOOP ( 'NONE', ( #8069, #8094, #2863, #8760 ) ) ;
#6807 = FACE_OUTER_BOUND ( 'NONE', #4143, .T. ) ;
#6806 = CARTESIAN_POINT ( 'NONE',  ( 3.224999999999998757, 0.1800000000000000488, 2.024999999999999911 ) ) ;
#6808 = ORIENTED_EDGE ( 'NONE', *, *, #5711, .F. ) ;
#6809 = LINE ( 'NONE', #5271, #622 ) ;
#6810 = VERTEX_POINT ( 'NONE', #1803 ) ;
#6811 = ORIENTED_EDGE ( 'NONE', *, *, #7094, .F. ) ;
#6812 = CARTESIAN_POINT ( 'NONE',  ( 3.525000000000002132, 2.209999999999999520, 0.000000000000000000 ) ) ;
#6813 = EDGE_CURVE ( 'NONE', #8963, #2377, #4941, .T. ) ;
#6814 = DIRECTION ( 'NONE',  ( -0.000000000000000000, 0.000000000000000000, 1.000000000000000000 ) ) ;
#6815 = EDGE_CURVE ( 'NONE', #7008, #9433, #3542, .T. ) ;
#6816 = LINE ( 'NONE', #2821, #159 ) ;
#6817 = LINE ( 'NONE', #399, #7367 ) ;
#6818 = CARTESIAN_POINT ( 'NONE',  ( -7.875000000000000000, 1.030000000000000027, -1.464999999999999636 ) ) ;
#6819 = PLANE ( 'NONE',  #5494 ) ;
#6820 = ORIENTED_EDGE ( 'NONE', *, *, #4837, .F. ) ;
#6821 = VECTOR ( 'NONE', #3596, 1000.000000000000000 ) ;
#6822 = ORIENTED_EDGE ( 'NONE', *, *, #8899, .T. ) ;
#6823 = ADVANCED_FACE ( 'NONE', ( #365 ), #5957, .T. ) ;
#6824 = AXIS2_PLACEMENT_3D ( 'NONE', #8319, #8268, #3606 ) ;
#6825 = EDGE_CURVE ( 'NONE', #6382, #3477, #8110, .T. ) ;
#6826 = DIRECTION ( 'NONE',  ( -0.000000000000000000, 0.000000000000000000, 1.000000000000000000 ) ) ;
#6827 = FACE_OUTER_BOUND ( 'NONE', #7041, .T. ) ;
#6828 = LINE ( 'NONE', #568, #8682 ) ;
#6829 = DIRECTION ( 'NONE',  ( 1.000000000000000000, 1.197572355469997778E-16, 0.000000000000000000 ) ) ;
#6830 = LINE ( 'NONE', #9230, #6796 ) ;
#6831 = EDGE_LOOP ( 'NONE', ( #2688, #6282, #5834, #3746 ) ) ;
#6832 = VERTEX_POINT ( 'NONE', #9767 ) ;
#6833 = CARTESIAN_POINT ( 'NONE',  ( -5.724999999999999645, 0.2250000000000000056, -1.584999999999999964 ) ) ;
#6834 = EDGE_LOOP ( 'NONE', ( #7413, #2128, #7630, #5257 ) ) ;
#6835 = EDGE_LOOP ( 'NONE', ( #7191, #3732, #3481, #5224 ) ) ;
#6836 = CARTESIAN_POINT ( 'NONE',  ( 1.975000000000001865, 1.855000000000000204, 0.06499999999999994671 ) ) ;
#6837 = EDGE_CURVE ( 'NONE', #337, #4581, #9068, .T. ) ;
#6838 = EDGE_CURVE ( 'NONE', #1136, #4624, #6733, .T. ) ;
#6839 = EDGE_CURVE ( 'NONE', #1666, #8047, #7502, .T. ) ;
#6840 = CARTESIAN_POINT ( 'NONE',  ( -7.875000000000000000, 1.903000000000000025, -2.024999999999999467 ) ) ;
#6841 = EDGE_CURVE ( 'NONE', #7605, #4336, #8306, .T. ) ;
#6842 = DIRECTION ( 'NONE',  ( 0.000000000000000000, 0.000000000000000000, 1.000000000000000000 ) ) ;
#6843 = LINE ( 'NONE', #4433, #4914 ) ;
#6844 = CARTESIAN_POINT ( 'NONE',  ( 3.625000000000001332, 0.000000000000000000, 0.000000000000000000 ) ) ;
#6845 = DIRECTION ( 'NONE',  ( -0.000000000000000000, -0.000000000000000000, 1.000000000000000000 ) ) ;
#6846 = CARTESIAN_POINT ( 'NONE',  ( 4.015000000000002345, 0.000000000000000000, 0.000000000000000000 ) ) ;
#6847 = VERTEX_POINT ( 'NONE', #1232 ) ;
#6848 = CARTESIAN_POINT ( 'NONE',  ( 3.050000000000003375, 3.820000000000000728, -1.224999999999999867 ) ) ;
#6849 = ORIENTED_EDGE ( 'NONE', *, *, #1829, .F. ) ;
#6850 = EDGE_CURVE ( 'NONE', #3174, #8378, #4992, .T. ) ;
#6851 = ORIENTED_EDGE ( 'NONE', *, *, #8198, .T. ) ;
#6852 = AXIS2_PLACEMENT_3D ( 'NONE', #1927, #542, #5876 ) ;
#6853 = DIRECTION ( 'NONE',  ( 1.000000000000000000, 0.000000000000000000, -0.000000000000000000 ) ) ;
#6854 = DIRECTION ( 'NONE',  ( 1.000000000000000000, 0.000000000000000000, 0.000000000000000000 ) ) ;
#6855 = ORIENTED_EDGE ( 'NONE', *, *, #7404, .F. ) ;
#6856 = CARTESIAN_POINT ( 'NONE',  ( -3.749999999999998224, 1.855000000000000204, 0.06499999999999994671 ) ) ;
#6857 = VERTEX_POINT ( 'NONE', #4217 ) ;
#6858 = DIRECTION ( 'NONE',  ( -0.000000000000000000, 0.000000000000000000, 1.000000000000000000 ) ) ;
#6859 = ORIENTED_EDGE ( 'NONE', *, *, #7902, .T. ) ;
#6860 = VECTOR ( 'NONE', #4309, 1000.000000000000000 ) ;
#6861 = CARTESIAN_POINT ( 'NONE',  ( 3.625000000000002220, 0.000000000000000000, 0.06499999999999994671 ) ) ;
#6862 = FACE_OUTER_BOUND ( 'NONE', #2494, .T. ) ;
#6863 = EDGE_LOOP ( 'NONE', ( #7926, #1074, #1676, #2745 ) ) ;
#6864 = DIRECTION ( 'NONE',  ( 0.000000000000000000, 0.6038260274202660316, -0.7971161324486288891 ) ) ;
#6865 = CARTESIAN_POINT ( 'NONE',  ( -4.475000000000000533, 0.7800000000000003597, 1.824999999999999289 ) ) ;
#6866 = VECTOR ( 'NONE', #3484, 1000.000000000000000 ) ;
#6867 = CARTESIAN_POINT ( 'NONE',  ( 1.775000000000002354, 0.7799999999999999156, 1.824999999999999289 ) ) ;
#6868 = DIRECTION ( 'NONE',  ( -0.000000000000000000, -1.000000000000000000, -0.000000000000000000 ) ) ;
#6869 = CARTESIAN_POINT ( 'NONE',  ( 1.775000000000002354, 1.030000000000000027, -2.024999999999999911 ) ) ;
#6870 = ORIENTED_EDGE ( 'NONE', *, *, #1686, .F. ) ;
#6871 = EDGE_CURVE ( 'NONE', #3155, #775, #5090, .T. ) ;
#6872 = ORIENTED_EDGE ( 'NONE', *, *, #1822, .F. ) ;
#6873 = FACE_OUTER_BOUND ( 'NONE', #6101, .T. ) ;
#6874 = ORIENTED_EDGE ( 'NONE', *, *, #5023, .F. ) ;
#6875 = VECTOR ( 'NONE', #3807, 1000.000000000000000 ) ;
#6876 = DIRECTION ( 'NONE',  ( 0.000000000000000000, -1.000000000000000000, 0.000000000000000000 ) ) ;
#6877 = FACE_BOUND ( 'NONE', #4943, .T. ) ;
#6878 = ORIENTED_EDGE ( 'NONE', *, *, #6924, .T. ) ;
#6879 = LINE ( 'NONE', #1918, #6765 ) ;
#6880 = VECTOR ( 'NONE', #8814, 1000.000000000000227 ) ;
#6881 = CARTESIAN_POINT ( 'NONE',  ( 0.000000000000000000, 0.4800000000000000377, 0.000000000000000000 ) ) ;
#6882 = EDGE_CURVE ( 'NONE', #337, #2145, #9663, .T. ) ;
#6883 = ORIENTED_EDGE ( 'NONE', *, *, #5648, .F. ) ;
#6884 = ORIENTED_EDGE ( 'NONE', *, *, #4010, .F. ) ;
#6885 = CARTESIAN_POINT ( 'NONE',  ( 0.000000000000000000, 1.855000000000000204, 0.06499999999999994671 ) ) ;
#6886 = DIRECTION ( 'NONE',  ( 1.000000000000000000, 0.000000000000000000, -0.000000000000000000 ) ) ;
#6887 = CARTESIAN_POINT ( 'NONE',  ( 3.855000000000002647, 0.7800000000000000266, -0.3250000000000000666 ) ) ;
#6888 = DIRECTION ( 'NONE',  ( 0.000000000000000000, -0.000000000000000000, -1.000000000000000000 ) ) ;
#6889 = FACE_OUTER_BOUND ( 'NONE', #1005, .T. ) ;
#6890 = ADVANCED_FACE ( 'NONE', ( #2687 ), #421, .F. ) ;
#6892 = LINE ( 'NONE', #2028, #5025 ) ;
#6891 = LINE ( 'NONE', #2251, #746 ) ;
#6893 = ADVANCED_FACE ( 'NONE', ( #8256 ), #5805, .T. ) ;
#6894 = EDGE_CURVE ( 'NONE', #4645, #1616, #8159, .T. ) ;
#6895 = AXIS2_PLACEMENT_3D ( 'NONE', #1586, #4730, #7852 ) ;
#6896 = LINE ( 'NONE', #9782, #9589 ) ;
#6897 = VERTEX_POINT ( 'NONE', #7395 ) ;
#6898 = ORIENTED_EDGE ( 'NONE', *, *, #1000, .F. ) ;
#6899 = DIRECTION ( 'NONE',  ( 0.000000000000000000, 0.000000000000000000, 1.000000000000000000 ) ) ;
#6900 = DIRECTION ( 'NONE',  ( -0.000000000000000000, 0.000000000000000000, 1.000000000000000000 ) ) ;
#6901 = ORIENTED_EDGE ( 'NONE', *, *, #5204, .F. ) ;
#6902 = DIRECTION ( 'NONE',  ( 0.000000000000000000, -1.000000000000000000, -0.000000000000000000 ) ) ;
#6903 = ADVANCED_FACE ( 'NONE', ( #5860 ), #8968, .T. ) ;
#6904 = VERTEX_POINT ( 'NONE', #2621 ) ;
#6906 = DIRECTION ( 'NONE',  ( 1.000000000000000000, 0.000000000000000000, 0.000000000000000000 ) ) ;
#6905 = CARTESIAN_POINT ( 'NONE',  ( 0.000000000000000000, 1.855000000000000204, 0.06499999999999994671 ) ) ;
#6907 = EDGE_CURVE ( 'NONE', #3648, #2627, #1528, .T. ) ;
#6908 = EDGE_CURVE ( 'NONE', #3496, #5301, #8847, .T. ) ;
#6909 = ORIENTED_EDGE ( 'NONE', *, *, #5087, .T. ) ;
#6910 = VERTEX_POINT ( 'NONE', #8138 ) ;
#6911 = LINE ( 'NONE', #1311, #5844 ) ;
#6912 = DIRECTION ( 'NONE',  ( 0.000000000000000000, 0.000000000000000000, -1.000000000000000000 ) ) ;
#6913 = ORIENTED_EDGE ( 'NONE', *, *, #9337, .T. ) ;
#6914 = CARTESIAN_POINT ( 'NONE',  ( -5.525000000000000355, 0.2999999999999999889, -2.324999999999999734 ) ) ;
#6915 = CARTESIAN_POINT ( 'NONE',  ( -7.375000000000000888, 2.209999999999999520, 0.06499999999999994671 ) ) ;
#6916 = DIRECTION ( 'NONE',  ( 0.000000000000000000, -1.000000000000000000, -0.000000000000000000 ) ) ;
#6917 = DIRECTION ( 'NONE',  ( -0.000000000000000000, 0.000000000000000000, -1.000000000000000000 ) ) ;
#6918 = LINE ( 'NONE', #3628, #8761 ) ;
#6919 = DIRECTION ( 'NONE',  ( 0.000000000000000000, 0.000000000000000000, -1.000000000000000000 ) ) ;
#6920 = VECTOR ( 'NONE', #1148, 1000.000000000000000 ) ;
#6921 = VECTOR ( 'NONE', #6394, 1000.000000000000000 ) ;
#6922 = FACE_OUTER_BOUND ( 'NONE', #6978, .T. ) ;
#6923 = EDGE_LOOP ( 'NONE', ( #9256, #4164, #8736, #4878 ) ) ;
#6924 = EDGE_CURVE ( 'NONE', #3658, #138, #4048, .T. ) ;
#6925 = ORIENTED_EDGE ( 'NONE', *, *, #7980, .T. ) ;
#6926 = EDGE_LOOP ( 'NONE', ( #577, #9920, #823, #8426 ) ) ;
#6927 = VECTOR ( 'NONE', #666, 1000.000000000000000 ) ;
#6928 = CARTESIAN_POINT ( 'NONE',  ( -5.724999999999999645, 1.454999999999999849, 1.212867965644033985 ) ) ;
#6929 = CARTESIAN_POINT ( 'NONE',  ( -1.775000000000001021, 1.855000000000000204, 1.824999999999999289 ) ) ;
#6930 = CARTESIAN_POINT ( 'NONE',  ( -3.749999999999998224, 3.965000000000001634, 0.000000000000000000 ) ) ;
#6931 = DIRECTION ( 'NONE',  ( 0.000000000000000000, 0.000000000000000000, 1.000000000000000000 ) ) ;
#6932 = VECTOR ( 'NONE', #6186, 1000.000000000000000 ) ;
#6933 = ORIENTED_EDGE ( 'NONE', *, *, #9863, .T. ) ;
#6934 = VERTEX_POINT ( 'NONE', #153 ) ;
#6935 = FACE_OUTER_BOUND ( 'NONE', #1579, .T. ) ;
#6936 = CARTESIAN_POINT ( 'NONE',  ( 3.975000000000002753, 0.5300000000000049116, -0.3250000000000000666 ) ) ;
#6937 = EDGE_CURVE ( 'NONE', #8378, #4617, #966, .T. ) ;
#6938 = CARTESIAN_POINT ( 'NONE',  ( -7.275000000000000355, 0.000000000000000000, -0.2750000000000000777 ) ) ;
#6939 = EDGE_CURVE ( 'NONE', #8036, #4617, #199, .T. ) ;
#6940 = UNCERTAINTY_MEASURE_WITH_UNIT (LENGTH_MEASURE( 1.000000000000000082E-05 ), #1055, 'distance_accuracy_value', 'NONE');
#6941 = LINE ( 'NONE', #7816, #9392 ) ;
#6942 = CARTESIAN_POINT ( 'NONE',  ( 0.5250000000000002442, 0.000000000000000000, -2.024999999999999911 ) ) ;
#6943 = CARTESIAN_POINT ( 'NONE',  ( 3.855000000000002647, 2.209999999999998188, 2.024999999999999911 ) ) ;
#6944 = CARTESIAN_POINT ( 'NONE',  ( 3.625000000000002220, 0.4800000000000000377, -0.2750000000000000777 ) ) ;
#6945 = AXIS2_PLACEMENT_3D ( 'NONE', #1961, #7606, #2951 ) ;
#6946 = ORIENTED_EDGE ( 'NONE', *, *, #3820, .F. ) ;
#6947 = AXIS2_PLACEMENT_3D ( 'NONE', #3012, #5145, #8264 ) ;
#6948 = CARTESIAN_POINT ( 'NONE',  ( -6.924999999999999822, 3.965000000000001634, 0.06499999999999994671 ) ) ;
#6949 = EDGE_CURVE ( 'NONE', #4065, #9791, #4197, .T. ) ;
#6950 = PLANE ( 'NONE',  #1088 ) ;
#6951 = VERTEX_POINT ( 'NONE', #4000 ) ;
#6952 = CARTESIAN_POINT ( 'NONE',  ( -7.605000000000000426, 0.000000000000000000, 2.024999999999999911 ) ) ;
#6953 = LINE ( 'NONE', #3215, #5118 ) ;
#6954 = ORIENTED_EDGE ( 'NONE', *, *, #4457, .T. ) ;
#6956 = DIRECTION ( 'NONE',  ( 0.000000000000000000, 0.000000000000000000, 1.000000000000000000 ) ) ;
#6955 = PLANE ( 'NONE',  #2567 ) ;
#6957 = ORIENTED_EDGE ( 'NONE', *, *, #3893, .F. ) ;
#6958 = VECTOR ( 'NONE', #2682, 1000.000000000000000 ) ;
#6959 = VERTEX_POINT ( 'NONE', #5597 ) ;
#6960 = DIRECTION ( 'NONE',  ( 1.000000000000000000, 0.000000000000000000, 0.000000000000000000 ) ) ;
#6961 = ORIENTED_EDGE ( 'NONE', *, *, #680, .T. ) ;
#6962 = AXIS2_PLACEMENT_3D ( 'NONE', #6007, #5857, #5189 ) ;
#6963 = DIRECTION ( 'NONE',  ( 0.000000000000000000, 0.000000000000000000, -1.000000000000000000 ) ) ;
#6964 = EDGE_CURVE ( 'NONE', #7164, #2928, #4922, .T. ) ;
#6965 = EDGE_CURVE ( 'NONE', #196, #205, #3235, .T. ) ;
#6966 = LINE ( 'NONE', #9265, #151 ) ;
#6967 = ADVANCED_FACE ( 'NONE', ( #8706 ), #1836, .F. ) ;
#6968 = EDGE_CURVE ( 'NONE', #7811, #6910, #6353, .T. ) ;
#6969 = CARTESIAN_POINT ( 'NONE',  ( -5.724999999999999645, 0.000000000000000000, -2.824999999999999734 ) ) ;
#6970 = EDGE_CURVE ( 'NONE', #3823, #6697, #2669, .T. ) ;
#6972 = AXIS2_PLACEMENT_3D ( 'NONE', #5646, #8140, #3479 ) ;
#6971 = DIRECTION ( 'NONE',  ( 1.000000000000000000, 0.000000000000000000, 0.000000000000000000 ) ) ;
#6973 = CARTESIAN_POINT ( 'NONE',  ( 0.5250000000000002442, 0.5500000000000010436, 2.024999999999999911 ) ) ;
#6974 = DIRECTION ( 'NONE',  ( 0.000000000000000000, -0.7071067811865352493, 0.7071067811865597852 ) ) ;
#6975 = PLANE ( 'NONE',  #2127 ) ;
#6976 = VERTEX_POINT ( 'NONE', #5689 ) ;
#6977 = VECTOR ( 'NONE', #9316, 1000.000000000000000 ) ;
#6978 = EDGE_LOOP ( 'NONE', ( #1175, #7392, #182, #4525 ) ) ;
#6979 = ORIENTED_EDGE ( 'NONE', *, *, #8561, .T. ) ;
#6980 = CARTESIAN_POINT ( 'NONE',  ( 3.625000000000002220, 2.209999999999998188, -0.2750000000000000777 ) ) ;
#6981 = ADVANCED_FACE ( 'NONE', ( #5642 ), #3339, .F. ) ;
#6982 = AXIS2_PLACEMENT_3D ( 'NONE', #7204, #3356, #3306 ) ;
#6983 = CARTESIAN_POINT ( 'NONE',  ( -6.363749999999999574, 2.255000000000000338, 0.06499999999999994671 ) ) ;
#6984 = VECTOR ( 'NONE', #8162, 1000.000000000000000 ) ;
#6985 = CARTESIAN_POINT ( 'NONE',  ( 2.413750000000001172, 2.960000000000000853, 2.024999999999999911 ) ) ;
#6986 = VERTEX_POINT ( 'NONE', #9461 ) ;
#6987 = DIRECTION ( 'NONE',  ( -0.000000000000000000, -1.000000000000000000, -0.000000000000000000 ) ) ;
#6988 = CARTESIAN_POINT ( 'NONE',  ( -5.724999999999999645, 0.01500000000000050078, -0.01500000000000050078 ) ) ;
#6989 = LINE ( 'NONE', #4578, #1545 ) ;
#6990 = VERTEX_POINT ( 'NONE', #1732 ) ;
#6991 = ORIENTED_EDGE ( 'NONE', *, *, #2892, .T. ) ;
#6992 = ORIENTED_EDGE ( 'NONE', *, *, #4027, .T. ) ;
#6993 = CARTESIAN_POINT ( 'NONE',  ( -2.187499999999999556, 2.255000000000000338, 2.024999999999999911 ) ) ;
#6994 = FACE_OUTER_BOUND ( 'NONE', #5517, .T. ) ;
#6995 = CARTESIAN_POINT ( 'NONE',  ( 3.625000000000001332, 0.000000000000000000, -1.334999999999999742 ) ) ;
#6996 = LINE ( 'NONE', #10077, #8578 ) ;
#6997 = DIRECTION ( 'NONE',  ( 0.000000000000000000, -0.7071067811865491270, -0.7071067811865459074 ) ) ;
#6998 = VECTOR ( 'NONE', #8933, 1000.000000000000000 ) ;
#6999 = LINE ( 'NONE', #3059, #6437 ) ;
#7000 = ORIENTED_EDGE ( 'NONE', *, *, #8317, .F. ) ;
#7001 = DIRECTION ( 'NONE',  ( -0.000000000000000000, -0.000000000000000000, 1.000000000000000000 ) ) ;
#7002 = EDGE_CURVE ( 'NONE', #2522, #6667, #8800, .T. ) ;
#7003 = ORIENTED_EDGE ( 'NONE', *, *, #176, .F. ) ;
#7004 = CARTESIAN_POINT ( 'NONE',  ( 7.875000000000000000, 4.250000000000000000, 2.024999999999999911 ) ) ;
#7005 = DIRECTION ( 'NONE',  ( -0.000000000000000000, 0.7071067811865474617, 0.7071067811865474617 ) ) ;
#7006 = AXIS2_PLACEMENT_3D ( 'NONE', #5258, #7822, #7152 ) ;
#7007 = PLANE ( 'NONE',  #4656 ) ;
#7008 = VERTEX_POINT ( 'NONE', #1886 ) ;
#7009 = PLANE ( 'NONE',  #341 ) ;
#7010 = DIRECTION ( 'NONE',  ( 1.000000000000000000, -0.000000000000000000, -0.000000000000000000 ) ) ;
#7011 = ORIENTED_EDGE ( 'NONE', *, *, #8024, .T. ) ;
#7013 = CARTESIAN_POINT ( 'NONE',  ( -7.015000000000000568, 4.250000000000000000, 0.09499999999999959865 ) ) ;
#7012 = CARTESIAN_POINT ( 'NONE',  ( 3.975000000000002753, 0.7799999999999999156, -0.2750000000000000777 ) ) ;
#7014 = ORIENTED_EDGE ( 'NONE', *, *, #702, .T. ) ;
#7015 = CARTESIAN_POINT ( 'NONE',  ( 3.625000000000002220, 0.000000000000000000, 2.024999999999999911 ) ) ;
#7016 = ADVANCED_FACE ( 'NONE', ( #6454 ), #3433, .T. ) ;
#7017 = ADVANCED_FACE ( 'NONE', ( #4820 ), #3385, .F. ) ;
#7018 = VERTEX_POINT ( 'NONE', #2053 ) ;
#7019 = ORIENTED_EDGE ( 'NONE', *, *, #4075, .F. ) ;
#7020 = DIRECTION ( 'NONE',  ( 2.168404344971008079E-15, 1.000000000000000000, 0.000000000000000000 ) ) ;
#7021 = CARTESIAN_POINT ( 'NONE',  ( 1.562500000000001332, 1.855000000000000204, 0.06499999999999994671 ) ) ;
#7022 = DIRECTION ( 'NONE',  ( 0.5773502691896257311, 0.5773502691896257311, 0.5773502691896257311 ) ) ;
#7023 = CARTESIAN_POINT ( 'NONE',  ( -0.7249999999999999778, 0.5500000000000010436, 0.06499999999999994671 ) ) ;
#7024 = CARTESIAN_POINT ( 'NONE',  ( -4.474999999999999645, 1.630000000000000782, 0.06499999999999994671 ) ) ;
#7025 = CARTESIAN_POINT ( 'NONE',  ( -2.187499999999999556, 2.055000000000001048, 2.024999999999999911 ) ) ;
#7026 = LINE ( 'NONE', #3085, #5054 ) ;
#7027 = ORIENTED_EDGE ( 'NONE', *, *, #1884, .T. ) ;
#7028 = VERTEX_POINT ( 'NONE', #2884 ) ;
#7029 = EDGE_CURVE ( 'NONE', #3193, #6904, #7583, .T. ) ;
#7030 = EDGE_CURVE ( 'NONE', #5210, #7385, #6817, .T. ) ;
#7031 = DIRECTION ( 'NONE',  ( 0.000000000000000000, -1.000000000000000000, 0.000000000000000000 ) ) ;
#7032 = VECTOR ( 'NONE', #3852, 1000.000000000000000 ) ;
#7033 = DIRECTION ( 'NONE',  ( 1.197572355469997778E-16, -1.000000000000000000, 0.000000000000000000 ) ) ;
#7034 = DIRECTION ( 'NONE',  ( 0.000000000000000000, -0.000000000000000000, -1.000000000000000000 ) ) ;
#7035 = CARTESIAN_POINT ( 'NONE',  ( -5.937500000000000000, 2.055000000000001048, 2.024999999999999911 ) ) ;
#7036 = CARTESIAN_POINT ( 'NONE',  ( 0.9374999999999964473, 0.04750000000000488554, 0.01750000000000387357 ) ) ;
#7037 = DIRECTION ( 'NONE',  ( 0.000000000000000000, 0.000000000000000000, 1.000000000000000000 ) ) ;
#7038 = VECTOR ( 'NONE', #5384, 1000.000000000000000 ) ;
#7039 = EDGE_CURVE ( 'NONE', #4091, #7764, #3680, .T. ) ;
#7040 = VERTEX_POINT ( 'NONE', #2938 ) ;
#7041 = EDGE_LOOP ( 'NONE', ( #7111, #6859, #1780, #606 ) ) ;
#7042 = DIRECTION ( 'NONE',  ( 0.000000000000000000, 1.000000000000000000, 1.346834996876403062E-16 ) ) ;
#7043 = DIRECTION ( 'NONE',  ( -0.000000000000000000, 0.000000000000000000, 1.000000000000000000 ) ) ;
#7044 = VECTOR ( 'NONE', #7760, 1000.000000000000000 ) ;
#7045 = DIRECTION ( 'NONE',  ( -0.000000000000000000, -0.000000000000000000, 1.000000000000000000 ) ) ;
#7046 = LINE ( 'NONE', #5460, #4163 ) ;
#7047 = FACE_OUTER_BOUND ( 'NONE', #400, .T. ) ;
#7048 = DIRECTION ( 'NONE',  ( 0.000000000000000000, 0.000000000000000000, -1.000000000000000000 ) ) ;
#7049 = ORIENTED_EDGE ( 'NONE', *, *, #5885, .T. ) ;
#7050 = DIRECTION ( 'NONE',  ( 1.000000000000000000, -0.000000000000000000, -0.000000000000000000 ) ) ;
#7051 = CARTESIAN_POINT ( 'NONE',  ( 0.000000000000000000, 3.325000000000000178, 0.06499999999999994671 ) ) ;
#7052 = VECTOR ( 'NONE', #998, 1000.000000000000000 ) ;
#7053 = CARTESIAN_POINT ( 'NONE',  ( -3.224999999999999645, 1.030000000000000027, -2.024999999999999911 ) ) ;
#7054 = CARTESIAN_POINT ( 'NONE',  ( -5.724999999999999645, 1.498933982822020061, 1.468933982822018036 ) ) ;
#7055 = LINE ( 'NONE', #901, #7610 ) ;
#7056 = VERTEX_POINT ( 'NONE', #7537 ) ;
#7057 = DIRECTION ( 'NONE',  ( 1.000000000000000000, 1.197572355469997778E-16, 0.000000000000000000 ) ) ;
#7058 = CARTESIAN_POINT ( 'NONE',  ( 3.525000000000002132, 2.209999999999999520, 1.975000000000001865 ) ) ;
#7059 = LINE ( 'NONE', #86, #3856 ) ;
#7060 = ORIENTED_EDGE ( 'NONE', *, *, #1304, .F. ) ;
#7061 = DIRECTION ( 'NONE',  ( 1.000000000000000000, 0.000000000000000000, -0.000000000000000000 ) ) ;
#7062 =( REPRESENTATION_RELATIONSHIP ('NONE','NONE', #4816, #3828 ) REPRESENTATION_RELATIONSHIP_WITH_TRANSFORMATION ( #6446 )SHAPE_REPRESENTATION_RELATIONSHIP( ) );
#7063 = ORIENTED_EDGE ( 'NONE', *, *, #5465, .T. ) ;
#7064 = EDGE_LOOP ( 'NONE', ( #452, #7168, #7963, #7238, #9043 ) ) ;
#7065 = FACE_OUTER_BOUND ( 'NONE', #9965, .T. ) ;
#7066 = CARTESIAN_POINT ( 'NONE',  ( -7.605000000000000426, 2.209999999999999520, -0.2750000000000000777 ) ) ;
#7067 = CARTESIAN_POINT ( 'NONE',  ( -7.150416666666665755, 1.973333333333333828, 1.038333333333332886 ) ) ;
#7068 = CARTESIAN_POINT ( 'NONE',  ( 3.975000000000003642, 2.209999999999999520, 1.274999999999999911 ) ) ;
#7069 = EDGE_CURVE ( 'NONE', #7764, #1217, #6663, .T. ) ;
#7070 = CYLINDRICAL_SURFACE ( 'NONE', #10037, 0.07500000000000019151 ) ;
#7071 = DIRECTION ( 'NONE',  ( 0.000000000000000000, 0.000000000000000000, -1.000000000000000000 ) ) ;
#7072 = ORIENTED_EDGE ( 'NONE', *, *, #4527, .F. ) ;
#7073 = ORIENTED_EDGE ( 'NONE', *, *, #2093, .F. ) ;
#7074 = ORIENTED_EDGE ( 'NONE', *, *, #8303, .T. ) ;
#7075 = VECTOR ( 'NONE', #8734, 1000.000000000000000 ) ;
#7076 = DIRECTION ( 'NONE',  ( 0.000000000000000000, -9.239047059953170954E-17, -1.000000000000000000 ) ) ;
#7077 = EDGE_CURVE ( 'NONE', #2562, #147, #5279, .T. ) ;
#7078 = EDGE_CURVE ( 'NONE', #8581, #9994, #9850, .T. ) ;
#7079 = CARTESIAN_POINT ( 'NONE',  ( -4.275000000000000355, 1.630000000000000782, -1.464999999999999636 ) ) ;
#7080 = EDGE_CURVE ( 'NONE', #6260, #357, #454, .T. ) ;
#7081 = ORIENTED_EDGE ( 'NONE', *, *, #9010, .F. ) ;
#7082 = DIRECTION ( 'NONE',  ( 1.000000000000000000, 1.197572355469997778E-16, 0.000000000000000000 ) ) ;
#7083 = ORIENTED_EDGE ( 'NONE', *, *, #7593, .F. ) ;
#7084 = DIRECTION ( 'NONE',  ( 0.000000000000000000, 0.000000000000000000, 1.000000000000000000 ) ) ;
#7085 = ORIENTED_EDGE ( 'NONE', *, *, #5019, .F. ) ;
#7086 = CIRCLE ( 'NONE', #5620, 0.08500000000000000611 ) ;
#7087 = ORIENTED_EDGE ( 'NONE', *, *, #6965, .T. ) ;
#7088 = FACE_OUTER_BOUND ( 'NONE', #2371, .T. ) ;
#7089 = EDGE_CURVE ( 'NONE', #8750, #5945, #9162, .T. ) ;
#7090 = EDGE_CURVE ( 'NONE', #4303, #3256, #7379, .T. ) ;
#7091 = EDGE_CURVE ( 'NONE', #6410, #3137, #7482, .T. ) ;
#7092 = EDGE_CURVE ( 'NONE', #8059, #8951, #5174, .T. ) ;
#7093 = PLANE ( 'NONE',  #4594 ) ;
#7094 = EDGE_CURVE ( 'NONE', #7164, #108, #345, .T. ) ;
#7095 = VECTOR ( 'NONE', #1611, 1000.000000000000000 ) ;
#7096 = CARTESIAN_POINT ( 'NONE',  ( -7.725000000000000533, 0.7799999999999999156, -0.2750000000000000777 ) ) ;
#7097 = PLANE ( 'NONE',  #9245 ) ;
#7098 = CARTESIAN_POINT ( 'NONE',  ( -3.749999999999998224, 0.4800000000000000377, 0.000000000000000000 ) ) ;
#7099 = ORIENTED_EDGE ( 'NONE', *, *, #6937, .T. ) ;
#7100 = DIRECTION ( 'NONE',  ( 0.000000000000000000, 1.000000000000000000, 0.000000000000000000 ) ) ;
#7101 = ORIENTED_EDGE ( 'NONE', *, *, #2433, .F. ) ;
#7102 = DIRECTION ( 'NONE',  ( -0.000000000000000000, -0.000000000000000000, 1.000000000000000000 ) ) ;
#7103 = ORIENTED_EDGE ( 'NONE', *, *, #9583, .F. ) ;
#7104 = AXIS2_PLACEMENT_3D ( 'NONE', #9730, #1294, #5147 ) ;
#7105 = DIRECTION ( 'NONE',  ( -0.000000000000000000, -0.000000000000000000, -1.000000000000000000 ) ) ;
#7106 = EDGE_CURVE ( 'NONE', #6410, #9122, #3476, .T. ) ;
#7107 = CARTESIAN_POINT ( 'NONE',  ( 11.62500000000000000, 2.055000000000001048, 2.024999999999999911 ) ) ;
#7108 = DIRECTION ( 'NONE',  ( 2.168404344971008079E-15, 1.000000000000000000, 0.000000000000000000 ) ) ;
#7109 = DIRECTION ( 'NONE',  ( 0.000000000000000000, 2.555260885332105185E-16, -1.000000000000000000 ) ) ;
#7110 = CARTESIAN_POINT ( 'NONE',  ( -3.224999999999999645, 2.085000000000000409, -1.464999999999999636 ) ) ;
#7111 = ORIENTED_EDGE ( 'NONE', *, *, #4067, .F. ) ;
#7112 = LINE ( 'NONE', #2205, #3375 ) ;
#7113 = VECTOR ( 'NONE', #1282, 1000.000000000000000 ) ;
#7114 = ORIENTED_EDGE ( 'NONE', *, *, #2640, .T. ) ;
#7115 = LINE ( 'NONE', #7015, #5684 ) ;
#7116 = ORIENTED_EDGE ( 'NONE', *, *, #6226, .F. ) ;
#7117 = VECTOR ( 'NONE', #3975, 1000.000000000000000 ) ;
#7118 = VERTEX_POINT ( 'NONE', #3576 ) ;
#7119 = CARTESIAN_POINT ( 'NONE',  ( -7.375000000000000888, 1.559999999999999609, 1.949999999999999512 ) ) ;
#7120 = PLANE ( 'NONE',  #9611 ) ;
#7121 = CIRCLE ( 'NONE', #9857, 0.08500000000000000611 ) ;
#7122 = CARTESIAN_POINT ( 'NONE',  ( -0.5250000000000002442, 0.000000000000000000, -2.024999999999999911 ) ) ;
#7123 = ITEM_DEFINED_TRANSFORMATION ( 'NONE', 'NONE', #6852,  #1950 ) ;
#7124 = VECTOR ( 'NONE', #6470, 1000.000000000000000 ) ;
#7125 = VERTEX_POINT ( 'NONE', #6718 ) ;
#7126 = EDGE_LOOP ( 'NONE', ( #1778, #6424, #1580, #7523, #7060 ) ) ;
#7127 = VECTOR ( 'NONE', #1697, 1000.000000000000000 ) ;
#7128 = VERTEX_POINT ( 'NONE', #4410 ) ;
#7129 = AXIS2_PLACEMENT_3D ( 'NONE', #8191, #6770, #2887 ) ;
#7130 = PLANE ( 'NONE',  #1340 ) ;
#7131 = FACE_OUTER_BOUND ( 'NONE', #4603, .T. ) ;
#7132 = DIRECTION ( 'NONE',  ( -1.000000000000000000, 0.000000000000000000, 0.000000000000000000 ) ) ;
#7133 = CARTESIAN_POINT ( 'NONE',  ( -0.9375000000000000000, 0.000000000000000000, 0.06499999999999994671 ) ) ;
#7134 = VECTOR ( 'NONE', #8984, 1000.000000000000000 ) ;
#7135 = ORIENTED_EDGE ( 'NONE', *, *, #5838, .T. ) ;
#7136 = LINE ( 'NONE', #9324, #8521 ) ;
#7137 = DIRECTION ( 'NONE',  ( -0.000000000000000000, 0.7071067811865475727, -0.7071067811865475727 ) ) ;
#7138 = ORIENTED_EDGE ( 'NONE', *, *, #8944, .F. ) ;
#7139 = ORIENTED_EDGE ( 'NONE', *, *, #7387, .F. ) ;
#7140 = EDGE_CURVE ( 'NONE', #3674, #5301, #1991, .T. ) ;
#7141 = EDGE_LOOP ( 'NONE', ( #6451, #4398, #6341, #2641 ) ) ;
#7142 = CARTESIAN_POINT ( 'NONE',  ( 0.000000000000000000, 4.190000000000000391, 2.024999999999999911 ) ) ;
#7143 = VECTOR ( 'NONE', #897, 1000.000000000000000 ) ;
#7144 = AXIS2_PLACEMENT_3D ( 'NONE', #7837, #5586, #813 ) ;
#7145 = CARTESIAN_POINT ( 'NONE',  ( 1.250000000000000000, 1.855000000000000204, 0.06499999999999994671 ) ) ;
#7146 = CARTESIAN_POINT ( 'NONE',  ( 3.975000000000002753, 1.759999999999999121, 1.274999999999999911 ) ) ;
#7147 = LINE ( 'NONE', #119, #3197 ) ;
#7148 = CARTESIAN_POINT ( 'NONE',  ( 3.750000000000001776, 3.500000000000000444, 0.06499999999999994671 ) ) ;
#7149 = ORIENTED_EDGE ( 'NONE', *, *, #8201, .F. ) ;
#7150 = AXIS2_PLACEMENT_3D ( 'NONE', #649, #9138, #484 ) ;
#7151 = PLANE ( 'NONE',  #3685 ) ;
#7152 = DIRECTION ( 'NONE',  ( 1.000000000000000000, 0.000000000000000000, -0.000000000000000000 ) ) ;
#7153 = ORIENTED_EDGE ( 'NONE', *, *, #4653, .F. ) ;
#7154 = EDGE_CURVE ( 'NONE', #1625, #8850, #9000, .T. ) ;
#7155 = ADVANCED_FACE ( 'NONE', ( #2721 ), #8949, .T. ) ;
#7156 = EDGE_CURVE ( 'NONE', #1828, #9070, #1163, .T. ) ;
#7157 = DIRECTION ( 'NONE',  ( -1.000000000000000000, 0.000000000000000000, 0.000000000000000000 ) ) ;
#7158 = CARTESIAN_POINT ( 'NONE',  ( -1.974999999999999867, 0.5500000000000010436, 0.06499999999999994671 ) ) ;
#7159 = VECTOR ( 'NONE', #1101, 1000.000000000000000 ) ;
#7160 = DIRECTION ( 'NONE',  ( -1.495451272393798655E-15, 1.000000000000000000, -0.000000000000000000 ) ) ;
#7161 = VECTOR ( 'NONE', #5729, 1000.000000000000000 ) ;
#7162 = LINE ( 'NONE', #1047, #9343 ) ;
#7163 = DIRECTION ( 'NONE',  ( 0.000000000000000000, 0.000000000000000000, -1.000000000000000000 ) ) ;
#7164 = VERTEX_POINT ( 'NONE', #2771 ) ;
#7165 = DIRECTION ( 'NONE',  ( -1.204669080539440518E-15, -1.000000000000000000, 0.000000000000000000 ) ) ;
#7166 = ORIENTED_EDGE ( 'NONE', *, *, #8883, .T. ) ;
#7167 = EDGE_CURVE ( 'NONE', #5392, #3371, #5229, .T. ) ;
#7168 = ORIENTED_EDGE ( 'NONE', *, *, #2152, .T. ) ;
#7169 = ORIENTED_EDGE ( 'NONE', *, *, #343, .F. ) ;
#7170 = CARTESIAN_POINT ( 'NONE',  ( -3.025000000000000799, 2.085000000000000409, -2.024999999999999467 ) ) ;
#7171 = DIRECTION ( 'NONE',  ( -1.000000000000000000, -1.197572355469997778E-16, 0.000000000000000000 ) ) ;
#7172 = CONTEXT_DEPENDENT_SHAPE_REPRESENTATION ( #3260, #1924 ) ;
#7173 = AXIS2_PLACEMENT_3D ( 'NONE', #4655, #5223, #3730 ) ;
#7174 = FACE_OUTER_BOUND ( 'NONE', #8083, .T. ) ;
#7175 = ORIENTED_EDGE ( 'NONE', *, *, #7446, .F. ) ;
#7176 = ORIENTED_EDGE ( 'NONE', *, *, #6339, .F. ) ;
#7177 = ADVANCED_FACE ( 'NONE', ( #3310 ), #10053, .F. ) ;
#7178 = ORIENTED_EDGE ( 'NONE', *, *, #6170, .F. ) ;
#7179 = ORIENTED_EDGE ( 'NONE', *, *, #3380, .F. ) ;
#7180 = DIRECTION ( 'NONE',  ( 0.000000000000000000, 0.000000000000000000, 1.000000000000000000 ) ) ;
#7181 = CARTESIAN_POINT ( 'NONE',  ( 0.3125000000000002776, 0.04750000000000037526, 0.01749999999999957839 ) ) ;
#7182 = DIRECTION ( 'NONE',  ( -0.7071067811865474617, 0.000000000000000000, 0.7071067811865474617 ) ) ;
#7183 = CARTESIAN_POINT ( 'NONE',  ( 0.5250000000000002442, 1.855000000000000204, 0.06499999999999994671 ) ) ;
#7184 = ORIENTED_EDGE ( 'NONE', *, *, #5277, .T. ) ;
#7185 = DIRECTION ( 'NONE',  ( -0.000000000000000000, 0.7071067811865597852, -0.7071067811865352493 ) ) ;
#7186 = DIRECTION ( 'NONE',  ( 0.000000000000000000, 0.000000000000000000, 1.000000000000000000 ) ) ;
#7187 = ORIENTED_EDGE ( 'NONE', *, *, #4966, .T. ) ;
#7188 = DIRECTION ( 'NONE',  ( 0.5000000000000003331, 0.000000000000000000, 0.8660254037844383745 ) ) ;
#7189 = ORIENTED_EDGE ( 'NONE', *, *, #821, .F. ) ;
#7190 = VECTOR ( 'NONE', #3537, 1000.000000000000000 ) ;
#7191 = ORIENTED_EDGE ( 'NONE', *, *, #6459, .F. ) ;
#7192 = LINE ( 'NONE', #21, #5928 ) ;
#7193 = VECTOR ( 'NONE', #1357, 1000.000000000000000 ) ;
#7194 = LINE ( 'NONE', #163, #268 ) ;
#7195 = CARTESIAN_POINT ( 'NONE',  ( -5.525000000000000355, 0.5500000000000000444, 1.824999999999999956 ) ) ;
#7196 = LINE ( 'NONE', #3577, #1058 ) ;
#7197 = MECHANICAL_DESIGN_GEOMETRIC_PRESENTATION_REPRESENTATION (  '', ( #8815 ), #2304 ) ;
#7198 = EDGE_CURVE ( 'NONE', #3699, #158, #4851, .T. ) ;
#7199 = CARTESIAN_POINT ( 'NONE',  ( -3.749999999999998224, 3.325000000000000178, 0.06499999999999994671 ) ) ;
#7200 = LINE ( 'NONE', #3402, #9071 ) ;
#7201 = ADVANCED_FACE ( 'NONE', ( #1706 ), #3837, .T. ) ;
#7202 = DIRECTION ( 'NONE',  ( 0.000000000000000000, -1.000000000000000000, 0.000000000000000000 ) ) ;
#7203 = EDGE_LOOP ( 'NONE', ( #6747, #834, #976, #2816 ) ) ;
#7204 = CARTESIAN_POINT ( 'NONE',  ( -3.749999999999998224, 0.5300000000000049116, -0.3250000000000000666 ) ) ;
#7205 = EDGE_LOOP ( 'NONE', ( #389, #6608, #7868, #6560 ) ) ;
#7206 = DIRECTION ( 'NONE',  ( -0.000000000000000000, 1.000000000000000000, -0.000000000000000000 ) ) ;
#7207 = VECTOR ( 'NONE', #2750, 1000.000000000000000 ) ;
#7208 = PLANE ( 'NONE',  #3289 ) ;
#7209 = DIRECTION ( 'NONE',  ( 1.000000000000000000, 1.136281752823236226E-16, -0.000000000000000000 ) ) ;
#7210 = CARTESIAN_POINT ( 'NONE',  ( -6.363749999999999574, 2.760000000000000231, 0.06499999999999994671 ) ) ;
#7211 = EDGE_CURVE ( 'NONE', #7118, #7585, #7970, .T. ) ;
#7212 = EDGE_CURVE ( 'NONE', #1478, #2956, #6151, .T. ) ;
#7213 = CARTESIAN_POINT ( 'NONE',  ( -1.775000000000000133, 0.7800000000000005818, 1.824999999999999067 ) ) ;
#7214 = VECTOR ( 'NONE', #9609, 1000.000000000000000 ) ;
#7215 = LINE ( 'NONE', #1343, #9834 ) ;
#7216 = EDGE_LOOP ( 'NONE', ( #843, #1626, #7804, #9091 ) ) ;
#7218 = LINE ( 'NONE', #4231, #6495 ) ;
#7217 = CARTESIAN_POINT ( 'NONE',  ( 1.775000000000002354, 0.000000000000000000, -2.024999999999999911 ) ) ;
#7219 = VECTOR ( 'NONE', #1421, 1000.000000000000000 ) ;
#7220 = VERTEX_POINT ( 'NONE', #9530 ) ;
#7221 = DIRECTION ( 'NONE',  ( 0.000000000000000000, 0.000000000000000000, 1.000000000000000000 ) ) ;
#7222 = ORIENTED_EDGE ( 'NONE', *, *, #2711, .F. ) ;
#7223 = ORIENTED_EDGE ( 'NONE', *, *, #2322, .F. ) ;
#7224 = CARTESIAN_POINT ( 'NONE',  ( 3.750000000000000000, 2.085000000000000409, -2.024999999999999911 ) ) ;
#7225 = DIRECTION ( 'NONE',  ( -1.000000000000000000, 0.000000000000000000, 0.000000000000000000 ) ) ;
#7226 = PLANE ( 'NONE',  #8860 ) ;
#7227 = LINE ( 'NONE', #5589, #2067 ) ;
#7228 = EDGE_CURVE ( 'NONE', #3663, #6897, #7643, .T. ) ;
#7229 = ADVANCED_FACE ( 'NONE', ( #3789 ), #130, .F. ) ;
#7230 = ORIENTED_EDGE ( 'NONE', *, *, #8700, .T. ) ;
#7231 = ORIENTED_EDGE ( 'NONE', *, *, #7726, .F. ) ;
#7232 = ORIENTED_EDGE ( 'NONE', *, *, #7940, .T. ) ;
#7233 = LINE ( 'NONE', #965, #9826 ) ;
#7234 = CARTESIAN_POINT ( 'NONE',  ( -5.525000000000000355, 1.586066017177985010, 1.019669914110090003 ) ) ;
#7235 = DIRECTION ( 'NONE',  ( 1.000000000000000000, 0.000000000000000000, -0.000000000000000000 ) ) ;
#7236 = EDGE_CURVE ( 'NONE', #4522, #3232, #3735, .T. ) ;
#7237 = CARTESIAN_POINT ( 'NONE',  ( 3.265000000000002345, 4.120000000000000107, 0.000000000000000000 ) ) ;
#7238 = ORIENTED_EDGE ( 'NONE', *, *, #8886, .F. ) ;
#7239 = LINE ( 'NONE', #4199, #5812 ) ;
#7240 = LINE ( 'NONE', #202, #4994 ) ;
#7241 = ORIENTED_EDGE ( 'NONE', *, *, #4880, .T. ) ;
#7242 = VERTEX_POINT ( 'NONE', #6867 ) ;
#7243 = VECTOR ( 'NONE', #8068, 1000.000000000000000 ) ;
#7244 = VECTOR ( 'NONE', #3111, 1000.000000000000000 ) ;
#7245 = DIRECTION ( 'NONE',  ( 0.000000000000000000, 1.000000000000000000, 0.000000000000000000 ) ) ;
#7246 = CARTESIAN_POINT ( 'NONE',  ( -7.375000000000000888, 0.4800000000000000377, 2.024999999999999911 ) ) ;
#7247 = DIRECTION ( 'NONE',  ( -0.000000000000000000, 0.000000000000000000, 1.000000000000000000 ) ) ;
#7248 = SURFACE_STYLE_USAGE ( .BOTH. , #6417 ) ;
#7249 = DIRECTION ( 'NONE',  ( 0.000000000000000000, -1.000000000000000000, 0.000000000000000000 ) ) ;
#7250 = EDGE_LOOP ( 'NONE', ( #1844, #9494, #6682, #3684 ) ) ;
#7251 = AXIS2_PLACEMENT_3D ( 'NONE', #4560, #8745, #3931 ) ;
#7252 = ORIENTED_EDGE ( 'NONE', *, *, #2524, .F. ) ;
#7253 = DIRECTION ( 'NONE',  ( 0.000000000000000000, -1.000000000000000000, 0.000000000000000000 ) ) ;
#7254 = DIRECTION ( 'NONE',  ( -0.000000000000000000, 0.000000000000000000, 1.000000000000000000 ) ) ;
#7255 = EDGE_LOOP ( 'NONE', ( #78, #4723, #4162, #9227 ) ) ;
#7256 = ORIENTED_EDGE ( 'NONE', *, *, #3681, .T. ) ;
#7257 = CARTESIAN_POINT ( 'NONE',  ( 3.625000000000001332, 1.903000000000000025, -1.334999999999999742 ) ) ;
#7258 = VECTOR ( 'NONE', #6739, 1000.000000000000000 ) ;
#7259 = VECTOR ( 'NONE', #7163, 1000.000000000000000 ) ;
#7260 = CARTESIAN_POINT ( 'NONE',  ( -5.724999999999999645, 1.629999999999999893, 4.165075243091329638E-16 ) ) ;
#7261 = DIRECTION ( 'NONE',  ( 0.000000000000000000, -0.000000000000000000, -1.000000000000000000 ) ) ;
#7262 = DIRECTION ( 'NONE',  ( -0.5773502691896240657, -0.5773502691896266192, 0.5773502691896266192 ) ) ;
#7263 = LINE ( 'NONE', #7213, #1164 ) ;
#7264 = CARTESIAN_POINT ( 'NONE',  ( -6.974999999999996980, 0.1800000000000000488, 2.024999999999999911 ) ) ;
#7265 = ORIENTED_EDGE ( 'NONE', *, *, #4102, .T. ) ;
#7267 = CARTESIAN_POINT ( 'NONE',  ( 3.750000000000001776, 0.000000000000000000, 2.024999999999999911 ) ) ;
#7266 = CARTESIAN_POINT ( 'NONE',  ( -0.3124999999999993894, 2.055000000000001048, 2.024999999999999911 ) ) ;
#7268 = ORIENTED_EDGE ( 'NONE', *, *, #5088, .T. ) ;
#7269 = ORIENTED_EDGE ( 'NONE', *, *, #5399, .F. ) ;
#7270 = VERTEX_POINT ( 'NONE', #4512 ) ;
#7271 = FACE_OUTER_BOUND ( 'NONE', #264, .T. ) ;
#7272 = FACE_OUTER_BOUND ( 'NONE', #4293, .T. ) ;
#7273 = DIRECTION ( 'NONE',  ( 1.000000000000000000, -0.000000000000000000, -0.000000000000000000 ) ) ;
#7274 = COLOUR_RGB ( '',0.7960784313725489669, 0.8235294117647058432, 0.9372549019607843146 ) ;
#7275 = ORIENTED_EDGE ( 'NONE', *, *, #6520, .T. ) ;
#7276 = VERTEX_POINT ( 'NONE', #4070 ) ;
#7277 = ADVANCED_FACE ( 'NONE', ( #7792 ), #7208, .T. ) ;
#7278 = VERTEX_POINT ( 'NONE', #177 ) ;
#7279 = ORIENTED_EDGE ( 'NONE', *, *, #2331, .T. ) ;
#7280 = EDGE_CURVE ( 'NONE', #6669, #6986, #713, .T. ) ;
#7281 = EDGE_CURVE ( 'NONE', #8969, #5833, #2989, .T. ) ;
#7282 = EDGE_CURVE ( 'NONE', #4502, #5504, #8395, .T. ) ;
#7283 = AXIS2_PLACEMENT_3D ( 'NONE', #5918, #9883, #5252 ) ;
#7284 = VECTOR ( 'NONE', #4014, 1000.000000000000000 ) ;
#7285 = DIRECTION ( 'NONE',  ( -1.000000000000000000, -0.000000000000000000, -0.000000000000000000 ) ) ;
#7286 = ORIENTED_EDGE ( 'NONE', *, *, #3768, .T. ) ;
#7287 = DIRECTION ( 'NONE',  ( 0.000000000000000000, 0.000000000000000000, 1.000000000000000000 ) ) ;
#7288 = CARTESIAN_POINT ( 'NONE',  ( 7.875000000000000000, 2.727340868674716046E-16, -2.024999999999999911 ) ) ;
#7289 = VERTEX_POINT ( 'NONE', #2324 ) ;
#7290 = VECTOR ( 'NONE', #1395, 1000.000000000000000 ) ;
#7291 = EDGE_LOOP ( 'NONE', ( #8683, #4096, #5080, #2521, #88 ) ) ;
#7292 = AXIS2_PLACEMENT_3D ( 'NONE', #6930, #4623, #721 ) ;
#7293 = PLANE ( 'NONE',  #8947 ) ;
#7294 = VERTEX_POINT ( 'NONE', #615 ) ;
#7295 = EDGE_CURVE ( 'NONE', #3422, #6077, #9958, .T. ) ;
#7296 = FACE_OUTER_BOUND ( 'NONE', #9127, .T. ) ;
#7297 = AXIS2_PLACEMENT_3D ( 'NONE', #458, #2057, #6613 ) ;
#7298 = CARTESIAN_POINT ( 'NONE',  ( -8.194767476705230536, 2.255000000000000338, 0.06499999999999994671 ) ) ;
#7299 = CARTESIAN_POINT ( 'NONE',  ( 4.125000000000001776, 0.000000000000000000, 1.324999999999999734 ) ) ;
#7300 = DIRECTION ( 'NONE',  ( 0.000000000000000000, -1.000000000000000000, 0.000000000000000000 ) ) ;
#7301 = DIRECTION ( 'NONE',  ( -0.000000000000000000, -0.000000000000000000, -1.000000000000000000 ) ) ;
#7302 = LINE ( 'NONE', #3250, #403 ) ;
#7303 = ORIENTED_EDGE ( 'NONE', *, *, #8561, .F. ) ;
#7304 = VERTEX_POINT ( 'NONE', #8545 ) ;
#7305 = DIRECTION ( 'NONE',  ( 1.000000000000000000, -1.136281752823236226E-16, 0.000000000000000000 ) ) ;
#7306 = VECTOR ( 'NONE', #753, 1000.000000000000000 ) ;
#7307 = VERTEX_POINT ( 'NONE', #7024 ) ;
#7308 = LINE ( 'NONE', #8865, #917 ) ;
#7309 = LINE ( 'NONE', #6638, #6102 ) ;
#7310 = LINE ( 'NONE', #7357, #2782 ) ;
#7311 = FACE_OUTER_BOUND ( 'NONE', #1717, .T. ) ;
#7312 = DIRECTION ( 'NONE',  ( 0.000000000000000000, 0.000000000000000000, -1.000000000000000000 ) ) ;
#7313 = VECTOR ( 'NONE', #6279, 1000.000000000000000 ) ;
#7314 = DIRECTION ( 'NONE',  ( -1.000000000000000000, 0.000000000000000000, 0.000000000000000000 ) ) ;
#7315 = AXIS2_PLACEMENT_3D ( 'NONE', #4536, #9927, #6066 ) ;
#7316 = DIRECTION ( 'NONE',  ( 0.000000000000000000, 0.000000000000000000, 1.000000000000000000 ) ) ;
#7317 = VERTEX_POINT ( 'NONE', #9483 ) ;
#7318 = EDGE_CURVE ( 'NONE', #6087, #6084, #4562, .T. ) ;
#7319 = CARTESIAN_POINT ( 'NONE',  ( 1.975000000000001865, 2.085000000000000409, -1.464999999999999636 ) ) ;
#7320 = DIRECTION ( 'NONE',  ( 1.000000000000000000, 0.000000000000000000, 0.000000000000000000 ) ) ;
#7321 = ORIENTED_EDGE ( 'NONE', *, *, #2344, .F. ) ;
#7322 = VECTOR ( 'NONE', #1820, 1000.000000000000000 ) ;
#7323 = AXIS2_PLACEMENT_3D ( 'NONE', #7555, #3455, #9669 ) ;
#7324 = CARTESIAN_POINT ( 'NONE',  ( -7.725000000000000533, 1.709999999999999520, 1.324999999999999734 ) ) ;
#7325 = ORIENTED_EDGE ( 'NONE', *, *, #9861, .F. ) ;
#7326 = EDGE_CURVE ( 'NONE', #5942, #2970, #5622, .T. ) ;
#7327 = VECTOR ( 'NONE', #2513, 1000.000000000000000 ) ;
#7328 = ORIENTED_EDGE ( 'NONE', *, *, #1574, .F. ) ;
#7329 = CARTESIAN_POINT ( 'NONE',  ( -3.749999999999998224, 0.000000000000000000, -0.3250000000000000666 ) ) ;
#7330 = VERTEX_POINT ( 'NONE', #670 ) ;
#7331 = DIRECTION ( 'NONE',  ( -0.5773502691896241767, 0.5773502691896265082, 0.5773502691896265082 ) ) ;
#7332 = EDGE_CURVE ( 'NONE', #4313, #1674, #1971, .T. ) ;
#7333 = LINE ( 'NONE', #249, #7625 ) ;
#7334 = CARTESIAN_POINT ( 'NONE',  ( -5.800000000000000711, 3.820000000000000728, -2.024999999999999911 ) ) ;
#7335 = ORIENTED_EDGE ( 'NONE', *, *, #9437, .F. ) ;
#7336 = ADVANCED_FACE ( 'NONE', ( #7311 ), #8016, .T. ) ;
#7337 = ADVANCED_FACE ( 'NONE', ( #221 ), #375, .T. ) ;
#7338 = VERTEX_POINT ( 'NONE', #3501 ) ;
#7339 = ORIENTED_EDGE ( 'NONE', *, *, #9607, .F. ) ;
#7340 = AXIS2_PLACEMENT_3D ( 'NONE', #7418, #2808, #2704 ) ;
#7341 = CARTESIAN_POINT ( 'NONE',  ( 3.625000000000001332, 3.500000000000000444, -1.334999999999999742 ) ) ;
#7342 = CARTESIAN_POINT ( 'NONE',  ( 3.625000000000002220, 1.644999999999999352, 1.949999999999999067 ) ) ;
#7343 = CARTESIAN_POINT ( 'NONE',  ( 3.855000000000002647, 1.559999999999999609, 1.949999999999999512 ) ) ;
#7344 = EDGE_CURVE ( 'NONE', #2043, #2532, #427, .T. ) ;
#7345 = CARTESIAN_POINT ( 'NONE',  ( 3.975000000000003642, 2.209999999999999520, 1.324999999999999734 ) ) ;
#7346 = DIRECTION ( 'NONE',  ( 1.000000000000000000, -0.000000000000000000, -0.000000000000000000 ) ) ;
#7347 = ORIENTED_EDGE ( 'NONE', *, *, #7499, .T. ) ;
#7348 = EDGE_CURVE ( 'NONE', #893, #8533, #4999, .T. ) ;
#7349 = EDGE_CURVE ( 'NONE', #6187, #9741, #4277, .T. ) ;
#7350 = ORIENTED_EDGE ( 'NONE', *, *, #2893, .T. ) ;
#7351 = DIRECTION ( 'NONE',  ( 1.000000000000000000, -0.000000000000000000, -0.000000000000000000 ) ) ;
#7352 = CARTESIAN_POINT ( 'NONE',  ( -4.275000000000001243, 2.085000000000000409, -2.024999999999999467 ) ) ;
#7353 = VERTEX_POINT ( 'NONE', #8830 ) ;
#7354 = CARTESIAN_POINT ( 'NONE',  ( -0.3124999999999993894, 1.855000000000000204, 1.824999999999999289 ) ) ;
#7355 = DIRECTION ( 'NONE',  ( 0.000000000000000000, -1.000000000000000000, 0.000000000000000000 ) ) ;
#7356 = LINE ( 'NONE', #372, #7749 ) ;
#7357 = CARTESIAN_POINT ( 'NONE',  ( -3.749999999999998224, 3.325000000000000178, 2.024999999999999911 ) ) ;
#7358 = UNCERTAINTY_MEASURE_WITH_UNIT (LENGTH_MEASURE( 1.000000000000000082E-05 ), #7923, 'distance_accuracy_value', 'NONE');
#7359 = CARTESIAN_POINT ( 'NONE',  ( -0.000000000000000000, 2.085000000000000409, 2.024999999999999911 ) ) ;
#7360 = DIRECTION ( 'NONE',  ( -0.000000000000000000, -0.000000000000000000, 1.000000000000000000 ) ) ;
#7361 = DIRECTION ( 'NONE',  ( 0.000000000000000000, 1.000000000000000000, 0.000000000000000000 ) ) ;
#7362 = CARTESIAN_POINT ( 'NONE',  ( 4.328333333333349131, 1.506666666666640175, 1.271666666666666501 ) ) ;
#7363 = DIRECTION ( 'NONE',  ( 0.000000000000000000, 1.000000000000000000, -0.000000000000000000 ) ) ;
#7364 = LINE ( 'NONE', #9536, #6325 ) ;
#7365 = VECTOR ( 'NONE', #814, 1000.000000000000000 ) ;
#7366 = LINE ( 'NONE', #3512, #2432 ) ;
#7367 = VECTOR ( 'NONE', #9909, 1000.000000000000000 ) ;
#7368 = ORIENTED_EDGE ( 'NONE', *, *, #1986, .F. ) ;
#7369 = FACE_OUTER_BOUND ( 'NONE', #9875, .T. ) ;
#7370 = DIRECTION ( 'NONE',  ( -0.000000000000000000, -0.7071067811865597852, 0.7071067811865352493 ) ) ;
#7371 = VECTOR ( 'NONE', #3033, 1000.000000000000000 ) ;
#7372 = VERTEX_POINT ( 'NONE', #5668 ) ;
#7373 = VECTOR ( 'NONE', #5890, 1000.000000000000000 ) ;
#7374 = ORIENTED_EDGE ( 'NONE', *, *, #2524, .T. ) ;
#7375 = VERTEX_POINT ( 'NONE', #8118 ) ;
#7376 = ORIENTED_EDGE ( 'NONE', *, *, #2640, .F. ) ;
#7377 = VERTEX_POINT ( 'NONE', #5817 ) ;
#7378 = CARTESIAN_POINT ( 'NONE',  ( -4.062499999999999112, 1.855000000000000204, 0.06499999999999994671 ) ) ;
#7379 = LINE ( 'NONE', #9052, #3284 ) ;
#7380 = PLANE ( 'NONE',  #8323 ) ;
#7381 = ORIENTED_EDGE ( 'NONE', *, *, #8076, .T. ) ;
#7382 = CARTESIAN_POINT ( 'NONE',  ( 1.250000000000000000, 2.255000000000000338, 2.024999999999999911 ) ) ;
#7383 = DIRECTION ( 'NONE',  ( -0.000000000000000000, 1.000000000000000000, 0.000000000000000000 ) ) ;
#7384 = ORIENTED_EDGE ( 'NONE', *, *, #9451, .F. ) ;
#7385 = VERTEX_POINT ( 'NONE', #4225 ) ;
#7386 = CARTESIAN_POINT ( 'NONE',  ( 3.625000000000002220, 1.559999999999999609, 1.864999999999999547 ) ) ;
#7387 = EDGE_CURVE ( 'NONE', #1266, #6524, #5046, .T. ) ;
#7388 = DIRECTION ( 'NONE',  ( -0.000000000000000000, -0.000000000000000000, -1.000000000000000000 ) ) ;
#7389 = VERTEX_POINT ( 'NONE', #5866 ) ;
#7390 = LINE ( 'NONE', #5747, #6958 ) ;
#7391 = PLANE ( 'NONE',  #4831 ) ;
#7392 = ORIENTED_EDGE ( 'NONE', *, *, #4079, .F. ) ;
#7393 = ORIENTED_EDGE ( 'NONE', *, *, #9076, .T. ) ;
#7394 = PRESENTATION_STYLE_ASSIGNMENT (( #8967 ) ) ;
#7395 = CARTESIAN_POINT ( 'NONE',  ( -1.974999999999999867, 1.855000000000000204, 0.06499999999999994671 ) ) ;
#7396 = EDGE_LOOP ( 'NONE', ( #63, #638, #1484, #9549, #2661 ) ) ;
#7397 = DIRECTION ( 'NONE',  ( 0.000000000000000000, 0.000000000000000000, 1.000000000000000000 ) ) ;
#7398 = ORIENTED_EDGE ( 'NONE', *, *, #230, .F. ) ;
#7399 = DIRECTION ( 'NONE',  ( 1.000000000000000000, -0.000000000000000000, -0.000000000000000000 ) ) ;
#7400 = ADVANCED_FACE ( 'NONE', ( #5098 ), #1095, .T. ) ;
#7401 = EDGE_CURVE ( 'NONE', #2043, #4439, #3547, .T. ) ;
#7402 = EDGE_CURVE ( 'NONE', #5004, #8040, #2693, .T. ) ;
#7403 = CARTESIAN_POINT ( 'NONE',  ( -1.974999999999999867, 2.085000000000000409, -1.464999999999999636 ) ) ;
#7404 = EDGE_CURVE ( 'NONE', #1060, #5822, #4327, .T. ) ;
#7405 = CARTESIAN_POINT ( 'NONE',  ( -5.312499999999999112, 0.000000000000000000, 0.06499999999999994671 ) ) ;
#7406 = CARTESIAN_POINT ( 'NONE',  ( -5.800000000000000711, 3.820000000000000728, -1.224999999999999867 ) ) ;
#7407 = DIRECTION ( 'NONE',  ( 1.000000000000000000, 0.000000000000000000, 0.000000000000000000 ) ) ;
#7408 = FACE_OUTER_BOUND ( 'NONE', #5273, .T. ) ;
#7409 = CARTESIAN_POINT ( 'NONE',  ( -7.875000000000000000, 2.209999999999999520, 1.975000000000001865 ) ) ;
#7410 = LINE ( 'NONE', #378, #8866 ) ;
#7411 = CARTESIAN_POINT ( 'NONE',  ( -7.375000000000000888, 1.094999999999999085, 1.949999999999999289 ) ) ;
#7412 = CARTESIAN_POINT ( 'NONE',  ( -5.725000000000000533, 1.855000000000000204, 1.824999999999999289 ) ) ;
#7413 = ORIENTED_EDGE ( 'NONE', *, *, #4306, .F. ) ;
#7414 = CARTESIAN_POINT ( 'NONE',  ( -1.974999999999999867, 0.5500000000000010436, 2.024999999999999911 ) ) ;
#7415 = AXIS2_PLACEMENT_3D ( 'NONE', #513, #4619, #7651 ) ;
#7416 = VERTEX_POINT ( 'NONE', #6583 ) ;
#7417 = ADVANCED_FACE ( 'NONE', ( #8926 ), #6640, .T. ) ;
#7418 = CARTESIAN_POINT ( 'NONE',  ( 0.000000000000000000, 0.000000000000000000, 0.000000000000000000 ) ) ;
#7419 = DIRECTION ( 'NONE',  ( 1.000000000000000000, 0.000000000000000000, 0.000000000000000000 ) ) ;
#7420 = EDGE_LOOP ( 'NONE', ( #1774, #6679, #380, #7178 ) ) ;
#7421 = LINE ( 'NONE', #5925, #6361 ) ;
#7422 = ORIENTED_EDGE ( 'NONE', *, *, #973, .F. ) ;
#7423 = ORIENTED_EDGE ( 'NONE', *, *, #5872, .T. ) ;
#7424 = CARTESIAN_POINT ( 'NONE',  ( -7.500000000000000000, 3.325000000000000178, 0.06499999999999994671 ) ) ;
#7425 = ORIENTED_EDGE ( 'NONE', *, *, #325, .T. ) ;
#7426 = CARTESIAN_POINT ( 'NONE',  ( -5.937500000000000000, 0.000000000000000000, 0.06499999999999994671 ) ) ;
#7427 = DIRECTION ( 'NONE',  ( 1.000000000000000000, 0.000000000000000000, 0.000000000000000000 ) ) ;
#7428 = VERTEX_POINT ( 'NONE', #5717 ) ;
#7429 = CARTESIAN_POINT ( 'NONE',  ( -9.341064372665991643E-17, 0.7800000000000006928, 1.824999999999999289 ) ) ;
#7430 = ORIENTED_EDGE ( 'NONE', *, *, #1921, .T. ) ;
#7431 = ORIENTED_EDGE ( 'NONE', *, *, #6026, .T. ) ;
#7432 = ORIENTED_EDGE ( 'NONE', *, *, #9014, .F. ) ;
#7433 = VECTOR ( 'NONE', #5917, 1000.000000000000000 ) ;
#7434 = CARTESIAN_POINT ( 'NONE',  ( -5.724999999999999645, 0.000000000000000000, 0.06499999999999998834 ) ) ;
#7435 = DIRECTION ( 'NONE',  ( -0.000000000000000000, -0.000000000000000000, 1.000000000000000000 ) ) ;
#7436 =( LENGTH_UNIT ( ) NAMED_UNIT ( * ) SI_UNIT ( .MILLI., .METRE. ) );
#7437 = LINE ( 'NONE', #7299, #3551 ) ;
#7438 = CARTESIAN_POINT ( 'NONE',  ( -3.749999999999998224, 0.7800000000000006928, 0.06499999999999994671 ) ) ;
#7439 = CARTESIAN_POINT ( 'NONE',  ( -0.3125000000000037748, 8.809142651444728259E-15, 2.024999999999999911 ) ) ;
#7440 = VERTEX_POINT ( 'NONE', #273 ) ;
#7441 = AXIS2_PLACEMENT_3D ( 'NONE', #1496, #4634, #7762 ) ;
#7442 = VERTEX_POINT ( 'NONE', #1810 ) ;
#7443 =( NAMED_UNIT ( * ) SI_UNIT ( $, .STERADIAN. ) SOLID_ANGLE_UNIT ( ) );
#7444 = EDGE_CURVE ( 'NONE', #3957, #4920, #3414, .T. ) ;
#7445 = CARTESIAN_POINT ( 'NONE',  ( 7.875000000000000000, 1.030000000000000027, 0.000000000000000000 ) ) ;
#7446 = EDGE_CURVE ( 'NONE', #8072, #9718, #6789, .T. ) ;
#7447 = APPLICATION_CONTEXT ( 'automotive_design' ) ;
#7448 = VERTEX_POINT ( 'NONE', #8366 ) ;
#7449 = ORIENTED_EDGE ( 'NONE', *, *, #9030, .F. ) ;
#7450 = AXIS2_PLACEMENT_3D ( 'NONE', #3013, #6121, #2248 ) ;
#7451 = CARTESIAN_POINT ( 'NONE',  ( -4.687500000000000000, 1.855000000000000204, 1.824999999999999289 ) ) ;
#7452 = CARTESIAN_POINT ( 'NONE',  ( 0.000000000000000000, 0.000000000000000000, 1.824999999999999956 ) ) ;
#7453 = VECTOR ( 'NONE', #348, 1000.000000000000000 ) ;
#7454 = CARTESIAN_POINT ( 'NONE',  ( -5.724999999999999645, -5.913830031739109626E-16, -2.024999999999999911 ) ) ;
#7455 = CARTESIAN_POINT ( 'NONE',  ( -7.605000000000000426, -0.06250000000000049960, -0.06250000000000077716 ) ) ;
#7456 = CARTESIAN_POINT ( 'NONE',  ( -1.775000000000000133, 1.030000000000000027, -2.024999999999999911 ) ) ;
#7457 = DIRECTION ( 'NONE',  ( 1.000000000000000000, 0.000000000000000000, 0.000000000000000000 ) ) ;
#7458 = DIRECTION ( 'NONE',  ( -8.468115335143821308E-17, 0.7071067811865475727, 0.7071067811865474617 ) ) ;
#7459 = VECTOR ( 'NONE', #9703, 1000.000000000000114 ) ;
#7460 = CARTESIAN_POINT ( 'NONE',  ( -3.749999999999998224, 1.855000000000000204, 1.824999999999999289 ) ) ;
#7461 = ADVANCED_FACE ( 'NONE', ( #4485 ), #2962, .F. ) ;
#7462 = EDGE_CURVE ( 'NONE', #8048, #1843, #7676, .T. ) ;
#7463 = VECTOR ( 'NONE', #193, 1000.000000000000000 ) ;
#7464 = DIRECTION ( 'NONE',  ( 0.5000000000000003331, 0.000000000000000000, 0.8660254037844383745 ) ) ;
#7465 = ORIENTED_EDGE ( 'NONE', *, *, #8541, .F. ) ;
#7466 = EDGE_LOOP ( 'NONE', ( #2178, #3697, #418, #5284 ) ) ;
#7467 = FACE_OUTER_BOUND ( 'NONE', #2471, .T. ) ;
#7468 = ORIENTED_EDGE ( 'NONE', *, *, #6324, .T. ) ;
#7469 = EDGE_CURVE ( 'NONE', #5894, #7811, #6741, .T. ) ;
#7470 = VERTEX_POINT ( 'NONE', #2082 ) ;
#7471 = EDGE_CURVE ( 'NONE', #4375, #9641, #5608, .T. ) ;
#7473 = CARTESIAN_POINT ( 'NONE',  ( -3.437499999999999556, 2.055000000000001048, 2.024999999999999911 ) ) ;
#7472 = DIRECTION ( 'NONE',  ( 1.000000000000000000, -1.197572355469997778E-16, 0.000000000000000000 ) ) ;
#7474 = VERTEX_POINT ( 'NONE', #3904 ) ;
#7475 = EDGE_LOOP ( 'NONE', ( #6677, #5550, #8322, #1109 ) ) ;
#7476 = VECTOR ( 'NONE', #4856, 1000.000000000000000 ) ;
#7477 = VECTOR ( 'NONE', #5247, 1000.000000000000000 ) ;
#7478 = PRODUCT ( 'pin', 'pin', '', ( #8651 ) ) ;
#7479 = VERTEX_POINT ( 'NONE', #8674 ) ;
#7480 = DIRECTION ( 'NONE',  ( 0.000000000000000000, 1.000000000000000000, 0.000000000000000000 ) ) ;
#7481 = FACE_OUTER_BOUND ( 'NONE', #3992, .T. ) ;
#7482 = LINE ( 'NONE', #8293, #4425 ) ;
#7483 = VECTOR ( 'NONE', #394, 1000.000000000000000 ) ;
#7484 = LINE ( 'NONE', #4838, #8598 ) ;
#7485 = ORIENTED_EDGE ( 'NONE', *, *, #1131, .F. ) ;
#7486 = DIRECTION ( 'NONE',  ( 0.000000000000000000, -0.000000000000000000, -1.000000000000000000 ) ) ;
#7487 = ORIENTED_EDGE ( 'NONE', *, *, #6518, .F. ) ;
#7488 = ORIENTED_EDGE ( 'NONE', *, *, #6327, .T. ) ;
#7489 = VECTOR ( 'NONE', #3555, 1000.000000000000000 ) ;
#7490 = LINE ( 'NONE', #4256, #4799 ) ;
#7491 = LINE ( 'NONE', #8245, #2256 ) ;
#7492 = CARTESIAN_POINT ( 'NONE',  ( -7.605000000000000426, -1.781481197162711565E-15, 1.875000000000000888 ) ) ;
#7493 = VECTOR ( 'NONE', #1793, 1000.000000000000000 ) ;
#7494 = CARTESIAN_POINT ( 'NONE',  ( -7.605000000000000426, 0.9249999999999991562, 1.949999999999999067 ) ) ;
#7495 = CARTESIAN_POINT ( 'NONE',  ( 0.000000000000000000, 4.190000000000000391, 0.000000000000000000 ) ) ;
#7496 = DIRECTION ( 'NONE',  ( 0.000000000000000000, 0.000000000000000000, -1.000000000000000000 ) ) ;
#7497 = CARTESIAN_POINT ( 'NONE',  ( 3.855000000000002647, 2.209999999999999520, 1.274999999999999911 ) ) ;
#7498 = ORIENTED_EDGE ( 'NONE', *, *, #9198, .F. ) ;
#7499 = EDGE_CURVE ( 'NONE', #8450, #1111, #9381, .T. ) ;
#7500 = VERTEX_POINT ( 'NONE', #8772 ) ;
#7501 =( NAMED_UNIT ( * ) PLANE_ANGLE_UNIT ( ) SI_UNIT ( $, .RADIAN. ) );
#7502 = LINE ( 'NONE', #5193, #10044 ) ;
#7503 = ORIENTED_EDGE ( 'NONE', *, *, #7646, .T. ) ;
#7504 = ORIENTED_EDGE ( 'NONE', *, *, #8273, .F. ) ;
#7505 = DIRECTION ( 'NONE',  ( 0.000000000000000000, -1.000000000000000000, 0.000000000000000000 ) ) ;
#7506 = PLANE ( 'NONE',  #2085 ) ;
#7507 = CARTESIAN_POINT ( 'NONE',  ( -3.224999999999999645, 2.055000000000001048, 2.024999999999999911 ) ) ;
#7508 = DIRECTION ( 'NONE',  ( 1.000000000000000000, 0.000000000000000000, 0.000000000000000000 ) ) ;
#7509 = DIRECTION ( 'NONE',  ( -1.000000000000000000, -7.477256361968995247E-17, 0.000000000000000000 ) ) ;
#7510 = CARTESIAN_POINT ( 'NONE',  ( 4.125000000000001776, 8.777094706955511913E-18, 0.09499999999999998723 ) ) ;
#7511 = LINE ( 'NONE', #1397, #4810 ) ;
#7513 = FACE_OUTER_BOUND ( 'NONE', #4506, .T. ) ;
#7512 = LINE ( 'NONE', #4437, #7134 ) ;
#7514 = LINE ( 'NONE', #487, #1260 ) ;
#7515 = ORIENTED_EDGE ( 'NONE', *, *, #6850, .F. ) ;
#7516 = ORIENTED_EDGE ( 'NONE', *, *, #1921, .F. ) ;
#7517 = AXIS2_PLACEMENT_3D ( 'NONE', #4054, #3240, #1688 ) ;
#7518 = EDGE_CURVE ( 'NONE', #1299, #7276, #1750, .T. ) ;
#7519 = ADVANCED_FACE ( 'NONE', ( #5701 ), #8003, .F. ) ;
#7520 = CARTESIAN_POINT ( 'NONE',  ( -4.062499999999999112, 2.055000000000001048, 2.024999999999999911 ) ) ;
#7521 = EDGE_CURVE ( 'NONE', #3275, #5369, #9171, .T. ) ;
#7522 = CARTESIAN_POINT ( 'NONE',  ( -7.375000000000000888, 1.559999999999999609, 1.949999999999999512 ) ) ;
#7523 = ORIENTED_EDGE ( 'NONE', *, *, #6838, .F. ) ;
#7524 = ORIENTED_EDGE ( 'NONE', *, *, #9745, .F. ) ;
#7526 = CARTESIAN_POINT ( 'NONE',  ( -7.725000000000000533, 0.7799999999999999156, -0.3250000000000000666 ) ) ;
#7525 = LINE ( 'NONE', #6755, #1452 ) ;
#7527 = ORIENTED_EDGE ( 'NONE', *, *, #6270, .F. ) ;
#7528 = LINE ( 'NONE', #6760, #3396 ) ;
#7529 = ORIENTED_EDGE ( 'NONE', *, *, #7140, .F. ) ;
#7530 = ORIENTED_EDGE ( 'NONE', *, *, #3880, .T. ) ;
#7531 = CARTESIAN_POINT ( 'NONE',  ( 2.500000000000000000, 1.855000000000000204, 1.824999999999999289 ) ) ;
#7532 = AXIS2_PLACEMENT_3D ( 'NONE', #1915, #9025, #6533 ) ;
#7533 = EDGE_CURVE ( 'NONE', #2377, #2950, #4432, .T. ) ;
#7534 = EDGE_CURVE ( 'NONE', #9009, #7338, #516, .T. ) ;
#7535 = EDGE_CURVE ( 'NONE', #8669, #6076, #6107, .T. ) ;
#7536 = CARTESIAN_POINT ( 'NONE',  ( -5.724999999999999645, -1.084202172485503941E-16, -1.810000000000000053 ) ) ;
#7537 = CARTESIAN_POINT ( 'NONE',  ( 0.7249999999999999778, 0.5500000000000010436, 2.024999999999999911 ) ) ;
#7538 = CARTESIAN_POINT ( 'NONE',  ( 3.050000000000002487, 3.240000000000000657, -1.224999999999999867 ) ) ;
#7539 = ORIENTED_EDGE ( 'NONE', *, *, #1743, .F. ) ;
#7540 = FACE_OUTER_BOUND ( 'NONE', #8006, .T. ) ;
#7541 = ORIENTED_EDGE ( 'NONE', *, *, #3952, .F. ) ;
#7542 = AXIS2_PLACEMENT_3D ( 'NONE', #5916, #9026, #4539 ) ;
#7543 = ORIENTED_EDGE ( 'NONE', *, *, #2979, .T. ) ;
#7544 = CARTESIAN_POINT ( 'NONE',  ( -2.812500000000003553, 8.809142651444728259E-15, 0.06499999999999994671 ) ) ;
#7545 = FACE_OUTER_BOUND ( 'NONE', #1219, .T. ) ;
#7546 = ORIENTED_EDGE ( 'NONE', *, *, #6038, .F. ) ;
#7547 = PLANE ( 'NONE',  #5735 ) ;
#7548 = DIRECTION ( 'NONE',  ( -0.000000000000000000, -0.000000000000000000, 1.000000000000000000 ) ) ;
#7549 = EDGE_LOOP ( 'NONE', ( #3297, #2044, #520, #7571, #2329 ) ) ;
#7550 = ORIENTED_EDGE ( 'NONE', *, *, #2655, .F. ) ;
#7551 = PRESENTATION_STYLE_ASSIGNMENT (( #2071 ) ) ;
#7552 = ORIENTED_EDGE ( 'NONE', *, *, #3417, .F. ) ;
#7553 = ORIENTED_EDGE ( 'NONE', *, *, #80, .T. ) ;
#7554 = LINE ( 'NONE', #9130, #6169 ) ;
#7555 = CARTESIAN_POINT ( 'NONE',  ( -7.375000000000000888, 1.009999999999999121, 1.949999999999999289 ) ) ;
#7556 = LINE ( 'NONE', #9249, #859 ) ;
#7557 = DIRECTION ( 'NONE',  ( 0.000000000000000000, 1.000000000000000000, 0.000000000000000000 ) ) ;
#7558 = LINE ( 'NONE', #2912, #6292 ) ;
#7559 = CARTESIAN_POINT ( 'NONE',  ( -5.724999999999999645, 0.2999999999999999889, -2.824999999999999734 ) ) ;
#7560 = DIRECTION ( 'NONE',  ( -0.000000000000000000, -0.7071067811865474617, -0.7071067811865474617 ) ) ;
#7561 = LINE ( 'NONE', #535, #5535 ) ;
#7562 = DIRECTION ( 'NONE',  ( -0.8660254037844384856, 0.000000000000000000, 0.5000000000000004441 ) ) ;
#7563 = ADVANCED_FACE ( 'NONE', ( #1278 ), #8460, .T. ) ;
#7564 = ADVANCED_FACE ( 'NONE', ( #2232 ), #7547, .F. ) ;
#7565 = ORIENTED_EDGE ( 'NONE', *, *, #9503, .T. ) ;
#7566 = ORIENTED_EDGE ( 'NONE', *, *, #1822, .T. ) ;
#7567 = SHAPE_REPRESENTATION_RELATIONSHIP ( 'NONE' , 'NONE' ,  #3828, #3676 ) ;
#7568 = CARTESIAN_POINT ( 'NONE',  ( -7.275000000000000355, 2.209999999999999520, 0.000000000000000000 ) ) ;
#7569 = PLANE ( 'NONE',  #2744 ) ;
#7570 = ORIENTED_EDGE ( 'NONE', *, *, #4773, .F. ) ;
#7571 = ORIENTED_EDGE ( 'NONE', *, *, #8825, .F. ) ;
#7573 = CARTESIAN_POINT ( 'NONE',  ( -3.749999999999998224, 0.000000000000000000, -1.224999999999999867 ) ) ;
#7572 = CARTESIAN_POINT ( 'NONE',  ( -7.500000000000000000, 3.965000000000001634, 0.09499999999999962641 ) ) ;
#7574 = AXIS2_PLACEMENT_3D ( 'NONE', #4865, #4717, #1523 ) ;
#7575 = VERTEX_POINT ( 'NONE', #415 ) ;
#7576 = VECTOR ( 'NONE', #4407, 1000.000000000000114 ) ;
#7577 = PRODUCT_RELATED_PRODUCT_CATEGORY ( 'part', '', ( #2348 ) ) ;
#7578 = ADVANCED_FACE ( 'NONE', ( #4422 ), #1331, .T. ) ;
#7579 = LINE ( 'NONE', #2875, #8137 ) ;
#7580 = ORIENTED_EDGE ( 'NONE', *, *, #7156, .F. ) ;
#7581 = ORIENTED_EDGE ( 'NONE', *, *, #4966, .F. ) ;
#7582 = DIRECTION ( 'NONE',  ( 1.000000000000000000, 0.000000000000000000, 0.000000000000000000 ) ) ;
#7583 = LINE ( 'NONE', #555, #1132 ) ;
#7584 = CARTESIAN_POINT ( 'NONE',  ( -3.224999999999999645, 1.630000000000000782, -2.024999999999999911 ) ) ;
#7585 = VERTEX_POINT ( 'NONE', #9760 ) ;
#7586 = DIRECTION ( 'NONE',  ( 0.000000000000000000, -1.000000000000000000, 0.000000000000000000 ) ) ;
#7587 = LINE ( 'NONE', #6334, #9671 ) ;
#7588 = ORIENTED_EDGE ( 'NONE', *, *, #7462, .T. ) ;
#7589 = ADVANCED_FACE ( 'NONE', ( #9118 ), #1225, .T. ) ;
#7590 = EDGE_CURVE ( 'NONE', #2703, #9488, #2122, .T. ) ;
#7591 = EDGE_CURVE ( 'NONE', #5861, #9556, #2837, .T. ) ;
#7592 = EDGE_CURVE ( 'NONE', #7712, #758, #5238, .T. ) ;
#7593 = EDGE_CURVE ( 'NONE', #114, #9641, #6828, .T. ) ;
#7594 = VECTOR ( 'NONE', #8982, 1000.000000000000000 ) ;
#7595 = ORIENTED_EDGE ( 'NONE', *, *, #1258, .T. ) ;
#7596 = PLANE ( 'NONE',  #7415 ) ;
#7597 = LINE ( 'NONE', #462, #8165 ) ;
#7598 = ITEM_DEFINED_TRANSFORMATION ( 'NONE', 'NONE', #636,  #1950 ) ;
#7599 = ORIENTED_EDGE ( 'NONE', *, *, #7593, .T. ) ;
#7600 = CARTESIAN_POINT ( 'NONE',  ( -11.62499999999999822, 2.960000000000000853, 2.024999999999999911 ) ) ;
#7601 = CARTESIAN_POINT ( 'NONE',  ( -5.724999999999999645, 0.000000000000000000, 0.000000000000000000 ) ) ;
#7602 = DIRECTION ( 'NONE',  ( 1.495451272393798655E-15, 1.000000000000000000, 0.000000000000000000 ) ) ;
#7603 = EDGE_LOOP ( 'NONE', ( #3440, #7103, #6293, #1465 ) ) ;
#7604 = VECTOR ( 'NONE', #999, 1000.000000000000000 ) ;
#7605 = VERTEX_POINT ( 'NONE', #7706 ) ;
#7606 = DIRECTION ( 'NONE',  ( -0.000000000000000000, 1.000000000000000000, 0.000000000000000000 ) ) ;
#7607 = ADVANCED_FACE ( 'NONE', ( #3850 ), #878, .T. ) ;
#7608 = EDGE_CURVE ( 'NONE', #2956, #7844, #7806, .T. ) ;
#7609 = ORIENTED_EDGE ( 'NONE', *, *, #2341, .F. ) ;
#7610 = VECTOR ( 'NONE', #3916, 1000.000000000000000 ) ;
#7611 = CARTESIAN_POINT ( 'NONE',  ( 5.000000000000000000, 1.855000000000000204, 0.06499999999999994671 ) ) ;
#7612 = ORIENTED_EDGE ( 'NONE', *, *, #703, .F. ) ;
#7613 = FACE_OUTER_BOUND ( 'NONE', #20, .T. ) ;
#7614 = PLANE ( 'NONE',  #9997 ) ;
#7615 = LINE ( 'NONE', #7717, #8287 ) ;
#7616 = LINE ( 'NONE', #3708, #8827 ) ;
#7617 = VECTOR ( 'NONE', #5513, 1000.000000000000000 ) ;
#7618 = CARTESIAN_POINT ( 'NONE',  ( 3.855000000000002647, 0.7800000000000000266, 0.000000000000000000 ) ) ;
#7619 = CARTESIAN_POINT ( 'NONE',  ( -5.525000000000000355, 0.000000000000000000, -1.464999999999999858 ) ) ;
#7620 = DIRECTION ( 'NONE',  ( 0.000000000000000000, -1.000000000000000000, 0.000000000000000000 ) ) ;
#7621 = VECTOR ( 'NONE', #4841, 1000.000000000000000 ) ;
#7622 = ORIENTED_EDGE ( 'NONE', *, *, #6145, .T. ) ;
#7623 = CARTESIAN_POINT ( 'NONE',  ( -7.500000000000000000, 3.325000000000000178, 0.6399999999999999023 ) ) ;
#7624 = ORIENTED_EDGE ( 'NONE', *, *, #2389, .T. ) ;
#7625 = VECTOR ( 'NONE', #296, 1000.000000000000000 ) ;
#7626 = DIRECTION ( 'NONE',  ( 0.000000000000000000, 0.000000000000000000, -1.000000000000000000 ) ) ;
#7627 = ORIENTED_EDGE ( 'NONE', *, *, #1992, .F. ) ;
#7628 = FACE_OUTER_BOUND ( 'NONE', #4191, .T. ) ;
#7629 = FACE_OUTER_BOUND ( 'NONE', #9925, .T. ) ;
#7630 = ORIENTED_EDGE ( 'NONE', *, *, #9137, .T. ) ;
#7631 = FACE_OUTER_BOUND ( 'NONE', #7690, .T. ) ;
#7632 = VECTOR ( 'NONE', #2939, 1000.000000000000000 ) ;
#7633 = EDGE_LOOP ( 'NONE', ( #8562, #2235, #10009 ) ) ;
#7635 = DIRECTION ( 'NONE',  ( 0.000000000000000000, -1.000000000000000000, 0.000000000000000000 ) ) ;
#7634 = CARTESIAN_POINT ( 'NONE',  ( -7.375000000000000888, 0.000000000000000000, 0.06499999999999994671 ) ) ;
#7636 = ORIENTED_EDGE ( 'NONE', *, *, #2475, .T. ) ;
#7637 = CARTESIAN_POINT ( 'NONE',  ( 2.689999999999999503, 3.820000000000000728, -1.224999999999999867 ) ) ;
#7638 = FACE_OUTER_BOUND ( 'NONE', #5849, .T. ) ;
#7639 = VERTEX_POINT ( 'NONE', #11 ) ;
#7640 = VERTEX_POINT ( 'NONE', #5400 ) ;
#7641 = CARTESIAN_POINT ( 'NONE',  ( -3.749999999999998224, 0.5500000000000010436, 2.024999999999999911 ) ) ;
#7642 = CARTESIAN_POINT ( 'NONE',  ( -1.775000000000000133, 0.000000000000000000, -2.024999999999999911 ) ) ;
#7643 = LINE ( 'NONE', #1475, #4253 ) ;
#7644 = CARTESIAN_POINT ( 'NONE',  ( -5.937500000000000000, 2.255000000000000338, 0.06499999999999994671 ) ) ;
#7645 = DIRECTION ( 'NONE',  ( 0.000000000000000000, 0.000000000000000000, -1.000000000000000000 ) ) ;
#7646 = EDGE_CURVE ( 'NONE', #4645, #1161, #4576, .T. ) ;
#7647 = ORIENTED_EDGE ( 'NONE', *, *, #305, .T. ) ;
#7648 = CARTESIAN_POINT ( 'NONE',  ( 10.37500000000000000, 2.055000000000001048, 2.024999999999999911 ) ) ;
#7649 = AXIS2_PLACEMENT_3D ( 'NONE', #4130, #3370, #9189 ) ;
#7650 = ORIENTED_EDGE ( 'NONE', *, *, #6144, .T. ) ;
#7651 = DIRECTION ( 'NONE',  ( 0.000000000000000000, -0.000000000000000000, -1.000000000000000000 ) ) ;
#7652 = VECTOR ( 'NONE', #3019, 1000.000000000000000 ) ;
#7653 = DIRECTION ( 'NONE',  ( 1.000000000000000000, 0.000000000000000000, 0.000000000000000000 ) ) ;
#7654 = EDGE_CURVE ( 'NONE', #7416, #10068, #7753, .T. ) ;
#7655 = EDGE_CURVE ( 'NONE', #138, #4745, #7136, .T. ) ;
#7656 = LINE ( 'NONE', #9062, #1926 ) ;
#7657 = ADVANCED_FACE ( 'NONE', ( #110 ), #2334, .F. ) ;
#7658 = EDGE_LOOP ( 'NONE', ( #3841, #3698, #6009, #1387, #833, #2840 ) ) ;
#7659 = CARTESIAN_POINT ( 'NONE',  ( 6.790000000000000036, 0.7800000000000015810, 1.824999999999999289 ) ) ;
#7660 = CARTESIAN_POINT ( 'NONE',  ( -6.363749999999999574, 2.760000000000000231, 1.824999999999999289 ) ) ;
#7661 = VERTEX_POINT ( 'NONE', #3186 ) ;
#7662 = DIRECTION ( 'NONE',  ( -1.000000000000000000, 0.000000000000000000, 0.000000000000000000 ) ) ;
#7663 = VERTEX_POINT ( 'NONE', #4675 ) ;
#7664 = FACE_OUTER_BOUND ( 'NONE', #8642, .T. ) ;
#7665 = VECTOR ( 'NONE', #3716, 1000.000000000000114 ) ;
#7666 = ORIENTED_EDGE ( 'NONE', *, *, #8062, .F. ) ;
#7667 = ORIENTED_EDGE ( 'NONE', *, *, #9481, .F. ) ;
#7668 = PLANE ( 'NONE',  #1893 ) ;
#7669 = DIRECTION ( 'NONE',  ( 0.000000000000000000, 1.000000000000000000, 0.000000000000000000 ) ) ;
#7670 = PLANE ( 'NONE',  #9577 ) ;
#7671 = EDGE_CURVE ( 'NONE', #2367, #3190, #6261, .T. ) ;
#7672 = VECTOR ( 'NONE', #5878, 1000.000000000000000 ) ;
#7673 = EDGE_CURVE ( 'NONE', #1932, #4826, #1636, .T. ) ;
#7674 = DIRECTION ( 'NONE',  ( 0.000000000000000000, 0.000000000000000000, 1.000000000000000000 ) ) ;
#7675 = EDGE_CURVE ( 'NONE', #150, #6709, #3237, .T. ) ;
#7676 = LINE ( 'NONE', #6119, #5078 ) ;
#7677 = CARTESIAN_POINT ( 'NONE',  ( 0.000000000000000000, 2.255000000000000338, 0.06499999999999994671 ) ) ;
#7678 = DIRECTION ( 'NONE',  ( 0.000000000000000000, -1.000000000000000000, 0.000000000000000000 ) ) ;
#7679 = LINE ( 'NONE', #9385, #857 ) ;
#7680 = DIRECTION ( 'NONE',  ( 0.000000000000000000, 0.000000000000000000, 1.000000000000000000 ) ) ;
#7681 = ORIENTED_EDGE ( 'NONE', *, *, #3861, .F. ) ;
#7682 = CARTESIAN_POINT ( 'NONE',  ( -4.275000000000000355, 0.7800000000000002487, 1.824999999999999289 ) ) ;
#7683 = ORIENTED_EDGE ( 'NONE', *, *, #1250, .T. ) ;
#7684 = PRESENTATION_LAYER_ASSIGNMENT (  '', '', ( #2112 ) ) ;
#7685 = DIRECTION ( 'NONE',  ( 0.000000000000000000, 0.000000000000000000, 1.000000000000000000 ) ) ;
#7686 = ORIENTED_EDGE ( 'NONE', *, *, #3179, .T. ) ;
#7687 = DIRECTION ( 'NONE',  ( 1.000000000000000000, 1.197572355469997778E-16, 0.000000000000000000 ) ) ;
#7688 = ORIENTED_EDGE ( 'NONE', *, *, #3740, .F. ) ;
#7689 = DIRECTION ( 'NONE',  ( -1.000000000000000000, 0.000000000000000000, -0.000000000000000000 ) ) ;
#7690 = EDGE_LOOP ( 'NONE', ( #1265, #9247, #3469, #6041 ) ) ;
#7691 = LINE ( 'NONE', #2932, #8625 ) ;
#7692 = PLANE ( 'NONE',  #3725 ) ;
#7693 = VECTOR ( 'NONE', #4625, 1000.000000000000000 ) ;
#7694 = CARTESIAN_POINT ( 'NONE',  ( -7.605000000000000426, -1.828238918348616824E-15, -2.496936092690336118 ) ) ;
#7695 = CARTESIAN_POINT ( 'NONE',  ( -7.325000000000001954, 2.259999999999999343, 2.024999999999999911 ) ) ;
#7696 = CARTESIAN_POINT ( 'NONE',  ( 4.125000000000001776, 0.3399999999999997469, -1.315000000000000169 ) ) ;
#7697 = COLOUR_RGB ( '',0.7960784313725489669, 0.8235294117647058432, 0.9372549019607843146 ) ;
#7698 = DIRECTION ( 'NONE',  ( 1.000000000000000000, 0.000000000000000000, 0.000000000000000000 ) ) ;
#7699 = LINE ( 'NONE', #1526, #750 ) ;
#7700 = CARTESIAN_POINT ( 'NONE',  ( 3.050000000000002487, 3.240000000000000657, -1.224999999999999867 ) ) ;
#7701 = VECTOR ( 'NONE', #6118, 1000.000000000000000 ) ;
#7702 = EDGE_CURVE ( 'NONE', #5679, #2950, #4778, .T. ) ;
#7703 = ORIENTED_EDGE ( 'NONE', *, *, #5770, .F. ) ;
#7704 = VECTOR ( 'NONE', #4246, 1000.000000000000000 ) ;
#7705 = DIRECTION ( 'NONE',  ( 1.000000000000000000, 0.000000000000000000, 0.000000000000000000 ) ) ;
#7706 = CARTESIAN_POINT ( 'NONE',  ( 0.5250000000000002442, 1.030000000000000027, -1.464999999999999636 ) ) ;
#7707 = VECTOR ( 'NONE', #9008, 1000.000000000000000 ) ;
#7708 = CARTESIAN_POINT ( 'NONE',  ( -6.363749999999999574, 2.255000000000000338, 1.824999999999999289 ) ) ;
#7709 = ORIENTED_EDGE ( 'NONE', *, *, #6170, .T. ) ;
#7710 = PLANE ( 'NONE',  #9658 ) ;
#7711 = VECTOR ( 'NONE', #8356, 1000.000000000000000 ) ;
#7712 = VERTEX_POINT ( 'NONE', #9372 ) ;
#7713 = ADVANCED_FACE ( 'NONE', ( #3946 ), #2385, .T. ) ;
#7714 = EDGE_LOOP ( 'NONE', ( #6660, #5613, #3556, #9056 ) ) ;
#7715 = EDGE_CURVE ( 'NONE', #1327, #9356, #828, .T. ) ;
#7716 = DIRECTION ( 'NONE',  ( -1.000000000000000000, -1.136281752823236226E-16, 0.000000000000000000 ) ) ;
#7717 = CARTESIAN_POINT ( 'NONE',  ( -3.224999999999999645, 0.7800000000000002487, 0.06499999999999994671 ) ) ;
#7718 = AXIS2_PLACEMENT_3D ( 'NONE', #4003, #9419, #2490 ) ;
#7719 = PLANE ( 'NONE',  #7862 ) ;
#7720 = CARTESIAN_POINT ( 'NONE',  ( 2.050000000000002487, 2.490000000000001101, -1.224999999999999867 ) ) ;
#7721 = CARTESIAN_POINT ( 'NONE',  ( -5.525000000000000355, -1.084202172485503941E-16, -1.810000000000000053 ) ) ;
#7722 = DIRECTION ( 'NONE',  ( 0.000000000000000000, -1.000000000000000000, 0.000000000000000000 ) ) ;
#7723 = LINE ( 'NONE', #8526, #5989 ) ;
#7724 = VECTOR ( 'NONE', #7687, 1000.000000000000000 ) ;
#7725 = CARTESIAN_POINT ( 'NONE',  ( 4.125000000000001776, 3.500000000000000444, 0.09499999999999966804 ) ) ;
#7726 = EDGE_CURVE ( 'NONE', #8819, #7270, #8901, .T. ) ;
#7727 = EDGE_CURVE ( 'NONE', #8043, #4556, #3478, .T. ) ;
#7728 = ADVANCED_FACE ( 'NONE', ( #5691 ), #968, .T. ) ;
#7729 = CARTESIAN_POINT ( 'NONE',  ( -0.7249999999999999778, 0.000000000000000000, 0.06499999999999994671 ) ) ;
#7730 = CARTESIAN_POINT ( 'NONE',  ( -4.474999999999999645, 0.5500000000000010436, 2.024999999999999911 ) ) ;
#7731 = ORIENTED_EDGE ( 'NONE', *, *, #6428, .T. ) ;
#7732 = VERTEX_POINT ( 'NONE', #347 ) ;
#7733 = ORIENTED_EDGE ( 'NONE', *, *, #3561, .F. ) ;
#7734 = CARTESIAN_POINT ( 'NONE',  ( -4.687500000000000000, 0.000000000000000000, 2.024999999999999911 ) ) ;
#7735 = EDGE_CURVE ( 'NONE', #6011, #8789, #2724, .T. ) ;
#7736 = LINE ( 'NONE', #708, #7672 ) ;
#7737 = EDGE_LOOP ( 'NONE', ( #7187, #1110, #5615, #9991 ) ) ;
#7738 = CARTESIAN_POINT ( 'NONE',  ( 11.62500000000000000, 1.030000000000000027, 0.000000000000000000 ) ) ;
#7739 = FACE_OUTER_BOUND ( 'NONE', #3474, .T. ) ;
#7740 = LINE ( 'NONE', #9107, #1664 ) ;
#7741 = FACE_OUTER_BOUND ( 'NONE', #7821, .T. ) ;
#7742 = CARTESIAN_POINT ( 'NONE',  ( 0.000000000000000000, 0.5500000000000010436, 2.024999999999999911 ) ) ;
#7743 = PLANE ( 'NONE',  #251 ) ;
#7744 = DIRECTION ( 'NONE',  ( -1.000000000000000000, 0.000000000000000000, 0.000000000000000000 ) ) ;
#7745 = CIRCLE ( 'NONE', #9027, 0.08500000000000000611 ) ;
#7746 = ORIENTED_EDGE ( 'NONE', *, *, #4024, .F. ) ;
#7747 = ORIENTED_EDGE ( 'NONE', *, *, #9664, .F. ) ;
#7748 = ORIENTED_EDGE ( 'NONE', *, *, #5714, .T. ) ;
#7749 = VECTOR ( 'NONE', #6581, 1000.000000000000000 ) ;
#7750 = VECTOR ( 'NONE', #2607, 1000.000000000000000 ) ;
#7751 = LINE ( 'NONE', #720, #6209 ) ;
#7752 = LINE ( 'NONE', #6726, #1272 ) ;
#7753 = LINE ( 'NONE', #4622, #2804 ) ;
#7754 = CARTESIAN_POINT ( 'NONE',  ( -3.224999999999999645, 0.000000000000000000, 2.024999999999999911 ) ) ;
#7755 = CARTESIAN_POINT ( 'NONE',  ( -5.525000000000000355, 0.000000000000000000, -2.024999999999999911 ) ) ;
#7756 = VECTOR ( 'NONE', #5462, 1000.000000000000000 ) ;
#7757 = ORIENTED_EDGE ( 'NONE', *, *, #4879, .T. ) ;
#7758 = ORIENTED_EDGE ( 'NONE', *, *, #7655, .F. ) ;
#7759 = LINE ( 'NONE', #728, #4703 ) ;
#7760 = DIRECTION ( 'NONE',  ( 1.000000000000000000, 0.000000000000000000, 0.000000000000000000 ) ) ;
#7761 = EDGE_CURVE ( 'NONE', #150, #5690, #5645, .T. ) ;
#7762 = DIRECTION ( 'NONE',  ( 0.000000000000000000, 0.000000000000000000, -1.000000000000000000 ) ) ;
#7763 = FACE_OUTER_BOUND ( 'NONE', #9665, .T. ) ;
#7764 = VERTEX_POINT ( 'NONE', #4924 ) ;
#7765 = CARTESIAN_POINT ( 'NONE',  ( -5.977863700796166135, 4.190000000000000391, 3.451321216833561856 ) ) ;
#7766 = EDGE_LOOP ( 'NONE', ( #239, #3937, #1336, #1725 ) ) ;
#7767 = AXIS2_PLACEMENT_3D ( 'NONE', #2900, #8206, #9922 ) ;
#7768 = CARTESIAN_POINT ( 'NONE',  ( 3.040000000000001812, 0.7799999999999999156, 1.824999999999999289 ) ) ;
#7769 = AXIS2_PLACEMENT_3D ( 'NONE', #5188, #6055, #6729 ) ;
#7770 = DIRECTION ( 'NONE',  ( 0.000000000000000000, -1.000000000000000000, 0.000000000000000000 ) ) ;
#7771 = EDGE_CURVE ( 'NONE', #572, #3002, #3389, .T. ) ;
#7772 = ADVANCED_FACE ( 'NONE', ( #6922 ), #749, .T. ) ;
#7773 = VERTEX_POINT ( 'NONE', #5528 ) ;
#7774 = EDGE_CURVE ( 'NONE', #5357, #4872, #8635, .T. ) ;
#7775 = VECTOR ( 'NONE', #3710, 1000.000000000000000 ) ;
#7776 = FACE_OUTER_BOUND ( 'NONE', #4416, .T. ) ;
#7777 = LINE ( 'NONE', #85, #2528 ) ;
#7778 = ORIENTED_EDGE ( 'NONE', *, *, #7198, .F. ) ;
#7780 = CARTESIAN_POINT ( 'NONE',  ( -7.605000000000000426, 0.7800000000000000266, 0.000000000000000000 ) ) ;
#7779 = LINE ( 'NONE', #9304, #5338 ) ;
#7781 = VECTOR ( 'NONE', #4739, 1000.000000000000000 ) ;
#7782 = ORIENTED_EDGE ( 'NONE', *, *, #6908, .F. ) ;
#7783 = APPLICATION_CONTEXT ( 'automotive_design' ) ;
#7784 = ORIENTED_EDGE ( 'NONE', *, *, #6500, .T. ) ;
#7785 = ORIENTED_EDGE ( 'NONE', *, *, #2587, .F. ) ;
#7786 = VECTOR ( 'NONE', #7957, 1000.000000000000000 ) ;
#7787 = CARTESIAN_POINT ( 'NONE',  ( -3.749999999999998224, 2.255000000000000338, 0.06499999999999994671 ) ) ;
#7788 = CARTESIAN_POINT ( 'NONE',  ( -7.500000000000000000, 3.500000000000000444, 0.06499999999999994671 ) ) ;
#7789 = LINE ( 'NONE', #767, #3638 ) ;
#7791 = AXIS2_PLACEMENT_3D ( 'NONE', #2386, #3187, #3093 ) ;
#7790 = LINE ( 'NONE', #5488, #1462 ) ;
#7792 = FACE_OUTER_BOUND ( 'NONE', #5859, .T. ) ;
#7793 = DIRECTION ( 'NONE',  ( 0.000000000000000000, 0.000000000000000000, -1.000000000000000000 ) ) ;
#7794 = DIRECTION ( 'NONE',  ( 0.000000000000000000, 0.000000000000000000, -1.000000000000000000 ) ) ;
#7795 = EDGE_CURVE ( 'NONE', #9699, #7998, #1513, .T. ) ;
#7796 = VERTEX_POINT ( 'NONE', #6237 ) ;
#7797 = VECTOR ( 'NONE', #6286, 1000.000000000000000 ) ;
#7798 = CIRCLE ( 'NONE', #4182, 0.1499999999999999667 ) ;
#7799 = CARTESIAN_POINT ( 'NONE',  ( -7.875000000000000000, 0.1800000000000000488, -0.2750000000000000777 ) ) ;
#7800 = FACE_OUTER_BOUND ( 'NONE', #8494, .T. ) ;
#7801 = AXIS2_PLACEMENT_3D ( 'NONE', #4944, #8921, #7716 ) ;
#7802 = EDGE_CURVE ( 'NONE', #1755, #2444, #8433, .T. ) ;
#7803 = DIRECTION ( 'NONE',  ( -0.000000000000000000, -0.000000000000000000, 1.000000000000000000 ) ) ;
#7804 = ORIENTED_EDGE ( 'NONE', *, *, #2979, .F. ) ;
#7805 = VECTOR ( 'NONE', #4378, 1000.000000000000000 ) ;
#7806 = LINE ( 'NONE', #8556, #6559 ) ;
#7807 = CARTESIAN_POINT ( 'NONE',  ( -5.725000000000000533, 2.055000000000001048, 2.024999999999999911 ) ) ;
#7808 = LINE ( 'NONE', #2285, #5493 ) ;
#7809 = DIRECTION ( 'NONE',  ( -1.000000000000000000, 0.000000000000000000, 0.000000000000000000 ) ) ;
#7810 = EDGE_LOOP ( 'NONE', ( #8842, #4239, #7581, #155, #601, #4582, #6228, #2116, #610, #2755, #6023, #495, #3581, #3166 ) ) ;
#7811 = VERTEX_POINT ( 'NONE', #7730 ) ;
#7812 = VECTOR ( 'NONE', #6115, 1000.000000000000000 ) ;
#7813 = CARTESIAN_POINT ( 'NONE',  ( 3.975000000000003642, 2.209999999999999520, 1.274999999999999911 ) ) ;
#7814 = CARTESIAN_POINT ( 'NONE',  ( -1.775000000000001021, 2.055000000000001048, 2.024999999999999911 ) ) ;
#7815 = DIRECTION ( 'NONE',  ( 0.000000000000000000, 0.000000000000000000, 1.000000000000000000 ) ) ;
#7816 = CARTESIAN_POINT ( 'NONE',  ( 0.000000000000000000, 2.209999999999998188, 2.024999999999999911 ) ) ;
#7817 = CARTESIAN_POINT ( 'NONE',  ( 2.187500000000001776, 0.04750000000000037526, 0.01749999999999957839 ) ) ;
#7818 = VECTOR ( 'NONE', #4605, 1000.000000000000000 ) ;
#7819 = ORIENTED_EDGE ( 'NONE', *, *, #1746, .T. ) ;
#7820 = CARTESIAN_POINT ( 'NONE',  ( -6.989999999999999325, 2.760000000000000231, 2.024999999999999911 ) ) ;
#7821 = EDGE_LOOP ( 'NONE', ( #4002, #9004, #5221, #9100 ) ) ;
#7822 = DIRECTION ( 'NONE',  ( -0.000000000000000000, 0.7071067811865475727, -0.7071067811865475727 ) ) ;
#7823 = LINE ( 'NONE', #7053, #7313 ) ;
#7824 = CARTESIAN_POINT ( 'NONE',  ( 3.625000000000001332, 3.500000000000000444, -1.334999999999999742 ) ) ;
#7825 = ORIENTED_EDGE ( 'NONE', *, *, #5087, .F. ) ;
#7826 = DIRECTION ( 'NONE',  ( 1.000000000000000000, 0.000000000000000000, 0.000000000000000000 ) ) ;
#7827 = CARTESIAN_POINT ( 'NONE',  ( 4.125000000000001776, 0.000000000000000000, -1.334999999999999742 ) ) ;
#7828 = ORIENTED_EDGE ( 'NONE', *, *, #3812, .F. ) ;
#7830 = LINE ( 'NONE', #1660, #266 ) ;
#7829 = DIRECTION ( 'NONE',  ( 0.000000000000000000, 0.7071067811865485719, -0.7071067811865465735 ) ) ;
#7831 = ORIENTED_EDGE ( 'NONE', *, *, #4965, .T. ) ;
#7832 = DIRECTION ( 'NONE',  ( 0.000000000000000000, -0.7071067811865457964, 0.7071067811865492381 ) ) ;
#7833 = ORIENTED_EDGE ( 'NONE', *, *, #1761, .F. ) ;
#7834 = ORIENTED_EDGE ( 'NONE', *, *, #5831, .T. ) ;
#7835 = ORIENTED_EDGE ( 'NONE', *, *, #1446, .T. ) ;
#7836 = EDGE_CURVE ( 'NONE', #2928, #9341, #35, .T. ) ;
#7837 = CARTESIAN_POINT ( 'NONE',  ( 3.625000000000002220, -0.06250000000000049960, -0.06250000000000077716 ) ) ;
#7838 = LINE ( 'NONE', #9406, #9313 ) ;
#7839 = DIRECTION ( 'NONE',  ( -0.000000000000000000, -0.000000000000000000, 1.000000000000000000 ) ) ;
#7840 = DIRECTION ( 'NONE',  ( -0.000000000000000000, -0.000000000000000000, 1.000000000000000000 ) ) ;
#7841 = CARTESIAN_POINT ( 'NONE',  ( 2.600000000000001421, 3.965000000000001634, 2.024999999999999911 ) ) ;
#7842 = FACE_OUTER_BOUND ( 'NONE', #8242, .T. ) ;
#7843 = VERTEX_POINT ( 'NONE', #9350 ) ;
#7844 = VERTEX_POINT ( 'NONE', #3821 ) ;
#7845 = EDGE_CURVE ( 'NONE', #2714, #937, #3875, .T. ) ;
#7846 = EDGE_CURVE ( 'NONE', #8861, #9341, #6086, .T. ) ;
#7847 = ADVANCED_FACE ( 'NONE', ( #7631 ), #804, .T. ) ;
#7848 = CARTESIAN_POINT ( 'NONE',  ( -7.605000000000000426, 0.1499999999999974964, 2.024999999999999911 ) ) ;
#7849 = AXIS2_PLACEMENT_3D ( 'NONE', #8854, #5744, #2586 ) ;
#7850 = VECTOR ( 'NONE', #6307, 1000.000000000000000 ) ;
#7851 = ORIENTED_EDGE ( 'NONE', *, *, #7198, .T. ) ;
#7852 = DIRECTION ( 'NONE',  ( -1.000000000000000000, 0.000000000000000000, 0.000000000000000000 ) ) ;
#7853 = PLANE ( 'NONE',  #7791 ) ;
#7854 = CARTESIAN_POINT ( 'NONE',  ( 1.975000000000001865, 0.5500000000000010436, 2.024999999999999911 ) ) ;
#7855 = VERTEX_POINT ( 'NONE', #1562 ) ;
#7856 = LINE ( 'NONE', #2388, #4414 ) ;
#7857 = VECTOR ( 'NONE', #7705, 1000.000000000000000 ) ;
#7858 = ORIENTED_EDGE ( 'NONE', *, *, #3955, .F. ) ;
#7859 = ORIENTED_EDGE ( 'NONE', *, *, #9295, .T. ) ;
#7860 = EDGE_CURVE ( 'NONE', #3190, #8241, #3918, .T. ) ;
#7861 = FACE_OUTER_BOUND ( 'NONE', #1019, .T. ) ;
#7862 = AXIS2_PLACEMENT_3D ( 'NONE', #5362, #6222, #585 ) ;
#7863 = CARTESIAN_POINT ( 'NONE',  ( -5.525000000000000355, 0.5500000000000010436, 2.024999999999999911 ) ) ;
#7864 = LINE ( 'NONE', #4840, #7284 ) ;
#7865 = FACE_OUTER_BOUND ( 'NONE', #6040, .T. ) ;
#7866 = ORIENTED_EDGE ( 'NONE', *, *, #1291, .F. ) ;
#7867 = CARTESIAN_POINT ( 'NONE',  ( -7.765000000000000568, 0.000000000000000000, 0.06499999999999994671 ) ) ;
#7868 = ORIENTED_EDGE ( 'NONE', *, *, #2153, .T. ) ;
#7869 = CARTESIAN_POINT ( 'NONE',  ( -0.9375000000000000000, 2.055000000000001048, 2.024999999999999911 ) ) ;
#7870 = ORIENTED_EDGE ( 'NONE', *, *, #8346, .T. ) ;
#7871 = AXIS2_PLACEMENT_3D ( 'NONE', #4662, #8731, #5386 ) ;
#7872 = LINE ( 'NONE', #3308, #5349 ) ;
#7873 = DIRECTION ( 'NONE',  ( -0.000000000000000000, -0.000000000000000000, 1.000000000000000000 ) ) ;
#7874 = DIRECTION ( 'NONE',  ( 1.000000000000000000, 0.000000000000000000, 0.000000000000000000 ) ) ;
#7875 = CARTESIAN_POINT ( 'NONE',  ( -5.525000000000000355, 2.084999999999999964, -2.024999999999999911 ) ) ;
#7876 = CARTESIAN_POINT ( 'NONE',  ( 4.125000000000001776, 1.903000000000000025, -1.334999999999999742 ) ) ;
#7877 = ORIENTED_EDGE ( 'NONE', *, *, #4822, .T. ) ;
#7878 = ADVANCED_FACE ( 'NONE', ( #7776 ), #7009, .F. ) ;
#7880 = DIRECTION ( 'NONE',  ( 0.000000000000000000, 0.000000000000000000, -1.000000000000000000 ) ) ;
#7879 = CARTESIAN_POINT ( 'NONE',  ( 2.500000000000000000, 1.630000000000001226, -2.024999999999999911 ) ) ;
#7881 = EDGE_CURVE ( 'NONE', #3203, #2420, #5376, .T. ) ;
#7882 = ORIENTED_EDGE ( 'NONE', *, *, #5769, .T. ) ;
#7883 = EDGE_LOOP ( 'NONE', ( #9783, #2387, #8796, #895, #6053, #7138 ) ) ;
#7884 = EDGE_LOOP ( 'NONE', ( #953, #269, #3749, #2482 ) ) ;
#7885 = VECTOR ( 'NONE', #4978, 1000.000000000000114 ) ;
#7886 = PLANE ( 'NONE',  #4680 ) ;
#7887 = CARTESIAN_POINT ( 'NONE',  ( 3.855000000000002647, 0.000000000000000000, -0.2750000000000000777 ) ) ;
#7888 = LINE ( 'NONE', #9449, #9466 ) ;
#7889 = CARTESIAN_POINT ( 'NONE',  ( 0.000000000000000000, 0.000000000000000000, 0.000000000000000000 ) ) ;
#7890 = ORIENTED_EDGE ( 'NONE', *, *, #7845, .F. ) ;
#7891 = VERTEX_POINT ( 'NONE', #9200 ) ;
#7892 = ORIENTED_EDGE ( 'NONE', *, *, #2496, .F. ) ;
#7893 = CARTESIAN_POINT ( 'NONE',  ( -0.3125000000000037748, 0.04750000000000488554, 0.01750000000000387357 ) ) ;
#7894 = AXIS2_PLACEMENT_3D ( 'NONE', #127, #3971, #4796 ) ;
#7895 = EDGE_LOOP ( 'NONE', ( #8233, #7959, #4990, #2565, #3464, #5881, #7176, #8224, #9243 ) ) ;
#7896 = DIRECTION ( 'NONE',  ( 0.000000000000000000, -1.000000000000000000, 0.000000000000000000 ) ) ;
#7897 = CARTESIAN_POINT ( 'NONE',  ( 2.689999999999999503, 3.820000000000000728, -2.024999999999999911 ) ) ;
#7898 = CARTESIAN_POINT ( 'NONE',  ( -4.275000000000000355, 0.000000000000000000, -2.024999999999999911 ) ) ;
#7899 = EDGE_CURVE ( 'NONE', #4860, #8324, #2202, .T. ) ;
#7900 = EDGE_CURVE ( 'NONE', #5114, #351, #1408, .T. ) ;
#7901 = DIRECTION ( 'NONE',  ( -0.000000000000000000, -1.000000000000000000, -0.000000000000000000 ) ) ;
#7902 = EDGE_CURVE ( 'NONE', #3984, #205, #657, .T. ) ;
#7903 = ORIENTED_EDGE ( 'NONE', *, *, #9705, .T. ) ;
#7904 = VECTOR ( 'NONE', #1220, 1000.000000000000000 ) ;
#7905 = ORIENTED_EDGE ( 'NONE', *, *, #6532, .F. ) ;
#7906 = LINE ( 'NONE', #3244, #1671 ) ;
#7907 = CARTESIAN_POINT ( 'NONE',  ( 3.855000000000002647, 0.000000000000000000, 0.06499999999999994671 ) ) ;
#7908 = VECTOR ( 'NONE', #8166, 1000.000000000000000 ) ;
#7909 = VECTOR ( 'NONE', #2413, 1000.000000000000000 ) ;
#7910 = EDGE_CURVE ( 'NONE', #5887, #7125, #4608, .T. ) ;
#7911 = DIRECTION ( 'NONE',  ( 0.000000000000000000, -0.000000000000000000, -1.000000000000000000 ) ) ;
#7912 = CARTESIAN_POINT ( 'NONE',  ( -1.974999999999999867, 1.030000000000000027, -2.024999999999999911 ) ) ;
#7913 = EDGE_CURVE ( 'NONE', #536, #662, #949, .T. ) ;
#7914 = DIRECTION ( 'NONE',  ( 1.000000000000000000, -1.204669080539440518E-15, 0.000000000000000000 ) ) ;
#7915 = ORIENTED_EDGE ( 'NONE', *, *, #2893, .F. ) ;
#7916 = CARTESIAN_POINT ( 'NONE',  ( -0.9375000000000000000, 1.855000000000000204, 0.06499999999999994671 ) ) ;
#7917 = VERTEX_POINT ( 'NONE', #904 ) ;
#7918 = ORIENTED_EDGE ( 'NONE', *, *, #9124, .F. ) ;
#7919 = LINE ( 'NONE', #5618, #7143 ) ;
#7920 = VECTOR ( 'NONE', #7253, 1000.000000000000000 ) ;
#7921 = CARTESIAN_POINT ( 'NONE',  ( -5.800000000000000711, 2.490000000000001101, -2.024999999999999911 ) ) ;
#7922 = LINE ( 'NONE', #1654, #6616 ) ;
#7923 =( LENGTH_UNIT ( ) NAMED_UNIT ( * ) SI_UNIT ( .MILLI., .METRE. ) );
#7924 = CARTESIAN_POINT ( 'NONE',  ( 2.613750000000001350, 2.255000000000000338, 0.06499999999999994671 ) ) ;
#7925 = DIRECTION ( 'NONE',  ( -1.000000000000000000, 0.000000000000000000, 0.000000000000000000 ) ) ;
#7926 = ORIENTED_EDGE ( 'NONE', *, *, #8945, .T. ) ;
#7927 = DIRECTION ( 'NONE',  ( 0.000000000000000000, 0.000000000000000000, -1.000000000000000000 ) ) ;
#7928 = VERTEX_POINT ( 'NONE', #1814 ) ;
#7929 = VECTOR ( 'NONE', #6431, 1000.000000000000000 ) ;
#7930 = ORIENTED_EDGE ( 'NONE', *, *, #1629, .T. ) ;
#7931 = DIRECTION ( 'NONE',  ( 0.000000000000000000, -0.000000000000000000, -1.000000000000000000 ) ) ;
#7932 = APPLICATION_PROTOCOL_DEFINITION ( 'draft international standard', 'automotive_design', 1998, #7783 ) ;
#7933 = MECHANICAL_DESIGN_GEOMETRIC_PRESENTATION_REPRESENTATION (  '', ( #3354 ), #9859 ) ;
#7934 = ORIENTED_EDGE ( 'NONE', *, *, #6271, .F. ) ;
#7935 = ORIENTED_EDGE ( 'NONE', *, *, #6777, .F. ) ;
#7936 = ORIENTED_EDGE ( 'NONE', *, *, #5022, .T. ) ;
#7937 = ORIENTED_EDGE ( 'NONE', *, *, #6440, .F. ) ;
#7938 = VECTOR ( 'NONE', #9281, 1000.000000000000000 ) ;
#7939 = DIRECTION ( 'NONE',  ( 0.000000000000000000, 0.000000000000000000, -1.000000000000000000 ) ) ;
#7940 = EDGE_CURVE ( 'NONE', #4057, #3422, #7162, .T. ) ;
#7941 = DIRECTION ( 'NONE',  ( -1.000000000000000000, 0.000000000000000000, -0.000000000000000000 ) ) ;
#7942 = CARTESIAN_POINT ( 'NONE',  ( -3.749999999999998224, 2.255000000000000338, 2.024999999999999911 ) ) ;
#7943 = LINE ( 'NONE', #1534, #8952 ) ;
#7944 = VECTOR ( 'NONE', #1552, 1000.000000000000000 ) ;
#7945 = ORIENTED_EDGE ( 'NONE', *, *, #7402, .F. ) ;
#7946 = DIRECTION ( 'NONE',  ( 0.000000000000000000, 0.000000000000000000, -1.000000000000000000 ) ) ;
#7947 = CARTESIAN_POINT ( 'NONE',  ( -0.7249999999999999778, 0.7800000000000005818, 1.824999999999999067 ) ) ;
#7948 = ORIENTED_EDGE ( 'NONE', *, *, #9992, .F. ) ;
#7949 = VECTOR ( 'NONE', #2110, 1000.000000000000000 ) ;
#7950 = ORIENTED_EDGE ( 'NONE', *, *, #3636, .F. ) ;
#7951 = ORIENTED_EDGE ( 'NONE', *, *, #3861, .T. ) ;
#7952 = CARTESIAN_POINT ( 'NONE',  ( -7.875000000000000000, 2.727340868674716046E-16, -2.024999999999999911 ) ) ;
#7953 = EDGE_CURVE ( 'NONE', #4387, #628, #6333, .T. ) ;
#7954 = DIRECTION ( 'NONE',  ( 0.000000000000000000, 0.7071067811865474617, -0.7071067811865475727 ) ) ;
#7955 = CARTESIAN_POINT ( 'NONE',  ( -7.375000000000000888, 0.1499999999999998002, -0.2750000000000001332 ) ) ;
#7956 = DIRECTION ( 'NONE',  ( 0.000000000000000000, 0.000000000000000000, 1.000000000000000000 ) ) ;
#7957 = DIRECTION ( 'NONE',  ( 1.000000000000000000, 0.000000000000000000, 0.000000000000000000 ) ) ;
#7958 = DIRECTION ( 'NONE',  ( -1.000000000000000000, -0.000000000000000000, -0.000000000000000000 ) ) ;
#7959 = ORIENTED_EDGE ( 'NONE', *, *, #2123, .F. ) ;
#7960 = VECTOR ( 'NONE', #2870, 1000.000000000000000 ) ;
#7961 = LINE ( 'NONE', #5708, #589 ) ;
#7962 = AXIS2_PLACEMENT_3D ( 'NONE', #9567, #1030, #7043 ) ;
#7963 = ORIENTED_EDGE ( 'NONE', *, *, #9400, .T. ) ;
#7964 = CARTESIAN_POINT ( 'NONE',  ( -3.749999999999998224, 1.855000000000000204, 1.824999999999999289 ) ) ;
#7965 = EDGE_CURVE ( 'NONE', #705, #4037, #132, .T. ) ;
#7966 = ADVANCED_FACE ( 'NONE', ( #7972 ), #5762, .T. ) ;
#7967 = ADVANCED_FACE ( 'NONE', ( #275 ), #2559, .F. ) ;
#7968 = PLANE ( 'NONE',  #5935 ) ;
#7969 =( REPRESENTATION_RELATIONSHIP ('NONE','NONE', #4816, #1663 ) REPRESENTATION_RELATIONSHIP_WITH_TRANSFORMATION ( #7123 )SHAPE_REPRESENTATION_RELATIONSHIP( ) );
#7970 = LINE ( 'NONE', #2216, #8028 ) ;
#7971 = CARTESIAN_POINT ( 'NONE',  ( 3.750000000000000000, 1.630000000000001226, -1.464999999999999636 ) ) ;
#7972 = FACE_OUTER_BOUND ( 'NONE', #9365, .T. ) ;
#7973 = CARTESIAN_POINT ( 'NONE',  ( -7.015000000000000568, 1.903000000000000025, -1.724999999999999867 ) ) ;
#7974 = ORIENTED_EDGE ( 'NONE', *, *, #456, .T. ) ;
#7975 = DIRECTION ( 'NONE',  ( 1.000000000000000000, 0.000000000000000000, 0.000000000000000000 ) ) ;
#7976 = ORIENTED_EDGE ( 'NONE', *, *, #9450, .T. ) ;
#7977 = DIRECTION ( 'NONE',  ( 1.000000000000000000, 1.197572355469997778E-16, 0.000000000000000000 ) ) ;
#7978 = VERTEX_POINT ( 'NONE', #1610 ) ;
#7979 = VERTEX_POINT ( 'NONE', #7875 ) ;
#7980 = EDGE_CURVE ( 'NONE', #8934, #2154, #3976, .T. ) ;
#7981 = LINE ( 'NONE', #3498, #9263 ) ;
#7982 = CARTESIAN_POINT ( 'NONE',  ( -5.724999999999999645, 1.629999999999999893, -1.464999999999999858 ) ) ;
#7983 = LINE ( 'NONE', #3128, #1722 ) ;
#7984 = AXIS2_PLACEMENT_3D ( 'NONE', #2679, #2835, #8101 ) ;
#7985 = ORIENTED_EDGE ( 'NONE', *, *, #1119, .T. ) ;
#7986 = VECTOR ( 'NONE', #1330, 1000.000000000000000 ) ;
#7987 = EDGE_LOOP ( 'NONE', ( #387, #5506, #9617, #4101 ) ) ;
#7988 = ORIENTED_EDGE ( 'NONE', *, *, #2628, .T. ) ;
#7989 = DIRECTION ( 'NONE',  ( 0.000000000000000000, 0.000000000000000000, -1.000000000000000000 ) ) ;
#7990 =( GEOMETRIC_REPRESENTATION_CONTEXT ( 3 ) GLOBAL_UNCERTAINTY_ASSIGNED_CONTEXT ( ( #5305 ) ) GLOBAL_UNIT_ASSIGNED_CONTEXT ( ( #490, #5979, #6750 ) ) REPRESENTATION_CONTEXT ( 'NONE', 'WORKASPACE' ) );
#7991 = DIRECTION ( 'NONE',  ( 0.000000000000000000, -1.000000000000000000, 0.000000000000000000 ) ) ;
#7992 = EDGE_LOOP ( 'NONE', ( #8108, #4812, #313, #2210 ) ) ;
#7993 = PLANE ( 'NONE',  #8429 ) ;
#7994 = CARTESIAN_POINT ( 'NONE',  ( 2.613750000000001350, 0.000000000000000000, 0.000000000000000000 ) ) ;
#7995 = EDGE_CURVE ( 'NONE', #9020, #8288, #9438, .T. ) ;
#7996 = ORIENTED_EDGE ( 'NONE', *, *, #8766, .F. ) ;
#7997 = VECTOR ( 'NONE', #6515, 1000.000000000000000 ) ;
#7998 = VERTEX_POINT ( 'NONE', #2463 ) ;
#7999 = LINE ( 'NONE', #978, #3703 ) ;
#8000 = CARTESIAN_POINT ( 'NONE',  ( 0.3125000000000002776, 1.855000000000000204, 0.06499999999999994671 ) ) ;
#8001 = CARTESIAN_POINT ( 'NONE',  ( -6.439999999999997726, 3.820000000000000728, -2.024999999999999911 ) ) ;
#8002 = CARTESIAN_POINT ( 'NONE',  ( -4.474999999999999645, 0.7800000000000005818, 1.824999999999999067 ) ) ;
#8003 = PLANE ( 'NONE',  #8835 ) ;
#8004 = VECTOR ( 'NONE', #1276, 1000.000000000000000 ) ;
#8005 = LINE ( 'NONE', #9429, #7127 ) ;
#8006 = EDGE_LOOP ( 'NONE', ( #10073, #4289, #5687, #1567 ) ) ;
#8007 = CARTESIAN_POINT ( 'NONE',  ( -0.5250000000000002442, 2.085000000000000409, -1.464999999999999636 ) ) ;
#8008 = EDGE_CURVE ( 'NONE', #9308, #4881, #4853, .T. ) ;
#8009 = ORIENTED_EDGE ( 'NONE', *, *, #9705, .F. ) ;
#8010 = CARTESIAN_POINT ( 'NONE',  ( -1.974999999999999867, 0.000000000000000000, 2.024999999999999911 ) ) ;
#8011 = VERTEX_POINT ( 'NONE', #3367 ) ;
#8012 = CARTESIAN_POINT ( 'NONE',  ( -11.62499999999999822, 1.030000000000000027, 0.000000000000000000 ) ) ;
#8013 = VECTOR ( 'NONE', #529, 1000.000000000000000 ) ;
#8014 = VECTOR ( 'NONE', #6610, 1000.000000000000000 ) ;
#8015 = DIRECTION ( 'NONE',  ( 0.5000000000000003331, 0.000000000000000000, -0.8660254037844383745 ) ) ;
#8016 = PLANE ( 'NONE',  #9786 ) ;
#8017 = DIRECTION ( 'NONE',  ( 1.226634733346698916E-15, 0.7071067811865474617, -0.7071067811865474617 ) ) ;
#8018 = CARTESIAN_POINT ( 'NONE',  ( 3.750000000000000000, 1.855000000000000204, 0.06499999999999994671 ) ) ;
#8019 = VECTOR ( 'NONE', #1546, 1000.000000000000000 ) ;
#8020 = PLANE ( 'NONE',  #2675 ) ;
#8021 = EDGE_CURVE ( 'NONE', #5504, #9719, #4904, .T. ) ;
#8022 = EDGE_CURVE ( 'NONE', #1543, #6556, #7263, .T. ) ;
#8023 = VERTEX_POINT ( 'NONE', #8685 ) ;
#8024 = EDGE_CURVE ( 'NONE', #3137, #2758, #3418, .T. ) ;
#8025 = DIRECTION ( 'NONE',  ( 0.000000000000000000, -1.000000000000000000, 0.000000000000000000 ) ) ;
#8026 = EDGE_CURVE ( 'NONE', #6759, #3991, #8787, .T. ) ;
#8027 = EDGE_CURVE ( 'NONE', #6316, #3663, #1003, .T. ) ;
#8028 = VECTOR ( 'NONE', #1368, 1000.000000000000000 ) ;
#8029 = ORIENTED_EDGE ( 'NONE', *, *, #8541, .T. ) ;
#8030 = CARTESIAN_POINT ( 'NONE',  ( -9.341064372665991643E-17, 0.7800000000000006928, 0.06499999999999994671 ) ) ;
#8031 = VERTEX_POINT ( 'NONE', #6485 ) ;
#8032 = ORIENTED_EDGE ( 'NONE', *, *, #5373, .F. ) ;
#8033 = DIRECTION ( 'NONE',  ( -0.000000000000000000, 0.000000000000000000, 1.000000000000000000 ) ) ;
#8034 = CARTESIAN_POINT ( 'NONE',  ( 3.855000000000002647, 0.8499999999999992006, 1.949999999999999289 ) ) ;
#8035 = ORIENTED_EDGE ( 'NONE', *, *, #1986, .T. ) ;
#8036 = VERTEX_POINT ( 'NONE', #9584 ) ;
#8037 = EDGE_CURVE ( 'NONE', #1651, #4479, #4800, .T. ) ;
#8038 = ORIENTED_EDGE ( 'NONE', *, *, #7702, .T. ) ;
#8039 = VECTOR ( 'NONE', #7057, 1000.000000000000000 ) ;
#8040 = VERTEX_POINT ( 'NONE', #3214 ) ;
#8041 = DIRECTION ( 'NONE',  ( 0.000000000000000000, -1.000000000000000000, 0.000000000000000000 ) ) ;
#8042 = CARTESIAN_POINT ( 'NONE',  ( -5.800000000000000711, 3.820000000000000728, -2.024999999999999911 ) ) ;
#8043 = VERTEX_POINT ( 'NONE', #8832 ) ;
#8044 = CARTESIAN_POINT ( 'NONE',  ( 1.775000000000002354, 2.055000000000001048, 2.024999999999999911 ) ) ;
#8045 = CARTESIAN_POINT ( 'NONE',  ( -3.437499999999999556, 0.04750000000000037526, 0.01749999999999957839 ) ) ;
#8046 = ORIENTED_EDGE ( 'NONE', *, *, #5325, .F. ) ;
#8047 = VERTEX_POINT ( 'NONE', #7924 ) ;
#8048 = VERTEX_POINT ( 'NONE', #6646 ) ;
#8049 = LINE ( 'NONE', #5559, #9418 ) ;
#8050 = DIRECTION ( 'NONE',  ( -0.000000000000000000, 0.000000000000000000, 1.000000000000000000 ) ) ;
#8051 = DIRECTION ( 'NONE',  ( 0.000000000000000000, 0.000000000000000000, 1.000000000000000000 ) ) ;
#8052 = LINE ( 'NONE', #4352, #4518 ) ;
#8053 = DIRECTION ( 'NONE',  ( 1.000000000000000000, 0.000000000000000000, 0.000000000000000000 ) ) ;
#8054 = DIRECTION ( 'NONE',  ( 1.000000000000000000, 0.000000000000000000, -0.000000000000000000 ) ) ;
#8055 = ORIENTED_EDGE ( 'NONE', *, *, #15, .F. ) ;
#8056 = AXIS2_PLACEMENT_3D ( 'NONE', #4660, #9498, #2518 ) ;
#8057 = EDGE_LOOP ( 'NONE', ( #6143, #6317, #3668, #4847, #9695, #7256, #7335, #8340, #6629, #4607, #1072, #4478, #53, #8334, #5086, #8195, #3956, #3163, #4706, #3844, #6822, #3123, #6113, #4033 ) ) ;
#8058 = CARTESIAN_POINT ( 'NONE',  ( -7.605000000000000426, 1.009999999999999121, 1.949999999999999289 ) ) ;
#8059 = VERTEX_POINT ( 'NONE', #9232 ) ;
#8060 = DIRECTION ( 'NONE',  ( 0.000000000000000000, -1.000000000000000000, -0.000000000000000000 ) ) ;
#8061 = VECTOR ( 'NONE', #1048, 1000.000000000000000 ) ;
#8062 = EDGE_CURVE ( 'NONE', #8432, #8533, #2697, .T. ) ;
#8063 = CARTESIAN_POINT ( 'NONE',  ( 2.500000000000000000, 2.255000000000000338, 2.024999999999999911 ) ) ;
#8064 = DIRECTION ( 'NONE',  ( 0.000000000000000000, 0.7071067811865490160, -0.7071067811865460184 ) ) ;
#8065 = EDGE_CURVE ( 'NONE', #2723, #6330, #1863, .T. ) ;
#8066 = DIRECTION ( 'NONE',  ( -1.000000000000000000, -0.000000000000000000, -0.000000000000000000 ) ) ;
#8067 = CARTESIAN_POINT ( 'NONE',  ( 3.040000000000001812, 2.760000000000000231, 0.06499999999999994671 ) ) ;
#8068 = DIRECTION ( 'NONE',  ( -0.000000000000000000, -0.000000000000000000, 1.000000000000000000 ) ) ;
#8069 = ORIENTED_EDGE ( 'NONE', *, *, #8799, .T. ) ;
#8071 = CARTESIAN_POINT ( 'NONE',  ( -1.775000000000000133, 0.7800000000000002487, 0.06499999999999994671 ) ) ;
#8070 = DIRECTION ( 'NONE',  ( 1.000000000000000000, 0.000000000000000000, 0.000000000000000000 ) ) ;
#8072 = VERTEX_POINT ( 'NONE', #8121 ) ;
#8073 = CARTESIAN_POINT ( 'NONE',  ( -7.375000000000000888, 1.559999999999999609, 1.949999999999999512 ) ) ;
#8074 = ORIENTED_EDGE ( 'NONE', *, *, #8573, .F. ) ;
#8075 = DIRECTION ( 'NONE',  ( 0.000000000000000000, 0.000000000000000000, -1.000000000000000000 ) ) ;
#8076 = EDGE_CURVE ( 'NONE', #1543, #4774, #5354, .T. ) ;
#8077 = ADVANCED_FACE ( 'NONE', ( #6111 ), #430, .F. ) ;
#8078 = VECTOR ( 'NONE', #8017, 1000.000000000000114 ) ;
#8079 = ORIENTED_EDGE ( 'NONE', *, *, #7039, .F. ) ;
#8080 = ORIENTED_EDGE ( 'NONE', *, *, #4837, .T. ) ;
#8081 = AXIS2_PLACEMENT_3D ( 'NONE', #5669, #4124, #1972 ) ;
#8082 = ORIENTED_EDGE ( 'NONE', *, *, #4570, .F. ) ;
#8083 = EDGE_LOOP ( 'NONE', ( #5444, #2653, #3718, #6168 ) ) ;
#8084 = CARTESIAN_POINT ( 'NONE',  ( 2.204364238465228735E-17, 3.820000000000000728, -1.224999999999999867 ) ) ;
#8085 = EDGE_CURVE ( 'NONE', #5555, #8641, #2949, .T. ) ;
#8086 = EDGE_CURVE ( 'NONE', #9845, #1441, #9969, .T. ) ;
#8087 = VECTOR ( 'NONE', #1381, 1000.000000000000000 ) ;
#8088 = DIRECTION ( 'NONE',  ( 0.000000000000000000, 0.000000000000000000, -1.000000000000000000 ) ) ;
#8089 = DIRECTION ( 'NONE',  ( 0.000000000000000000, 1.000000000000000000, 0.000000000000000000 ) ) ;
#8090 = ORIENTED_EDGE ( 'NONE', *, *, #395, .F. ) ;
#8091 = CARTESIAN_POINT ( 'NONE',  ( -7.725000000000000533, 0.5300000000000049116, -0.3250000000000000666 ) ) ;
#8092 = ORIENTED_EDGE ( 'NONE', *, *, #3633, .T. ) ;
#8093 = VECTOR ( 'NONE', #7186, 1000.000000000000000 ) ;
#8094 = ORIENTED_EDGE ( 'NONE', *, *, #4626, .T. ) ;
#8095 = VECTOR ( 'NONE', #5998, 1000.000000000000000 ) ;
#8096 = ORIENTED_EDGE ( 'NONE', *, *, #3404, .T. ) ;
#8097 = EDGE_CURVE ( 'NONE', #3632, #4961, #8171, .T. ) ;
#8098 = DIRECTION ( 'NONE',  ( 1.000000000000000000, -0.000000000000000000, 0.000000000000000000 ) ) ;
#8099 = VECTOR ( 'NONE', #2454, 1000.000000000000000 ) ;
#8100 = CARTESIAN_POINT ( 'NONE',  ( -7.605000000000000426, 1.759999999999999121, 1.274999999999999911 ) ) ;
#8101 = DIRECTION ( 'NONE',  ( 1.000000000000000000, 0.000000000000000000, 0.000000000000000000 ) ) ;
#8102 = LINE ( 'NONE', #260, #9288 ) ;
#8103 = DIRECTION ( 'NONE',  ( -0.000000000000000000, -0.000000000000000000, -1.000000000000000000 ) ) ;
#8104 = ORIENTED_EDGE ( 'NONE', *, *, #3740, .T. ) ;
#8105 = VECTOR ( 'NONE', #4609, 1000.000000000000000 ) ;
#8106 = CARTESIAN_POINT ( 'NONE',  ( 3.975000000000002753, 0.7799999999999999156, -0.3250000000000000666 ) ) ;
#8107 = CARTESIAN_POINT ( 'NONE',  ( 3.975000000000003642, 2.209999999999999520, 1.324999999999999734 ) ) ;
#8108 = ORIENTED_EDGE ( 'NONE', *, *, #9679, .T. ) ;
#8109 = VERTEX_POINT ( 'NONE', #330 ) ;
#8110 = LINE ( 'NONE', #3594, #4691 ) ;
#8111 = DIRECTION ( 'NONE',  ( 0.000000000000000000, 1.000000000000000000, 0.000000000000000000 ) ) ;
#8112 = ORIENTED_EDGE ( 'NONE', *, *, #6425, .T. ) ;
#8113 = VECTOR ( 'NONE', #1555, 1000.000000000000000 ) ;
#8114 = LINE ( 'NONE', #6479, #760 ) ;
#8115 = DIRECTION ( 'NONE',  ( 0.000000000000000000, -1.000000000000000000, 0.000000000000000000 ) ) ;
#8116 = DIRECTION ( 'NONE',  ( -0.000000000000000000, 0.000000000000000000, -1.000000000000000000 ) ) ;
#8117 = LINE ( 'NONE', #1094, #5577 ) ;
#8118 = CARTESIAN_POINT ( 'NONE',  ( -4.687500000000000000, 2.055000000000001048, 2.024999999999999911 ) ) ;
#8119 = CARTESIAN_POINT ( 'NONE',  ( 3.625000000000002220, 0.8499999999999992006, 2.024999999999999911 ) ) ;
#8120 = VECTOR ( 'NONE', #8126, 1000.000000000000000 ) ;
#8121 = CARTESIAN_POINT ( 'NONE',  ( 3.265000000000002345, 4.250000000000000000, 0.09499999999999961253 ) ) ;
#8122 = AXIS2_PLACEMENT_3D ( 'NONE', #3145, #4884, #4106 ) ;
#8123 = LINE ( 'NONE', #8788, #873 ) ;
#8124 = ORIENTED_EDGE ( 'NONE', *, *, #1458, .T. ) ;
#8126 = DIRECTION ( 'NONE',  ( -0.000000000000000000, 0.000000000000000000, 1.000000000000000000 ) ) ;
#8125 = LINE ( 'NONE', #4180, #2894 ) ;
#8127 = DIRECTION ( 'NONE',  ( 0.000000000000000000, 0.000000000000000000, -1.000000000000000000 ) ) ;
#8128 = ADVANCED_FACE ( 'NONE', ( #3550 ), #7710, .F. ) ;
#8129 = ADVANCED_FACE ( 'NONE', ( #8981 ), #8407, .T. ) ;
#8130 = ORIENTED_EDGE ( 'NONE', *, *, #3073, .F. ) ;
#8131 = ORIENTED_EDGE ( 'NONE', *, *, #2185, .F. ) ;
#8132 = ORIENTED_EDGE ( 'NONE', *, *, #3511, .T. ) ;
#8133 = EDGE_CURVE ( 'NONE', #2105, #5690, #4279, .T. ) ;
#8134 = EDGE_CURVE ( 'NONE', #6721, #9488, #5002, .T. ) ;
#8135 = ORIENTED_EDGE ( 'NONE', *, *, #113, .T. ) ;
#8136 = ORIENTED_EDGE ( 'NONE', *, *, #6924, .F. ) ;
#8137 = VECTOR ( 'NONE', #6039, 1000.000000000000000 ) ;
#8138 = CARTESIAN_POINT ( 'NONE',  ( -4.275000000000000355, 0.5500000000000010436, 2.024999999999999911 ) ) ;
#8139 = ORIENTED_EDGE ( 'NONE', *, *, #3030, .T. ) ;
#8140 = DIRECTION ( 'NONE',  ( 1.000000000000000000, 0.000000000000000000, 0.000000000000000000 ) ) ;
#8141 = EDGE_LOOP ( 'NONE', ( #5782, #4356, #2774, #8918 ) ) ;
#8142 = EDGE_CURVE ( 'NONE', #3921, #7639, #4229, .T. ) ;
#8143 = EDGE_CURVE ( 'NONE', #893, #5537, #3462, .T. ) ;
#8144 = EDGE_CURVE ( 'NONE', #4712, #9667, #3750, .T. ) ;
#8145 = EDGE_CURVE ( 'NONE', #2627, #4189, #8929, .T. ) ;
#8146 = EDGE_CURVE ( 'NONE', #8889, #9490, #6879, .T. ) ;
#8147 = ORIENTED_EDGE ( 'NONE', *, *, #1054, .T. ) ;
#8148 = AXIS2_PLACEMENT_3D ( 'NONE', #7889, #2120, #3043 ) ;
#8149 = CARTESIAN_POINT ( 'NONE',  ( -7.875000000000000000, 0.000000000000000000, 0.000000000000000000 ) ) ;
#8150 = CARTESIAN_POINT ( 'NONE',  ( 2.187500000000001776, 2.255000000000000338, 2.024999999999999911 ) ) ;
#8151 = CARTESIAN_POINT ( 'NONE',  ( -5.724999999999999645, 0.000000000000000000, -1.464999999999999858 ) ) ;
#8152 = ORIENTED_EDGE ( 'NONE', *, *, #10062, .T. ) ;
#8153 =( NAMED_UNIT ( * ) PLANE_ANGLE_UNIT ( ) SI_UNIT ( $, .RADIAN. ) );
#8154 = DIRECTION ( 'NONE',  ( -0.000000000000000000, -0.7071067811865474617, -0.7071067811865474617 ) ) ;
#8155 = ORIENTED_EDGE ( 'NONE', *, *, #8143, .F. ) ;
#8156 = EDGE_LOOP ( 'NONE', ( #9953, #2596, #9280, #803 ) ) ;
#8157 =( NAMED_UNIT ( * ) SI_UNIT ( $, .STERADIAN. ) SOLID_ANGLE_UNIT ( ) );
#8158 = EDGE_CURVE ( 'NONE', #6667, #2927, #7410, .T. ) ;
#8159 = LINE ( 'NONE', #1135, #2031 ) ;
#8160 = VECTOR ( 'NONE', #7472, 1000.000000000000000 ) ;
#8161 = ORIENTED_EDGE ( 'NONE', *, *, #613, .F. ) ;
#8162 = DIRECTION ( 'NONE',  ( 1.000000000000000000, -0.000000000000000000, -0.000000000000000000 ) ) ;
#8163 = CARTESIAN_POINT ( 'NONE',  ( -5.724999999999999645, 1.630000000000000560, 0.06499999999999994671 ) ) ;
#8164 = DIRECTION ( 'NONE',  ( -0.000000000000000000, -1.000000000000000000, -0.000000000000000000 ) ) ;
#8165 = VECTOR ( 'NONE', #6104, 1000.000000000000000 ) ;
#8166 = DIRECTION ( 'NONE',  ( -0.000000000000000000, 0.000000000000000000, 1.000000000000000000 ) ) ;
#8167 = LINE ( 'NONE', #1188, #4252 ) ;
#8168 = DIRECTION ( 'NONE',  ( 1.000000000000000000, 0.000000000000000000, 0.000000000000000000 ) ) ;
#8169 = LINE ( 'NONE', #3415, #5144 ) ;
#8170 = CARTESIAN_POINT ( 'NONE',  ( -4.474999999999999645, 0.5500000000000010436, 0.06499999999999994671 ) ) ;
#8171 = LINE ( 'NONE', #1438, #8381 ) ;
#8172 = ORIENTED_EDGE ( 'NONE', *, *, #9679, .F. ) ;
#8173 = DIRECTION ( 'NONE',  ( -1.000000000000000000, -0.000000000000000000, -0.000000000000000000 ) ) ;
#8174 = AXIS2_PLACEMENT_3D ( 'NONE', #7544, #514, #6773 ) ;
#8175 = ORIENTED_EDGE ( 'NONE', *, *, #1014, .T. ) ;
#8176 = ORIENTED_EDGE ( 'NONE', *, *, #7953, .F. ) ;
#8177 = CARTESIAN_POINT ( 'NONE',  ( 5.624999999999998224, -1.376287680150671594E-15, 0.02292814286300589796 ) ) ;
#8178 = VECTOR ( 'NONE', #9407, 1000.000000000000000 ) ;
#8179 = EDGE_CURVE ( 'NONE', #9994, #536, #1122, .T. ) ;
#8180 = VECTOR ( 'NONE', #6430, 1000.000000000000000 ) ;
#8181 = ORIENTED_EDGE ( 'NONE', *, *, #7673, .T. ) ;
#8182 = PLANE ( 'NONE',  #9604 ) ;
#8183 = ORIENTED_EDGE ( 'NONE', *, *, #1818, .F. ) ;
#8184 = ORIENTED_EDGE ( 'NONE', *, *, #5071, .F. ) ;
#8185 = ORIENTED_EDGE ( 'NONE', *, *, #3177, .F. ) ;
#8186 = DIRECTION ( 'NONE',  ( 0.000000000000000000, 0.000000000000000000, -1.000000000000000000 ) ) ;
#8187 = EDGE_CURVE ( 'NONE', #288, #9941, #6264, .T. ) ;
#8188 = DIRECTION ( 'NONE',  ( -0.000000000000000000, 0.000000000000000000, 1.000000000000000000 ) ) ;
#8189 = ADVANCED_FACE ( 'NONE', ( #8513 ), #4734, .T. ) ;
#8190 = ORIENTED_EDGE ( 'NONE', *, *, #8037, .T. ) ;
#8191 = CARTESIAN_POINT ( 'NONE',  ( -9.341064372665991643E-17, 0.7800000000000006928, 1.824999999999999289 ) ) ;
#8192 = VERTEX_POINT ( 'NONE', #6358 ) ;
#8193 = VECTOR ( 'NONE', #3341, 1000.000000000000000 ) ;
#8194 = ORIENTED_EDGE ( 'NONE', *, *, #9937, .T. ) ;
#8195 = ORIENTED_EDGE ( 'NONE', *, *, #9295, .F. ) ;
#8196 = LINE ( 'NONE', #6566, #6866 ) ;
#8197 = PRODUCT_DEFINITION_SHAPE ( 'NONE', 'NONE',  #8808 ) ;
#8198 = EDGE_CURVE ( 'NONE', #2831, #5862, #7856, .T. ) ;
#8199 = EDGE_CURVE ( 'NONE', #103, #4405, #9465, .T. ) ;
#8200 = CARTESIAN_POINT ( 'NONE',  ( -4.687500000000000000, 0.000000000000000000, 0.06499999999999994671 ) ) ;
#8201 = EDGE_CURVE ( 'NONE', #9941, #4615, #3189, .T. ) ;
#8202 = DIRECTION ( 'NONE',  ( 0.000000000000000000, 0.000000000000000000, -1.000000000000000000 ) ) ;
#8203 = CYLINDRICAL_SURFACE ( 'NONE', #9706, 0.08500000000000000611 ) ;
#8204 = VERTEX_POINT ( 'NONE', #4679 ) ;
#8205 = ORIENTED_EDGE ( 'NONE', *, *, #7671, .T. ) ;
#8206 = DIRECTION ( 'NONE',  ( 0.000000000000000000, 0.000000000000000000, 1.000000000000000000 ) ) ;
#8207 = CARTESIAN_POINT ( 'NONE',  ( 0.000000000000000000, 2.255000000000000338, 0.06499999999999994671 ) ) ;
#8208 = ORIENTED_EDGE ( 'NONE', *, *, #4652, .F. ) ;
#8209 = ORIENTED_EDGE ( 'NONE', *, *, #192, .F. ) ;
#8210 = DIRECTION ( 'NONE',  ( 1.000000000000000000, 0.000000000000000000, 0.000000000000000000 ) ) ;
#8211 = DIRECTION ( 'NONE',  ( -1.000000000000000000, 0.000000000000000000, 0.000000000000000000 ) ) ;
#8212 = LINE ( 'NONE', #2017, #599 ) ;
#8213 = EDGE_CURVE ( 'NONE', #7377, #8331, #5505, .T. ) ;
#8214 = EDGE_CURVE ( 'NONE', #3430, #955, #1488, .T. ) ;
#8215 = CARTESIAN_POINT ( 'NONE',  ( -9.341064372665991643E-17, 0.7800000000000006928, 0.06499999999999994671 ) ) ;
#8216 = DIRECTION ( 'NONE',  ( 0.000000000000000000, -0.7071067811865491270, -0.7071067811865459074 ) ) ;
#8217 = AXIS2_PLACEMENT_3D ( 'NONE', #7568, #8430, #3665 ) ;
#8218 = LINE ( 'NONE', #1189, #4983 ) ;
#8219 = CARTESIAN_POINT ( 'NONE',  ( -3.749999999999998224, 4.237045877651918877E-30, -2.496936092690336118 ) ) ;
#8220 = CARTESIAN_POINT ( 'NONE',  ( -5.724999999999999645, 1.937842712474619811, 1.625000000000000000 ) ) ;
#8221 = LINE ( 'NONE', #1192, #546 ) ;
#8222 = CARTESIAN_POINT ( 'NONE',  ( -11.62499999999999822, 1.030000000000000027, -1.464999999999999636 ) ) ;
#8223 = CARTESIAN_POINT ( 'NONE',  ( -0.000000000000000000, 2.255000000000000338, 2.024999999999999911 ) ) ;
#8224 = ORIENTED_EDGE ( 'NONE', *, *, #3016, .F. ) ;
#8225 = DIRECTION ( 'NONE',  ( 0.000000000000000000, 0.000000000000000000, 1.000000000000000000 ) ) ;
#8226 = LINE ( 'NONE', #1198, #3972 ) ;
#8227 = PLANE ( 'NONE',  #3241 ) ;
#8228 = VECTOR ( 'NONE', #3463, 1000.000000000000000 ) ;
#8229 = ORIENTED_EDGE ( 'NONE', *, *, #9390, .T. ) ;
#8230 = CARTESIAN_POINT ( 'NONE',  ( 1.975000000000001865, 1.030000000000000027, -2.024999999999999911 ) ) ;
#8231 = ORIENTED_EDGE ( 'NONE', *, *, #7761, .F. ) ;
#8232 = CARTESIAN_POINT ( 'NONE',  ( -0.7249999999999999778, 0.000000000000000000, 2.024999999999999911 ) ) ;
#8233 = ORIENTED_EDGE ( 'NONE', *, *, #3074, .F. ) ;
#8234 = ORIENTED_EDGE ( 'NONE', *, *, #1247, .T. ) ;
#8235 = LINE ( 'NONE', #2106, #2358 ) ;
#8236 = CARTESIAN_POINT ( 'NONE',  ( -3.437499999999999556, 0.000000000000000000, 2.024999999999999911 ) ) ;
#8237 = DIRECTION ( 'NONE',  ( 1.000000000000000000, -0.000000000000000000, -0.000000000000000000 ) ) ;
#8238 = ORIENTED_EDGE ( 'NONE', *, *, #6460, .T. ) ;
#8239 = LINE ( 'NONE', #4463, #4996 ) ;
#8240 = ORIENTED_EDGE ( 'NONE', *, *, #8711, .F. ) ;
#8241 = VERTEX_POINT ( 'NONE', #5602 ) ;
#8242 = EDGE_LOOP ( 'NONE', ( #9021, #5314, #6933, #7011, #6605, #3646, #9603, #5521, #1129, #1877, #3816, #8468, #4806, #1566, #7539, #4547, #6730, #7819, #4266, #115, #6060 ) ) ;
#8243 = EDGE_CURVE ( 'NONE', #1894, #5568, #5554, .T. ) ;
#8244 = CARTESIAN_POINT ( 'NONE',  ( -7.275000000000000355, 2.209999999999999520, 1.324999999999999734 ) ) ;
#8245 = CARTESIAN_POINT ( 'NONE',  ( 7.875000000000000000, 1.030000000000000027, -1.464999999999999636 ) ) ;
#8246 = DIRECTION ( 'NONE',  ( 0.000000000000000000, -1.000000000000000000, 0.000000000000000000 ) ) ;
#8247 = DIRECTION ( 'NONE',  ( 0.000000000000000000, 0.000000000000000000, 1.000000000000000000 ) ) ;
#8248 = CARTESIAN_POINT ( 'NONE',  ( -7.875000000000000000, 0.3399999999999997469, 0.000000000000000000 ) ) ;
#8249 = VECTOR ( 'NONE', #3503, 1000.000000000000000 ) ;
#8250 = ORIENTED_EDGE ( 'NONE', *, *, #1550, .F. ) ;
#8251 = CARTESIAN_POINT ( 'NONE',  ( 1.250000000000000000, 2.085000000000000409, 2.024999999999999911 ) ) ;
#8252 = DIRECTION ( 'NONE',  ( 0.000000000000000000, 0.000000000000000000, -1.000000000000000000 ) ) ;
#8253 = ORIENTED_EDGE ( 'NONE', *, *, #3635, .F. ) ;
#8254 = AXIS2_PLACEMENT_3D ( 'NONE', #8357, #9119, #7496 ) ;
#8255 = VERTEX_POINT ( 'NONE', #8559 ) ;
#8256 = FACE_OUTER_BOUND ( 'NONE', #3926, .T. ) ;
#8257 = DIRECTION ( 'NONE',  ( 1.197572355469997778E-16, -1.000000000000000000, 0.000000000000000000 ) ) ;
#8258 = EDGE_CURVE ( 'NONE', #8192, #7639, #3096, .T. ) ;
#8259 = ORIENTED_EDGE ( 'NONE', *, *, #1317, .F. ) ;
#8260 = AXIS2_PLACEMENT_3D ( 'NONE', #1599, #6069, #9186 ) ;
#8261 = FACE_OUTER_BOUND ( 'NONE', #7466, .T. ) ;
#8262 = VECTOR ( 'NONE', #1587, 1000.000000000000000 ) ;
#8263 = CARTESIAN_POINT ( 'NONE',  ( 3.625000000000001332, 3.965000000000001634, 0.000000000000000000 ) ) ;
#8264 = DIRECTION ( 'NONE',  ( -0.000000000000000000, 0.000000000000000000, 1.000000000000000000 ) ) ;
#8265 = LINE ( 'NONE', #7619, #7775 ) ;
#8266 = FACE_OUTER_BOUND ( 'NONE', #6831, .T. ) ;
#8268 = DIRECTION ( 'NONE',  ( -0.000000000000000000, 0.7071067811865475727, -0.7071067811865475727 ) ) ;
#8267 = CARTESIAN_POINT ( 'NONE',  ( -4.687500000000000000, 1.855000000000000204, 0.06499999999999994671 ) ) ;
#8269 = VECTOR ( 'NONE', #5997, 1000.000000000000000 ) ;
#8270 = EDGE_CURVE ( 'NONE', #722, #1153, #9327, .T. ) ;
#8271 = DIRECTION ( 'NONE',  ( -0.000000000000000000, 0.7071067811865597852, -0.7071067811865352493 ) ) ;
#8272 = ADVANCED_FACE ( 'NONE', ( #5448 ), #64, .T. ) ;
#8273 = EDGE_CURVE ( 'NONE', #9644, #8590, #9422, .T. ) ;
#8274 = EDGE_CURVE ( 'NONE', #4881, #150, #960, .T. ) ;
#8275 = ORIENTED_EDGE ( 'NONE', *, *, #8146, .T. ) ;
#8276 = VECTOR ( 'NONE', #1038, 1000.000000000000000 ) ;
#8277 = FILL_AREA_STYLE ('',( #8989 ) ) ;
#8278 = CARTESIAN_POINT ( 'NONE',  ( 3.040000000000001812, 0.000000000000000000, 0.06499999999999994671 ) ) ;
#8279 = ORIENTED_EDGE ( 'NONE', *, *, #810, .F. ) ;
#8280 = ORIENTED_EDGE ( 'NONE', *, *, #6160, .F. ) ;
#8282 = PLANE ( 'NONE',  #8928 ) ;
#8281 = DIRECTION ( 'NONE',  ( -0.7071067811865491270, 0.000000000000000000, 0.7071067811865460184 ) ) ;
#8283 = ORIENTED_EDGE ( 'NONE', *, *, #7735, .F. ) ;
#8284 = ORIENTED_EDGE ( 'NONE', *, *, #15, .T. ) ;
#8285 = CARTESIAN_POINT ( 'NONE',  ( 0.3125000000000002776, 2.255000000000000338, 0.06499999999999994671 ) ) ;
#8286 = EDGE_CURVE ( 'NONE', #5625, #6087, #2572, .T. ) ;
#8287 = VECTOR ( 'NONE', #2244, 1000.000000000000000 ) ;
#8288 = VERTEX_POINT ( 'NONE', #603 ) ;
#8289 = ORIENTED_EDGE ( 'NONE', *, *, #6160, .T. ) ;
#8290 = DIRECTION ( 'NONE',  ( 0.000000000000000000, 0.000000000000000000, 1.000000000000000000 ) ) ;
#8291 = CARTESIAN_POINT ( 'NONE',  ( 2.500000000000000000, 1.855000000000000204, 0.06499999999999994671 ) ) ;
#8292 = DIRECTION ( 'NONE',  ( -0.000000000000000000, 1.000000000000000000, 0.000000000000000000 ) ) ;
#8293 = CARTESIAN_POINT ( 'NONE',  ( 3.525000000000002132, 0.7800000000000000266, -0.2750000000000000777 ) ) ;
#8294 = VECTOR ( 'NONE', #9588, 1000.000000000000000 ) ;
#8295 = LINE ( 'NONE', #5607, #8752 ) ;
#8296 = VERTEX_POINT ( 'NONE', #2763 ) ;
#8297 = DIRECTION ( 'NONE',  ( 1.000000000000000000, 0.000000000000000000, 0.000000000000000000 ) ) ;
#8298 = ORIENTED_EDGE ( 'NONE', *, *, #810, .T. ) ;
#8299 = ORIENTED_EDGE ( 'NONE', *, *, #1760, .F. ) ;
#8300 = CARTESIAN_POINT ( 'NONE',  ( 0.000000000000000000, 2.255000000000000338, 0.06499999999999994671 ) ) ;
#8301 = CYLINDRICAL_SURFACE ( 'NONE', #3914, 0.07500000000000019151 ) ;
#8302 = DIRECTION ( 'NONE',  ( 0.000000000000000000, -0.000000000000000000, 1.000000000000000000 ) ) ;
#8303 = EDGE_CURVE ( 'NONE', #5894, #1651, #3669, .T. ) ;
#8304 = LINE ( 'NONE', #2898, #8747 ) ;
#8305 = ORIENTED_EDGE ( 'NONE', *, *, #1687, .T. ) ;
#8306 = LINE ( 'NONE', #5911, #6318 ) ;
#8307 = AXIS2_PLACEMENT_3D ( 'NONE', #5828, #5107, #9892 ) ;
#8308 = ORIENTED_EDGE ( 'NONE', *, *, #3390, .F. ) ;
#8309 = AXIS2_PLACEMENT_3D ( 'NONE', #1379, #4420, #8302 ) ;
#8310 = ORIENTED_EDGE ( 'NONE', *, *, #7281, .F. ) ;
#8311 = DIRECTION ( 'NONE',  ( 0.000000000000000000, 0.000000000000000000, -1.000000000000000000 ) ) ;
#8312 = CARTESIAN_POINT ( 'NONE',  ( -1.852139257101876488E-16, 1.630000000000001226, -2.024999999999999911 ) ) ;
#8313 = DIRECTION ( 'NONE',  ( 0.000000000000000000, -1.000000000000000000, 0.000000000000000000 ) ) ;
#8314 = FACE_OUTER_BOUND ( 'NONE', #6092, .T. ) ;
#8315 = DIRECTION ( 'NONE',  ( 0.000000000000000000, 0.7071067811865475727, 0.7071067811865475727 ) ) ;
#8316 = DIRECTION ( 'NONE',  ( 0.000000000000000000, -1.000000000000000000, 0.000000000000000000 ) ) ;
#8317 = EDGE_CURVE ( 'NONE', #8931, #1327, #9948, .T. ) ;
#8318 = FACE_OUTER_BOUND ( 'NONE', #1133, .T. ) ;
#8319 = CARTESIAN_POINT ( 'NONE',  ( 7.875000000000000000, 2.960000000000000853, 2.024999999999999911 ) ) ;
#8320 = ORIENTED_EDGE ( 'NONE', *, *, #1816, .F. ) ;
#8321 = LINE ( 'NONE', #4388, #5688 ) ;
#8322 = ORIENTED_EDGE ( 'NONE', *, *, #5207, .T. ) ;
#8323 = AXIS2_PLACEMENT_3D ( 'NONE', #8950, #1940, #8188 ) ;
#8324 = VERTEX_POINT ( 'NONE', #2980 ) ;
#8325 = VECTOR ( 'NONE', #6214, 1000.000000000000000 ) ;
#8326 = CARTESIAN_POINT ( 'NONE',  ( 1.975000000000001865, 2.085000000000000409, -2.024999999999999911 ) ) ;
#8327 = ADVANCED_FACE ( 'NONE', ( #9838 ), #5162, .T. ) ;
#8328 = CARTESIAN_POINT ( 'NONE',  ( 3.625000000000001332, 3.500000000000000444, 0.09499999999999966804 ) ) ;
#8329 = ADVANCED_FACE ( 'NONE', ( #6033, #6659, #1930, #5063 ), #8182, .T. ) ;
#8330 = EDGE_CURVE ( 'NONE', #338, #4131, #7421, .T. ) ;
#8331 = VERTEX_POINT ( 'NONE', #7572 ) ;
#8332 = EDGE_CURVE ( 'NONE', #8956, #3593, #5880, .T. ) ;
#8333 = VECTOR ( 'NONE', #4471, 1000.000000000000000 ) ;
#8334 = ORIENTED_EDGE ( 'NONE', *, *, #9149, .F. ) ;
#8336 = DIRECTION ( 'NONE',  ( -0.000000000000000000, -0.000000000000000000, 1.000000000000000000 ) ) ;
#8335 = LINE ( 'NONE', #3520, #5231 ) ;
#8337 = ORIENTED_EDGE ( 'NONE', *, *, #691, .F. ) ;
#8338 = CARTESIAN_POINT ( 'NONE',  ( 2.600000000000001421, 0.000000000000000000, 0.06499999999999994671 ) ) ;
#8339 = DIRECTION ( 'NONE',  ( -0.000000000000000000, 0.000000000000000000, 1.000000000000000000 ) ) ;
#8340 = ORIENTED_EDGE ( 'NONE', *, *, #5841, .F. ) ;
#8341 = EDGE_LOOP ( 'NONE', ( #9708, #7985, #6386, #8687 ) ) ;
#8342 = CARTESIAN_POINT ( 'NONE',  ( -4.474999999999999645, 1.030000000000000027, -2.024999999999999911 ) ) ;
#8343 = VECTOR ( 'NONE', #7582, 1000.000000000000000 ) ;
#8344 = CARTESIAN_POINT ( 'NONE',  ( 3.975000000000002753, 0.7799999999999999156, -0.3250000000000000666 ) ) ;
#8345 = LINE ( 'NONE', #5280, #414 ) ;
#8346 = EDGE_CURVE ( 'NONE', #6556, #1441, #8335, .T. ) ;
#8347 = CARTESIAN_POINT ( 'NONE',  ( -5.800000000000000711, 2.490000000000001101, -1.224999999999999867 ) ) ;
#8348 = DIRECTION ( 'NONE',  ( -1.000000000000000000, 0.000000000000000000, 0.000000000000000000 ) ) ;
#8349 = DIRECTION ( 'NONE',  ( 0.000000000000000000, 0.000000000000000000, 1.000000000000000000 ) ) ;
#8350 = ORIENTED_EDGE ( 'NONE', *, *, #3283, .T. ) ;
#8351 = AXIS2_PLACEMENT_3D ( 'NONE', #4472, #3695, #6728 ) ;
#8352 = CIRCLE ( 'NONE', #6054, 0.08500000000000000611 ) ;
#8353 = ORIENTED_EDGE ( 'NONE', *, *, #2953, .T. ) ;
#8354 = CARTESIAN_POINT ( 'NONE',  ( 4.125000000000001776, 0.7800000000000000266, 0.000000000000000000 ) ) ;
#8355 = LINE ( 'NONE', #8459, #7986 ) ;
#8356 = DIRECTION ( 'NONE',  ( -0.000000000000000000, -0.000000000000000000, -1.000000000000000000 ) ) ;
#8357 = CARTESIAN_POINT ( 'NONE',  ( 0.000000000000000000, 1.937842712474619811, 1.625000000000000000 ) ) ;
#8358 = FACE_OUTER_BOUND ( 'NONE', #5038, .T. ) ;
#8359 = EDGE_LOOP ( 'NONE', ( #1035, #7498, #217, #9701 ) ) ;
#8360 = DIRECTION ( 'NONE',  ( 0.000000000000000000, -1.000000000000000000, 0.000000000000000000 ) ) ;
#8361 = VERTEX_POINT ( 'NONE', #4341 ) ;
#8362 = LINE ( 'NONE', #4376, #6821 ) ;
#8363 = CARTESIAN_POINT ( 'NONE',  ( 3.855000000000002647, 1.009999999999999121, 1.949999999999999289 ) ) ;
#8364 = LINE ( 'NONE', #8416, #9103 ) ;
#8365 = CARTESIAN_POINT ( 'NONE',  ( 3.855000000000002647, 0.5300000000000049116, -0.3250000000000000666 ) ) ;
#8366 = CARTESIAN_POINT ( 'NONE',  ( 3.265000000000002345, 4.120000000000000107, -1.724999999999999867 ) ) ;
#8367 = CARTESIAN_POINT ( 'NONE',  ( -7.605000000000000426, 2.209999999999999520, 1.274999999999999911 ) ) ;
#8368 = DIRECTION ( 'NONE',  ( 2.403995947861434526E-16, 1.000000000000000000, 0.000000000000000000 ) ) ;
#8369 = DIRECTION ( 'NONE',  ( 1.000000000000000000, 1.136281752823236226E-16, -0.000000000000000000 ) ) ;
#8370 = VERTEX_POINT ( 'NONE', #6806 ) ;
#8371 = LINE ( 'NONE', #433, #10071 ) ;
#8372 = ORIENTED_EDGE ( 'NONE', *, *, #4648, .F. ) ;
#8373 = PRODUCT_RELATED_PRODUCT_CATEGORY ( 'part', '', ( #3795 ) ) ;
#8374 = ORIENTED_EDGE ( 'NONE', *, *, #4139, .T. ) ;
#8375 = ADVANCED_FACE ( 'NONE', ( #2041 ), #1987, .T. ) ;
#8376 = DIRECTION ( 'NONE',  ( 0.000000000000000000, 0.000000000000000000, 1.000000000000000000 ) ) ;
#8377 = CARTESIAN_POINT ( 'NONE',  ( -0.5250000000000002442, 2.055000000000001048, 2.024999999999999911 ) ) ;
#8378 = VERTEX_POINT ( 'NONE', #3616 ) ;
#8380 = LINE ( 'NONE', #4500, #2577 ) ;
#8379 = DIRECTION ( 'NONE',  ( 0.000000000000000000, -0.000000000000000000, 1.000000000000000000 ) ) ;
#8381 = VECTOR ( 'NONE', #4329, 1000.000000000000000 ) ;
#8382 = VECTOR ( 'NONE', #4287, 1000.000000000000114 ) ;
#8383 = VECTOR ( 'NONE', #4685, 1000.000000000000000 ) ;
#8384 = CARTESIAN_POINT ( 'NONE',  ( -4.062499999999999112, 1.855000000000000204, 1.824999999999999289 ) ) ;
#8385 = DIRECTION ( 'NONE',  ( -1.000000000000000000, 1.197572355469997778E-16, 0.000000000000000000 ) ) ;
#8386 = ORIENTED_EDGE ( 'NONE', *, *, #4964, .F. ) ;
#8387 = EDGE_CURVE ( 'NONE', #9069, #2159, #9899, .T. ) ;
#8388 = ORIENTED_EDGE ( 'NONE', *, *, #5215, .T. ) ;
#8389 = EDGE_CURVE ( 'NONE', #5536, #8361, #9152, .T. ) ;
#8390 = EDGE_CURVE ( 'NONE', #1108, #8204, #3563, .T. ) ;
#8391 = LINE ( 'NONE', #3569, #6758 ) ;
#8392 = VECTOR ( 'NONE', #3720, 1000.000000000000000 ) ;
#8393 = FACE_OUTER_BOUND ( 'NONE', #2311, .T. ) ;
#8394 = VECTOR ( 'NONE', #3419, 1000.000000000000000 ) ;
#8395 = LINE ( 'NONE', #10005, #3932 ) ;
#8396 = LINE ( 'NONE', #7644, #6650 ) ;
#8397 = CARTESIAN_POINT ( 'NONE',  ( -1.775000000000000133, 0.000000000000000000, 2.024999999999999911 ) ) ;
#8398 = ORIENTED_EDGE ( 'NONE', *, *, #4202, .F. ) ;
#8399 = VECTOR ( 'NONE', #8369, 1000.000000000000000 ) ;
#8400 = ADVANCED_FACE ( 'NONE', ( #9788 ), #5266, .T. ) ;
#8401 = ORIENTED_EDGE ( 'NONE', *, *, #2587, .T. ) ;
#8402 = EDGE_CURVE ( 'NONE', #3648, #6558, #7525, .T. ) ;
#8403 = PLANE ( 'NONE',  #8975 ) ;
#8404 = PLANE ( 'NONE',  #8309 ) ;
#8405 = CYLINDRICAL_SURFACE ( 'NONE', #8254, 0.2000000000000000944 ) ;
#8406 = DIRECTION ( 'NONE',  ( -0.000000000000000000, -1.000000000000000000, -0.000000000000000000 ) ) ;
#8407 = PLANE ( 'NONE',  #867 ) ;
#8408 = ORIENTED_EDGE ( 'NONE', *, *, #6698, .T. ) ;
#8409 = CARTESIAN_POINT ( 'NONE',  ( 3.625000000000002220, 0.4800000000000000377, -0.2750000000000000777 ) ) ;
#8410 = ORIENTED_EDGE ( 'NONE', *, *, #3797, .T. ) ;
#8411 = AXIS2_PLACEMENT_3D ( 'NONE', #6844, #9028, #6790 ) ;
#8412 = ORIENTED_EDGE ( 'NONE', *, *, #9075, .T. ) ;
#8413 = ADVANCED_FACE ( 'NONE', ( #1308 ), #4450, .T. ) ;
#8414 = CARTESIAN_POINT ( 'NONE',  ( 5.000000000000000000, 1.855000000000000204, 0.06499999999999994671 ) ) ;
#8415 = CARTESIAN_POINT ( 'NONE',  ( -1.852139257101876488E-16, 1.630000000000001226, 0.06499999999999994671 ) ) ;
#8416 = CARTESIAN_POINT ( 'NONE',  ( -7.375000000000000888, 2.259999999999999343, 2.024999999999999911 ) ) ;
#8417 = VECTOR ( 'NONE', #2084, 1000.000000000000000 ) ;
#8418 = CARTESIAN_POINT ( 'NONE',  ( 5.000000000000000000, 1.630000000000001226, -2.024999999999999911 ) ) ;
#8419 = LINE ( 'NONE', #10021, #8503 ) ;
#8420 = VECTOR ( 'NONE', #7301, 1000.000000000000000 ) ;
#8421 = FACE_OUTER_BOUND ( 'NONE', #1117, .T. ) ;
#8422 = DIRECTION ( 'NONE',  ( 1.000000000000000000, 1.197572355469997778E-16, 0.000000000000000000 ) ) ;
#8423 = DIRECTION ( 'NONE',  ( 0.000000000000000000, 0.000000000000000000, -1.000000000000000000 ) ) ;
#8424 = CARTESIAN_POINT ( 'NONE',  ( 0.7249999999999999778, 0.7800000000000002487, 1.824999999999999289 ) ) ;
#8425 = VECTOR ( 'NONE', #3907, 1000.000000000000114 ) ;
#8426 = ORIENTED_EDGE ( 'NONE', *, *, #6128, .T. ) ;
#8427 = DIRECTION ( 'NONE',  ( 1.000000000000000000, -0.000000000000000000, -0.000000000000000000 ) ) ;
#8428 = ORIENTED_EDGE ( 'NONE', *, *, #7281, .T. ) ;
#8429 = AXIS2_PLACEMENT_3D ( 'NONE', #2623, #7287, #4979 ) ;
#8430 = DIRECTION ( 'NONE',  ( -0.000000000000000000, 1.000000000000000000, 0.000000000000000000 ) ) ;
#8431 = LINE ( 'NONE', #3721, #3231 ) ;
#8432 = VERTEX_POINT ( 'NONE', #9369 ) ;
#8433 = LINE ( 'NONE', #4497, #676 ) ;
#8434 = VECTOR ( 'NONE', #5700, 1000.000000000000000 ) ;
#8435 = VERTEX_POINT ( 'NONE', #6208 ) ;
#8436 = EDGE_CURVE ( 'NONE', #716, #5357, #9, .T. ) ;
#8438 = CARTESIAN_POINT ( 'NONE',  ( -5.724999999999999645, 0.5050000000000000044, -1.584999999999999964 ) ) ;
#8437 = DIRECTION ( 'NONE',  ( 0.000000000000000000, 0.000000000000000000, -1.000000000000000000 ) ) ;
#8439 = ORIENTED_EDGE ( 'NONE', *, *, #4079, .T. ) ;
#8440 = CARTESIAN_POINT ( 'NONE',  ( -0.5250000000000002442, 2.085000000000000409, 2.024999999999999911 ) ) ;
#8441 = ORIENTED_EDGE ( 'NONE', *, *, #3454, .T. ) ;
#8442 = AXIS2_PLACEMENT_3D ( 'NONE', #3883, #5538, #7020 ) ;
#8443 = CARTESIAN_POINT ( 'NONE',  ( 3.525000000000002132, 0.4800000000000017031, 2.024999999999999911 ) ) ;
#8444 = DIRECTION ( 'NONE',  ( 1.000000000000000000, 0.000000000000000000, 0.000000000000000000 ) ) ;
#8445 = DIRECTION ( 'NONE',  ( 0.000000000000000000, -1.000000000000000000, 0.000000000000000000 ) ) ;
#8446 = DIRECTION ( 'NONE',  ( 1.000000000000000000, 0.000000000000000000, 0.000000000000000000 ) ) ;
#8447 = CARTESIAN_POINT ( 'NONE',  ( 1.562500000000001332, 2.255000000000000338, 0.06499999999999994671 ) ) ;
#8448 = EDGE_CURVE ( 'NONE', #2723, #2876, #1678, .T. ) ;
#8449 = DIRECTION ( 'NONE',  ( -0.000000000000000000, 0.7071067811865474617, 0.7071067811865474617 ) ) ;
#8450 = VERTEX_POINT ( 'NONE', #3133 ) ;
#8451 = VECTOR ( 'NONE', #3650, 1000.000000000000000 ) ;
#8452 = EDGE_CURVE ( 'NONE', #2714, #3823, #2439, .T. ) ;
#8453 = VECTOR ( 'NONE', #3443, 1000.000000000000000 ) ;
#8454 = ORIENTED_EDGE ( 'NONE', *, *, #6517, .F. ) ;
#8455 = EDGE_LOOP ( 'NONE', ( #7892, #2479, #6442, #9733, #9559, #515, #6554 ) ) ;
#8456 = AXIS2_PLACEMENT_3D ( 'NONE', #8338, #9101, #7221 ) ;
#8457 = DIRECTION ( 'NONE',  ( 1.000000000000000000, 0.000000000000000000, 0.000000000000000000 ) ) ;
#8458 = LINE ( 'NONE', #6051, #4417 ) ;
#8459 = CARTESIAN_POINT ( 'NONE',  ( -2.187499999999999556, 1.855000000000000204, 0.06499999999999994671 ) ) ;
#8460 = PLANE ( 'NONE',  #6059 ) ;
#8461 = LINE ( 'NONE', #5352, #3363 ) ;
#8462 = DIRECTION ( 'NONE',  ( -1.000000000000000000, 0.000000000000000000, 0.000000000000000000 ) ) ;
#8463 = VERTEX_POINT ( 'NONE', #825 ) ;
#8464 = EDGE_CURVE ( 'NONE', #6447, #196, #4671, .T. ) ;
#8465 = CARTESIAN_POINT ( 'NONE',  ( -6.800000000000001599, 3.820000000000000728, -1.224999999999999867 ) ) ;
#8466 = ADVANCED_FACE ( 'NONE', ( #3943 ), #6352, .T. ) ;
#8467 = AXIS2_PLACEMENT_3D ( 'NONE', #6630, #6528, #6477 ) ;
#8468 = ORIENTED_EDGE ( 'NONE', *, *, #4911, .T. ) ;
#8469 = ORIENTED_EDGE ( 'NONE', *, *, #134, .F. ) ;
#8470 = PLANE ( 'NONE',  #2254 ) ;
#8471 = DIRECTION ( 'NONE',  ( 0.000000000000000000, -1.000000000000000000, 0.000000000000000000 ) ) ;
#8472 = CARTESIAN_POINT ( 'NONE',  ( -3.224999999999999645, 1.855000000000000204, 0.06499999999999994671 ) ) ;
#8473 = VECTOR ( 'NONE', #2103, 1000.000000000000000 ) ;
#8474 = DIRECTION ( 'NONE',  ( -1.000000000000000000, -0.000000000000000000, -0.000000000000000000 ) ) ;
#8475 = CARTESIAN_POINT ( 'NONE',  ( 3.050000000000003375, 3.820000000000000728, -1.224999999999999867 ) ) ;
#8476 = CARTESIAN_POINT ( 'NONE',  ( -5.525000000000000355, 0.000000000000000000, 1.824999999999999956 ) ) ;
#8477 = ADVANCED_FACE ( 'NONE', ( #7131 ), #5395, .T. ) ;
#8478 = AXIS2_PLACEMENT_3D ( 'NONE', #5855, #8962, #4310 ) ;
#8479 = FACE_OUTER_BOUND ( 'NONE', #3879, .T. ) ;
#8480 = LINE ( 'NONE', #4891, #8099 ) ;
#8481 = CARTESIAN_POINT ( 'NONE',  ( -5.977863700796166135, 4.190000000000000391, 3.451321216833561856 ) ) ;
#8482 = ORIENTED_EDGE ( 'NONE', *, *, #969, .F. ) ;
#8483 = DIRECTION ( 'NONE',  ( 1.000000000000000000, 0.000000000000000000, 0.000000000000000000 ) ) ;
#8484 = DIRECTION ( 'NONE',  ( 0.000000000000000000, 0.000000000000000000, 1.000000000000000000 ) ) ;
#8485 = PLANE ( 'NONE',  #9425 ) ;
#8486 = ORIENTED_EDGE ( 'NONE', *, *, #3468, .F. ) ;
#8487 = DIRECTION ( 'NONE',  ( -0.000000000000000000, -0.7071067811865474617, -0.7071067811865474617 ) ) ;
#8488 = EDGE_LOOP ( 'NONE', ( #672, #5427, #4314, #609, #9001, #5403, #2636, #8284, #5091 ) ) ;
#8489 = LINE ( 'NONE', #2261, #2064 ) ;
#8490 = ORIENTED_EDGE ( 'NONE', *, *, #8770, .T. ) ;
#8491 = AXIS2_PLACEMENT_3D ( 'NONE', #3935, #5388, #7794 ) ;
#8492 = DIRECTION ( 'NONE',  ( 0.000000000000000000, 0.000000000000000000, 1.000000000000000000 ) ) ;
#8493 =( REPRESENTATION_RELATIONSHIP ('NONE','NONE', #4816, #3828 ) REPRESENTATION_RELATIONSHIP_WITH_TRANSFORMATION ( #6396 )SHAPE_REPRESENTATION_RELATIONSHIP( ) );
#8494 = EDGE_LOOP ( 'NONE', ( #3778, #9114, #295, #3731 ) ) ;
#8495 = CARTESIAN_POINT ( 'NONE',  ( -5.525000000000000355, 1.604999999999999982, 1.362867965644034118 ) ) ;
#8496 = DIRECTION ( 'NONE',  ( 0.000000000000000000, 0.000000000000000000, 1.000000000000000000 ) ) ;
#8497 = LINE ( 'NONE', #2107, #352 ) ;
#8498 = CARTESIAN_POINT ( 'NONE',  ( -5.312499999999999112, 2.255000000000000338, 2.024999999999999911 ) ) ;
#8499 = CARTESIAN_POINT ( 'NONE',  ( 0.7249999999999999778, 1.855000000000000204, 0.06499999999999994671 ) ) ;
#8500 = CARTESIAN_POINT ( 'NONE',  ( 0.3125000000000002776, 1.855000000000000204, 1.824999999999999289 ) ) ;
#8501 = CARTESIAN_POINT ( 'NONE',  ( 3.750000000000001776, 3.325000000000000178, 2.024999999999999911 ) ) ;
#8502 = ORIENTED_EDGE ( 'NONE', *, *, #4986, .F. ) ;
#8503 = VECTOR ( 'NONE', #8474, 1000.000000000000000 ) ;
#8504 = ORIENTED_EDGE ( 'NONE', *, *, #9937, .F. ) ;
#8505 = AXIS2_PLACEMENT_3D ( 'NONE', #5024, #921, #7182 ) ;
#8506 = DIRECTION ( 'NONE',  ( -1.000000000000000000, 0.000000000000000000, -0.000000000000000000 ) ) ;
#8507 = EDGE_CURVE ( 'NONE', #3477, #5532, #152, .T. ) ;
#8508 = CARTESIAN_POINT ( 'NONE',  ( 0.7249999999999999778, 0.000000000000000000, 2.024999999999999911 ) ) ;
#8509 = LINE ( 'NONE', #1482, #4218 ) ;
#8510 = AXIS2_PLACEMENT_3D ( 'NONE', #8200, #9568, #9653 ) ;
#8511 = PLANE ( 'NONE',  #1716 ) ;
#8512 = ORIENTED_EDGE ( 'NONE', *, *, #2169, .F. ) ;
#8513 = FACE_OUTER_BOUND ( 'NONE', #6710, .T. ) ;
#8514 = VECTOR ( 'NONE', #5333, 1000.000000000000000 ) ;
#8515 = ORIENTED_EDGE ( 'NONE', *, *, #3924, .F. ) ;
#8516 = ORIENTED_EDGE ( 'NONE', *, *, #2722, .T. ) ;
#8517 = CARTESIAN_POINT ( 'NONE',  ( -7.015000000000000568, 1.903000000000000025, 0.000000000000000000 ) ) ;
#8518 = ADVANCED_FACE ( 'NONE', ( #7800 ), #5497, .F. ) ;
#8519 = CARTESIAN_POINT ( 'NONE',  ( 0.3125000000000002776, 1.855000000000000204, 0.06499999999999994671 ) ) ;
#8520 = EDGE_CURVE ( 'NONE', #3002, #8036, #8605, .T. ) ;
#8521 = VECTOR ( 'NONE', #2441, 1000.000000000000000 ) ;
#8522 = DIRECTION ( 'NONE',  ( 0.000000000000000000, 0.000000000000000000, -1.000000000000000000 ) ) ;
#8523 = CYLINDRICAL_SURFACE ( 'NONE', #7441, 0.08500000000000000611 ) ;
#8524 = LINE ( 'NONE', #838, #243 ) ;
#8525 = ORIENTED_EDGE ( 'NONE', *, *, #3336, .T. ) ;
#8526 = CARTESIAN_POINT ( 'NONE',  ( 2.204364238465228735E-17, 3.820000000000000728, -2.024999999999999911 ) ) ;
#8527 = DIRECTION ( 'NONE',  ( 0.7071067811865454633, -0.7071067811865495711, 0.000000000000000000 ) ) ;
#8528 = CARTESIAN_POINT ( 'NONE',  ( 0.9375000000000008882, 1.855000000000000204, 0.06499999999999994671 ) ) ;
#8529 = DIRECTION ( 'NONE',  ( 0.000000000000000000, -1.000000000000000000, 0.000000000000000000 ) ) ;
#8530 = EDGE_CURVE ( 'NONE', #3593, #1108, #5549, .T. ) ;
#8531 = ADVANCED_FACE ( 'NONE', ( #780 ), #9460, .F. ) ;
#8532 = DIRECTION ( 'NONE',  ( -0.000000000000000000, 0.000000000000000000, 1.000000000000000000 ) ) ;
#8533 = VERTEX_POINT ( 'NONE', #9277 ) ;
#8534 = CARTESIAN_POINT ( 'NONE',  ( -3.749999999999998224, 2.209999999999998188, 2.024999999999999911 ) ) ;
#8535 = DIRECTION ( 'NONE',  ( 0.000000000000000000, 0.000000000000000000, -1.000000000000000000 ) ) ;
#8536 = ORIENTED_EDGE ( 'NONE', *, *, #4653, .T. ) ;
#8538 = CARTESIAN_POINT ( 'NONE',  ( -5.525000000000000355, 0.5999999999999999778, -2.324999999999999734 ) ) ;
#8537 = CARTESIAN_POINT ( 'NONE',  ( -7.875000000000000000, 4.250000000000000000, 2.024999999999999911 ) ) ;
#8539 = DIRECTION ( 'NONE',  ( -1.000000000000000000, -1.136281752823236226E-16, 0.000000000000000000 ) ) ;
#8540 = ORIENTED_EDGE ( 'NONE', *, *, #7090, .F. ) ;
#8541 = EDGE_CURVE ( 'NONE', #9904, #3717, #1481, .T. ) ;
#8542 = CARTESIAN_POINT ( 'NONE',  ( -1.974999999999999867, 2.085000000000000409, -2.024999999999999911 ) ) ;
#8543 = LINE ( 'NONE', #6246, #310 ) ;
#8544 = CARTESIAN_POINT ( 'NONE',  ( -3.224999999999999645, 0.5500000000000010436, 2.024999999999999911 ) ) ;
#8545 = CARTESIAN_POINT ( 'NONE',  ( 3.625000000000002220, 0.9249999999999991562, 1.949999999999999067 ) ) ;
#8546 = DIRECTION ( 'NONE',  ( -1.000000000000000000, 0.000000000000000000, -0.000000000000000000 ) ) ;
#8547 = LINE ( 'NONE', #4664, #9602 ) ;
#8548 = VECTOR ( 'NONE', #7355, 1000.000000000000000 ) ;
#8549 = ORIENTED_EDGE ( 'NONE', *, *, #4456, .F. ) ;
#8550 = ORIENTED_EDGE ( 'NONE', *, *, #293, .F. ) ;
#8551 = EDGE_CURVE ( 'NONE', #8965, #3966, #7751, .T. ) ;
#8552 = VECTOR ( 'NONE', #1712, 1000.000000000000000 ) ;
#8553 = CARTESIAN_POINT ( 'NONE',  ( 3.265000000000002345, 8.777094706955511913E-18, 0.09499999999999998723 ) ) ;
#8554 = DIRECTION ( 'NONE',  ( 1.000000000000000000, 0.000000000000000000, 0.000000000000000000 ) ) ;
#8555 = ORIENTED_EDGE ( 'NONE', *, *, #4468, .T. ) ;
#8556 = CARTESIAN_POINT ( 'NONE',  ( 0.7249999999999999778, 0.000000000000000000, 0.06499999999999994671 ) ) ;
#8557 = FACE_OUTER_BOUND ( 'NONE', #2445, .T. ) ;
#8558 = VERTEX_POINT ( 'NONE', #6983 ) ;
#8559 = CARTESIAN_POINT ( 'NONE',  ( -3.437499999999999556, 1.855000000000000204, 0.06499999999999994671 ) ) ;
#8560 = VECTOR ( 'NONE', #5919, 1000.000000000000000 ) ;
#8561 = EDGE_CURVE ( 'NONE', #662, #8581, #647, .T. ) ;
#8562 = ORIENTED_EDGE ( 'NONE', *, *, #6520, .F. ) ;
#8563 = VERTEX_POINT ( 'NONE', #7234 ) ;
#8564 = DIRECTION ( 'NONE',  ( -1.000000000000000000, 0.000000000000000000, -0.000000000000000000 ) ) ;
#8565 = LINE ( 'NONE', #6415, #8019 ) ;
#8566 = PRESENTATION_LAYER_ASSIGNMENT (  '', '', ( #4643 ) ) ;
#8567 = CARTESIAN_POINT ( 'NONE',  ( -1.775000000000000133, 2.085000000000000409, -1.464999999999999636 ) ) ;
#8568 = CARTESIAN_POINT ( 'NONE',  ( -6.801350639285898225, 4.250000000000000000, 2.024999999999999911 ) ) ;
#8569 = VECTOR ( 'NONE', #802, 1000.000000000000000 ) ;
#8570 = EDGE_CURVE ( 'NONE', #138, #3728, #5936, .T. ) ;
#8571 = ORIENTED_EDGE ( 'NONE', *, *, #2226, .T. ) ;
#8572 = LINE ( 'NONE', #794, #7944 ) ;
#8573 = EDGE_CURVE ( 'NONE', #1113, #7442, #9942, .T. ) ;
#8574 = ORIENTED_EDGE ( 'NONE', *, *, #7953, .T. ) ;
#8575 = ORIENTED_EDGE ( 'NONE', *, *, #8530, .F. ) ;
#8576 = VECTOR ( 'NONE', #5818, 1000.000000000000000 ) ;
#8577 = LINE ( 'NONE', #7004, #4693 ) ;
#8578 = VECTOR ( 'NONE', #9570, 1000.000000000000000 ) ;
#8579 = CARTESIAN_POINT ( 'NONE',  ( 3.625000000000002220, 0.1499999999999998002, -0.2750000000000001332 ) ) ;
#8580 = CARTESIAN_POINT ( 'NONE',  ( 3.285000000000001474, 0.2400000000000022671, -0.2750000000000000777 ) ) ;
#8581 = VERTEX_POINT ( 'NONE', #8999 ) ;
#8582 = VECTOR ( 'NONE', #8154, 1000.000000000000114 ) ;
#8583 = LINE ( 'NONE', #3116, #55 ) ;
#8584 = EDGE_CURVE ( 'NONE', #1616, #5390, #6717, .T. ) ;
#8585 = VERTEX_POINT ( 'NONE', #6865 ) ;
#8586 = EDGE_CURVE ( 'NONE', #7575, #8048, #2108, .T. ) ;
#8587 = ADVANCED_FACE ( 'NONE', ( #8393 ), #9051, .T. ) ;
#8588 = EDGE_LOOP ( 'NONE', ( #6, #4641, #7918, #1936 ) ) ;
#8589 = AXIS2_PLACEMENT_3D ( 'NONE', #9558, #8708, #1683 ) ;
#8590 = VERTEX_POINT ( 'NONE', #506 ) ;
#8591 = DIRECTION ( 'NONE',  ( 0.000000000000000000, 0.000000000000000000, 1.000000000000000000 ) ) ;
#8592 = ORIENTED_EDGE ( 'NONE', *, *, #9333, .T. ) ;
#8593 = ORIENTED_EDGE ( 'NONE', *, *, #383, .F. ) ;
#8594 = VECTOR ( 'NONE', #5103, 1000.000000000000000 ) ;
#8595 = DIRECTION ( 'NONE',  ( 0.000000000000000000, -0.000000000000000000, -1.000000000000000000 ) ) ;
#8596 = LINE ( 'NONE', #6915, #9946 ) ;
#8598 = VECTOR ( 'NONE', #6719, 1000.000000000000000 ) ;
#8597 = LINE ( 'NONE', #669, #1297 ) ;
#8599 = DIRECTION ( 'NONE',  ( 0.000000000000000000, -1.000000000000000000, 0.000000000000000000 ) ) ;
#8600 = CARTESIAN_POINT ( 'NONE',  ( -7.765000000000000568, 2.400000000000000355, 2.024999999999999911 ) ) ;
#8601 = VERTEX_POINT ( 'NONE', #1320 ) ;
#8602 = EDGE_CURVE ( 'NONE', #7773, #1478, #4459, .T. ) ;
#8603 = ORIENTED_EDGE ( 'NONE', *, *, #8243, .T. ) ;
#8604 = ORIENTED_EDGE ( 'NONE', *, *, #9622, .F. ) ;
#8605 = LINE ( 'NONE', #7181, #9307 ) ;
#8606 = AXIS2_PLACEMENT_3D ( 'NONE', #7526, #7689, #3780 ) ;
#8607 = DIRECTION ( 'NONE',  ( 0.000000000000000000, -1.000000000000000000, 0.000000000000000000 ) ) ;
#8608 = ORIENTED_EDGE ( 'NONE', *, *, #6657, .F. ) ;
#8609 = VECTOR ( 'NONE', #371, 1000.000000000000000 ) ;
#8610 = CARTESIAN_POINT ( 'NONE',  ( 7.875000000000000000, 2.055000000000001048, 2.024999999999999911 ) ) ;
#8611 = CARTESIAN_POINT ( 'NONE',  ( -6.790000000000000036, 2.760000000000000231, 0.06499999999999994671 ) ) ;
#8612 = DIRECTION ( 'NONE',  ( 0.000000000000000000, 0.7071067811865474617, -0.7071067811865475727 ) ) ;
#8613 = ORIENTED_EDGE ( 'NONE', *, *, #6970, .F. ) ;
#8614 = CARTESIAN_POINT ( 'NONE',  ( 2.500000000000000000, 2.085000000000000409, 2.024999999999999911 ) ) ;
#8615 = ORIENTED_EDGE ( 'NONE', *, *, #6937, .F. ) ;
#8616 = ORIENTED_EDGE ( 'NONE', *, *, #1042, .T. ) ;
#8617 = VECTOR ( 'NONE', #8336, 1000.000000000000000 ) ;
#8618 = DIRECTION ( 'NONE',  ( 1.000000000000000000, -1.197572355469997778E-16, 0.000000000000000000 ) ) ;
#8619 = VECTOR ( 'NONE', #4915, 1000.000000000000000 ) ;
#8620 = DIRECTION ( 'NONE',  ( 1.000000000000000000, 1.204669080539440518E-15, 0.000000000000000000 ) ) ;
#8621 = FACE_OUTER_BOUND ( 'NONE', #2526, .T. ) ;
#8622 = EDGE_CURVE ( 'NONE', #4057, #9403, #8352, .T. ) ;
#8623 = CARTESIAN_POINT ( 'NONE',  ( -10.53999999999999737, 0.7800000000000015810, 1.824999999999999289 ) ) ;
#8624 = PLANE ( 'NONE',  #2706 ) ;
#8625 = VECTOR ( 'NONE', #5222, 1000.000000000000000 ) ;
#8626 = EDGE_LOOP ( 'NONE', ( #5235, #289, #6652, #5418 ) ) ;
#8627 = LINE ( 'NONE', #6944, #410 ) ;
#8628 = CARTESIAN_POINT ( 'NONE',  ( -7.375000000000000888, -1.828238918348616824E-15, -0.1250000000000009992 ) ) ;
#8629 = ORIENTED_EDGE ( 'NONE', *, *, #5340, .F. ) ;
#8630 = CARTESIAN_POINT ( 'NONE',  ( 2.187500000000001776, 2.255000000000000338, 0.06499999999999994671 ) ) ;
#8631 = EDGE_CURVE ( 'NONE', #5976, #5826, #9216, .T. ) ;
#8632 = DIRECTION ( 'NONE',  ( 0.000000000000000000, 0.7071067811865474617, -0.7071067811865475727 ) ) ;
#8633 = EDGE_CURVE ( 'NONE', #3232, #364, #1990, .T. ) ;
#8634 = ORIENTED_EDGE ( 'NONE', *, *, #5648, .T. ) ;
#8635 = LINE ( 'NONE', #8534, #842 ) ;
#8636 = DIRECTION ( 'NONE',  ( -0.000000000000000000, 1.000000000000000000, -0.000000000000000000 ) ) ;
#8637 = ORIENTED_EDGE ( 'NONE', *, *, #7910, .T. ) ;
#8638 = CARTESIAN_POINT ( 'NONE',  ( 3.855000000000002647, 0.7800000000000000266, -0.2750000000000000777 ) ) ;
#8639 = EDGE_LOOP ( 'NONE', ( #4284, #9376, #228, #6335 ) ) ;
#8640 =( GEOMETRIC_REPRESENTATION_CONTEXT ( 3 ) GLOBAL_UNCERTAINTY_ASSIGNED_CONTEXT ( ( #5816 ) ) GLOBAL_UNIT_ASSIGNED_CONTEXT ( ( #436, #5262, #6701 ) ) REPRESENTATION_CONTEXT ( 'NONE', 'WORKASPACE' ) );
#8641 = VERTEX_POINT ( 'NONE', #2937 ) ;
#8642 = EDGE_LOOP ( 'NONE', ( #9753, #1825, #8727, #1084, #6723 ) ) ;
#8643 = CARTESIAN_POINT ( 'NONE',  ( -3.749999999999998224, 3.965000000000001634, 0.06499999999999994671 ) ) ;
#8644 = EDGE_CURVE ( 'NONE', #2810, #4375, #6816, .T. ) ;
#8645 = LINE ( 'NONE', #7021, #1125 ) ;
#8646 = EDGE_CURVE ( 'NONE', #8378, #9904, #2882, .T. ) ;
#8647 = EDGE_CURVE ( 'NONE', #6857, #8241, #2165, .T. ) ;
#8648 = FACE_OUTER_BOUND ( 'NONE', #7810, .T. ) ;
#8649 = EDGE_CURVE ( 'NONE', #3921, #1060, #398, .T. ) ;
#8650 = CARTESIAN_POINT ( 'NONE',  ( -7.188175319642949646, 4.190000000000000391, 1.354999999999998206 ) ) ;
#8651 = PRODUCT_CONTEXT ( 'NONE', #7783, 'mechanical' ) ;
#8652 = PLANE ( 'NONE',  #3860 ) ;
#8653 = ORIENTED_EDGE ( 'NONE', *, *, #8646, .T. ) ;
#8654 = ORIENTED_EDGE ( 'NONE', *, *, #1054, .F. ) ;
#8655 = ORIENTED_EDGE ( 'NONE', *, *, #6970, .T. ) ;
#8656 = AXIS2_PLACEMENT_3D ( 'NONE', #1323, #7645, #3791 ) ;
#8657 = EDGE_CURVE ( 'NONE', #1206, #8938, #5888, .T. ) ;
#8658 = EDGE_CURVE ( 'NONE', #7372, #7448, #2215, .T. ) ;
#8659 = CARTESIAN_POINT ( 'NONE',  ( 1.775000000000002354, 2.085000000000000409, 2.024999999999999911 ) ) ;
#8660 = AXIS2_PLACEMENT_3D ( 'NONE', #8705, #7941, #6161 ) ;
#8661 = LINE ( 'NONE', #4001, #4728 ) ;
#8662 = ORIENTED_EDGE ( 'NONE', *, *, #7154, .T. ) ;
#8663 = CARTESIAN_POINT ( 'NONE',  ( -11.62499999999999822, 2.055000000000001048, 2.024999999999999911 ) ) ;
#8664 = PLANE ( 'NONE',  #3679 ) ;
#8665 = FACE_OUTER_BOUND ( 'NONE', #7987, .T. ) ;
#8666 = VERTEX_POINT ( 'NONE', #9161 ) ;
#8667 = CARTESIAN_POINT ( 'NONE',  ( -0.9375000000000000000, 2.255000000000000338, 0.06499999999999994671 ) ) ;
#8668 = ORIENTED_EDGE ( 'NONE', *, *, #5649, .T. ) ;
#8669 = VERTEX_POINT ( 'NONE', #6662 ) ;
#8670 = CARTESIAN_POINT ( 'NONE',  ( -4.275000000000000355, 0.7799999999999999156, 0.06499999999999994671 ) ) ;
#8671 = AXIS2_PLACEMENT_3D ( 'NONE', #6094, #4561, #4350 ) ;
#8672 = DIRECTION ( 'NONE',  ( 1.000000000000000000, 0.000000000000000000, 0.000000000000000000 ) ) ;
#8673 = VECTOR ( 'NONE', #4901, 1000.000000000000114 ) ;
#8674 = CARTESIAN_POINT ( 'NONE',  ( 3.750000000000001776, 3.965000000000001634, 0.6399999999999999023 ) ) ;
#8675 = DIRECTION ( 'NONE',  ( 0.000000000000000000, 0.000000000000000000, -1.000000000000000000 ) ) ;
#8676 = CARTESIAN_POINT ( 'NONE',  ( 7.875000000000000000, 2.055000000000001048, 2.024999999999999911 ) ) ;
#8677 = FACE_OUTER_BOUND ( 'NONE', #5463, .T. ) ;
#8678 = ORIENTED_EDGE ( 'NONE', *, *, #6393, .F. ) ;
#8679 = DIRECTION ( 'NONE',  ( 0.000000000000000000, 0.000000000000000000, -1.000000000000000000 ) ) ;
#8680 = ORIENTED_EDGE ( 'NONE', *, *, #7860, .F. ) ;
#8681 = ORIENTED_EDGE ( 'NONE', *, *, #2830, .T. ) ;
#8682 = VECTOR ( 'NONE', #7896, 1000.000000000000000 ) ;
#8683 = ORIENTED_EDGE ( 'NONE', *, *, #113, .F. ) ;
#8684 = CARTESIAN_POINT ( 'NONE',  ( 2.187500000000001776, 0.000000000000000000, 2.024999999999999911 ) ) ;
#8685 = CARTESIAN_POINT ( 'NONE',  ( -4.275000000000000355, 1.630000000000000782, 0.06499999999999994671 ) ) ;
#8686 = LINE ( 'NONE', #7827, #1186 ) ;
#8687 = ORIENTED_EDGE ( 'NONE', *, *, #4194, .F. ) ;
#8689 = LINE ( 'NONE', #6384, #3063 ) ;
#8688 = DIRECTION ( 'NONE',  ( -0.000000000000000000, -0.000000000000000000, 1.000000000000000000 ) ) ;
#8690 = ORIENTED_EDGE ( 'NONE', *, *, #9048, .T. ) ;
#8691 = DIRECTION ( 'NONE',  ( 1.136281752823236226E-16, 1.000000000000000000, 0.000000000000000000 ) ) ;
#8692 = ADVANCED_FACE ( 'NONE', ( #7481 ), #3574, .T. ) ;
#8693 = ORIENTED_EDGE ( 'NONE', *, *, #2722, .F. ) ;
#8694 = ORIENTED_EDGE ( 'NONE', *, *, #763, .F. ) ;
#8695 = DIRECTION ( 'NONE',  ( -1.000000000000000000, 0.000000000000000000, 0.000000000000000000 ) ) ;
#8696 = ORIENTED_EDGE ( 'NONE', *, *, #2525, .F. ) ;
#8697 = AXIS2_PLACEMENT_3D ( 'NONE', #2510, #5623, #5576 ) ;
#8698 = ORIENTED_EDGE ( 'NONE', *, *, #3390, .T. ) ;
#8699 = EDGE_CURVE ( 'NONE', #10027, #3334, #9849, .T. ) ;
#8700 = EDGE_CURVE ( 'NONE', #6478, #2440, #8597, .T. ) ;
#8701 = ADVANCED_FACE ( 'NONE', ( #712 ), #6249, .T. ) ;
#8702 = ORIENTED_EDGE ( 'NONE', *, *, #1114, .F. ) ;
#8703 = VERTEX_POINT ( 'NONE', #4661 ) ;
#8704 = AXIS2_PLACEMENT_3D ( 'NONE', #8291, #9847, #2881 ) ;
#8705 = CARTESIAN_POINT ( 'NONE',  ( -7.500000000000000000, 0.000000000000000000, 0.06499999999999994671 ) ) ;
#8706 = FACE_OUTER_BOUND ( 'NONE', #6268, .T. ) ;
#8707 = ORIENTED_EDGE ( 'NONE', *, *, #4543, .T. ) ;
#8708 = DIRECTION ( 'NONE',  ( 0.000000000000000000, -1.000000000000000000, 0.000000000000000000 ) ) ;
#8709 = VERTEX_POINT ( 'NONE', #7696 ) ;
#8710 = CARTESIAN_POINT ( 'NONE',  ( -7.500000000000000000, 3.965000000000001634, 0.6399999999999999023 ) ) ;
#8711 = EDGE_CURVE ( 'NONE', #5124, #6721, #864, .T. ) ;
#8712 = ADVANCED_FACE ( 'NONE', ( #3788 ), #3082, .T. ) ;
#8713 = EDGE_CURVE ( 'NONE', #1036, #7855, #7790, .T. ) ;
#8714 = ADVANCED_FACE ( 'NONE', ( #3988 ), #9266, .T. ) ;
#8715 = VERTEX_POINT ( 'NONE', #5540 ) ;
#8716 = VECTOR ( 'NONE', #7989, 1000.000000000000000 ) ;
#8717 = ORIENTED_EDGE ( 'NONE', *, *, #3690, .T. ) ;
#8718 = FACE_OUTER_BOUND ( 'NONE', #2066, .T. ) ;
#8719 = CARTESIAN_POINT ( 'NONE',  ( -1.775000000000000133, 1.630000000000000782, -1.464999999999999636 ) ) ;
#8720 = FACE_OUTER_BOUND ( 'NONE', #959, .T. ) ;
#8721 = LINE ( 'NONE', #3104, #7781 ) ;
#8722 = LINE ( 'NONE', #1798, #7621 ) ;
#8723 = VERTEX_POINT ( 'NONE', #8650 ) ;
#8724 = EDGE_CURVE ( 'NONE', #8798, #4516, #3835, .T. ) ;
#8725 = CARTESIAN_POINT ( 'NONE',  ( 4.125000000000001776, 2.727340868674716046E-16, -2.024999999999999911 ) ) ;
#8726 = ORIENTED_EDGE ( 'NONE', *, *, #5838, .F. ) ;
#8727 = ORIENTED_EDGE ( 'NONE', *, *, #6964, .T. ) ;
#8728 = LINE ( 'NONE', #7964, #9885 ) ;
#8729 = PLANE ( 'NONE',  #6749 ) ;
#8730 = CARTESIAN_POINT ( 'NONE',  ( -3.024999999999999911, 0.5500000000000010436, 0.06499999999999994671 ) ) ;
#8731 = DIRECTION ( 'NONE',  ( 1.000000000000000000, 0.000000000000000000, 0.000000000000000000 ) ) ;
#8732 = CARTESIAN_POINT ( 'NONE',  ( 4.125000000000001776, 4.250000000000000000, 0.000000000000000000 ) ) ;
#8733 = CARTESIAN_POINT ( 'NONE',  ( 3.975000000000002753, 1.759999999999992459, 1.275000000000006573 ) ) ;
#8734 = DIRECTION ( 'NONE',  ( -1.000000000000000000, -1.197572355469997778E-16, 0.000000000000000000 ) ) ;
#8735 = DIRECTION ( 'NONE',  ( -0.000000000000000000, -0.000000000000000000, -1.000000000000000000 ) ) ;
#8736 = ORIENTED_EDGE ( 'NONE', *, *, #3219, .F. ) ;
#8737 = DIRECTION ( 'NONE',  ( -0.000000000000000000, 1.000000000000000000, -0.000000000000000000 ) ) ;
#8738 = VECTOR ( 'NONE', #8360, 1000.000000000000000 ) ;
#8739 = VERTEX_POINT ( 'NONE', #7023 ) ;
#8740 = ORIENTED_EDGE ( 'NONE', *, *, #6516, .F. ) ;
#8741 = VECTOR ( 'NONE', #9135, 1000.000000000000000 ) ;
#8742 = ORIENTED_EDGE ( 'NONE', *, *, #2209, .T. ) ;
#8743 = CARTESIAN_POINT ( 'NONE',  ( -7.725000000000000533, 1.759999999999999121, 1.274999999999999911 ) ) ;
#8744 = DIRECTION ( 'NONE',  ( 0.000000000000000000, -1.000000000000000000, 0.000000000000000000 ) ) ;
#8745 = DIRECTION ( 'NONE',  ( 0.000000000000000000, -1.000000000000000000, 0.000000000000000000 ) ) ;
#8746 = CONTEXT_DEPENDENT_SHAPE_REPRESENTATION ( #961, #9660 ) ;
#8747 = VECTOR ( 'NONE', #7548, 1000.000000000000000 ) ;
#8748 = ORIENTED_EDGE ( 'NONE', *, *, #6256, .F. ) ;
#8749 = AXIS2_PLACEMENT_3D ( 'NONE', #6225, #2964, #8422 ) ;
#8750 = VERTEX_POINT ( 'NONE', #7068 ) ;
#8751 = ORIENTED_EDGE ( 'NONE', *, *, #3149, .T. ) ;
#8752 = VECTOR ( 'NONE', #5656, 1000.000000000000000 ) ;
#8753 = LINE ( 'NONE', #1582, #2832 ) ;
#8754 = DIRECTION ( 'NONE',  ( 0.000000000000000000, -1.000000000000000000, 0.000000000000000000 ) ) ;
#8755 = CARTESIAN_POINT ( 'NONE',  ( -7.875000000000000000, 0.7800000000000000266, 0.000000000000000000 ) ) ;
#8756 = ADVANCED_FACE ( 'NONE', ( #3886 ), #5716, .T. ) ;
#8757 = VECTOR ( 'NONE', #2312, 1000.000000000000000 ) ;
#8758 = ORIENTED_EDGE ( 'NONE', *, *, #2092, .T. ) ;
#8759 = CARTESIAN_POINT ( 'NONE',  ( 3.625000000000001332, 0.000000000000000000, -1.334999999999999742 ) ) ;
#8760 = ORIENTED_EDGE ( 'NONE', *, *, #5022, .F. ) ;
#8761 = VECTOR ( 'NONE', #9111, 1000.000000000000000 ) ;
#8762 = ORIENTED_EDGE ( 'NONE', *, *, #9124, .T. ) ;
#8763 = VERTEX_POINT ( 'NONE', #4767 ) ;
#8764 = AXIS2_PLACEMENT_3D ( 'NONE', #8058, #4066, #9525 ) ;
#8765 = DIRECTION ( 'NONE',  ( 0.000000000000000000, -1.000000000000000000, -1.346834996876403062E-16 ) ) ;
#8766 = EDGE_CURVE ( 'NONE', #1402, #2440, #7888, .T. ) ;
#8767 = EDGE_CURVE ( 'NONE', #719, #840, #2603, .T. ) ;
#8768 = EDGE_CURVE ( 'NONE', #1281, #6990, #815, .T. ) ;
#8769 = DIRECTION ( 'NONE',  ( 0.000000000000000000, 0.000000000000000000, 1.000000000000000000 ) ) ;
#8770 = EDGE_CURVE ( 'NONE', #6721, #8641, #10004, .T. ) ;
#8771 = CARTESIAN_POINT ( 'NONE',  ( -7.605000000000000426, -0.9375000000000012212, 0.9375000000000056621 ) ) ;
#8772 = CARTESIAN_POINT ( 'NONE',  ( -6.790000000000000036, 2.760000000000000231, 0.06499999999999994671 ) ) ;
#8773 =( NAMED_UNIT ( * ) SI_UNIT ( $, .STERADIAN. ) SOLID_ANGLE_UNIT ( ) );
#8774 = DIRECTION ( 'NONE',  ( -1.000000000000000000, 0.000000000000000000, 0.000000000000000000 ) ) ;
#8775 = FACE_OUTER_BOUND ( 'NONE', #1702, .T. ) ;
#8776 = VECTOR ( 'NONE', #7927, 1000.000000000000000 ) ;
#8777 = DIRECTION ( 'NONE',  ( 0.000000000000000000, -1.000000000000000000, 0.000000000000000000 ) ) ;
#8778 = AXIS2_PLACEMENT_3D ( 'NONE', #3536, #3397, #354 ) ;
#8779 = CARTESIAN_POINT ( 'NONE',  ( -7.875000000000000000, 3.400000000000000355, 0.06499999999999994671 ) ) ;
#8780 = EDGE_LOOP ( 'NONE', ( #9275, #1965, #6513, #3867 ) ) ;
#8781 = DIRECTION ( 'NONE',  ( 0.000000000000000000, 0.000000000000000000, -1.000000000000000000 ) ) ;
#8782 = AXIS2_PLACEMENT_3D ( 'NONE', #3072, #7832, #1615 ) ;
#8783 = ADVANCED_FACE ( 'NONE', ( #6297 ), #2323, .T. ) ;
#8784 = DIRECTION ( 'NONE',  ( 0.000000000000000000, -1.000000000000000000, 0.000000000000000000 ) ) ;
#8785 = DIRECTION ( 'NONE',  ( -0.000000000000000000, 0.000000000000000000, 1.000000000000000000 ) ) ;
#8786 = LINE ( 'NONE', #6585, #4819 ) ;
#8787 = LINE ( 'NONE', #8018, #3309 ) ;
#8788 = CARTESIAN_POINT ( 'NONE',  ( -5.312499999999999112, 0.000000000000000000, 0.06499999999999994671 ) ) ;
#8789 = VERTEX_POINT ( 'NONE', #8498 ) ;
#8791 = DIRECTION ( 'NONE',  ( 0.000000000000000000, -1.000000000000000000, 0.000000000000000000 ) ) ;
#8790 = DIRECTION ( 'NONE',  ( 0.000000000000000000, 0.000000000000000000, 1.000000000000000000 ) ) ;
#8792 = ORIENTED_EDGE ( 'NONE', *, *, #3571, .F. ) ;
#8793 = EDGE_LOOP ( 'NONE', ( #8593, #7368, #1229, #8032 ) ) ;
#8794 = ORIENTED_EDGE ( 'NONE', *, *, #9154, .T. ) ;
#8795 = CARTESIAN_POINT ( 'NONE',  ( 0.000000000000000000, 0.5500000000000010436, 2.024999999999999911 ) ) ;
#8796 = ORIENTED_EDGE ( 'NONE', *, *, #456, .F. ) ;
#8797 = ORIENTED_EDGE ( 'NONE', *, *, #1744, .T. ) ;
#8798 = VERTEX_POINT ( 'NONE', #8544 ) ;
#8799 = EDGE_CURVE ( 'NONE', #7479, #2931, #1524, .T. ) ;
#8800 = LINE ( 'NONE', #8898, #6223 ) ;
#8801 = ORIENTED_EDGE ( 'NONE', *, *, #9748, .F. ) ;
#8802 = CARTESIAN_POINT ( 'NONE',  ( 3.750000000000000000, 0.5500000000000010436, 2.024999999999999911 ) ) ;
#8803 = DIRECTION ( 'NONE',  ( 0.000000000000000000, -1.000000000000000000, 0.000000000000000000 ) ) ;
#8804 = LINE ( 'NONE', #1638, #8093 ) ;
#8805 = ORIENTED_EDGE ( 'NONE', *, *, #1114, .T. ) ;
#8806 = ORIENTED_EDGE ( 'NONE', *, *, #9048, .F. ) ;
#8807 = AXIS2_PLACEMENT_3D ( 'NONE', #7237, #8089, #6455 ) ;
#8808 = PRODUCT_DEFINITION ( 'UNKNOWN', '', #1600, #2023 ) ;
#8809 = ORIENTED_EDGE ( 'NONE', *, *, #3818, .T. ) ;
#8810 = ADVANCED_FACE ( 'NONE', ( #7741 ), #9824, .T. ) ;
#8811 = DIRECTION ( 'NONE',  ( -0.000000000000000000, 0.7071067811865475727, -0.7071067811865475727 ) ) ;
#8812 = DIRECTION ( 'NONE',  ( 1.000000000000000000, 0.000000000000000000, 0.000000000000000000 ) ) ;
#8813 = LINE ( 'NONE', #1794, #7632 ) ;
#8814 = DIRECTION ( 'NONE',  ( 0.000000000000000000, 0.7071067811865490160, -0.7071067811865460184 ) ) ;
#8815 = STYLED_ITEM ( 'NONE', ( #6444 ), #241 ) ;
#8816 = LINE ( 'NONE', #1797, #4829 ) ;
#8817 = CARTESIAN_POINT ( 'NONE',  ( 3.625000000000001332, 1.903000000000000025, -1.724999999999999867 ) ) ;
#8818 = EDGE_LOOP ( 'NONE', ( #2582, #992, #781, #6883, #8238, #6369, #1204, #9424, #1039 ) ) ;
#8819 = VERTEX_POINT ( 'NONE', #2022 ) ;
#8820 = CARTESIAN_POINT ( 'NONE',  ( -3.224999999999999645, 0.5500000000000010436, 0.06499999999999994671 ) ) ;
#8821 = CARTESIAN_POINT ( 'NONE',  ( -5.525000000000000355, 0.6805981797501089448, 1.824999999999999956 ) ) ;
#8822 = ORIENTED_EDGE ( 'NONE', *, *, #1859, .F. ) ;
#8823 = EDGE_CURVE ( 'NONE', #1604, #6674, #4172, .T. ) ;
#8824 = ORIENTED_EDGE ( 'NONE', *, *, #3252, .T. ) ;
#8825 = EDGE_CURVE ( 'NONE', #1960, #3374, #327, .T. ) ;
#8826 = PLANE ( 'NONE',  #5509 ) ;
#8827 = VECTOR ( 'NONE', #165, 1000.000000000000114 ) ;
#8828 = LINE ( 'NONE', #9624, #7908 ) ;
#8829 = DIRECTION ( 'NONE',  ( 0.000000000000000000, 0.000000000000000000, -1.000000000000000000 ) ) ;
#8830 = CARTESIAN_POINT ( 'NONE',  ( 2.600000000000001421, 3.325000000000000178, 2.024999999999999911 ) ) ;
#8831 = LINE ( 'NONE', #3460, #7604 ) ;
#8832 = CARTESIAN_POINT ( 'NONE',  ( -2.812499999999998224, 2.255000000000000338, 2.024999999999999911 ) ) ;
#8833 = LINE ( 'NONE', #1815, #8228 ) ;
#8834 = CARTESIAN_POINT ( 'NONE',  ( -7.375000000000000000, 1.903000000000000025, -1.334999999999999742 ) ) ;
#8835 = AXIS2_PLACEMENT_3D ( 'NONE', #984, #1796, #4935 ) ;
#8836 = ORIENTED_EDGE ( 'NONE', *, *, #3325, .T. ) ;
#8837 = EDGE_CURVE ( 'NONE', #7317, #5942, #9625, .T. ) ;
#8838 = EDGE_CURVE ( 'NONE', #1364, #6562, #373, .T. ) ;
#8839 = ORIENTED_EDGE ( 'NONE', *, *, #5502, .T. ) ;
#8840 = FACE_OUTER_BOUND ( 'NONE', #7141, .T. ) ;
#8841 = FACE_OUTER_BOUND ( 'NONE', #9936, .T. ) ;
#8842 = ORIENTED_EDGE ( 'NONE', *, *, #6655, .F. ) ;
#8843 = ORIENTED_EDGE ( 'NONE', *, *, #4010, .T. ) ;
#8844 = DIRECTION ( 'NONE',  ( 1.000000000000000000, 0.000000000000000000, 0.000000000000000000 ) ) ;
#8845 = VERTEX_POINT ( 'NONE', #5097 ) ;
#8846 = ORIENTED_EDGE ( 'NONE', *, *, #5813, .F. ) ;
#8847 = LINE ( 'NONE', #9508, #1978 ) ;
#8848 = ORIENTED_EDGE ( 'NONE', *, *, #2909, .T. ) ;
#8849 = FACE_OUTER_BOUND ( 'NONE', #8341, .T. ) ;
#8850 = VERTEX_POINT ( 'NONE', #3458 ) ;
#8851 = ORIENTED_EDGE ( 'NONE', *, *, #5947, .T. ) ;
#8852 = AXIS2_PLACEMENT_3D ( 'NONE', #10024, #7722, #4592 ) ;
#8853 = DIRECTION ( 'NONE',  ( 0.000000000000000000, -1.000000000000000000, 0.000000000000000000 ) ) ;
#8854 = CARTESIAN_POINT ( 'NONE',  ( -5.724999999999999645, 0.000000000000000000, 2.024999999999999911 ) ) ;
#8855 = FACE_OUTER_BOUND ( 'NONE', #6926, .T. ) ;
#8856 = DIRECTION ( 'NONE',  ( 0.000000000000000000, 0.000000000000000000, -1.000000000000000000 ) ) ;
#8857 = DIRECTION ( 'NONE',  ( -0.000000000000000000, 1.000000000000000000, 0.000000000000000000 ) ) ;
#8858 = CARTESIAN_POINT ( 'NONE',  ( 3.855000000000002647, 1.094999999999999085, 1.949999999999999289 ) ) ;
#8859 = VERTEX_POINT ( 'NONE', #1241 ) ;
#8860 = AXIS2_PLACEMENT_3D ( 'NONE', #8795, #2761, #6547 ) ;
#8861 = VERTEX_POINT ( 'NONE', #3602 ) ;
#8862 = FILL_AREA_STYLE_COLOUR ( '', #4462 ) ;
#8863 = CARTESIAN_POINT ( 'NONE',  ( -7.375000000000000000, 1.903000000000000025, -1.724999999999999867 ) ) ;
#8864 = ORIENTED_EDGE ( 'NONE', *, *, #9126, .F. ) ;
#8865 = CARTESIAN_POINT ( 'NONE',  ( -0.000000000000000000, 0.5500000000000010436, 2.024999999999999911 ) ) ;
#8866 = VECTOR ( 'NONE', #3504, 1000.000000000000000 ) ;
#8867 = VECTOR ( 'NONE', #9393, 1000.000000000000000 ) ;
#8868 = DIRECTION ( 'NONE',  ( 0.000000000000000000, 2.555260885332105185E-16, -1.000000000000000000 ) ) ;
#8869 = DIRECTION ( 'NONE',  ( 0.000000000000000000, 1.000000000000000000, 0.000000000000000000 ) ) ;
#8870 = DIRECTION ( 'NONE',  ( 0.000000000000000000, 0.000000000000000000, 1.000000000000000000 ) ) ;
#8871 = ADVANCED_FACE ( 'NONE', ( #8977 ), #479, .T. ) ;
#8872 = DIRECTION ( 'NONE',  ( 0.000000000000000000, -0.000000000000000000, -1.000000000000000000 ) ) ;
#8873 = EDGE_CURVE ( 'NONE', #3276, #1609, #4276, .T. ) ;
#8874 = CARTESIAN_POINT ( 'NONE',  ( 2.689999999999999503, 3.240000000000001101, -1.224999999999999867 ) ) ;
#8875 = PLANE ( 'NONE',  #1518 ) ;
#8876 = ORIENTED_EDGE ( 'NONE', *, *, #1247, .F. ) ;
#8877 = LINE ( 'NONE', #1919, #1244 ) ;
#8878 = LINE ( 'NONE', #3466, #3711 ) ;
#8879 = ORIENTED_EDGE ( 'NONE', *, *, #2790, .T. ) ;
#8880 = ORIENTED_EDGE ( 'NONE', *, *, #5181, .T. ) ;
#8881 = PLANE ( 'NONE',  #3274 ) ;
#8882 = LINE ( 'NONE', #5013, #51 ) ;
#8883 = EDGE_CURVE ( 'NONE', #8940, #2440, #3500, .T. ) ;
#8884 = EDGE_CURVE ( 'NONE', #7385, #4624, #8167, .T. ) ;
#8885 = EDGE_CURVE ( 'NONE', #7317, #915, #6639, .T. ) ;
#8886 = EDGE_CURVE ( 'NONE', #9661, #7353, #7310, .T. ) ;
#8887 = EDGE_CURVE ( 'NONE', #6036, #7663, #5814, .T. ) ;
#8888 = MECHANICAL_DESIGN_GEOMETRIC_PRESENTATION_REPRESENTATION (  '', ( #6779 ), #1858 ) ;
#8889 = VERTEX_POINT ( 'NONE', #4325 ) ;
#8890 = CARTESIAN_POINT ( 'NONE',  ( 1.775000000000002354, 0.000000000000000000, 2.024999999999999911 ) ) ;
#8891 = ORIENTED_EDGE ( 'NONE', *, *, #3263, .F. ) ;
#8892 = ORIENTED_EDGE ( 'NONE', *, *, #9493, .T. ) ;
#8893 = CARTESIAN_POINT ( 'NONE',  ( -4.275000000000000355, 1.855000000000000204, 0.06499999999999994671 ) ) ;
#8894 = ORIENTED_EDGE ( 'NONE', *, *, #10049, .F. ) ;
#8895 = VERTEX_POINT ( 'NONE', #7406 ) ;
#8896 = VECTOR ( 'NONE', #7361, 1000.000000000000000 ) ;
#8897 = VECTOR ( 'NONE', #5609, 1000.000000000000000 ) ;
#8898 = CARTESIAN_POINT ( 'NONE',  ( -5.870000000000001883, 1.839999999999997193, 0.9049999999999968070 ) ) ;
#8899 = EDGE_CURVE ( 'NONE', #7470, #2145, #5760, .T. ) ;
#8900 = VERTEX_POINT ( 'NONE', #9723 ) ;
#8901 = LINE ( 'NONE', #1024, #8193 ) ;
#8902 = PLANE ( 'NONE',  #6972 ) ;
#8903 = DIRECTION ( 'NONE',  ( 0.000000000000000000, -1.000000000000000000, 0.000000000000000000 ) ) ;
#8904 = ORIENTED_EDGE ( 'NONE', *, *, #1183, .T. ) ;
#8905 = VECTOR ( 'NONE', #6409, 1000.000000000000000 ) ;
#8906 = VECTOR ( 'NONE', #6262, 1000.000000000000000 ) ;
#8907 = EDGE_LOOP ( 'NONE', ( #1724, #9464, #2163, #6291 ) ) ;
#8908 = AXIS2_PLACEMENT_3D ( 'NONE', #7217, #3317, #8790 ) ;
#8909 = CARTESIAN_POINT ( 'NONE',  ( 7.875000000000000000, 0.1800000000000000488, 2.024999999999999911 ) ) ;
#8910 = ORIENTED_EDGE ( 'NONE', *, *, #1947, .F. ) ;
#8911 = VECTOR ( 'NONE', #1621, 1000.000000000000000 ) ;
#8912 = CARTESIAN_POINT ( 'NONE',  ( -0.9375000000000000000, 1.855000000000000204, 0.06499999999999994671 ) ) ;
#8913 = LINE ( 'NONE', #5036, #8582 ) ;
#8914 = VERTEX_POINT ( 'NONE', #6688 ) ;
#8915 = ORIENTED_EDGE ( 'NONE', *, *, #820, .T. ) ;
#8916 = CARTESIAN_POINT ( 'NONE',  ( 1.250000000000000000, 2.085000000000000409, -2.024999999999999911 ) ) ;
#8917 = CARTESIAN_POINT ( 'NONE',  ( 3.625000000000001332, 3.500000000000000444, 0.000000000000000000 ) ) ;
#8918 = ORIENTED_EDGE ( 'NONE', *, *, #1065, .T. ) ;
#8919 = ORIENTED_EDGE ( 'NONE', *, *, #4067, .T. ) ;
#8920 = AXIS2_PLACEMENT_3D ( 'NONE', #3007, #3702, #2183 ) ;
#8921 = DIRECTION ( 'NONE',  ( -1.136281752823236226E-16, 1.000000000000000000, 0.000000000000000000 ) ) ;
#8922 = PLANE ( 'NONE',  #2915 ) ;
#8923 = EDGE_CURVE ( 'NONE', #5194, #2714, #9774, .T. ) ;
#8924 = LINE ( 'NONE', #2691, #2842 ) ;
#8925 = CARTESIAN_POINT ( 'NONE',  ( -0.7249999999999999778, 1.630000000000000782, -2.024999999999999911 ) ) ;
#8926 = FACE_OUTER_BOUND ( 'NONE', #9790, .T. ) ;
#8927 = LINE ( 'NONE', #9776, #4496 ) ;
#8928 = AXIS2_PLACEMENT_3D ( 'NONE', #7573, #5218, #4402 ) ;
#8929 = LINE ( 'NONE', #6692, #9996 ) ;
#8930 = DIRECTION ( 'NONE',  ( 0.000000000000000000, 0.000000000000000000, 1.000000000000000000 ) ) ;
#8931 = VERTEX_POINT ( 'NONE', #5915 ) ;
#8932 = DIRECTION ( 'NONE',  ( 0.000000000000000000, 0.000000000000000000, 1.000000000000000000 ) ) ;
#8933 = DIRECTION ( 'NONE',  ( 0.000000000000000000, 0.7071067811865474617, -0.7071067811865475727 ) ) ;
#8934 = VERTEX_POINT ( 'NONE', #5143 ) ;
#8935 = VERTEX_POINT ( 'NONE', #4998 ) ;
#8936 = EDGE_CURVE ( 'NONE', #2919, #2455, #8117, .T. ) ;
#8937 = DIRECTION ( 'NONE',  ( 0.000000000000000000, 0.000000000000000000, 1.000000000000000000 ) ) ;
#8938 = VERTEX_POINT ( 'NONE', #9673 ) ;
#8939 = VECTOR ( 'NONE', #4167, 1000.000000000000000 ) ;
#8940 = VERTEX_POINT ( 'NONE', #2692 ) ;
#8941 = EDGE_LOOP ( 'NONE', ( #6502, #9759, #2944, #1685 ) ) ;
#8942 = ORIENTED_EDGE ( 'NONE', *, *, #1818, .T. ) ;
#8943 = EDGE_CURVE ( 'NONE', #8789, #7663, #10076, .T. ) ;
#8944 = EDGE_CURVE ( 'NONE', #5571, #2455, #8419, .T. ) ;
#8945 = EDGE_CURVE ( 'NONE', #162, #3228, #9290, .T. ) ;
#8946 = EDGE_CURVE ( 'NONE', #205, #701, #9183, .T. ) ;
#8947 = AXIS2_PLACEMENT_3D ( 'NONE', #1415, #4505, #6141 ) ;
#8948 = CARTESIAN_POINT ( 'NONE',  ( 2.050000000000002487, 3.820000000000000728, -1.224999999999999867 ) ) ;
#8949 = PLANE ( 'NONE',  #8992 ) ;
#8950 = CARTESIAN_POINT ( 'NONE',  ( -0.9375000000000000000, 0.000000000000000000, 0.06499999999999994671 ) ) ;
#8951 = VERTEX_POINT ( 'NONE', #3103 ) ;
#8952 = VECTOR ( 'NONE', #875, 1000.000000000000000 ) ;
#8953 = CARTESIAN_POINT ( 'NONE',  ( -0.7249999999999999778, 0.000000000000000000, 2.024999999999999911 ) ) ;
#8954 = DIRECTION ( 'NONE',  ( -0.000000000000000000, -0.000000000000000000, 1.000000000000000000 ) ) ;
#8955 = EDGE_LOOP ( 'NONE', ( #7757, #4083, #6138, #6704 ) ) ;
#8956 = VERTEX_POINT ( 'NONE', #2187 ) ;
#8957 = ORIENTED_EDGE ( 'NONE', *, *, #1872, .T. ) ;
#8958 = VECTOR ( 'NONE', #6259, 1000.000000000000000 ) ;
#8959 = LINE ( 'NONE', #7434, #5359 ) ;
#8960 = DIRECTION ( 'NONE',  ( -1.000000000000000000, 0.000000000000000000, 0.000000000000000000 ) ) ;
#8961 = DIRECTION ( 'NONE',  ( 1.000000000000000000, 0.000000000000000000, 0.000000000000000000 ) ) ;
#8962 = DIRECTION ( 'NONE',  ( 0.000000000000000000, -1.000000000000000000, -0.000000000000000000 ) ) ;
#8963 = VERTEX_POINT ( 'NONE', #9239 ) ;
#8964 = DIRECTION ( 'NONE',  ( 0.000000000000000000, 0.000000000000000000, 1.000000000000000000 ) ) ;
#8965 = VERTEX_POINT ( 'NONE', #4632 ) ;
#8966 = ORIENTED_EDGE ( 'NONE', *, *, #9450, .F. ) ;
#8967 = SURFACE_STYLE_USAGE ( .BOTH. , #2013 ) ;
#8968 = PLANE ( 'NONE',  #4484 ) ;
#8969 = VERTEX_POINT ( 'NONE', #2293 ) ;
#8970 = AXIS2_PLACEMENT_3D ( 'NONE', #6088, #548, #2869 ) ;
#8971 = ORIENTED_EDGE ( 'NONE', *, *, #7344, .F. ) ;
#8972 = ADVANCED_FACE ( 'NONE', ( #2137 ), #7719, .F. ) ;
#8973 = LINE ( 'NONE', #995, #2250 ) ;
#8974 = CARTESIAN_POINT ( 'NONE',  ( -5.724999999999999645, 0.5799999999999995159, 2.024999999999999911 ) ) ;
#8975 = AXIS2_PLACEMENT_3D ( 'NONE', #9963, #2996, #9225 ) ;
#8976 = DIRECTION ( 'NONE',  ( 1.000000000000000000, 1.197572355469997778E-16, 0.000000000000000000 ) ) ;
#8977 = FACE_OUTER_BOUND ( 'NONE', #4991, .T. ) ;
#8978 = CARTESIAN_POINT ( 'NONE',  ( -1.775000000000000133, 0.000000000000000000, -2.024999999999999911 ) ) ;
#8979 = FACE_OUTER_BOUND ( 'NONE', #5695, .T. ) ;
#8980 = CARTESIAN_POINT ( 'NONE',  ( 0.000000000000000000, 1.855000000000000204, 0.06499999999999994671 ) ) ;
#8981 = FACE_OUTER_BOUND ( 'NONE', #3637, .T. ) ;
#8982 = DIRECTION ( 'NONE',  ( 0.000000000000000000, 1.000000000000000000, 0.000000000000000000 ) ) ;
#8983 = EDGE_CURVE ( 'NONE', #2810, #9165, #3009, .T. ) ;
#8985 = CARTESIAN_POINT ( 'NONE',  ( -4.275000000000000355, 2.055000000000001048, 2.024999999999999911 ) ) ;
#8984 = DIRECTION ( 'NONE',  ( 0.000000000000000000, 0.000000000000000000, -1.000000000000000000 ) ) ;
#8986 = AXIS2_PLACEMENT_3D ( 'NONE', #6938, #9928, #5304 ) ;
#8987 = CARTESIAN_POINT ( 'NONE',  ( 0.9375000000000008882, 2.055000000000001048, 2.024999999999999911 ) ) ;
#8988 = ORIENTED_EDGE ( 'NONE', *, *, #8946, .F. ) ;
#8989 = FILL_AREA_STYLE_COLOUR ( '', #3565 ) ;
#8990 = DIRECTION ( 'NONE',  ( 0.000000000000000000, 0.000000000000000000, -1.000000000000000000 ) ) ;
#8991 = VECTOR ( 'NONE', #8769, 1000.000000000000000 ) ;
#8992 = AXIS2_PLACEMENT_3D ( 'NONE', #6768, #1939, #8186 ) ;
#8993 = ORIENTED_EDGE ( 'NONE', *, *, #3041, .T. ) ;
#8994 = DIRECTION ( 'NONE',  ( 1.000000000000000000, 1.197572355469997778E-16, 0.000000000000000000 ) ) ;
#8995 = EDGE_CURVE ( 'NONE', #7796, #3307, #2081, .T. ) ;
#8996 = ORIENTED_EDGE ( 'NONE', *, *, #3561, .T. ) ;
#8997 = CARTESIAN_POINT ( 'NONE',  ( -7.605000000000000426, 2.209999999999999520, 1.274999999999999911 ) ) ;
#8998 = ORIENTED_EDGE ( 'NONE', *, *, #3158, .T. ) ;
#8999 = CARTESIAN_POINT ( 'NONE',  ( -5.525000000000000355, 1.796421356237309919, 1.766421356237310114 ) ) ;
#9000 = LINE ( 'NONE', #507, #2795 ) ;
#9001 = ORIENTED_EDGE ( 'NONE', *, *, #623, .T. ) ;
#9002 = ADVANCED_FACE ( 'NONE', ( #8314 ), #1448, .F. ) ;
#9003 = DIRECTION ( 'NONE',  ( 1.000000000000000000, 0.000000000000000000, 0.000000000000000000 ) ) ;
#9004 = ORIENTED_EDGE ( 'NONE', *, *, #5898, .T. ) ;
#9005 = EDGE_CURVE ( 'NONE', #3174, #3216, #4588, .T. ) ;
#9006 = ORIENTED_EDGE ( 'NONE', *, *, #8346, .F. ) ;
#9007 = LINE ( 'NONE', #625, #1288 ) ;
#9008 = DIRECTION ( 'NONE',  ( 0.000000000000000000, 0.000000000000000000, 1.000000000000000000 ) ) ;
#9009 = VERTEX_POINT ( 'NONE', #6067 ) ;
#9010 = EDGE_CURVE ( 'NONE', #3121, #4389, #4538, .T. ) ;
#9011 = DIRECTION ( 'NONE',  ( -1.000000000000000000, -0.000000000000000000, -0.000000000000000000 ) ) ;
#9012 = FACE_OUTER_BOUND ( 'NONE', #9176, .T. ) ;
#9013 = ORIENTED_EDGE ( 'NONE', *, *, #2841, .F. ) ;
#9014 = EDGE_CURVE ( 'NONE', #1647, #5630, #731, .T. ) ;
#9015 = EDGE_CURVE ( 'NONE', #6012, #7220, #3055, .T. ) ;
#9016 = EDGE_CURVE ( 'NONE', #8072, #4907, #3653, .T. ) ;
#9017 = EDGE_LOOP ( 'NONE', ( #6253, #4300, #7488, #5268, #9740 ) ) ;
#9018 = LINE ( 'NONE', #6833, #3180 ) ;
#9019 = CARTESIAN_POINT ( 'NONE',  ( 0.5250000000000002442, 2.085000000000000409, -2.024999999999999911 ) ) ;
#9020 = VERTEX_POINT ( 'NONE', #5409 ) ;
#9021 = ORIENTED_EDGE ( 'NONE', *, *, #3870, .T. ) ;
#9022 = DIRECTION ( 'NONE',  ( -0.000000000000000000, -0.000000000000000000, 1.000000000000000000 ) ) ;
#9023 = DIRECTION ( 'NONE',  ( -1.000000000000000000, 0.000000000000000000, -0.000000000000000000 ) ) ;
#9024 = DIRECTION ( 'NONE',  ( -1.136281752823236226E-16, 1.000000000000000000, 0.000000000000000000 ) ) ;
#9025 = DIRECTION ( 'NONE',  ( 0.000000000000000000, -1.000000000000000000, 0.000000000000000000 ) ) ;
#9026 = DIRECTION ( 'NONE',  ( 1.000000000000000000, 0.000000000000000000, 0.000000000000000000 ) ) ;
#9027 = AXIS2_PLACEMENT_3D ( 'NONE', #1138, #7399, #370 ) ;
#9028 = DIRECTION ( 'NONE',  ( 1.000000000000000000, 0.000000000000000000, -0.000000000000000000 ) ) ;
#9029 = CARTESIAN_POINT ( 'NONE',  ( 1.775000000000002354, 2.085000000000000409, -1.464999999999999636 ) ) ;
#9030 = EDGE_CURVE ( 'NONE', #2453, #8558, #6843, .T. ) ;
#9031 = LINE ( 'NONE', #9778, #3645 ) ;
#9032 = FACE_OUTER_BOUND ( 'NONE', #7884, .T. ) ;
#9033 = CARTESIAN_POINT ( 'NONE',  ( 3.750000000000000000, 0.7800000000000006928, 0.06499999999999994671 ) ) ;
#9034 = VECTOR ( 'NONE', #6786, 1000.000000000000000 ) ;
#9035 = ORIENTED_EDGE ( 'NONE', *, *, #8389, .T. ) ;
#9036 = VECTOR ( 'NONE', #5674, 1000.000000000000000 ) ;
#9037 = ORIENTED_EDGE ( 'NONE', *, *, #5155, .T. ) ;
#9038 = LINE ( 'NONE', #4549, #8392 ) ;
#9039 = CARTESIAN_POINT ( 'NONE',  ( -1.408343819019456028E-16, 2.490000000000001545, -1.224999999999999867 ) ) ;
#9040 = VECTOR ( 'NONE', #4215, 1000.000000000000000 ) ;
#9041 = ORIENTED_EDGE ( 'NONE', *, *, #8644, .T. ) ;
#9042 = CARTESIAN_POINT ( 'NONE',  ( 3.040000000000001812, 0.000000000000000000, 1.824999999999999289 ) ) ;
#9043 = ORIENTED_EDGE ( 'NONE', *, *, #4626, .F. ) ;
#9044 = ORIENTED_EDGE ( 'NONE', *, *, #2578, .F. ) ;
#9045 = DIRECTION ( 'NONE',  ( -0.000000000000000000, -0.000000000000000000, 1.000000000000000000 ) ) ;
#9046 = EDGE_LOOP ( 'NONE', ( #5375, #8131, #3285, #9141 ) ) ;
#9047 = ORIENTED_EDGE ( 'NONE', *, *, #5204, .T. ) ;
#9048 = EDGE_CURVE ( 'NONE', #9462, #4678, #3862, .T. ) ;
#9049 = PLANE ( 'NONE',  #6098 ) ;
#9050 = VECTOR ( 'NONE', #7202, 1000.000000000000000 ) ;
#9051 = CYLINDRICAL_SURFACE ( 'NONE', #2796, 0.07500000000000084377 ) ;
#9052 = CARTESIAN_POINT ( 'NONE',  ( -5.724999999999999645, 2.085000000000000409, -2.024999999999999911 ) ) ;
#9053 = DIRECTION ( 'NONE',  ( -1.000000000000000000, 0.000000000000000000, -0.000000000000000000 ) ) ;
#9054 = ORIENTED_EDGE ( 'NONE', *, *, #6128, .F. ) ;
#9055 = FACE_OUTER_BOUND ( 'NONE', #4794, .T. ) ;
#9056 = ORIENTED_EDGE ( 'NONE', *, *, #2322, .T. ) ;
#9057 = MECHANICAL_DESIGN_GEOMETRIC_PRESENTATION_REPRESENTATION (  '', ( #4643 ), #3660 ) ;
#9058 = EDGE_LOOP ( 'NONE', ( #3243, #8726, #67, #8525, #9639 ) ) ;
#9059 = VECTOR ( 'NONE', #4786, 1000.000000000000000 ) ;
#9060 = DIRECTION ( 'NONE',  ( 0.000000000000000000, 0.000000000000000000, -1.000000000000000000 ) ) ;
#9061 = LINE ( 'NONE', #2065, #5572 ) ;
#9062 = CARTESIAN_POINT ( 'NONE',  ( 2.600000000000001421, 3.325000000000000178, 0.06499999999999994671 ) ) ;
#9063 = DIRECTION ( 'NONE',  ( -1.000000000000000000, -7.477256361968995247E-17, 0.000000000000000000 ) ) ;
#9064 = DIRECTION ( 'NONE',  ( 0.000000000000000000, -1.000000000000000000, 0.000000000000000000 ) ) ;
#9065 = VECTOR ( 'NONE', #9011, 1000.000000000000000 ) ;
#9066 = ORIENTED_EDGE ( 'NONE', *, *, #4951, .T. ) ;
#9067 = DIRECTION ( 'NONE',  ( -1.000000000000000000, 0.000000000000000000, 0.000000000000000000 ) ) ;
#9068 = LINE ( 'NONE', #2788, #2073 ) ;
#9069 = VERTEX_POINT ( 'NONE', #5249 ) ;
#9070 = VERTEX_POINT ( 'NONE', #6018 ) ;
#9071 = VECTOR ( 'NONE', #5748, 1000.000000000000000 ) ;
#9072 = PLANE ( 'NONE',  #4861 ) ;
#9073 = EDGE_CURVE ( 'NONE', #3371, #6782, #9134, .T. ) ;
#9074 = EDGE_CURVE ( 'NONE', #8011, #5826, #7616, .T. ) ;
#9075 = EDGE_CURVE ( 'NONE', #1651, #9300, #2449, .T. ) ;
#9076 = EDGE_CURVE ( 'NONE', #8255, #3429, #9426, .T. ) ;
#9077 = DIRECTION ( 'NONE',  ( 0.000000000000000000, -1.000000000000000000, 0.000000000000000000 ) ) ;
#9078 = EDGE_CURVE ( 'NONE', #4479, #1868, #5560, .T. ) ;
#9079 = VECTOR ( 'NONE', #7082, 1000.000000000000000 ) ;
#9080 = DIRECTION ( 'NONE',  ( 0.000000000000000000, 0.000000000000000000, 1.000000000000000000 ) ) ;
#9081 = UNCERTAINTY_MEASURE_WITH_UNIT (LENGTH_MEASURE( 1.000000000000000082E-05 ), #3492, 'distance_accuracy_value', 'NONE');
#9082 = PLANE ( 'NONE',  #898 ) ;
#9083 = DIRECTION ( 'NONE',  ( -0.000000000000000000, -0.7071067811865474617, -0.7071067811865474617 ) ) ;
#9084 = CIRCLE ( 'NONE', #912, 0.1499999999999999667 ) ;
#9085 = CARTESIAN_POINT ( 'NONE',  ( 3.855000000000002647, 1.719999999999999529, 1.949999999999998623 ) ) ;
#9087 = CARTESIAN_POINT ( 'NONE',  ( -7.605000000000000426, 2.209999999999999520, -0.2750000000000000777 ) ) ;
#9086 = LINE ( 'NONE', #1344, #2890 ) ;
#9088 = EDGE_LOOP ( 'NONE', ( #7974, #8139, #5912, #9763 ) ) ;
#9089 = CARTESIAN_POINT ( 'NONE',  ( 3.625000000000002220, 0.8499999999999992006, 1.949999999999999289 ) ) ;
#9090 = ORIENTED_EDGE ( 'NONE', *, *, #5276, .T. ) ;
#9091 = ORIENTED_EDGE ( 'NONE', *, *, #9990, .T. ) ;
#9092 = EDGE_CURVE ( 'NONE', #9329, #8533, #70, .T. ) ;
#9093 = VECTOR ( 'NONE', #9576, 1000.000000000000000 ) ;
#9094 = CARTESIAN_POINT ( 'NONE',  ( -7.015000000000000568, 4.250000000000000000, -2.024999999999999467 ) ) ;
#9095 = VECTOR ( 'NONE', #5043, 1000.000000000000000 ) ;
#9096 = DIRECTION ( 'NONE',  ( -1.000000000000000000, -0.000000000000000000, -0.000000000000000000 ) ) ;
#9097 = ORIENTED_EDGE ( 'NONE', *, *, #2711, .T. ) ;
#9099 = CARTESIAN_POINT ( 'NONE',  ( -5.525000000000000355, 2.085000000000000409, -2.024999999999999911 ) ) ;
#9098 = DIRECTION ( 'NONE',  ( -1.000000000000000000, -1.197572355469997778E-16, 0.000000000000000000 ) ) ;
#9100 = ORIENTED_EDGE ( 'NONE', *, *, #7228, .T. ) ;
#9101 = DIRECTION ( 'NONE',  ( 1.000000000000000000, 0.000000000000000000, -0.000000000000000000 ) ) ;
#9102 = VECTOR ( 'NONE', #9839, 1000.000000000000000 ) ;
#9103 = VECTOR ( 'NONE', #4586, 1000.000000000000000 ) ;
#9104 = LINE ( 'NONE', #5382, #8473 ) ;
#9105 = ORIENTED_EDGE ( 'NONE', *, *, #5324, .F. ) ;
#9106 = PLANE ( 'NONE',  #4960 ) ;
#9107 = CARTESIAN_POINT ( 'NONE',  ( 3.855000000000002647, -0.06250000000000049960, -0.06250000000000077716 ) ) ;
#9108 = DIRECTION ( 'NONE',  ( 0.000000000000000000, 0.000000000000000000, -1.000000000000000000 ) ) ;
#9109 = CARTESIAN_POINT ( 'NONE',  ( 2.500000000000000000, 1.855000000000000204, 0.06499999999999994671 ) ) ;
#9110 = AXIS2_PLACEMENT_3D ( 'NONE', #4082, #8691, #1662 ) ;
#9111 = DIRECTION ( 'NONE',  ( 0.000000000000000000, -1.000000000000000000, 0.000000000000000000 ) ) ;
#9112 = CARTESIAN_POINT ( 'NONE',  ( -2.812500000000003553, 8.809142651444728259E-15, 0.06499999999999994671 ) ) ;
#9113 = CARTESIAN_POINT ( 'NONE',  ( -5.724999999999999645, 1.030000000000000027, -2.024999999999999911 ) ) ;
#9114 = ORIENTED_EDGE ( 'NONE', *, *, #7089, .F. ) ;
#9115 = ADVANCED_FACE ( 'NONE', ( #1643 ), #4785, .F. ) ;
#9116 = VERTEX_POINT ( 'NONE', #4012 ) ;
#9117 = CARTESIAN_POINT ( 'NONE',  ( -6.439999999999997726, 3.820000000000000728, -2.024999999999999911 ) ) ;
#9118 = FACE_OUTER_BOUND ( 'NONE', #1630, .T. ) ;
#9119 = DIRECTION ( 'NONE',  ( 1.000000000000000000, 0.000000000000000000, 0.000000000000000000 ) ) ;
#9120 = CARTESIAN_POINT ( 'NONE',  ( -7.605000000000000426, 0.4800000000000017031, -0.2750000000000000777 ) ) ;
#9121 = ORIENTED_EDGE ( 'NONE', *, *, #2004, .T. ) ;
#9122 = VERTEX_POINT ( 'NONE', #117 ) ;
#9123 = CARTESIAN_POINT ( 'NONE',  ( -3.024999999999999911, 0.000000000000000000, 2.024999999999999911 ) ) ;
#9124 = EDGE_CURVE ( 'NONE', #9743, #6552, #4886, .T. ) ;
#9125 = CARTESIAN_POINT ( 'NONE',  ( -5.937500000000000000, 0.04750000000000037526, 0.01749999999999957839 ) ) ;
#9126 = EDGE_CURVE ( 'NONE', #4387, #3379, #3597, .T. ) ;
#9127 = EDGE_LOOP ( 'NONE', ( #10087, #5319, #2637, #9855, #540 ) ) ;
#9128 = VECTOR ( 'NONE', #3848, 1000.000000000000000 ) ;
#9129 = ORIENTED_EDGE ( 'NONE', *, *, #1301, .F. ) ;
#9130 = CARTESIAN_POINT ( 'NONE',  ( -6.163749999999999396, 0.000000000000000000, 2.024999999999999911 ) ) ;
#9131 = DIRECTION ( 'NONE',  ( 0.000000000000000000, -0.000000000000000000, -1.000000000000000000 ) ) ;
#9132 = DIRECTION ( 'NONE',  ( -0.000000000000000000, 1.000000000000000000, 0.000000000000000000 ) ) ;
#9133 = CARTESIAN_POINT ( 'NONE',  ( -5.525000000000000355, 1.630000000000000560, -2.024999999999999911 ) ) ;
#9134 = LINE ( 'NONE', #8365, #3115 ) ;
#9135 = DIRECTION ( 'NONE',  ( -1.000000000000000000, 0.000000000000000000, 0.000000000000000000 ) ) ;
#9136 = CARTESIAN_POINT ( 'NONE',  ( 1.775000000000002354, 1.855000000000000204, 1.824999999999999289 ) ) ;
#9137 = EDGE_CURVE ( 'NONE', #7304, #1248, #836, .T. ) ;
#9138 = DIRECTION ( 'NONE',  ( -1.000000000000000000, 0.000000000000000000, 0.000000000000000000 ) ) ;
#9139 = ADVANCED_FACE ( 'NONE', ( #9470 ), #2498, .F. ) ;
#9140 = LINE ( 'NONE', #6848, #3719 ) ;
#9141 = ORIENTED_EDGE ( 'NONE', *, *, #5898, .F. ) ;
#9142 = ORIENTED_EDGE ( 'NONE', *, *, #307, .F. ) ;
#9143 = VERTEX_POINT ( 'NONE', #8719 ) ;
#9144 = VECTOR ( 'NONE', #2337, 1000.000000000000000 ) ;
#9145 = SURFACE_STYLE_FILL_AREA ( #8277 ) ;
#9146 = DIRECTION ( 'NONE',  ( 1.000000000000000000, 0.000000000000000000, 0.000000000000000000 ) ) ;
#9147 = DIRECTION ( 'NONE',  ( 0.000000000000000000, -0.000000000000000000, -1.000000000000000000 ) ) ;
#9148 = ORIENTED_EDGE ( 'NONE', *, *, #9005, .F. ) ;
#9149 = EDGE_CURVE ( 'NONE', #1059, #637, #3959, .T. ) ;
#9150 = ORIENTED_EDGE ( 'NONE', *, *, #8024, .F. ) ;
#9151 = ADVANCED_FACE ( 'NONE', ( #4836 ), #7093, .T. ) ;
#9153 = LINE ( 'NONE', #5321, #9102 ) ;
#9152 = LINE ( 'NONE', #8230, #5875 ) ;
#9154 = EDGE_CURVE ( 'NONE', #5194, #7640, #5456, .T. ) ;
#9155 = ORIENTED_EDGE ( 'NONE', *, *, #304, .T. ) ;
#9156 = CARTESIAN_POINT ( 'NONE',  ( -1.974999999999999867, 1.630000000000000782, -1.464999999999999636 ) ) ;
#9157 = ORIENTED_EDGE ( 'NONE', *, *, #8179, .F. ) ;
#9158 = ORIENTED_EDGE ( 'NONE', *, *, #623, .F. ) ;
#9159 = LINE ( 'NONE', #8443, #3323 ) ;
#9160 = VECTOR ( 'NONE', #3034, 1000.000000000000000 ) ;
#9161 = CARTESIAN_POINT ( 'NONE',  ( 3.855000000000002647, 1.009999999999999121, 1.864999999999999325 ) ) ;
#9162 = LINE ( 'NONE', #1112, #4589 ) ;
#9163 = CARTESIAN_POINT ( 'NONE',  ( -0.5250000000000002442, 1.630000000000000782, 0.06499999999999994671 ) ) ;
#9164 = DIRECTION ( 'NONE',  ( 0.000000000000000000, 0.000000000000000000, 1.000000000000000000 ) ) ;
#9165 = VERTEX_POINT ( 'NONE', #7195 ) ;
#9166 = AXIS2_PLACEMENT_3D ( 'NONE', #4612, #3261, #6917 ) ;
#9167 = VERTEX_POINT ( 'NONE', #3300 ) ;
#9168 = LINE ( 'NONE', #4573, #7857 ) ;
#9169 = PRODUCT_CONTEXT ( 'NONE', #1673, 'mechanical' ) ;
#9170 = ORIENTED_EDGE ( 'NONE', *, *, #8027, .T. ) ;
#9171 = LINE ( 'NONE', #2999, #6385 ) ;
#9172 = PLANE ( 'NONE',  #5490 ) ;
#9173 = DIRECTION ( 'NONE',  ( 0.000000000000000000, 0.000000000000000000, 1.000000000000000000 ) ) ;
#9174 = ORIENTED_EDGE ( 'NONE', *, *, #9390, .F. ) ;
#9175 = DIRECTION ( 'NONE',  ( -0.000000000000000000, 1.000000000000000000, 0.000000000000000000 ) ) ;
#9176 = EDGE_LOOP ( 'NONE', ( #2889, #8879, #1996, #1515 ) ) ;
#9177 = ORIENTED_EDGE ( 'NONE', *, *, #4077, .T. ) ;
#9178 = VECTOR ( 'NONE', #4704, 1000.000000000000000 ) ;
#9179 = CARTESIAN_POINT ( 'NONE',  ( -4.275000000000000355, 0.000000000000000000, 2.024999999999999911 ) ) ;
#9180 = LINE ( 'NONE', #9237, #9516 ) ;
#9181 = FACE_OUTER_BOUND ( 'NONE', #7658, .T. ) ;
#9182 = CARTESIAN_POINT ( 'NONE',  ( -7.015000000000000568, 1.903000000000000025, -2.024999999999999467 ) ) ;
#9183 = LINE ( 'NONE', #9976, #8013 ) ;
#9184 = EDGE_CURVE ( 'NONE', #621, #3154, #8565, .T. ) ;
#9185 = DIRECTION ( 'NONE',  ( -0.000000000000000000, -1.000000000000000000, -0.000000000000000000 ) ) ;
#9186 = DIRECTION ( 'NONE',  ( 0.000000000000000000, -1.000000000000000000, 0.000000000000000000 ) ) ;
#9187 = CARTESIAN_POINT ( 'NONE',  ( -0.7249999999999999778, 2.085000000000000409, -2.024999999999999911 ) ) ;
#9189 = DIRECTION ( 'NONE',  ( 0.000000000000000000, 0.000000000000000000, 1.000000000000000000 ) ) ;
#9188 = DIRECTION ( 'NONE',  ( 1.000000000000000000, 0.000000000000000000, -0.000000000000000000 ) ) ;
#9190 = LINE ( 'NONE', #2194, #7665 ) ;
#9191 = EDGE_LOOP ( 'NONE', ( #4674, #1300, #1602, #8516 ) ) ;
#9192 = LINE ( 'NONE', #3662, #3311 ) ;
#9193 = VERTEX_POINT ( 'NONE', #5655 ) ;
#9194 = VECTOR ( 'NONE', #4952, 1000.000000000000000 ) ;
#9195 = VECTOR ( 'NONE', #8853, 1000.000000000000000 ) ;
#9196 = VECTOR ( 'NONE', #8211, 1000.000000000000000 ) ;
#9197 = DIRECTION ( 'NONE',  ( -1.000000000000000000, 0.000000000000000000, 0.000000000000000000 ) ) ;
#9198 = EDGE_CURVE ( 'NONE', #5392, #6410, #981, .T. ) ;
#9199 = DIRECTION ( 'NONE',  ( 0.000000000000000000, 0.000000000000000000, -1.000000000000000000 ) ) ;
#9200 = CARTESIAN_POINT ( 'NONE',  ( -5.724999999999999645, 1.080000000000000071, 0.06499999999999998834 ) ) ;
#9201 = VERTEX_POINT ( 'NONE', #790 ) ;
#9202 = LINE ( 'NONE', #2365, #7797 ) ;
#9203 = VECTOR ( 'NONE', #3003, 1000.000000000000000 ) ;
#9204 = VECTOR ( 'NONE', #3112, 1000.000000000000000 ) ;
#9205 = VERTEX_POINT ( 'NONE', #22 ) ;
#9206 = AXIS2_PLACEMENT_3D ( 'NONE', #2393, #5508, #8620 ) ;
#9207 = LINE ( 'NONE', #3784, #6347 ) ;
#9208 = VERTEX_POINT ( 'NONE', #6272 ) ;
#9209 = DIRECTION ( 'NONE',  ( 1.000000000000000000, 0.000000000000000000, 0.000000000000000000 ) ) ;
#9210 = EDGE_CURVE ( 'NONE', #4735, #4131, #4109, .T. ) ;
#9211 = CARTESIAN_POINT ( 'NONE',  ( -5.525000000000000355, 0.000000000000000000, 0.000000000000000000 ) ) ;
#9212 = ADVANCED_FACE ( 'NONE', ( #3198 ), #5083, .T. ) ;
#9213 = EDGE_CURVE ( 'NONE', #9193, #1933, #5904, .T. ) ;
#9214 = VECTOR ( 'NONE', #7160, 1000.000000000000000 ) ;
#9215 = ADVANCED_FACE ( 'NONE', ( #2680 ), #4363, .T. ) ;
#9216 = LINE ( 'NONE', #7536, #8343 ) ;
#9217 = CIRCLE ( 'NONE', #5459, 0.08500000000000000611 ) ;
#9218 = CARTESIAN_POINT ( 'NONE',  ( 3.265000000000002345, 3.965000000000001634, 0.09499999999999962641 ) ) ;
#9219 = CARTESIAN_POINT ( 'NONE',  ( -6.363749999999999574, 0.000000000000000000, 0.06499999999999994671 ) ) ;
#9220 = FACE_OUTER_BOUND ( 'NONE', #723, .T. ) ;
#9221 = DIRECTION ( 'NONE',  ( 2.168404344971008079E-15, 1.000000000000000000, 0.000000000000000000 ) ) ;
#9222 = ORIENTED_EDGE ( 'NONE', *, *, #5408, .T. ) ;
#9223 = ORIENTED_EDGE ( 'NONE', *, *, #9274, .F. ) ;
#9224 = EDGE_CURVE ( 'NONE', #5568, #10039, #3445, .T. ) ;
#9225 = DIRECTION ( 'NONE',  ( 0.000000000000000000, 0.000000000000000000, 1.000000000000000000 ) ) ;
#9226 = CARTESIAN_POINT ( 'NONE',  ( 11.62500000000000000, 2.055000000000001048, 2.024999999999999911 ) ) ;
#9227 = ORIENTED_EDGE ( 'NONE', *, *, #6606, .F. ) ;
#9228 = DIRECTION ( 'NONE',  ( 0.000000000000000000, 1.000000000000000000, -0.000000000000000000 ) ) ;
#9229 = LINE ( 'NONE', #7439, #3372 ) ;
#9230 = CARTESIAN_POINT ( 'NONE',  ( -7.875000000000000000, 3.400000000000000355, 0.000000000000000000 ) ) ;
#9231 = VERTEX_POINT ( 'NONE', #7494 ) ;
#9232 = CARTESIAN_POINT ( 'NONE',  ( -6.924999999999999822, 3.965000000000001634, 0.06499999999999994671 ) ) ;
#9233 = ORIENTED_EDGE ( 'NONE', *, *, #7702, .F. ) ;
#9234 = VECTOR ( 'NONE', #6888, 1000.000000000000000 ) ;
#9235 = ORIENTED_EDGE ( 'NONE', *, *, #2019, .F. ) ;
#9236 = CARTESIAN_POINT ( 'NONE',  ( 2.500000000000000000, 0.5500000000000010436, 0.06499999999999994671 ) ) ;
#9237 = CARTESIAN_POINT ( 'NONE',  ( 4.125000000000001776, 0.000000000000000000, 2.024999999999999911 ) ) ;
#9238 = CARTESIAN_POINT ( 'NONE',  ( 9.125000000000000000, 2.055000000000001048, 2.024999999999999911 ) ) ;
#9239 = CARTESIAN_POINT ( 'NONE',  ( -7.375000000000000888, 1.474999999999999423, 1.949999999999999067 ) ) ;
#9240 = VECTOR ( 'NONE', #5702, 1000.000000000000000 ) ;
#9241 = LINE ( 'NONE', #2140, #3036 ) ;
#9242 = LINE ( 'NONE', #4541, #2878 ) ;
#9243 = ORIENTED_EDGE ( 'NONE', *, *, #6145, .F. ) ;
#9244 = DIRECTION ( 'NONE',  ( 0.000000000000000000, 0.000000000000000000, -1.000000000000000000 ) ) ;
#9245 = AXIS2_PLACEMENT_3D ( 'NONE', #73, #1752, #4890 ) ;
#9246 = LINE ( 'NONE', #9832, #2438 ) ;
#9247 = ORIENTED_EDGE ( 'NONE', *, *, #10062, .F. ) ;
#9248 = AXIS2_PLACEMENT_3D ( 'NONE', #2725, #9003, #2114 ) ;
#9249 = CARTESIAN_POINT ( 'NONE',  ( 4.125000000000001776, 0.000000000000000000, -1.464999999999999636 ) ) ;
#9250 = LINE ( 'NONE', #5923, #3010 ) ;
#9251 = VECTOR ( 'NONE', #8903, 1000.000000000000000 ) ;
#9252 = CARTESIAN_POINT ( 'NONE',  ( 7.875000000000000000, 2.055000000000001048, 2.024999999999999911 ) ) ;
#9253 = ORIENTED_EDGE ( 'NONE', *, *, #2226, .F. ) ;
#9254 = CARTESIAN_POINT ( 'NONE',  ( -5.525000000000000355, 0.9300000000000000488, 1.378567737020261808 ) ) ;
#9255 = VECTOR ( 'NONE', #4513, 1000.000000000000000 ) ;
#9256 = ORIENTED_EDGE ( 'NONE', *, *, #4064, .T. ) ;
#9258 = CARTESIAN_POINT ( 'NONE',  ( 7.275000000000000355, 0.000000000000000000, -0.2750000000000000777 ) ) ;
#9257 = FACE_OUTER_BOUND ( 'NONE', #9872, .T. ) ;
#9259 = EDGE_LOOP ( 'NONE', ( #6501, #9386, #4046, #52 ) ) ;
#9260 = CARTESIAN_POINT ( 'NONE',  ( -7.725000000000000533, 0.7799999999999999156, -0.3250000000000000666 ) ) ;
#9261 = ADVANCED_FACE ( 'NONE', ( #8855 ), #2631, .F. ) ;
#9262 = CARTESIAN_POINT ( 'NONE',  ( -5.724999999999999645, 1.044999999999999929, -1.044999999999999929 ) ) ;
#9263 = VECTOR ( 'NONE', #2690, 1000.000000000000000 ) ;
#9264 = DIRECTION ( 'NONE',  ( 0.000000000000000000, 1.000000000000000000, 0.000000000000000000 ) ) ;
#9265 = CARTESIAN_POINT ( 'NONE',  ( -5.724999999999999645, 1.454999999999999849, 0.000000000000000000 ) ) ;
#9266 = PLANE ( 'NONE',  #2968 ) ;
#9267 = CARTESIAN_POINT ( 'NONE',  ( -0.000000000000000000, 2.255000000000000338, 2.024999999999999911 ) ) ;
#9268 = DIRECTION ( 'NONE',  ( 1.000000000000000000, 0.000000000000000000, 0.000000000000000000 ) ) ;
#9269 = ORIENTED_EDGE ( 'NONE', *, *, #624, .F. ) ;
#9270 = ORIENTED_EDGE ( 'NONE', *, *, #9016, .F. ) ;
#9271 = VECTOR ( 'NONE', #8173, 1000.000000000000000 ) ;
#9272 = EDGE_CURVE ( 'NONE', #3534, #5653, #164, .T. ) ;
#9273 = EDGE_CURVE ( 'NONE', #497, #2703, #6619, .T. ) ;
#9274 = EDGE_CURVE ( 'NONE', #5113, #6073, #412, .T. ) ;
#9275 = ORIENTED_EDGE ( 'NONE', *, *, #7846, .F. ) ;
#9276 = VECTOR ( 'NONE', #757, 1000.000000000000114 ) ;
#9277 = CARTESIAN_POINT ( 'NONE',  ( 3.625000000000002220, 2.209999999999999520, 1.975000000000001865 ) ) ;
#9278 = PRODUCT_DEFINITION_SHAPE ( 'NONE', 'NONE',  #9851 ) ;
#9279 = CARTESIAN_POINT ( 'NONE',  ( 3.525000000000002132, 0.7800000000000000266, 0.000000000000000000 ) ) ;
#9280 = ORIENTED_EDGE ( 'NONE', *, *, #7444, .F. ) ;
#9281 = DIRECTION ( 'NONE',  ( 0.000000000000000000, -1.000000000000000000, 0.000000000000000000 ) ) ;
#9282 = EDGE_LOOP ( 'NONE', ( #2339, #2033, #8135, #4495, #4743 ) ) ;
#9283 = ADVANCED_FACE ( 'NONE', ( #6467 ), #1954, .T. ) ;
#9284 = VECTOR ( 'NONE', #5678, 1000.000000000000000 ) ;
#9285 = VERTEX_POINT ( 'NONE', #9758 ) ;
#9286 = ORIENTED_EDGE ( 'NONE', *, *, #1302, .T. ) ;
#9287 = DIRECTION ( 'NONE',  ( -0.000000000000000000, -0.000000000000000000, 1.000000000000000000 ) ) ;
#9288 = VECTOR ( 'NONE', #7388, 1000.000000000000000 ) ;
#9289 = FACE_OUTER_BOUND ( 'NONE', #1976, .T. ) ;
#9290 = LINE ( 'NONE', #2911, #6875 ) ;
#9291 = DIRECTION ( 'NONE',  ( -1.000000000000000000, 0.000000000000000000, 0.000000000000000000 ) ) ;
#9292 = CARTESIAN_POINT ( 'NONE',  ( 3.625000000000002220, -0.9375000000000012212, 0.9375000000000056621 ) ) ;
#9293 = ORIENTED_EDGE ( 'NONE', *, *, #6070, .T. ) ;
#9294 = LINE ( 'NONE', #9340, #7756 ) ;
#9295 = EDGE_CURVE ( 'NONE', #8370, #5109, #1847, .T. ) ;
#9296 = CARTESIAN_POINT ( 'NONE',  ( 3.625000000000002220, 1.559999999999999609, 1.949999999999999512 ) ) ;
#9297 = ORIENTED_EDGE ( 'NONE', *, *, #6142, .F. ) ;
#9298 = PLANE ( 'NONE',  #3965 ) ;
#9299 = PLANE ( 'NONE',  #361 ) ;
#9300 = VERTEX_POINT ( 'NONE', #3538 ) ;
#9301 = CARTESIAN_POINT ( 'NONE',  ( -7.605000000000000426, 1.484999999999999432, 1.549999999999999378 ) ) ;
#9302 = CARTESIAN_POINT ( 'NONE',  ( 3.855000000000002647, 1.559999999999999609, 1.949999999999999512 ) ) ;
#9303 = ORIENTED_EDGE ( 'NONE', *, *, #7078, .T. ) ;
#9304 = CARTESIAN_POINT ( 'NONE',  ( -5.525000000000000355, 1.302867965644034065, 1.302867965644036063 ) ) ;
#9305 = EDGE_LOOP ( 'NONE', ( #8283, #6194, #4638, #2685 ) ) ;
#9306 = VECTOR ( 'NONE', #7653, 1000.000000000000000 ) ;
#9307 = VECTOR ( 'NONE', #2486, 1000.000000000000114 ) ;
#9308 = VERTEX_POINT ( 'NONE', #4987 ) ;
#9309 = CARTESIAN_POINT ( 'NONE',  ( 3.855000000000002647, 0.7800000000000000266, 1.324999999999999734 ) ) ;
#9310 = DIRECTION ( 'NONE',  ( -0.000000000000000000, -0.000000000000000000, 1.000000000000000000 ) ) ;
#9311 = DIRECTION ( 'NONE',  ( -1.000000000000000000, -0.000000000000000000, -0.000000000000000000 ) ) ;
#9312 = CARTESIAN_POINT ( 'NONE',  ( -5.724999999999999645, 0.5500000000000010436, 2.024999999999999911 ) ) ;
#9313 = VECTOR ( 'NONE', #9310, 1000.000000000000000 ) ;
#9314 = DIRECTION ( 'NONE',  ( -0.000000000000000000, 1.000000000000000000, 0.000000000000000000 ) ) ;
#9315 = ADVANCED_FACE ( 'NONE', ( #2590 ), #1900, .F. ) ;
#9316 = DIRECTION ( 'NONE',  ( -0.000000000000000000, -0.000000000000000000, 1.000000000000000000 ) ) ;
#9317 = CARTESIAN_POINT ( 'NONE',  ( -0.5250000000000002442, 0.000000000000000000, 2.024999999999999911 ) ) ;
#9318 = ORIENTED_EDGE ( 'NONE', *, *, #2485, .F. ) ;
#9319 = VECTOR ( 'NONE', #643, 1000.000000000000000 ) ;
#9320 = EDGE_CURVE ( 'NONE', #9973, #2671, #2735, .T. ) ;
#9321 = EDGE_CURVE ( 'NONE', #4242, #775, #7437, .T. ) ;
#9322 = LINE ( 'NONE', #4874, #4565 ) ;
#9323 = EDGE_CURVE ( 'NONE', #9794, #6552, #8102, .T. ) ;
#9324 = CARTESIAN_POINT ( 'NONE',  ( -7.375000000000000888, 0.1499999999999974964, 2.024999999999999911 ) ) ;
#9325 = LINE ( 'NONE', #829, #9079 ) ;
#9326 = ORIENTED_EDGE ( 'NONE', *, *, #5769, .F. ) ;
#9327 = LINE ( 'NONE', #8710, #9144 ) ;
#9328 = AXIS2_PLACEMENT_3D ( 'NONE', #3459, #2604, #1765 ) ;
#9329 = VERTEX_POINT ( 'NONE', #3399 ) ;
#9330 = ORIENTED_EDGE ( 'NONE', *, *, #4648, .T. ) ;
#9331 = LINE ( 'NONE', #4583, #3475 ) ;
#9332 = LINE ( 'NONE', #9238, #4862 ) ;
#9333 = EDGE_CURVE ( 'NONE', #2522, #7978, #6519, .T. ) ;
#9334 = ADVANCED_FACE ( 'NONE', ( #4209 ), #356, .T. ) ;
#9335 = ADVANCED_FACE ( 'NONE', ( #6827 ), #2175, .F. ) ;
#9336 = CARTESIAN_POINT ( 'NONE',  ( -1.018584112077820793E-45, 4.237045877651918877E-30, -2.496936092690336118 ) ) ;
#9337 = EDGE_CURVE ( 'NONE', #3663, #2877, #8355, .T. ) ;
#9338 = LINE ( 'NONE', #2450, #5153 ) ;
#9339 = CARTESIAN_POINT ( 'NONE',  ( -7.765000000000000568, 3.400000000000000355, 2.024999999999999911 ) ) ;
#9340 = CARTESIAN_POINT ( 'NONE',  ( 0.000000000000000000, 2.085000000000000409, -2.024999999999999911 ) ) ;
#9341 = VERTEX_POINT ( 'NONE', #9964 ) ;
#9342 = CARTESIAN_POINT ( 'NONE',  ( -3.437499999999999556, 1.855000000000000204, 1.824999999999999289 ) ) ;
#9343 = VECTOR ( 'NONE', #2651, 1000.000000000000000 ) ;
#9344 = LINE ( 'NONE', #7051, #5032 ) ;
#9345 = ORIENTED_EDGE ( 'NONE', *, *, #2907, .F. ) ;
#9346 = ORIENTED_EDGE ( 'NONE', *, *, #9805, .T. ) ;
#9347 = DIRECTION ( 'NONE',  ( 1.000000000000000000, 0.000000000000000000, 0.000000000000000000 ) ) ;
#9348 = CARTESIAN_POINT ( 'NONE',  ( 1.250000000000000000, 0.7800000000000006928, 0.06499999999999994671 ) ) ;
#9349 = ORIENTED_EDGE ( 'NONE', *, *, #8027, .F. ) ;
#9350 = CARTESIAN_POINT ( 'NONE',  ( 3.625000000000001332, 4.120000000000000107, 0.09499999999999961253 ) ) ;
#9351 = PLANE ( 'NONE',  #5778 ) ;
#9352 = ORIENTED_EDGE ( 'NONE', *, *, #1171, .F. ) ;
#9353 = PLANE ( 'NONE',  #5499 ) ;
#9354 = ORIENTED_EDGE ( 'NONE', *, *, #1530, .F. ) ;
#9355 = ORIENTED_EDGE ( 'NONE', *, *, #3948, .T. ) ;
#9356 = VERTEX_POINT ( 'NONE', #675 ) ;
#9357 = FACE_OUTER_BOUND ( 'NONE', #6252, .T. ) ;
#9358 = CARTESIAN_POINT ( 'NONE',  ( -5.724999999999999645, 0.000000000000000000, 1.824999999999999956 ) ) ;
#9359 = LINE ( 'NONE', #7067, #6265 ) ;
#9360 = DIRECTION ( 'NONE',  ( 2.168404344971008079E-15, 1.000000000000000000, 0.000000000000000000 ) ) ;
#9361 = FACE_OUTER_BOUND ( 'NONE', #5694, .T. ) ;
#9362 = LINE ( 'NONE', #5545, #1120 ) ;
#9363 = VECTOR ( 'NONE', #1103, 1000.000000000000000 ) ;
#9364 = AXIS2_PLACEMENT_3D ( 'NONE', #9458, #1677, #7939 ) ;
#9365 = EDGE_LOOP ( 'NONE', ( #9222, #2392, #5908, #4076, #8305, #8957, #8130, #9614, #3449, #1007, #4601, #7085, #5929, #141, #1356, #994, #8401, #4490, #8504, #7688, #233, #8408, #7609, #4993, #9090, #367, #1998, #44, #3913, #3661, #9751, #1994 ) ) ;
#9366 = ORIENTED_EDGE ( 'NONE', *, *, #7521, .T. ) ;
#9367 = ORIENTED_EDGE ( 'NONE', *, *, #1574, .T. ) ;
#9368 = ADVANCED_FACE ( 'NONE', ( #3044 ), #6163, .F. ) ;
#9369 = CARTESIAN_POINT ( 'NONE',  ( 3.575000000000003730, 2.259999999999999343, 2.024999999999999911 ) ) ;
#9370 = LINE ( 'NONE', #1584, #2294 ) ;
#9371 = ORIENTED_EDGE ( 'NONE', *, *, #681, .T. ) ;
#9372 = CARTESIAN_POINT ( 'NONE',  ( -0.7249999999999999778, 1.030000000000000027, -1.464999999999999636 ) ) ;
#9373 = DIRECTION ( 'NONE',  ( 1.000000000000000000, -0.000000000000000000, -0.000000000000000000 ) ) ;
#9374 = EDGE_LOOP ( 'NONE', ( #6620, #6540, #5478, #5450, #6494, #7748, #6205, #8253, #280 ) ) ;
#9375 = DIRECTION ( 'NONE',  ( 0.000000000000000000, 0.000000000000000000, -1.000000000000000000 ) ) ;
#9376 = ORIENTED_EDGE ( 'NONE', *, *, #2276, .T. ) ;
#9377 = EDGE_CURVE ( 'NONE', #9433, #8023, #8509, .T. ) ;
#9378 = ORIENTED_EDGE ( 'NONE', *, *, #9951, .T. ) ;
#9379 = PLANE ( 'NONE',  #9206 ) ;
#9380 = CARTESIAN_POINT ( 'NONE',  ( -5.525000000000000355, 0.7800000000000004707, 1.824999999999998845 ) ) ;
#9381 = LINE ( 'NONE', #1597, #3126 ) ;
#9382 = CARTESIAN_POINT ( 'NONE',  ( 2.050000000000002487, 3.820000000000000728, -1.224999999999999867 ) ) ;
#9383 = LINE ( 'NONE', #4635, #3366 ) ;
#9384 = CIRCLE ( 'NONE', #6449, 0.2000000000000000944 ) ;
#9385 = CARTESIAN_POINT ( 'NONE',  ( -4.062500000000003553, 0.04750000000000488554, 0.01750000000000387357 ) ) ;
#9386 = ORIENTED_EDGE ( 'NONE', *, *, #703, .T. ) ;
#9387 = DIRECTION ( 'NONE',  ( 1.000000000000000000, 0.000000000000000000, 0.000000000000000000 ) ) ;
#9388 = EDGE_LOOP ( 'NONE', ( #9779, #1881, #5807, #4867, #7223 ) ) ;
#9389 = EDGE_CURVE ( 'NONE', #6897, #6951, #6106, .T. ) ;
#9390 = EDGE_CURVE ( 'NONE', #5356, #2147, #7752, .T. ) ;
#9391 = DIRECTION ( 'NONE',  ( -0.000000000000000000, -0.7071067811865474617, -0.7071067811865474617 ) ) ;
#9392 = VECTOR ( 'NONE', #6274, 1000.000000000000000 ) ;
#9393 = DIRECTION ( 'NONE',  ( 1.000000000000000000, 0.000000000000000000, 0.000000000000000000 ) ) ;
#9394 = ORIENTED_EDGE ( 'NONE', *, *, #5841, .T. ) ;
#9395 = VECTOR ( 'NONE', #4015, 1000.000000000000000 ) ;
#9396 = ORIENTED_EDGE ( 'NONE', *, *, #9210, .T. ) ;
#9397 = ORIENTED_EDGE ( 'NONE', *, *, #343, .T. ) ;
#9398 = AXIS2_PLACEMENT_3D ( 'NONE', #9801, #559, #5943 ) ;
#9399 = ORIENTED_EDGE ( 'NONE', *, *, #2389, .F. ) ;
#9400 = EDGE_CURVE ( 'NONE', #1217, #7353, #7656, .T. ) ;
#9401 = ADVANCED_FACE ( 'NONE', ( #6052 ), #8404, .T. ) ;
#9402 = ORIENTED_EDGE ( 'NONE', *, *, #4216, .T. ) ;
#9403 = VERTEX_POINT ( 'NONE', #1277 ) ;
#9404 = VECTOR ( 'NONE', #8777, 1000.000000000000000 ) ;
#9405 = DIRECTION ( 'NONE',  ( -1.000000000000000000, 0.000000000000000000, 0.000000000000000000 ) ) ;
#9406 = CARTESIAN_POINT ( 'NONE',  ( -5.937500000000000000, 1.855000000000000204, 0.06499999999999994671 ) ) ;
#9408 = AXIS2_PLACEMENT_3D ( 'NONE', #7738, #10050, #8595 ) ;
#9407 = DIRECTION ( 'NONE',  ( 0.000000000000000000, 0.000000000000000000, 1.000000000000000000 ) ) ;
#9409 = DIRECTION ( 'NONE',  ( -1.000000000000000000, 0.000000000000000000, 0.000000000000000000 ) ) ;
#9410 = LINE ( 'NONE', #5489, #809 ) ;
#9411 = ORIENTED_EDGE ( 'NONE', *, *, #3510, .T. ) ;
#9412 = ORIENTED_EDGE ( 'NONE', *, *, #6461, .T. ) ;
#9413 = ORIENTED_EDGE ( 'NONE', *, *, #7002, .T. ) ;
#9414 = CARTESIAN_POINT ( 'NONE',  ( 3.975000000000003642, 2.209999999999999520, 1.274999999999999911 ) ) ;
#9415 = VECTOR ( 'NONE', #7975, 1000.000000000000000 ) ;
#9416 = CARTESIAN_POINT ( 'NONE',  ( 3.625000000000002220, 0.1499999999999974964, 2.024999999999999911 ) ) ;
#9417 = ORIENTED_EDGE ( 'NONE', *, *, #12, .T. ) ;
#9418 = VECTOR ( 'NONE', #207, 1000.000000000000000 ) ;
#9419 = DIRECTION ( 'NONE',  ( -0.7071067811865454633, -0.7071067811865495711, -0.000000000000000000 ) ) ;
#9420 = DIRECTION ( 'NONE',  ( -0.000000000000000000, -0.7071067811865474617, -0.7071067811865474617 ) ) ;
#9421 = CARTESIAN_POINT ( 'NONE',  ( -5.724999999999999645, 0.6250000000000000000, -1.464999999999999858 ) ) ;
#9422 = LINE ( 'NONE', #8667, #2618 ) ;
#9423 = ORIENTED_EDGE ( 'NONE', *, *, #6403, .F. ) ;
#9424 = ORIENTED_EDGE ( 'NONE', *, *, #9436, .T. ) ;
#9425 = AXIS2_PLACEMENT_3D ( 'NONE', #698, #2151, #6900 ) ;
#9426 = LINE ( 'NONE', #7145, #7 ) ;
#9427 = ADVANCED_FACE ( 'NONE', ( #7545 ), #9864, .F. ) ;
#9428 = CARTESIAN_POINT ( 'NONE',  ( -7.375000000000000888, 1.009999999999999121, 1.949999999999999289 ) ) ;
#9429 = CARTESIAN_POINT ( 'NONE',  ( 0.5250000000000002442, 0.000000000000000000, 0.06499999999999994671 ) ) ;
#9430 = EDGE_CURVE ( 'NONE', #2361, #8940, #826, .T. ) ;
#9431 = FACE_OUTER_BOUND ( 'NONE', #1026, .T. ) ;
#9432 = ORIENTED_EDGE ( 'NONE', *, *, #5949, .F. ) ;
#9433 = VERTEX_POINT ( 'NONE', #7079 ) ;
#9434 = CARTESIAN_POINT ( 'NONE',  ( -7.605000000000000426, 0.5300000000000049116, -0.3250000000000000666 ) ) ;
#9435 = EDGE_CURVE ( 'NONE', #3131, #6316, #7943, .T. ) ;
#9436 = EDGE_CURVE ( 'NONE', #1674, #3429, #8661, .T. ) ;
#9437 = EDGE_CURVE ( 'NONE', #6125, #6407, #4672, .T. ) ;
#9438 = LINE ( 'NONE', #1711, #7243 ) ;
#9439 = LINE ( 'NONE', #2464, #4969 ) ;
#9440 = ORIENTED_EDGE ( 'NONE', *, *, #1992, .T. ) ;
#9441 = DIRECTION ( 'NONE',  ( 1.000000000000000000, 0.000000000000000000, 0.000000000000000000 ) ) ;
#9442 = ORIENTED_EDGE ( 'NONE', *, *, #6202, .F. ) ;
#9443 = ADVANCED_FACE ( 'NONE', ( #7271 ), #5012, .T. ) ;
#9444 = ORIENTED_EDGE ( 'NONE', *, *, #8885, .F. ) ;
#9445 = ORIENTED_EDGE ( 'NONE', *, *, #8995, .F. ) ;
#9446 = CARTESIAN_POINT ( 'NONE',  ( -2.812499999999998224, 2.255000000000000338, 0.06499999999999994671 ) ) ;
#9447 = DIRECTION ( 'NONE',  ( 0.000000000000000000, -0.7071067811865457964, 0.7071067811865492381 ) ) ;
#9448 = PLANE ( 'NONE',  #8056 ) ;
#9449 = CARTESIAN_POINT ( 'NONE',  ( 3.625000000000002220, -1.781481197162711565E-15, 1.875000000000000888 ) ) ;
#9450 = EDGE_CURVE ( 'NONE', #9644, #6759, #1634, .T. ) ;
#9451 = EDGE_CURVE ( 'NONE', #1788, #4881, #5598, .T. ) ;
#9452 = EDGE_CURVE ( 'NONE', #6036, #6488, #9322, .T. ) ;
#9453 = ORIENTED_EDGE ( 'NONE', *, *, #2448, .F. ) ;
#9454 = ORIENTED_EDGE ( 'NONE', *, *, #6105, .F. ) ;
#9455 = ORIENTED_EDGE ( 'NONE', *, *, #1947, .T. ) ;
#9456 = VECTOR ( 'NONE', #6258, 1000.000000000000000 ) ;
#9457 = ORIENTED_EDGE ( 'NONE', *, *, #8452, .F. ) ;
#9458 = CARTESIAN_POINT ( 'NONE',  ( 3.750000000000001776, 3.965000000000001634, 0.6399999999999999023 ) ) ;
#9459 = VECTOR ( 'NONE', #8075, 1000.000000000000000 ) ;
#9460 = PLANE ( 'NONE',  #8660 ) ;
#9461 = CARTESIAN_POINT ( 'NONE',  ( -7.375000000000000000, 1.903000000000000025, -1.334999999999999742 ) ) ;
#9462 = VERTEX_POINT ( 'NONE', #4049 ) ;
#9463 = LINE ( 'NONE', #4100, #3517 ) ;
#9464 = ORIENTED_EDGE ( 'NONE', *, *, #641, .T. ) ;
#9465 = LINE ( 'NONE', #6166, #4564 ) ;
#9466 = VECTOR ( 'NONE', #4719, 1000.000000000000000 ) ;
#9467 = ORIENTED_EDGE ( 'NONE', *, *, #5544, .F. ) ;
#9468 = ORIENTED_EDGE ( 'NONE', *, *, #2628, .F. ) ;
#9469 = AXIS2_PLACEMENT_3D ( 'NONE', #5173, #8292, #4408 ) ;
#9470 = FACE_OUTER_BOUND ( 'NONE', #7216, .T. ) ;
#9471 = CARTESIAN_POINT ( 'NONE',  ( 2.689999999999999503, 3.820000000000000728, -1.224999999999999867 ) ) ;
#9472 = VECTOR ( 'NONE', #2555, 1000.000000000000000 ) ;
#9473 = DIRECTION ( 'NONE',  ( 0.7071067811865536790, -0.000000000000000000, -0.7071067811865414665 ) ) ;
#9474 = DIRECTION ( 'NONE',  ( -1.000000000000000000, 0.000000000000000000, 0.000000000000000000 ) ) ;
#9475 = CARTESIAN_POINT ( 'NONE',  ( -4.474999999999999645, 0.000000000000000000, 0.06499999999999994671 ) ) ;
#9476 = VERTEX_POINT ( 'NONE', #7183 ) ;
#9477 = DIRECTION ( 'NONE',  ( -1.000000000000000000, 0.000000000000000000, 0.000000000000000000 ) ) ;
#9478 = ORIENTED_EDGE ( 'NONE', *, *, #8799, .F. ) ;
#9479 = VERTEX_POINT ( 'NONE', #3291 ) ;
#9480 = DIRECTION ( 'NONE',  ( -1.533293416683373645E-15, -0.7071067811865474617, -0.7071067811865474617 ) ) ;
#9481 = EDGE_CURVE ( 'NONE', #1843, #1997, #6405, .T. ) ;
#9482 = EDGE_CURVE ( 'NONE', #2455, #8935, #5643, .T. ) ;
#9483 = CARTESIAN_POINT ( 'NONE',  ( 3.625000000000001332, 3.965000000000001634, 0.06499999999999994671 ) ) ;
#9484 = CARTESIAN_POINT ( 'NONE',  ( -5.724999999999999645, 2.084999999999999964, -2.024999999999999911 ) ) ;
#9485 = DIRECTION ( 'NONE',  ( 0.000000000000000000, -1.000000000000000000, 0.000000000000000000 ) ) ;
#9486 = DIRECTION ( 'NONE',  ( -1.000000000000000000, 0.000000000000000000, -0.000000000000000000 ) ) ;
#9487 = LINE ( 'NONE', #1004, #8394 ) ;
#9488 = VERTEX_POINT ( 'NONE', #6985 ) ;
#9489 = CARTESIAN_POINT ( 'NONE',  ( 3.855000000000002647, -1.828238918348616824E-15, -0.1250000000000009992 ) ) ;
#9490 = VERTEX_POINT ( 'NONE', #3135 ) ;
#9491 = PLANE ( 'NONE',  #8782 ) ;
#9492 = ORIENTED_EDGE ( 'NONE', *, *, #2759, .F. ) ;
#9493 = EDGE_CURVE ( 'NONE', #2444, #6452, #59, .T. ) ;
#9494 = ORIENTED_EDGE ( 'NONE', *, *, #3938, .F. ) ;
#9495 = EDGE_CURVE ( 'NONE', #3451, #9476, #2333, .T. ) ;
#9496 = LINE ( 'NONE', #1469, #8105 ) ;
#9497 =( NAMED_UNIT ( * ) SI_UNIT ( $, .STERADIAN. ) SOLID_ANGLE_UNIT ( ) );
#9498 = DIRECTION ( 'NONE',  ( 1.000000000000000000, 0.000000000000000000, -0.000000000000000000 ) ) ;
#9499 = PLANE ( 'NONE',  #1224 ) ;
#9500 = ORIENTED_EDGE ( 'NONE', *, *, #33, .T. ) ;
#9501 = EDGE_CURVE ( 'NONE', #2532, #9694, #9370, .T. ) ;
#9502 = ORIENTED_EDGE ( 'NONE', *, *, #8146, .F. ) ;
#9503 = EDGE_CURVE ( 'NONE', #5856, #662, #5498, .T. ) ;
#9504 = ADVANCED_FACE ( 'NONE', ( #6308 ), #5845, .T. ) ;
#9505 = EDGE_CURVE ( 'NONE', #4418, #6278, #1784, .T. ) ;
#9506 = VECTOR ( 'NONE', #191, 1000.000000000000000 ) ;
#9507 = VECTOR ( 'NONE', #788, 1000.000000000000000 ) ;
#9508 = CARTESIAN_POINT ( 'NONE',  ( 7.875000000000000000, 0.1800000000000000488, -1.315000000000000169 ) ) ;
#9509 = CARTESIAN_POINT ( 'NONE',  ( -3.749999999999998224, 2.085000000000000409, 2.024999999999999911 ) ) ;
#9510 = ORIENTED_EDGE ( 'NONE', *, *, #7995, .F. ) ;
#9511 = DIRECTION ( 'NONE',  ( 1.000000000000000000, -0.000000000000000000, -0.000000000000000000 ) ) ;
#9512 = PLANE ( 'NONE',  #3045 ) ;
#9513 = ORIENTED_EDGE ( 'NONE', *, *, #5139, .F. ) ;
#9514 = VECTOR ( 'NONE', #945, 1000.000000000000000 ) ;
#9515 = EDGE_LOOP ( 'NONE', ( #5584, #6001, #877, #7350 ) ) ;
#9516 = VECTOR ( 'NONE', #7669, 1000.000000000000000 ) ;
#9517 = ORIENTED_EDGE ( 'NONE', *, *, #7591, .T. ) ;
#9518 = ADVANCED_FACE ( 'NONE', ( #1069 ), #6666, .T. ) ;
#9519 = CARTESIAN_POINT ( 'NONE',  ( -7.015000000000000568, 2.727340868674716046E-16, -2.024999999999999911 ) ) ;
#9520 = CARTESIAN_POINT ( 'NONE',  ( 1.249999999999999778, 1.630000000000001226, -2.024999999999999911 ) ) ;
#9521 = DIRECTION ( 'NONE',  ( -1.000000000000000000, 0.000000000000000000, 0.000000000000000000 ) ) ;
#9522 = LINE ( 'NONE', #890, #4011 ) ;
#9523 = LINE ( 'NONE', #4842, #4489 ) ;
#9524 = ORIENTED_EDGE ( 'NONE', *, *, #4965, .F. ) ;
#9525 = DIRECTION ( 'NONE',  ( 0.000000000000000000, 0.000000000000000000, -1.000000000000000000 ) ) ;
#9526 = ORIENTED_EDGE ( 'NONE', *, *, #745, .F. ) ;
#9527 = ORIENTED_EDGE ( 'NONE', *, *, #1730, .F. ) ;
#9528 = CARTESIAN_POINT ( 'NONE',  ( 4.125000000000001776, 2.209999999999999520, 1.975000000000001865 ) ) ;
#9529 = CARTESIAN_POINT ( 'NONE',  ( -5.525000000000000355, 0.000000000000000000, 2.024999999999999911 ) ) ;
#9530 = CARTESIAN_POINT ( 'NONE',  ( 3.625000000000001332, 4.120000000000000107, -1.724999999999999867 ) ) ;
#9531 = DIRECTION ( 'NONE',  ( 0.000000000000000000, 0.000000000000000000, -1.000000000000000000 ) ) ;
#9532 = DIRECTION ( 'NONE',  ( 0.000000000000000000, -1.000000000000000000, 0.000000000000000000 ) ) ;
#9533 = LINE ( 'NONE', #5722, #8061 ) ;
#9534 = ORIENTED_EDGE ( 'NONE', *, *, #9213, .F. ) ;
#9535 = ADVANCED_FACE ( 'NONE', ( #1887 ), #7380, .T. ) ;
#9536 = CARTESIAN_POINT ( 'NONE',  ( -7.188175319642949646, 4.190000000000000391, 1.354999999999998206 ) ) ;
#9537 = PRESENTATION_LAYER_ASSIGNMENT (  '', '', ( #6779 ) ) ;
#9538 = ORIENTED_EDGE ( 'NONE', *, *, #7608, .F. ) ;
#9539 = CARTESIAN_POINT ( 'NONE',  ( -8.194767476705230536, 2.255000000000000338, 0.06499999999999994671 ) ) ;
#9540 = ORIENTED_EDGE ( 'NONE', *, *, #4247, .T. ) ;
#9541 = VECTOR ( 'NONE', #5525, 1000.000000000000000 ) ;
#9542 = ORIENTED_EDGE ( 'NONE', *, *, #8657, .T. ) ;
#9543 = CARTESIAN_POINT ( 'NONE',  ( 3.265000000000002345, 4.250000000000000000, 0.000000000000000000 ) ) ;
#9544 = DIRECTION ( 'NONE',  ( 1.000000000000000000, 0.000000000000000000, 0.000000000000000000 ) ) ;
#9545 = CONTEXT_DEPENDENT_SHAPE_REPRESENTATION ( #8493, #362 ) ;
#9546 = VECTOR ( 'NONE', #791, 1000.000000000000000 ) ;
#9547 = ORIENTED_EDGE ( 'NONE', *, *, #9693, .F. ) ;
#9548 = ADVANCED_FACE ( 'NONE', ( #2940 ), #2886, .F. ) ;
#9549 = ORIENTED_EDGE ( 'NONE', *, *, #1107, .T. ) ;
#9550 = VECTOR ( 'NONE', #4989, 1000.000000000000000 ) ;
#9551 = ORIENTED_EDGE ( 'NONE', *, *, #832, .F. ) ;
#9552 = VERTEX_POINT ( 'NONE', #618 ) ;
#9553 = VECTOR ( 'NONE', #2823, 1000.000000000000114 ) ;
#9554 = CARTESIAN_POINT ( 'NONE',  ( 0.000000000000000000, 2.084999999999999964, 1.824999999999999956 ) ) ;
#9555 = VECTOR ( 'NONE', #591, 1000.000000000000000 ) ;
#9556 = VERTEX_POINT ( 'NONE', #8347 ) ;
#9557 = ADVANCED_FACE ( 'NONE', ( #9220 ), #2991, .T. ) ;
#9558 = CARTESIAN_POINT ( 'NONE',  ( 0.000000000000000000, 2.255000000000000338, 0.06499999999999994671 ) ) ;
#9559 = ORIENTED_EDGE ( 'NONE', *, *, #439, .T. ) ;
#9560 = EDGE_CURVE ( 'NONE', #1259, #357, #4353, .T. ) ;
#9561 = EDGE_CURVE ( 'NONE', #1690, #9356, #772, .T. ) ;
#9562 = VECTOR ( 'NONE', #5230, 1000.000000000000000 ) ;
#9563 = ORIENTED_EDGE ( 'NONE', *, *, #7212, .F. ) ;
#9564 = ORIENTED_EDGE ( 'NONE', *, *, #5469, .F. ) ;
#9565 = AXIS2_PLACEMENT_3D ( 'NONE', #8917, #1908, #5040 ) ;
#9566 = LINE ( 'NONE', #8244, #7904 ) ;
#9567 = CARTESIAN_POINT ( 'NONE',  ( -6.349999999999999645, 0.000000000000000000, 0.06499999999999994671 ) ) ;
#9568 = DIRECTION ( 'NONE',  ( -1.000000000000000000, 0.000000000000000000, -0.000000000000000000 ) ) ;
#9569 = CARTESIAN_POINT ( 'NONE',  ( -5.724999999999999645, 0.5500000000000000444, 1.824999999999999956 ) ) ;
#9570 = DIRECTION ( 'NONE',  ( -0.000000000000000000, -0.000000000000000000, 1.000000000000000000 ) ) ;
#9571 = CARTESIAN_POINT ( 'NONE',  ( 9.125000000000000000, 2.055000000000001048, 2.024999999999999911 ) ) ;
#9572 = EDGE_LOOP ( 'NONE', ( #8353, #8915, #1214, #6954 ) ) ;
#9573 = EDGE_CURVE ( 'NONE', #9116, #7389, #1477, .T. ) ;
#9574 = ORIENTED_EDGE ( 'NONE', *, *, #3839, .F. ) ;
#9575 = VECTOR ( 'NONE', #3980, 1000.000000000000000 ) ;
#9576 = DIRECTION ( 'NONE',  ( 0.000000000000000000, 0.7071067811865474617, -0.7071067811865475727 ) ) ;
#9577 = AXIS2_PLACEMENT_3D ( 'NONE', #642, #8564, #685 ) ;
#9578 = EDGE_LOOP ( 'NONE', ( #9453, #340, #6898, #5031 ) ) ;
#9579 = DIRECTION ( 'NONE',  ( 0.000000000000000000, -1.000000000000000000, 0.000000000000000000 ) ) ;
#9580 = VECTOR ( 'NONE', #3714, 1000.000000000000000 ) ;
#9581 = CARTESIAN_POINT ( 'NONE',  ( -7.375000000000000000, 3.500000000000000444, 0.000000000000000000 ) ) ;
#9582 = CARTESIAN_POINT ( 'NONE',  ( -4.526666666666678829, 3.043333333333329893, -0.4383333333333305215 ) ) ;
#9583 = EDGE_CURVE ( 'NONE', #3658, #6504, #7026, .T. ) ;
#9584 = CARTESIAN_POINT ( 'NONE',  ( 0.3125000000000002776, 2.055000000000001048, 2.024999999999999911 ) ) ;
#9585 = DIRECTION ( 'NONE',  ( -1.000000000000000000, 0.000000000000000000, -0.000000000000000000 ) ) ;
#9586 = CARTESIAN_POINT ( 'NONE',  ( -5.724999999999999645, 1.586066017177985010, 1.019669914110090003 ) ) ;
#9587 = ORIENTED_EDGE ( 'NONE', *, *, #5155, .F. ) ;
#9588 = DIRECTION ( 'NONE',  ( 0.000000000000000000, -1.000000000000000000, -0.000000000000000000 ) ) ;
#9589 = VECTOR ( 'NONE', #6074, 1000.000000000000000 ) ;
#9590 = ORIENTED_EDGE ( 'NONE', *, *, #1434, .T. ) ;
#9591 = EDGE_LOOP ( 'NONE', ( #737, #5837, #6075, #7951 ) ) ;
#9592 = ORIENTED_EDGE ( 'NONE', *, *, #2814, .T. ) ;
#9593 = ORIENTED_EDGE ( 'NONE', *, *, #3939, .T. ) ;
#9594 = ORIENTED_EDGE ( 'NONE', *, *, #3506, .T. ) ;
#9595 = VECTOR ( 'NONE', #154, 1000.000000000000000 ) ;
#9596 = DIRECTION ( 'NONE',  ( 0.000000000000000000, 0.000000000000000000, -1.000000000000000000 ) ) ;
#9597 = EDGE_LOOP ( 'NONE', ( #4616, #6239, #1531, #4145, #6359, #3514 ) ) ;
#9598 = DIRECTION ( 'NONE',  ( -1.000000000000000000, 0.000000000000000000, 0.000000000000000000 ) ) ;
#9599 = CARTESIAN_POINT ( 'NONE',  ( -4.474999999999999645, 2.055000000000001048, 2.024999999999999911 ) ) ;
#9600 = PLANE ( 'NONE',  #6303 ) ;
#9601 = ORIENTED_EDGE ( 'NONE', *, *, #6656, .F. ) ;
#9602 = VECTOR ( 'NONE', #2430, 1000.000000000000000 ) ;
#9603 = ORIENTED_EDGE ( 'NONE', *, *, #1319, .F. ) ;
#9604 = AXIS2_PLACEMENT_3D ( 'NONE', #4290, #9739, #4499 ) ;
#9605 = EDGE_CURVE ( 'NONE', #9962, #4843, #2275, .T. ) ;
#9606 = CARTESIAN_POINT ( 'NONE',  ( -3.224999999999999645, 1.630000000000000782, -1.464999999999999636 ) ) ;
#9607 = EDGE_CURVE ( 'NONE', #5593, #4132, #1527, .T. ) ;
#9608 = DIRECTION ( 'NONE',  ( 0.000000000000000000, -0.7971161324486288891, -0.6038260274202660316 ) ) ;
#9609 = DIRECTION ( 'NONE',  ( -0.000000000000000000, 0.000000000000000000, 1.000000000000000000 ) ) ;
#9610 = FACE_OUTER_BOUND ( 'NONE', #4292, .T. ) ;
#9611 = AXIS2_PLACEMENT_3D ( 'NONE', #9358, #8444, #1471 ) ;
#9612 = CARTESIAN_POINT ( 'NONE',  ( -5.724999999999999645, -1.084202172485503941E-16, -1.810000000000000053 ) ) ;
#9613 = ORIENTED_EDGE ( 'NONE', *, *, #3894, .F. ) ;
#9614 = ORIENTED_EDGE ( 'NONE', *, *, #2906, .F. ) ;
#9615 = CARTESIAN_POINT ( 'NONE',  ( 2.689999999999999503, 3.820000000000000728, -1.224999999999999867 ) ) ;
#9616 = CARTESIAN_POINT ( 'NONE',  ( -5.525000000000000355, 1.630000000000000560, -1.464999999999999636 ) ) ;
#9617 = ORIENTED_EDGE ( 'NONE', *, *, #6159, .T. ) ;
#9618 = CARTESIAN_POINT ( 'NONE',  ( -7.725000000000001421, 2.209999999999999520, 1.274999999999999911 ) ) ;
#9619 = CARTESIAN_POINT ( 'NONE',  ( 3.525000000000002132, 2.209999999999999520, 1.324999999999999734 ) ) ;
#9620 = VECTOR ( 'NONE', #9080, 1000.000000000000000 ) ;
#9621 = EDGE_CURVE ( 'NONE', #6488, #200, #8547, .T. ) ;
#9622 = EDGE_CURVE ( 'NONE', #8819, #8889, #9362, .T. ) ;
#9623 = VECTOR ( 'NONE', #2530, 1000.000000000000000 ) ;
#9624 = CARTESIAN_POINT ( 'NONE',  ( -7.875000000000000000, 1.030000000000000027, 0.000000000000000000 ) ) ;
#9625 = LINE ( 'NONE', #8263, #9620 ) ;
#9626 = DIRECTION ( 'NONE',  ( 1.000000000000000000, -0.000000000000000000, -0.000000000000000000 ) ) ;
#9627 = FACE_OUTER_BOUND ( 'NONE', #4421, .T. ) ;
#9628 = DIRECTION ( 'NONE',  ( 0.000000000000000000, -7.950815931560366901E-15, -1.000000000000000000 ) ) ;
#9629 = CARTESIAN_POINT ( 'NONE',  ( -4.275000000000000355, 0.000000000000000000, 2.024999999999999911 ) ) ;
#9630 = CARTESIAN_POINT ( 'NONE',  ( -4.275000000000000355, 0.5500000000000010436, 2.024999999999999911 ) ) ;
#9631 = ORIENTED_EDGE ( 'NONE', *, *, #5023, .T. ) ;
#9632 = DIRECTION ( 'NONE',  ( 1.000000000000000000, 0.000000000000000000, 0.000000000000000000 ) ) ;
#9633 = EDGE_LOOP ( 'NONE', ( #1910, #1612, #8398, #632 ) ) ;
#9634 = EDGE_CURVE ( 'NONE', #2562, #8739, #9410, .T. ) ;
#9635 = DIRECTION ( 'NONE',  ( 0.000000000000000000, -1.000000000000000000, 0.000000000000000000 ) ) ;
#9636 = DIRECTION ( 'NONE',  ( 0.000000000000000000, -1.000000000000000000, 0.000000000000000000 ) ) ;
#9637 = ORIENTED_EDGE ( 'NONE', *, *, #3194, .T. ) ;
#9638 = ORIENTED_EDGE ( 'NONE', *, *, #6158, .F. ) ;
#9639 = ORIENTED_EDGE ( 'NONE', *, *, #9605, .F. ) ;
#9640 = FACE_OUTER_BOUND ( 'NONE', #4708, .T. ) ;
#9641 = VERTEX_POINT ( 'NONE', #6251 ) ;
#9642 = CARTESIAN_POINT ( 'NONE',  ( -7.375000000000000888, 0.4800000000000000377, 2.024999999999999911 ) ) ;
#9643 = DIRECTION ( 'NONE',  ( -0.000000000000000000, 0.000000000000000000, 1.000000000000000000 ) ) ;
#9644 = VERTEX_POINT ( 'NONE', #4722 ) ;
#9645 = DIRECTION ( 'NONE',  ( 1.000000000000000000, -0.000000000000000000, -0.000000000000000000 ) ) ;
#9646 = LINE ( 'NONE', #5790, #9251 ) ;
#9647 = EDGE_LOOP ( 'NONE', ( #9035, #3909, #4098, #2973 ) ) ;
#9648 = ADVANCED_FACE ( 'NONE', ( #7842 ), #817, .F. ) ;
#9649 = ORIENTED_EDGE ( 'NONE', *, *, #4911, .F. ) ;
#9650 = VECTOR ( 'NONE', #6744, 1000.000000000000000 ) ;
#9651 = VECTOR ( 'NONE', #8529, 1000.000000000000000 ) ;
#9652 = DIRECTION ( 'NONE',  ( 0.7071067811865491270, -0.000000000000000000, 0.7071067811865460184 ) ) ;
#9653 = DIRECTION ( 'NONE',  ( -0.000000000000000000, 0.000000000000000000, 1.000000000000000000 ) ) ;
#9654 = VERTEX_POINT ( 'NONE', #50 ) ;
#9655 = DIRECTION ( 'NONE',  ( -1.000000000000000000, 0.000000000000000000, 0.000000000000000000 ) ) ;
#9656 = CARTESIAN_POINT ( 'NONE',  ( 3.575000000000003730, 0.000000000000000000, 2.024999999999999911 ) ) ;
#9657 = ORIENTED_EDGE ( 'NONE', *, *, #10007, .F. ) ;
#9658 = AXIS2_PLACEMENT_3D ( 'NONE', #2177, #633, #5296 ) ;
#9659 = VECTOR ( 'NONE', #302, 1000.000000000000114 ) ;
#9660 = PRODUCT_DEFINITION_SHAPE ( 'NONE', 'NONE',  #10099 ) ;
#9661 = VERTEX_POINT ( 'NONE', #8501 ) ;
#9662 = DIRECTION ( 'NONE',  ( 1.000000000000000000, 0.000000000000000000, 0.000000000000000000 ) ) ;
#9663 = LINE ( 'NONE', #317, #2249 ) ;
#9664 = EDGE_CURVE ( 'NONE', #4872, #4387, #5437, .T. ) ;
#9665 = EDGE_LOOP ( 'NONE', ( #6357, #6808, #3525, #4760 ) ) ;
#9666 = PLANE ( 'NONE',  #9738 ) ;
#9667 = VERTEX_POINT ( 'NONE', #3173 ) ;
#9668 = CARTESIAN_POINT ( 'NONE',  ( -5.312499999999999112, 0.000000000000000000, 2.024999999999999911 ) ) ;
#9669 = DIRECTION ( 'NONE',  ( 0.000000000000000000, 0.000000000000000000, -1.000000000000000000 ) ) ;
#9670 = VECTOR ( 'NONE', #3212, 1000.000000000000000 ) ;
#9671 = VECTOR ( 'NONE', #4032, 1000.000000000000000 ) ;
#9672 = LINE ( 'NONE', #7260, #4142 ) ;
#9673 = CARTESIAN_POINT ( 'NONE',  ( -7.375000000000000888, 1.644999999999999352, 1.949999999999999067 ) ) ;
#9674 = CARTESIAN_POINT ( 'NONE',  ( 1.975000000000001865, 2.085000000000000409, 2.024999999999999911 ) ) ;
#9675 = CARTESIAN_POINT ( 'NONE',  ( 3.855000000000002647, 0.7800000000000000266, -0.2750000000000000777 ) ) ;
#9676 = DIRECTION ( 'NONE',  ( 0.000000000000000000, 0.000000000000000000, -1.000000000000000000 ) ) ;
#9677 = PLANE ( 'NONE',  #5937 ) ;
#9678 = ADVANCED_FACE ( 'NONE', ( #715 ), #6975, .F. ) ;
#9679 = EDGE_CURVE ( 'NONE', #4596, #1266, #8196, .T. ) ;
#9681 = CARTESIAN_POINT ( 'NONE',  ( -4.062499999999998224, 2.255000000000000338, 0.06499999999999994671 ) ) ;
#9680 = DIRECTION ( 'NONE',  ( -0.7071067811865474617, 0.000000000000000000, -0.7071067811865474617 ) ) ;
#9682 = ADVANCED_FACE ( 'NONE', ( #208 ), #3444, .T. ) ;
#9683 = VECTOR ( 'NONE', #2021, 1000.000000000000000 ) ;
#9684 = ADVANCED_FACE ( 'NONE', ( #355 ), #2779, .T. ) ;
#9685 = AXIS2_PLACEMENT_3D ( 'NONE', #6122, #4636, #4742 ) ;
#9686 = CARTESIAN_POINT ( 'NONE',  ( 3.625000000000002220, 0.1499999999999998002, -0.2750000000000001332 ) ) ;
#9687 = ORIENTED_EDGE ( 'NONE', *, *, #7211, .T. ) ;
#9688 = ORIENTED_EDGE ( 'NONE', *, *, #4412, .T. ) ;
#9689 = CARTESIAN_POINT ( 'NONE',  ( -1.775000000000000133, 0.5799999999999996270, 2.024999999999999911 ) ) ;
#9690 = ORIENTED_EDGE ( 'NONE', *, *, #6215, .T. ) ;
#9691 = EDGE_CURVE ( 'NONE', #2307, #7389, #259, .T. ) ;
#9692 = ORIENTED_EDGE ( 'NONE', *, *, #7469, .T. ) ;
#9693 = EDGE_CURVE ( 'NONE', #9329, #8450, #3349, .T. ) ;
#9694 = VERTEX_POINT ( 'NONE', #4257 ) ;
#9695 = ORIENTED_EDGE ( 'NONE', *, *, #3347, .T. ) ;
#9696 = CARTESIAN_POINT ( 'NONE',  ( -7.375000000000000000, 8.777094706955511913E-18, 0.09499999999999998723 ) ) ;
#9697 = VECTOR ( 'NONE', #9823, 1000.000000000000000 ) ;
#9698 = ORIENTED_EDGE ( 'NONE', *, *, #9691, .T. ) ;
#9699 = VERTEX_POINT ( 'NONE', #8100 ) ;
#9700 = DIRECTION ( 'NONE',  ( 0.000000000000000000, 0.000000000000000000, -1.000000000000000000 ) ) ;
#9701 = ORIENTED_EDGE ( 'NONE', *, *, #1250, .F. ) ;
#9702 = FACE_OUTER_BOUND ( 'NONE', #4823, .T. ) ;
#9703 = DIRECTION ( 'NONE',  ( -0.000000000000000000, -0.7071067811865474617, -0.7071067811865474617 ) ) ;
#9704 = ORIENTED_EDGE ( 'NONE', *, *, #5884, .T. ) ;
#9705 = EDGE_CURVE ( 'NONE', #8558, #6382, #1899, .T. ) ;
#9706 = AXIS2_PLACEMENT_3D ( 'NONE', #1903, #3590, #417 ) ;
#9707 = VECTOR ( 'NONE', #5129, 1000.000000000000000 ) ;
#9708 = ORIENTED_EDGE ( 'NONE', *, *, #3149, .F. ) ;
#9709 = CARTESIAN_POINT ( 'NONE',  ( -3.024999999999999911, 2.055000000000001048, 2.024999999999999911 ) ) ;
#9710 = DIRECTION ( 'NONE',  ( 1.000000000000000000, -0.000000000000000000, -0.000000000000000000 ) ) ;
#9711 = DIRECTION ( 'NONE',  ( 1.000000000000000000, 0.000000000000000000, 0.000000000000000000 ) ) ;
#9712 = DIRECTION ( 'NONE',  ( 0.000000000000000000, 0.000000000000000000, -1.000000000000000000 ) ) ;
#9713 = FACE_OUTER_BOUND ( 'NONE', #4628, .T. ) ;
#9714 = ORIENTED_EDGE ( 'NONE', *, *, #9198, .T. ) ;
#9715 = EDGE_LOOP ( 'NONE', ( #287, #8132, #7487, #8386 ) ) ;
#9716 = CARTESIAN_POINT ( 'NONE',  ( -7.375000000000000888, 1.474999999999999423, 1.949999999999999067 ) ) ;
#9717 = AXIS2_PLACEMENT_3D ( 'NONE', #7445, #1963, #3450 ) ;
#9718 = VERTEX_POINT ( 'NONE', #5854 ) ;
#9719 = VERTEX_POINT ( 'NONE', #1747 ) ;
#9720 = DIRECTION ( 'NONE',  ( 0.000000000000000000, -1.000000000000000000, 0.000000000000000000 ) ) ;
#9721 = DIRECTION ( 'NONE',  ( -0.000000000000000000, 0.000000000000000000, -1.000000000000000000 ) ) ;
#9722 = FACE_OUTER_BOUND ( 'NONE', #7255, .T. ) ;
#9723 = CARTESIAN_POINT ( 'NONE',  ( -6.800000000000001599, 3.820000000000000728, -1.224999999999999867 ) ) ;
#9724 = EDGE_CURVE ( 'NONE', #3451, #3002, #5795, .T. ) ;
#9725 = DIRECTION ( 'NONE',  ( 0.000000000000000000, -1.000000000000000000, 0.000000000000000000 ) ) ;
#9726 = DIRECTION ( 'NONE',  ( 1.000000000000000000, 0.000000000000000000, 0.000000000000000000 ) ) ;
#9727 = DIRECTION ( 'NONE',  ( 1.000000000000000000, 0.000000000000000000, 0.000000000000000000 ) ) ;
#9728 = VECTOR ( 'NONE', #5379, 1000.000000000000000 ) ;
#9729 = AXIS2_PLACEMENT_3D ( 'NONE', #8149, #8098, #3483 ) ;
#9730 = CARTESIAN_POINT ( 'NONE',  ( -4.804399278668253004, 4.190000000000000391, -2.773821216833562087 ) ) ;
#9731 = ORIENTED_EDGE ( 'NONE', *, *, #1328, .F. ) ;
#9732 = DIRECTION ( 'NONE',  ( 0.000000000000000000, 0.000000000000000000, 1.000000000000000000 ) ) ;
#9733 = ORIENTED_EDGE ( 'NONE', *, *, #4773, .T. ) ;
#9734 = ORIENTED_EDGE ( 'NONE', *, *, #5815, .T. ) ;
#9735 = VECTOR ( 'NONE', #2983, 1000.000000000000000 ) ;
#9736 = EDGE_CURVE ( 'NONE', #2058, #3623, #979, .T. ) ;
#9737 = EDGE_LOOP ( 'NONE', ( #8275, #8046, #7231, #4792 ) ) ;
#9738 = AXIS2_PLACEMENT_3D ( 'NONE', #7611, #9874, #3753 ) ;
#9739 = DIRECTION ( 'NONE',  ( 0.000000000000000000, 0.000000000000000000, 1.000000000000000000 ) ) ;
#9740 = ORIENTED_EDGE ( 'NONE', *, *, #2399, .F. ) ;
#9741 = VERTEX_POINT ( 'NONE', #6466 ) ;
#9742 = ORIENTED_EDGE ( 'NONE', *, *, #1503, .T. ) ;
#9743 = VERTEX_POINT ( 'NONE', #9757 ) ;
#9744 = DIRECTION ( 'NONE',  ( 1.000000000000000000, -0.000000000000000000, -0.000000000000000000 ) ) ;
#9745 = EDGE_CURVE ( 'NONE', #2231, #7855, #1846, .T. ) ;
#9746 = EDGE_CURVE ( 'NONE', #9654, #8914, #5082, .T. ) ;
#9747 = ADVANCED_FACE ( 'NONE', ( #4985 ), #303, .F. ) ;
#9748 = EDGE_CURVE ( 'NONE', #351, #7440, #1792, .T. ) ;
#9749 = CARTESIAN_POINT ( 'NONE',  ( 3.625000000000002220, 1.559999999999999609, 1.949999999999999512 ) ) ;
#9750 = CARTESIAN_POINT ( 'NONE',  ( -5.724999999999999645, 1.796421356237309919, 1.766421356237310114 ) ) ;
#9751 = ORIENTED_EDGE ( 'NONE', *, *, #2588, .T. ) ;
#9752 = CARTESIAN_POINT ( 'NONE',  ( -3.024999999999999911, 0.000000000000000000, -2.024999999999999911 ) ) ;
#9753 = ORIENTED_EDGE ( 'NONE', *, *, #9149, .T. ) ;
#9754 = ORIENTED_EDGE ( 'NONE', *, *, #5389, .T. ) ;
#9755 = ADVANCED_FACE ( 'NONE', ( #1031 ), #4156, .F. ) ;
#9756 = DIRECTION ( 'NONE',  ( -0.000000000000000000, 0.000000000000000000, 1.000000000000000000 ) ) ;
#9757 = CARTESIAN_POINT ( 'NONE',  ( -6.800000000000001599, 3.820000000000000728, -2.024999999999999911 ) ) ;
#9758 = CARTESIAN_POINT ( 'NONE',  ( 0.7249999999999999778, 1.630000000000000782, -1.464999999999999636 ) ) ;
#9759 = ORIENTED_EDGE ( 'NONE', *, *, #4880, .F. ) ;
#9760 = CARTESIAN_POINT ( 'NONE',  ( -5.525000000000000355, 0.5999999999999999778, -2.024999999999999911 ) ) ;
#9761 = CARTESIAN_POINT ( 'NONE',  ( 11.62500000000000000, 1.030000000000000027, -1.464999999999999636 ) ) ;
#9762 = CARTESIAN_POINT ( 'NONE',  ( -7.875000000000000000, 2.400000000000000355, 0.06499999999999994671 ) ) ;
#9763 = ORIENTED_EDGE ( 'NONE', *, *, #307, .T. ) ;
#9764 = AXIS2_PLACEMENT_3D ( 'NONE', #5698, #8811, #5033 ) ;
#9765 = ORIENTED_EDGE ( 'NONE', *, *, #9074, .F. ) ;
#9766 = FILL_AREA_STYLE ('',( #4267 ) ) ;
#9767 = CARTESIAN_POINT ( 'NONE',  ( -5.525000000000000355, 1.454999999999999849, 1.362867965644034118 ) ) ;
#9768 = VECTOR ( 'NONE', #195, 1000.000000000000000 ) ;
#9769 = ORIENTED_EDGE ( 'NONE', *, *, #1000, .T. ) ;
#9770 = FACE_OUTER_BOUND ( 'NONE', #1512, .T. ) ;
#9771 = LINE ( 'NONE', #527, #9095 ) ;
#9772 = VECTOR ( 'NONE', #3689, 1000.000000000000000 ) ;
#9773 = CARTESIAN_POINT ( 'NONE',  ( -3.224999999999999645, 0.000000000000000000, 2.024999999999999911 ) ) ;
#9774 = LINE ( 'NONE', #2798, #5239 ) ;
#9775 = CARTESIAN_POINT ( 'NONE',  ( -0.7249999999999999778, 2.055000000000001048, 2.024999999999999911 ) ) ;
#9776 = CARTESIAN_POINT ( 'NONE',  ( 0.7249999999999990896, 2.055000000000001048, 2.024999999999999911 ) ) ;
#9777 = DIRECTION ( 'NONE',  ( 0.000000000000000000, 0.7071067811865485719, -0.7071067811865465735 ) ) ;
#9778 = CARTESIAN_POINT ( 'NONE',  ( -3.749999999999998224, 2.760000000000000231, 0.06499999999999994671 ) ) ;
#9779 = ORIENTED_EDGE ( 'NONE', *, *, #176, .T. ) ;
#9780 = CARTESIAN_POINT ( 'NONE',  ( -0.5250000000000002442, 0.000000000000000000, 2.024999999999999911 ) ) ;
#9781 = AXIS2_PLACEMENT_3D ( 'NONE', #1044, #6740, #1970 ) ;
#9782 = CARTESIAN_POINT ( 'NONE',  ( 3.750000000000001776, 3.965000000000001634, 0.6399999999999999023 ) ) ;
#9783 = ORIENTED_EDGE ( 'NONE', *, *, #5617, .T. ) ;
#9784 = CARTESIAN_POINT ( 'NONE',  ( -5.724999999999999645, 0.000000000000000000, -2.024999999999999911 ) ) ;
#9785 = AXIS2_PLACEMENT_3D ( 'NONE', #3350, #3903, #3246 ) ;
#9786 = AXIS2_PLACEMENT_3D ( 'NONE', #8978, #1916, #8785 ) ;
#9787 = ORIENTED_EDGE ( 'NONE', *, *, #3797, .F. ) ;
#9789 = CARTESIAN_POINT ( 'NONE',  ( 1.975000000000001865, 0.5500000000000010436, 0.06499999999999994671 ) ) ;
#9788 = FACE_OUTER_BOUND ( 'NONE', #2689, .T. ) ;
#9790 = EDGE_LOOP ( 'NONE', ( #4467, #6707, #1411, #3578 ) ) ;
#9791 = VERTEX_POINT ( 'NONE', #8150 ) ;
#9792 = LINE ( 'NONE', #8232, #777 ) ;
#9793 = EDGE_CURVE ( 'NONE', #3379, #6401, #2630, .T. ) ;
#9794 = VERTEX_POINT ( 'NONE', #5347 ) ;
#9795 = ORIENTED_EDGE ( 'NONE', *, *, #8551, .F. ) ;
#9796 = LINE ( 'NONE', #6093, #6266 ) ;
#9797 = DIRECTION ( 'NONE',  ( 1.000000000000000000, -0.000000000000000000, -0.000000000000000000 ) ) ;
#9798 = DIRECTION ( 'NONE',  ( -1.000000000000000000, 0.000000000000000000, 0.000000000000000000 ) ) ;
#9799 = CARTESIAN_POINT ( 'NONE',  ( -3.224999999999999645, 0.000000000000000000, -2.024999999999999911 ) ) ;
#9800 = ORIENTED_EDGE ( 'NONE', *, *, #6459, .T. ) ;
#9801 = CARTESIAN_POINT ( 'NONE',  ( -5.724999999999999645, 0.000000000000000000, -1.584999999999999964 ) ) ;
#9802 = ORIENTED_EDGE ( 'NONE', *, *, #538, .T. ) ;
#9803 = VECTOR ( 'NONE', #3723, 1000.000000000000114 ) ;
#9804 = EDGE_CURVE ( 'NONE', #8361, #5958, #3794, .T. ) ;
#9805 = EDGE_CURVE ( 'NONE', #1909, #8296, #8458, .T. ) ;
#9806 = EDGE_CURVE ( 'NONE', #6552, #6934, #1431, .T. ) ;
#9807 = EDGE_CURVE ( 'NONE', #6011, #6036, #9168, .T. ) ;
#9808 = EDGE_LOOP ( 'NONE', ( #8696, #8540, #9754, #2015 ) ) ;
#9809 = LINE ( 'NONE', #7341, #6496 ) ;
#9810 = PLANE ( 'NONE',  #10092 ) ;
#9811 = DIRECTION ( 'NONE',  ( 0.000000000000000000, -1.000000000000000000, 9.239047059953170954E-17 ) ) ;
#9812 = ORIENTED_EDGE ( 'NONE', *, *, #1435, .F. ) ;
#9813 = DIRECTION ( 'NONE',  ( -1.000000000000000000, 0.000000000000000000, 0.000000000000000000 ) ) ;
#9814 = CARTESIAN_POINT ( 'NONE',  ( -7.375000000000000888, 0.8499999999999992006, 1.949999999999999289 ) ) ;
#9815 = VERTEX_POINT ( 'NONE', #1329 ) ;
#9816 = ORIENTED_EDGE ( 'NONE', *, *, #939, .F. ) ;
#9817 = SURFACE_SIDE_STYLE ('',( #6627 ) ) ;
#9818 = EDGE_CURVE ( 'NONE', #3334, #5976, #9007, .T. ) ;
#9819 = CARTESIAN_POINT ( 'NONE',  ( -1.852139257101876488E-16, 1.630000000000001226, -1.464999999999999636 ) ) ;
#9820 = EDGE_LOOP ( 'NONE', ( #4811, #26, #1388, #489 ) ) ;
#9821 = FACE_OUTER_BOUND ( 'NONE', #4579, .T. ) ;
#9822 = DIRECTION ( 'NONE',  ( -1.136281752823236226E-16, 1.000000000000000000, 0.000000000000000000 ) ) ;
#9823 = DIRECTION ( 'NONE',  ( 1.000000000000000000, 0.000000000000000000, 0.000000000000000000 ) ) ;
#9824 = PLANE ( 'NONE',  #7532 ) ;
#9825 = AXIS2_PLACEMENT_3D ( 'NONE', #7426, #2987, #6814 ) ;
#9826 = VECTOR ( 'NONE', #397, 1000.000000000000000 ) ;
#9827 = DIRECTION ( 'NONE',  ( -1.533293416683373645E-15, -0.7071067811865474617, -0.7071067811865474617 ) ) ;
#9828 = CARTESIAN_POINT ( 'NONE',  ( -5.525000000000000355, 0.000000000000000000, -2.824999999999999734 ) ) ;
#9829 = LINE ( 'NONE', #2858, #3487 ) ;
#9831 = CARTESIAN_POINT ( 'NONE',  ( -5.525000000000000355, 0.8400214062398350112, 1.745765205484050231 ) ) ;
#9830 = CARTESIAN_POINT ( 'NONE',  ( 0.000000000000000000, 2.085000000000000409, -2.024999999999999911 ) ) ;
#9832 = CARTESIAN_POINT ( 'NONE',  ( 2.500000000000000000, 2.085000000000000409, -2.024999999999999911 ) ) ;
#9833 = VECTOR ( 'NONE', #6017, 1000.000000000000000 ) ;
#9834 = VECTOR ( 'NONE', #7620, 1000.000000000000000 ) ;
#9835 = ORIENTED_EDGE ( 'NONE', *, *, #6561, .F. ) ;
#9836 = CARTESIAN_POINT ( 'NONE',  ( -4.474999999999999645, 0.000000000000000000, 0.06499999999999994671 ) ) ;
#9837 = ORIENTED_EDGE ( 'NONE', *, *, #5313, .T. ) ;
#9839 = DIRECTION ( 'NONE',  ( 2.168404344971008079E-15, 1.000000000000000000, 0.000000000000000000 ) ) ;
#9838 = FACE_OUTER_BOUND ( 'NONE', #8955, .T. ) ;
#9840 = EDGE_LOOP ( 'NONE', ( #3438, #90, #9445, #9394 ) ) ;
#9841 = ORIENTED_EDGE ( 'NONE', *, *, #9073, .T. ) ;
#9842 = DIRECTION ( 'NONE',  ( 0.000000000000000000, -1.000000000000000000, 0.000000000000000000 ) ) ;
#9843 = DIRECTION ( 'NONE',  ( -1.000000000000000000, -0.000000000000000000, -0.000000000000000000 ) ) ;
#9844 = ORIENTED_EDGE ( 'NONE', *, *, #9213, .T. ) ;
#9845 = VERTEX_POINT ( 'NONE', #2895 ) ;
#9846 = CARTESIAN_POINT ( 'NONE',  ( -7.605000000000000426, 2.209999999999998188, 2.024999999999999911 ) ) ;
#9847 = DIRECTION ( 'NONE',  ( 0.000000000000000000, -1.000000000000000000, 0.000000000000000000 ) ) ;
#9848 = AXIS2_PLACEMENT_3D ( 'NONE', #6881, #9175, #2179 ) ;
#9849 = LINE ( 'NONE', #5995, #1789 ) ;
#9850 = LINE ( 'NONE', #9750, #6373 ) ;
#9851 = PRODUCT_DEFINITION ( 'UNKNOWN', '', #139, #1495 ) ;
#9852 = FACE_OUTER_BOUND ( 'NONE', #9388, .T. ) ;
#9853 = EDGE_CURVE ( 'NONE', #1773, #3451, #1378, .T. ) ;
#9854 = DIRECTION ( 'NONE',  ( -1.000000000000000000, 0.000000000000000000, 0.000000000000000000 ) ) ;
#9855 = ORIENTED_EDGE ( 'NONE', *, *, #6255, .F. ) ;
#9856 = LINE ( 'NONE', #1878, #6664 ) ;
#9857 = AXIS2_PLACEMENT_3D ( 'NONE', #6691, #2753, #5969 ) ;
#9858 = ORIENTED_EDGE ( 'NONE', *, *, #2356, .F. ) ;
#9859 =( GEOMETRIC_REPRESENTATION_CONTEXT ( 3 ) GLOBAL_UNCERTAINTY_ASSIGNED_CONTEXT ( ( #4173 ) ) GLOBAL_UNIT_ASSIGNED_CONTEXT ( ( #4263, #8153, #8773 ) ) REPRESENTATION_CONTEXT ( 'NONE', 'WORKASPACE' ) );
#9860 = LINE ( 'NONE', #3987, #7038 ) ;
#9861 = EDGE_CURVE ( 'NONE', #3615, #3699, #7597, .T. ) ;
#9862 = CONTEXT_DEPENDENT_SHAPE_REPRESENTATION ( #2742, #10066 ) ;
#9863 = EDGE_CURVE ( 'NONE', #775, #3137, #4520, .T. ) ;
#9864 = PLANE ( 'NONE',  #3245 ) ;
#9865 = EDGE_CURVE ( 'NONE', #5750, #5788, #10010, .T. ) ;
#9866 = VECTOR ( 'NONE', #9474, 1000.000000000000000 ) ;
#9867 = VERTEX_POINT ( 'NONE', #6929 ) ;
#9868 = DIRECTION ( 'NONE',  ( 1.000000000000000000, -0.000000000000000000, -0.000000000000000000 ) ) ;
#9869 = CARTESIAN_POINT ( 'NONE',  ( 1.775000000000002354, 1.630000000000000560, -2.024999999999999911 ) ) ;
#9870 = CARTESIAN_POINT ( 'NONE',  ( 4.015000000000002345, 2.400000000000000355, 0.06499999999999994671 ) ) ;
#9871 = AXIS2_PLACEMENT_3D ( 'NONE', #2839, #9373, #3949 ) ;
#9872 = EDGE_LOOP ( 'NONE', ( #3724, #2318, #9270, #4519, #8410, #8337, #1228, #8372, #1785, #2400, #6851 ) ) ;
#9873 = ORIENTED_EDGE ( 'NONE', *, *, #4393, .T. ) ;
#9874 = DIRECTION ( 'NONE',  ( 0.000000000000000000, -1.000000000000000000, 0.000000000000000000 ) ) ;
#9875 = EDGE_LOOP ( 'NONE', ( #8762, #5182, #6623, #1349 ) ) ;
#9876 = CIRCLE ( 'NONE', #6154, 0.08500000000000000611 ) ;
#9877 = CARTESIAN_POINT ( 'NONE',  ( -7.500000000000000000, 3.965000000000001634, 0.06499999999999994671 ) ) ;
#9878 = CARTESIAN_POINT ( 'NONE',  ( 7.875000000000000000, 0.000000000000000000, -1.315000000000000169 ) ) ;
#9879 = DIRECTION ( 'NONE',  ( 0.000000000000000000, 0.000000000000000000, 1.000000000000000000 ) ) ;
#9880 = EDGE_CURVE ( 'NONE', #1253, #5065, #2945, .T. ) ;
#9881 = DIRECTION ( 'NONE',  ( 0.000000000000000000, -1.000000000000000000, 0.000000000000000000 ) ) ;
#9882 = DIRECTION ( 'NONE',  ( 0.000000000000000000, -1.000000000000000000, 0.000000000000000000 ) ) ;
#9883 = DIRECTION ( 'NONE',  ( -1.197572355469997778E-16, -1.000000000000000000, 0.000000000000000000 ) ) ;
#9884 = DIRECTION ( 'NONE',  ( -0.000000000000000000, 1.000000000000000000, -0.000000000000000000 ) ) ;
#9885 = VECTOR ( 'NONE', #943, 1000.000000000000000 ) ;
#9886 = CARTESIAN_POINT ( 'NONE',  ( 3.855000000000002647, 2.209999999999999520, 1.274999999999999911 ) ) ;
#9887 = ORIENTED_EDGE ( 'NONE', *, *, #368, .T. ) ;
#9888 = CARTESIAN_POINT ( 'NONE',  ( 1.975000000000001865, 0.7799999999999999156, 0.06499999999999994671 ) ) ;
#9889 = EDGE_LOOP ( 'NONE', ( #3482, #3739, #2684, #3727 ) ) ;
#9890 = CARTESIAN_POINT ( 'NONE',  ( -5.525000000000000355, 0.000000000000000000, -2.824999999999999734 ) ) ;
#9891 = ORIENTED_EDGE ( 'NONE', *, *, #7771, .T. ) ;
#9892 = DIRECTION ( 'NONE',  ( 1.000000000000000000, 0.000000000000000000, 0.000000000000000000 ) ) ;
#9893 = VECTOR ( 'NONE', #6956, 1000.000000000000000 ) ;
#9894 = CARTESIAN_POINT ( 'NONE',  ( 2.689999999999999503, 3.820000000000000728, -2.024999999999999911 ) ) ;
#9895 = VECTOR ( 'NONE', #5303, 1000.000000000000000 ) ;
#9896 = CARTESIAN_POINT ( 'NONE',  ( -7.015000000000000568, 1.903000000000000025, -2.024999999999999467 ) ) ;
#9897 = ORIENTED_EDGE ( 'NONE', *, *, #6082, .T. ) ;
#9898 = ORIENTED_EDGE ( 'NONE', *, *, #7836, .F. ) ;
#9900 = DIRECTION ( 'NONE',  ( -1.000000000000000000, 0.000000000000000000, -0.000000000000000000 ) ) ;
#9899 = LINE ( 'NONE', #2929, #6046 ) ;
#9901 = ORIENTED_EDGE ( 'NONE', *, *, #8724, .F. ) ;
#9902 = DIRECTION ( 'NONE',  ( 0.000000000000000000, 0.000000000000000000, -1.000000000000000000 ) ) ;
#9903 = AXIS2_PLACEMENT_3D ( 'NONE', #6861, #1264, #8492 ) ;
#9904 = VERTEX_POINT ( 'NONE', #3042 ) ;
#9905 = ORIENTED_EDGE ( 'NONE', *, *, #6778, .F. ) ;
#9906 = CARTESIAN_POINT ( 'NONE',  ( -6.363749999999999574, 2.255000000000000338, 0.06499999999999994671 ) ) ;
#9907 = ADVANCED_FACE ( 'NONE', ( #2003 ), #8301, .T. ) ;
#9908 = DIRECTION ( 'NONE',  ( 0.000000000000000000, 1.000000000000000000, 0.000000000000000000 ) ) ;
#9909 = DIRECTION ( 'NONE',  ( 0.000000000000000000, -1.000000000000000000, 0.000000000000000000 ) ) ;
#9910 = VECTOR ( 'NONE', #9632, 1000.000000000000000 ) ;
#9911 = LINE ( 'NONE', #7584, #7949 ) ;
#9912 = LINE ( 'NONE', #7648, #406 ) ;
#9913 = VERTEX_POINT ( 'NONE', #7492 ) ;
#9914 = EDGE_LOOP ( 'NONE', ( #2666, #3369, #4081, #1895, #5579, #6878, #678, #1102, #1426, #868, #1251, #2620, #9542, #1351 ) ) ;
#9915 = CIRCLE ( 'NONE', #445, 0.07500000000000019151 ) ;
#9916 = CARTESIAN_POINT ( 'NONE',  ( -0.000000000000000000, 0.5500000000000010436, 0.06499999999999994671 ) ) ;
#9917 = SHAPE_DEFINITION_REPRESENTATION ( #8197, #4816 ) ;
#9918 = FACE_OUTER_BOUND ( 'NONE', #5261, .T. ) ;
#9919 = DIRECTION ( 'NONE',  ( 0.000000000000000000, 0.000000000000000000, -1.000000000000000000 ) ) ;
#9920 = ORIENTED_EDGE ( 'NONE', *, *, #7318, .F. ) ;
#9921 = ORIENTED_EDGE ( 'NONE', *, *, #9274, .T. ) ;
#9922 = DIRECTION ( 'NONE',  ( 1.000000000000000000, 0.000000000000000000, 0.000000000000000000 ) ) ;
#9923 = EDGE_LOOP ( 'NONE', ( #7945, #5803, #7905, #8155, #3024 ) ) ;
#9924 = ADVANCED_FACE ( 'NONE', ( #6725 ), #9810, .T. ) ;
#9925 = EDGE_LOOP ( 'NONE', ( #656, #9417, #2290, #5061, #6210, #7099, #6603, #8441, #173 ) ) ;
#9926 = CARTESIAN_POINT ( 'NONE',  ( -7.500000000000000000, 3.500000000000000444, 0.09499999999999966804 ) ) ;
#9927 = DIRECTION ( 'NONE',  ( -1.000000000000000000, 0.000000000000000000, 0.000000000000000000 ) ) ;
#9928 = DIRECTION ( 'NONE',  ( 0.000000000000000000, 0.000000000000000000, -1.000000000000000000 ) ) ;
#9929 = DIRECTION ( 'NONE',  ( 0.000000000000000000, -1.000000000000000000, 9.239047059953170954E-17 ) ) ;
#9930 = CARTESIAN_POINT ( 'NONE',  ( -5.525000000000000355, 0.5500000000000010436, 0.06499999999999994671 ) ) ;
#9931 = CARTESIAN_POINT ( 'NONE',  ( 0.5250000000000002442, 0.5500000000000010436, 0.06499999999999994671 ) ) ;
#9932 = LINE ( 'NONE', #1454, #6645 ) ;
#9933 = ADVANCED_FACE ( 'NONE', ( #6873 ), #8403, .T. ) ;
#9934 = CARTESIAN_POINT ( 'NONE',  ( -5.312499999999999112, 0.04750000000000037526, 0.01749999999999957839 ) ) ;
#9935 = EDGE_CURVE ( 'NONE', #1674, #6577, #2228, .T. ) ;
#9936 = EDGE_LOOP ( 'NONE', ( #8702, #7265, #9631, #9592, #194 ) ) ;
#9937 = EDGE_CURVE ( 'NONE', #7712, #5822, #9061, .T. ) ;
#9938 = ADVANCED_FACE ( 'NONE', ( #5185 ), #4419, .T. ) ;
#9939 = EDGE_CURVE ( 'NONE', #3228, #9699, #9860, .T. ) ;
#9940 = ORIENTED_EDGE ( 'NONE', *, *, #1595, .T. ) ;
#9941 = VERTEX_POINT ( 'NONE', #7788 ) ;
#9942 = CIRCLE ( 'NONE', #1941, 0.1499999999999999667 ) ;
#9943 = CARTESIAN_POINT ( 'NONE',  ( -3.224999999999999645, 0.5799999999999996270, 2.024999999999999911 ) ) ;
#9944 = LINE ( 'NONE', #9988, #7652 ) ;
#9945 = ORIENTED_EDGE ( 'NONE', *, *, #1131, .T. ) ;
#9946 = VECTOR ( 'NONE', #6148, 1000.000000000000000 ) ;
#9947 = ORIENTED_EDGE ( 'NONE', *, *, #9452, .T. ) ;
#9948 = LINE ( 'NONE', #2101, #2131 ) ;
#9949 = ORIENTED_EDGE ( 'NONE', *, *, #4306, .T. ) ;
#9950 = LINE ( 'NONE', #7734, #5365 ) ;
#9951 = EDGE_CURVE ( 'NONE', #3216, #7732, #5539, .T. ) ;
#9952 = CARTESIAN_POINT ( 'NONE',  ( 3.855000000000002647, 0.7800000000000000266, -0.3250000000000000666 ) ) ;
#9953 = ORIENTED_EDGE ( 'NONE', *, *, #4, .T. ) ;
#9954 = CARTESIAN_POINT ( 'NONE',  ( 1.775000000000002354, 2.085000000000000409, 2.024999999999999911 ) ) ;
#9955 = AXIS2_PLACEMENT_3D ( 'NONE', #7122, #1809, #2427 ) ;
#9956 = VECTOR ( 'NONE', #6534, 1000.000000000000000 ) ;
#9957 = CARTESIAN_POINT ( 'NONE',  ( 3.625000000000002220, 1.719999999999999529, 1.949999999999998623 ) ) ;
#9958 = LINE ( 'NONE', #2507, #7219 ) ;
#9959 = LINE ( 'NONE', #556, #9255 ) ;
#9960 = CARTESIAN_POINT ( 'NONE',  ( 4.125000000000001776, 0.1800000000000000488, -0.2750000000000000777 ) ) ;
#9961 = VERTEX_POINT ( 'NONE', #3787 ) ;
#9962 = VERTEX_POINT ( 'NONE', #764 ) ;
#9963 = CARTESIAN_POINT ( 'NONE',  ( -3.749999999999998224, 2.209999999999998188, -2.496936092690336118 ) ) ;
#9964 = CARTESIAN_POINT ( 'NONE',  ( -7.275000000000000355, 0.4800000000000017031, -0.2750000000000000777 ) ) ;
#9965 = EDGE_LOOP ( 'NONE', ( #4757, #7709, #8654, #5131, #3900 ) ) ;
#9966 = DIRECTION ( 'NONE',  ( 0.000000000000000000, 0.000000000000000000, -1.000000000000000000 ) ) ;
#9967 = DIRECTION ( 'NONE',  ( 1.000000000000000000, 1.197572355469997778E-16, 0.000000000000000000 ) ) ;
#9968 = ORIENTED_EDGE ( 'NONE', *, *, #6644, .F. ) ;
#9969 = LINE ( 'NONE', #1098, #4134 ) ;
#9970 = CARTESIAN_POINT ( 'NONE',  ( -7.605000000000000426, 1.009999999999999121, 1.949999999999999289 ) ) ;
#9971 = ORIENTED_EDGE ( 'NONE', *, *, #9863, .F. ) ;
#9972 = FACE_OUTER_BOUND ( 'NONE', #4981, .T. ) ;
#9973 = VERTEX_POINT ( 'NONE', #4559 ) ;
#9974 = PLANE ( 'NONE',  #3973 ) ;
#9975 = DIRECTION ( 'NONE',  ( 1.000000000000000000, 0.000000000000000000, -0.000000000000000000 ) ) ;
#9976 = CARTESIAN_POINT ( 'NONE',  ( -0.5250000000000002442, 1.855000000000000204, 0.06499999999999994671 ) ) ;
#9977 = ADVANCED_FACE ( 'NONE', ( #6196 ), #4610, .T. ) ;
#9978 = DIRECTION ( 'NONE',  ( 1.000000000000000000, -1.495451272393798852E-15, 0.000000000000000000 ) ) ;
#9979 = PLANE ( 'NONE',  #7450 ) ;
#9980 = EDGE_CURVE ( 'NONE', #3477, #3154, #7838, .T. ) ;
#9981 = PLANE ( 'NONE',  #9685 ) ;
#9982 = CARTESIAN_POINT ( 'NONE',  ( -7.015000000000000568, 4.250000000000000000, 0.09499999999999961253 ) ) ;
#9983 = ORIENTED_EDGE ( 'NONE', *, *, #5452, .F. ) ;
#9984 = DIRECTION ( 'NONE',  ( 0.000000000000000000, -1.000000000000000000, 0.000000000000000000 ) ) ;
#9985 = VECTOR ( 'NONE', #4087, 1000.000000000000000 ) ;
#9986 = LINE ( 'NONE', #1256, #3808 ) ;
#9987 = EDGE_CURVE ( 'NONE', #6976, #2105, #8645, .T. ) ;
#9988 = CARTESIAN_POINT ( 'NONE',  ( 3.265000000000002345, 4.120000000000000107, 0.09499999999999961253 ) ) ;
#9989 = EDGE_CURVE ( 'NONE', #357, #8204, #8543, .T. ) ;
#9990 = EDGE_CURVE ( 'NONE', #1299, #3728, #3737, .T. ) ;
#9991 = ORIENTED_EDGE ( 'NONE', *, *, #885, .F. ) ;
#9992 = EDGE_CURVE ( 'NONE', #716, #951, #2426, .T. ) ;
#9993 = DIRECTION ( 'NONE',  ( 0.000000000000000000, -1.000000000000000000, 0.000000000000000000 ) ) ;
#9994 = VERTEX_POINT ( 'NONE', #4765 ) ;
#9995 = FACE_OUTER_BOUND ( 'NONE', #5190, .T. ) ;
#9996 = VECTOR ( 'NONE', #9777, 1000.000000000000000 ) ;
#9997 = AXIS2_PLACEMENT_3D ( 'NONE', #9878, #639, #684 ) ;
#9998 = ORIENTED_EDGE ( 'NONE', *, *, #7318, .T. ) ;
#9999 = LINE ( 'NONE', #1360, #4868 ) ;
#10000 = LINE ( 'NONE', #1467, #1922 ) ;
#10001 = ORIENTED_EDGE ( 'NONE', *, *, #7404, .T. ) ;
#10002 = LINE ( 'NONE', #6713, #7576 ) ;
#10003 = DIRECTION ( 'NONE',  ( 0.000000000000000000, -1.000000000000000000, 0.000000000000000000 ) ) ;
#10004 = LINE ( 'NONE', #3933, #7371 ) ;
#10005 = CARTESIAN_POINT ( 'NONE',  ( -5.724999999999999645, 1.629999999999999893, 0.9136038969321070846 ) ) ;
#10006 = CARTESIAN_POINT ( 'NONE',  ( 0.000000000000000000, 1.855000000000000204, 1.824999999999999289 ) ) ;
#10007 = EDGE_CURVE ( 'NONE', #4168, #719, #3225, .T. ) ;
#10008 = ORIENTED_EDGE ( 'NONE', *, *, #2199, .T. ) ;
#10009 = ORIENTED_EDGE ( 'NONE', *, *, #4618, .T. ) ;
#10010 = LINE ( 'NONE', #9916, #9772 ) ;
#10011 = ADVANCED_FACE ( 'NONE', ( #1522 ), #7120, .F. ) ;
#10012 = LINE ( 'NONE', #3798, #7938 ) ;
#10013 = DIRECTION ( 'NONE',  ( 1.000000000000000000, 0.000000000000000000, 0.000000000000000000 ) ) ;
#10014 = CIRCLE ( 'NONE', #3834, 0.08500000000000000611 ) ;
#10015 = VERTEX_POINT ( 'NONE', #862 ) ;
#10016 = VECTOR ( 'NONE', #7457, 1000.000000000000000 ) ;
#10017 = ORIENTED_EDGE ( 'NONE', *, *, #8436, .T. ) ;
#10018 = CARTESIAN_POINT ( 'NONE',  ( 7.875000000000000000, 0.3399999999999997469, -1.315000000000000169 ) ) ;
#10019 = FACE_OUTER_BOUND ( 'NONE', #1984, .T. ) ;
#10020 = AXIS2_PLACEMENT_3D ( 'NONE', #8219, #8368, #587 ) ;
#10021 = CARTESIAN_POINT ( 'NONE',  ( -7.275000000000000355, 0.7800000000000000266, 1.324999999999999734 ) ) ;
#10022 = CARTESIAN_POINT ( 'NONE',  ( 3.750000000000000000, 0.5500000000000010436, 0.06499999999999994671 ) ) ;
#10023 = CARTESIAN_POINT ( 'NONE',  ( -1.775000000000000133, 1.030000000000000027, -1.464999999999999636 ) ) ;
#10024 = CARTESIAN_POINT ( 'NONE',  ( 3.750000000000000000, 1.855000000000000204, 0.06499999999999994671 ) ) ;
#10025 = CARTESIAN_POINT ( 'NONE',  ( 5.000000000000000000, 2.085000000000000409, -2.024999999999999911 ) ) ;
#10026 = AXIS2_PLACEMENT_3D ( 'NONE', #9571, #4112, #8054 ) ;
#10027 = VERTEX_POINT ( 'NONE', #3169 ) ;
#10028 = VERTEX_POINT ( 'NONE', #4659 ) ;
#10029 = VECTOR ( 'NONE', #7185, 1000.000000000000000 ) ;
#10030 = FACE_OUTER_BOUND ( 'NONE', #2849, .T. ) ;
#10031 = EDGE_CURVE ( 'NONE', #5826, #4331, #2373, .T. ) ;
#10032 = DIRECTION ( 'NONE',  ( 0.7071067811865474617, -0.000000000000000000, -0.7071067811865474617 ) ) ;
#10033 = VECTOR ( 'NONE', #5425, 1000.000000000000000 ) ;
#10034 = CYLINDRICAL_SURFACE ( 'NONE', #3712, 0.1499999999999999667 ) ;
#10035 = ORIENTED_EDGE ( 'NONE', *, *, #4333, .T. ) ;
#10036 = DIRECTION ( 'NONE',  ( 0.000000000000000000, 0.000000000000000000, -1.000000000000000000 ) ) ;
#10037 = AXIS2_PLACEMENT_3D ( 'NONE', #6348, #1575, #4721 ) ;
#10038 = CARTESIAN_POINT ( 'NONE',  ( 0.7249999999999999778, 0.000000000000000000, 0.06499999999999994671 ) ) ;
#10039 = VERTEX_POINT ( 'NONE', #94 ) ;
#10040 = DIRECTION ( 'NONE',  ( -1.136281752823236226E-16, 1.000000000000000000, 0.000000000000000000 ) ) ;
#10041 = VERTEX_POINT ( 'NONE', #7695 ) ;
#10042 = ORIENTED_EDGE ( 'NONE', *, *, #852, .F. ) ;
#10043 = CARTESIAN_POINT ( 'NONE',  ( -7.875000000000000000, 1.903000000000000025, -1.334999999999999742 ) ) ;
#10044 = VECTOR ( 'NONE', #4315, 1000.000000000000000 ) ;
#10045 = PLANE ( 'NONE',  #7173 ) ;
#10046 = ADVANCED_FACE ( 'NONE', ( #7739 ), #5486, .F. ) ;
#10047 = EDGE_LOOP ( 'NONE', ( #8637, #3911, #7570, #2781 ) ) ;
#10048 = ADVANCED_FACE ( 'NONE', ( #711 ), #5330, .T. ) ;
#10049 = EDGE_CURVE ( 'NONE', #4168, #108, #8596, .T. ) ;
#10050 = DIRECTION ( 'NONE',  ( 0.000000000000000000, -1.000000000000000000, 0.000000000000000000 ) ) ;
#10051 = CARTESIAN_POINT ( 'NONE',  ( -3.749999999999998224, 1.855000000000000204, 0.06499999999999994671 ) ) ;
#10052 = DIRECTION ( 'NONE',  ( -0.000000000000000000, 0.000000000000000000, -1.000000000000000000 ) ) ;
#10053 = CYLINDRICAL_SURFACE ( 'NONE', #7871, 0.08500000000000000611 ) ;
#10054 = DIRECTION ( 'NONE',  ( 1.000000000000000000, 0.000000000000000000, -0.000000000000000000 ) ) ;
#10055 = DIRECTION ( 'NONE',  ( 0.000000000000000000, -1.000000000000000000, 0.000000000000000000 ) ) ;
#10056 = EDGE_LOOP ( 'NONE', ( #1064, #4668, #6254, #1539 ) ) ;
#10057 = VECTOR ( 'NONE', #5163, 1000.000000000000000 ) ;
#10058 = AXIS2_PLACEMENT_3D ( 'NONE', #258, #6564, #9756 ) ;
#10059 = EDGE_CURVE ( 'NONE', #7442, #3648, #6966, .T. ) ;
#10060 = ORIENTED_EDGE ( 'NONE', *, *, #6596, .F. ) ;
#10061 = ORIENTED_EDGE ( 'NONE', *, *, #6774, .F. ) ;
#10062 = EDGE_CURVE ( 'NONE', #10028, #4599, #2270, .T. ) ;
#10063 = EDGE_CURVE ( 'NONE', #8072, #3521, #5633, .T. ) ;
#10064 = EDGE_CURVE ( 'NONE', #8931, #4870, #234, .T. ) ;
#10065 = VECTOR ( 'NONE', #7977, 1000.000000000000000 ) ;
#10066 = PRODUCT_DEFINITION_SHAPE ( 'NONE', 'NONE',  #10095 ) ;
#10067 = CARTESIAN_POINT ( 'NONE',  ( 7.875000000000000000, 2.055000000000001048, 2.024999999999999911 ) ) ;
#10068 = VERTEX_POINT ( 'NONE', #1010 ) ;
#10069 = CARTESIAN_POINT ( 'NONE',  ( 2.187500000000001776, 0.000000000000000000, 0.06499999999999994671 ) ) ;
#10070 = ORIENTED_EDGE ( 'NONE', *, *, #4333, .F. ) ;
#10071 = VECTOR ( 'NONE', #3015, 1000.000000000000000 ) ;
#10072 = ORIENTED_EDGE ( 'NONE', *, *, #2169, .T. ) ;
#10073 = ORIENTED_EDGE ( 'NONE', *, *, #7535, .F. ) ;
#10074 = DIRECTION ( 'NONE',  ( -1.000000000000000000, -1.136281752823236226E-16, 0.000000000000000000 ) ) ;
#10075 = DIRECTION ( 'NONE',  ( 0.000000000000000000, 0.000000000000000000, -1.000000000000000000 ) ) ;
#10076 = LINE ( 'NONE', #4483, #7701 ) ;
#10077 = CARTESIAN_POINT ( 'NONE',  ( -3.024999999999999911, 2.085000000000000409, -2.024999999999999911 ) ) ;
#10078 = DIRECTION ( 'NONE',  ( 0.000000000000000000, -1.000000000000000000, 0.000000000000000000 ) ) ;
#10079 = DIRECTION ( 'NONE',  ( 0.000000000000000000, 1.000000000000000000, 0.000000000000000000 ) ) ;
#10080 = VERTEX_POINT ( 'NONE', #7324 ) ;
#10081 = DIRECTION ( 'NONE',  ( -1.000000000000000000, 0.000000000000000000, 0.000000000000000000 ) ) ;
#10082 = ORIENTED_EDGE ( 'NONE', *, *, #4718, .T. ) ;
#10083 = ADVANCED_FACE ( 'NONE', ( #7369 ), #189, .F. ) ;
#10084 = LINE ( 'NONE', #3110, #8113 ) ;
#10085 = CARTESIAN_POINT ( 'NONE',  ( 4.015000000000002345, 2.400000000000000355, 0.000000000000000000 ) ) ;
#10086 = LINE ( 'NONE', #7729, #872 ) ;
#10087 = ORIENTED_EDGE ( 'NONE', *, *, #5827, .T. ) ;
#10088 = LINE ( 'NONE', #36, #706 ) ;
#10089 = ORIENTED_EDGE ( 'NONE', *, *, #3939, .F. ) ;
#10090 = ADVANCED_FACE ( 'NONE', ( #8840 ), #8881, .T. ) ;
#10091 = CARTESIAN_POINT ( 'NONE',  ( -6.163749999999999396, 2.255000000000000338, 2.024999999999999911 ) ) ;
#10092 = AXIS2_PLACEMENT_3D ( 'NONE', #566, #6826, #2834 ) ;
#10093 = NEXT_ASSEMBLY_USAGE_OCCURRENCE ( 'NAUO1', ' ', ' ', #8808, #9851, $ ) ;
#10094 = NEXT_ASSEMBLY_USAGE_OCCURRENCE ( 'NAUO2', ' ', ' ', #8808, #5634, $ ) ;
#10095 = NEXT_ASSEMBLY_USAGE_OCCURRENCE ( 'NAUO3', ' ', ' ', #8808, #5634, $ ) ;
#10096 = NEXT_ASSEMBLY_USAGE_OCCURRENCE ( 'NAUO4', ' ', ' ', #8808, #5634, $ ) ;
#10097 = NEXT_ASSEMBLY_USAGE_OCCURRENCE ( 'NAUO5', ' ', ' ', #8808, #5634, $ ) ;
#10098 = NEXT_ASSEMBLY_USAGE_OCCURRENCE ( 'NAUO6', ' ', ' ', #8808, #5634, $ ) ;
#10099 = NEXT_ASSEMBLY_USAGE_OCCURRENCE ( 'NAUO7', ' ', ' ', #8808, #5634, $ ) ;
#10100 = NEXT_ASSEMBLY_USAGE_OCCURRENCE ( 'NAUO8', ' ', ' ', #8808, #5634, $ ) ;
ENDSEC;
END-ISO-10303-21;
