ISO-10303-21;
HEADER;
FILE_DESCRIPTION((''),'2;1');
FILE_NAME('1054301103','2019-01-29T',('gga'),(''),
'PRO/ENGINEER BY PARAMETRIC TECHNOLOGY CORPORATION, 2016010',
'PRO/ENGINEER BY PARAMETRIC TECHNOLOGY CORPORATION, 2016010','');
FILE_SCHEMA(('CONFIG_CONTROL_DESIGN'));
ENDSEC;
DATA;
#1=DIRECTION('',(-4.472135955E-1,0.E0,8.944271909999E-1));
#2=VECTOR('',#1,1.106853648862E0);
#3=CARTESIAN_POINT('',(5.62E0,-1.74E0,2.345E0));
#4=LINE('',#3,#2);
#5=DIRECTION('',(0.E0,0.E0,-1.E0));
#6=VECTOR('',#5,6.69E0);
#7=CARTESIAN_POINT('',(5.62E0,-1.74E0,2.345E0));
#8=LINE('',#7,#6);
#9=DIRECTION('',(-1.E0,0.E0,0.E0));
#10=VECTOR('',#9,4.95E-1);
#11=CARTESIAN_POINT('',(5.62E0,-1.74E0,-4.345E0));
#12=LINE('',#11,#10);
#13=DIRECTION('',(0.E0,0.E0,-1.E0));
#14=VECTOR('',#13,7.68E0);
#15=CARTESIAN_POINT('',(5.125E0,-1.74E0,3.335E0));
#16=LINE('',#15,#14);
#17=DIRECTION('',(0.E0,0.E0,-1.E0));
#18=VECTOR('',#17,7.68E0);
#19=CARTESIAN_POINT('',(-5.125E0,-1.74E0,3.335E0));
#20=LINE('',#19,#18);
#21=DIRECTION('',(-1.E0,0.E0,0.E0));
#22=VECTOR('',#21,4.95E-1);
#23=CARTESIAN_POINT('',(-5.125E0,-1.74E0,-4.345E0));
#24=LINE('',#23,#22);
#25=DIRECTION('',(0.E0,0.E0,1.E0));
#26=VECTOR('',#25,6.69E0);
#27=CARTESIAN_POINT('',(-5.62E0,-1.74E0,-4.345E0));
#28=LINE('',#27,#26);
#29=DIRECTION('',(-4.472135955E-1,0.E0,-8.944271909999E-1));
#30=VECTOR('',#29,1.106853648862E0);
#31=CARTESIAN_POINT('',(-5.125E0,-1.74E0,3.335E0));
#32=LINE('',#31,#30);
#33=DIRECTION('',(1.E0,0.E0,0.E0));
#34=VECTOR('',#33,6.E-1);
#35=CARTESIAN_POINT('',(-1.25E0,-1.74E0,2.345E0));
#36=LINE('',#35,#34);
#37=DIRECTION('',(0.E0,0.E0,-1.E0));
#38=VECTOR('',#37,2.E0);
#39=CARTESIAN_POINT('',(-6.5E-1,-1.74E0,4.345E0));
#40=LINE('',#39,#38);
#41=DIRECTION('',(1.E0,0.E0,0.E0));
#42=VECTOR('',#41,1.9E0);
#43=CARTESIAN_POINT('',(-6.5E-1,-1.74E0,4.345E0));
#44=LINE('',#43,#42);
#45=DIRECTION('',(0.E0,0.E0,-1.E0));
#46=VECTOR('',#45,2.E0);
#47=CARTESIAN_POINT('',(1.25E0,-1.74E0,4.345E0));
#48=LINE('',#47,#46);
#49=DIRECTION('',(1.E0,0.E0,0.E0));
#50=VECTOR('',#49,6.E-1);
#51=CARTESIAN_POINT('',(1.25E0,-1.74E0,2.345E0));
#52=LINE('',#51,#50);
#53=DIRECTION('',(0.E0,0.E0,-1.E0));
#54=VECTOR('',#53,2.E0);
#55=CARTESIAN_POINT('',(1.85E0,-1.74E0,4.345E0));
#56=LINE('',#55,#54);
#57=DIRECTION('',(1.E0,0.E0,0.E0));
#58=VECTOR('',#57,2.575E0);
#59=CARTESIAN_POINT('',(1.85E0,-1.74E0,4.345E0));
#60=LINE('',#59,#58);
#61=DIRECTION('',(0.E0,0.E0,-1.E0));
#62=VECTOR('',#61,8.69E0);
#63=CARTESIAN_POINT('',(4.425E0,-1.74E0,4.345E0));
#64=LINE('',#63,#62);
#65=DIRECTION('',(-1.E0,0.E0,0.E0));
#66=VECTOR('',#65,1.3075E0);
#67=CARTESIAN_POINT('',(4.425E0,-1.74E0,-4.345E0));
#68=LINE('',#67,#66);
#69=DIRECTION('',(0.E0,0.E0,1.E0));
#70=VECTOR('',#69,6.38E-1);
#71=CARTESIAN_POINT('',(3.1175E0,-1.74E0,-4.345E0));
#72=LINE('',#71,#70);
#73=DIRECTION('',(-1.E0,0.E0,0.E0));
#74=VECTOR('',#73,6.35E-1);
#75=CARTESIAN_POINT('',(3.1175E0,-1.74E0,-3.707E0));
#76=LINE('',#75,#74);
#77=DIRECTION('',(0.E0,0.E0,1.E0));
#78=VECTOR('',#77,6.38E-1);
#79=CARTESIAN_POINT('',(2.4825E0,-1.74E0,-4.345E0));
#80=LINE('',#79,#78);
#81=DIRECTION('',(-1.E0,0.E0,0.E0));
#82=VECTOR('',#81,1.865E0);
#83=CARTESIAN_POINT('',(2.4825E0,-1.74E0,-4.345E0));
#84=LINE('',#83,#82);
#85=DIRECTION('',(0.E0,0.E0,1.E0));
#86=VECTOR('',#85,6.38E-1);
#87=CARTESIAN_POINT('',(6.175E-1,-1.74E0,-4.345E0));
#88=LINE('',#87,#86);
#89=DIRECTION('',(-1.E0,0.E0,0.E0));
#90=VECTOR('',#89,6.35E-1);
#91=CARTESIAN_POINT('',(6.175E-1,-1.74E0,-3.707E0));
#92=LINE('',#91,#90);
#93=DIRECTION('',(0.E0,0.E0,1.E0));
#94=VECTOR('',#93,6.38E-1);
#95=CARTESIAN_POINT('',(-1.75E-2,-1.74E0,-4.345E0));
#96=LINE('',#95,#94);
#97=DIRECTION('',(-1.E0,0.E0,0.E0));
#98=VECTOR('',#97,1.865E0);
#99=CARTESIAN_POINT('',(-1.75E-2,-1.74E0,-4.345E0));
#100=LINE('',#99,#98);
#101=DIRECTION('',(0.E0,0.E0,1.E0));
#102=VECTOR('',#101,6.38E-1);
#103=CARTESIAN_POINT('',(-1.8825E0,-1.74E0,-4.345E0));
#104=LINE('',#103,#102);
#105=DIRECTION('',(-1.E0,0.E0,0.E0));
#106=VECTOR('',#105,6.35E-1);
#107=CARTESIAN_POINT('',(-1.8825E0,-1.74E0,-3.707E0));
#108=LINE('',#107,#106);
#109=DIRECTION('',(0.E0,0.E0,1.E0));
#110=VECTOR('',#109,6.38E-1);
#111=CARTESIAN_POINT('',(-2.5175E0,-1.74E0,-4.345E0));
#112=LINE('',#111,#110);
#113=DIRECTION('',(-1.E0,0.E0,0.E0));
#114=VECTOR('',#113,1.9075E0);
#115=CARTESIAN_POINT('',(-2.5175E0,-1.74E0,-4.345E0));
#116=LINE('',#115,#114);
#117=DIRECTION('',(0.E0,0.E0,-1.E0));
#118=VECTOR('',#117,8.69E0);
#119=CARTESIAN_POINT('',(-4.425E0,-1.74E0,4.345E0));
#120=LINE('',#119,#118);
#121=DIRECTION('',(1.E0,0.E0,0.E0));
#122=VECTOR('',#121,3.175E0);
#123=CARTESIAN_POINT('',(-4.425E0,-1.74E0,4.345E0));
#124=LINE('',#123,#122);
#125=DIRECTION('',(0.E0,0.E0,-1.E0));
#126=VECTOR('',#125,2.E0);
#127=CARTESIAN_POINT('',(-1.25E0,-1.74E0,4.345E0));
#128=LINE('',#127,#126);
#129=DIRECTION('',(4.472135955E-1,0.E0,-8.944271909999E-1));
#130=VECTOR('',#129,2.906888370750E-1);
#131=CARTESIAN_POINT('',(4.895E0,-1.2E0,3.795E0));
#132=LINE('',#131,#130);
#133=DIRECTION('',(4.472135955E-1,0.E0,-8.944271909999E-1));
#134=VECTOR('',#133,6.149186938124E-1);
#135=CARTESIAN_POINT('',(4.62E0,-1.2E0,4.345E0));
#136=LINE('',#135,#134);
#137=DIRECTION('',(-4.472135955E-1,0.E0,8.944271909999E-1));
#138=VECTOR('',#137,1.341640786500E0);
#139=CARTESIAN_POINT('',(5.62E0,4.5E-1,2.345E0));
#140=LINE('',#139,#138);
#141=DIRECTION('',(0.E0,1.E0,0.E0));
#142=VECTOR('',#141,7.5E-1);
#143=CARTESIAN_POINT('',(5.02E0,-3.E-1,3.545E0));
#144=LINE('',#143,#142);
#145=DIRECTION('',(-4.472135955E-1,0.E0,8.944271909999E-1));
#146=VECTOR('',#145,1.341640786500E0);
#147=CARTESIAN_POINT('',(5.62E0,-3.E-1,2.345E0));
#148=LINE('',#147,#146);
#149=DIRECTION('',(0.E0,1.E0,0.E0));
#150=VECTOR('',#149,5.4E-1);
#151=CARTESIAN_POINT('',(5.125E0,-1.74E0,3.335E0));
#152=LINE('',#151,#150);
#153=DIRECTION('',(4.472135955E-1,0.E0,-8.944271909999E-1));
#154=VECTOR('',#153,2.236067977500E-1);
#155=CARTESIAN_POINT('',(5.025E0,-1.2E0,3.535E0));
#156=LINE('',#155,#154);
#157=DIRECTION('',(0.E0,0.E0,1.E0));
#158=VECTOR('',#157,2.6E-1);
#159=CARTESIAN_POINT('',(5.025E0,-1.2E0,3.535E0));
#160=LINE('',#159,#158);
#161=DIRECTION('',(0.E0,0.E0,1.E0));
#162=VECTOR('',#161,8.5E-1);
#163=CARTESIAN_POINT('',(5.025E0,1.05E0,-4.195E0));
#164=LINE('',#163,#162);
#165=DIRECTION('',(0.E0,1.E0,0.E0));
#166=VECTOR('',#165,4.E-1);
#167=CARTESIAN_POINT('',(5.025E0,6.5E-1,-4.195E0));
#168=LINE('',#167,#166);
#169=CARTESIAN_POINT('',(5.025E0,6.5E-1,-4.495E0));
#170=DIRECTION('',(-1.E0,0.E0,0.E0));
#171=DIRECTION('',(0.E0,-8.660254037844E-1,5.E-1));
#172=AXIS2_PLACEMENT_3D('',#169,#170,#171);
#174=DIRECTION('',(0.E0,1.E0,0.E0));
#175=VECTOR('',#174,8.E-1);
#176=CARTESIAN_POINT('',(5.025E0,-4.098076211353E-1,-4.345E0));
#177=LINE('',#176,#175);
#178=CARTESIAN_POINT('',(5.025E0,-6.696152422707E-1,-4.495E0));
#179=DIRECTION('',(-1.E0,0.E0,0.E0));
#180=DIRECTION('',(0.E0,0.E0,1.E0));
#181=AXIS2_PLACEMENT_3D('',#178,#179,#180);
#183=DIRECTION('',(0.E0,1.E0,0.E0));
#184=VECTOR('',#183,1.103847577293E-1);
#185=CARTESIAN_POINT('',(5.025E0,-7.8E-1,-4.195E0));
#186=LINE('',#185,#184);
#187=DIRECTION('',(0.E0,0.E0,-1.E0));
#188=VECTOR('',#187,2.1E-1);
#189=CARTESIAN_POINT('',(5.025E0,-7.8E-1,-3.985E0));
#190=LINE('',#189,#188);
#191=CARTESIAN_POINT('',(5.025E0,-1.28E0,-3.985E0));
#192=DIRECTION('',(-1.E0,0.E0,0.E0));
#193=DIRECTION('',(0.E0,0.E0,1.E0));
#194=AXIS2_PLACEMENT_3D('',#191,#192,#193);
#196=DIRECTION('',(0.E0,1.E0,0.E0));
#197=VECTOR('',#196,4.6E-1);
#198=CARTESIAN_POINT('',(5.025E0,-1.74E0,-3.485E0));
#199=LINE('',#198,#197);
#200=CARTESIAN_POINT('',(5.025E0,-1.74E0,-3.185E0));
#201=DIRECTION('',(1.E0,0.E0,0.E0));
#202=DIRECTION('',(0.E0,-1.E0,0.E0));
#203=AXIS2_PLACEMENT_3D('',#200,#201,#202);
#205=DIRECTION('',(0.E0,0.E0,-1.E0));
#206=VECTOR('',#205,1.03E0);
#207=CARTESIAN_POINT('',(5.025E0,-2.04E0,-2.155E0));
#208=LINE('',#207,#206);
#209=CARTESIAN_POINT('',(5.025E0,-1.89E0,-2.155E0));
#210=DIRECTION('',(1.E0,0.E0,0.E0));
#211=DIRECTION('',(0.E0,0.E0,1.E0));
#212=AXIS2_PLACEMENT_3D('',#209,#210,#211);
#214=DIRECTION('',(0.E0,-1.E0,0.E0));
#215=VECTOR('',#214,1.4E-1);
#216=CARTESIAN_POINT('',(5.025E0,-1.75E0,-2.005E0));
#217=LINE('',#216,#215);
#218=CARTESIAN_POINT('',(5.025E0,-1.75E0,-1.855E0));
#219=DIRECTION('',(-1.E0,0.E0,0.E0));
#220=DIRECTION('',(0.E0,1.E0,0.E0));
#221=AXIS2_PLACEMENT_3D('',#218,#219,#220);
#223=DIRECTION('',(0.E0,0.E0,-1.E0));
#224=VECTOR('',#223,2.7E0);
#225=CARTESIAN_POINT('',(5.025E0,-1.6E0,8.45E-1));
#226=LINE('',#225,#224);
#227=CARTESIAN_POINT('',(5.025E0,-1.75E0,8.45E-1));
#228=DIRECTION('',(-1.E0,0.E0,0.E0));
#229=DIRECTION('',(0.E0,0.E0,1.E0));
#230=AXIS2_PLACEMENT_3D('',#227,#228,#229);
#232=DIRECTION('',(0.E0,1.E0,0.E0));
#233=VECTOR('',#232,1.4E-1);
#234=CARTESIAN_POINT('',(5.025E0,-1.89E0,9.95E-1));
#235=LINE('',#234,#233);
#236=CARTESIAN_POINT('',(5.025E0,-1.89E0,1.145E0));
#237=DIRECTION('',(1.E0,0.E0,0.E0));
#238=DIRECTION('',(0.E0,-1.E0,0.E0));
#239=AXIS2_PLACEMENT_3D('',#236,#237,#238);
#241=DIRECTION('',(0.E0,0.E0,-1.E0));
#242=VECTOR('',#241,2.65E0);
#243=CARTESIAN_POINT('',(5.025E0,-2.04E0,3.795E0));
#244=LINE('',#243,#242);
#245=CARTESIAN_POINT('',(5.025E0,-1.64E0,3.795E0));
#246=DIRECTION('',(1.E0,0.E0,0.E0));
#247=DIRECTION('',(0.E0,0.E0,1.E0));
#248=AXIS2_PLACEMENT_3D('',#245,#246,#247);
#250=DIRECTION('',(0.E0,-1.E0,0.E0));
#251=VECTOR('',#250,4.E-2);
#252=CARTESIAN_POINT('',(5.025E0,-1.6E0,4.195E0));
#253=LINE('',#252,#251);
#254=CARTESIAN_POINT('',(5.025E0,-1.6E0,3.795E0));
#255=DIRECTION('',(1.E0,0.E0,0.E0));
#256=DIRECTION('',(0.E0,1.E0,0.E0));
#257=AXIS2_PLACEMENT_3D('',#254,#255,#256);
#259=DIRECTION('',(0.E0,-1.E0,0.E0));
#260=VECTOR('',#259,7.5E-1);
#261=CARTESIAN_POINT('',(5.025E0,4.5E-1,4.25E-1));
#262=LINE('',#261,#260);
#263=DIRECTION('',(0.E0,0.E0,-1.E0));
#264=VECTOR('',#263,7.14E0);
#265=CARTESIAN_POINT('',(4.525E0,-1.2E0,3.795E0));
#266=LINE('',#265,#264);
#267=DIRECTION('',(1.E0,0.E0,0.E0));
#268=VECTOR('',#267,1.E-1);
#269=CARTESIAN_POINT('',(4.425E0,-1.2E0,-3.345E0));
#270=LINE('',#269,#268);
#271=DIRECTION('',(1.E0,0.E0,0.E0));
#272=VECTOR('',#271,3.7E-1);
#273=CARTESIAN_POINT('',(4.525E0,-1.2E0,3.795E0));
#274=LINE('',#273,#272);
#275=DIRECTION('',(0.E0,0.E0,-1.E0));
#276=VECTOR('',#275,6.88E0);
#277=CARTESIAN_POINT('',(5.025E0,-1.2E0,3.535E0));
#278=LINE('',#277,#276);
#279=DIRECTION('',(1.E0,0.E0,0.E0));
#280=VECTOR('',#279,1.E-1);
#281=CARTESIAN_POINT('',(5.025E0,-1.2E0,-3.345E0));
#282=LINE('',#281,#280);
#283=CARTESIAN_POINT('',(4.525E0,-1.6E0,3.795E0));
#284=DIRECTION('',(1.E0,0.E0,0.E0));
#285=DIRECTION('',(0.E0,1.E0,0.E0));
#286=AXIS2_PLACEMENT_3D('',#283,#284,#285);
#288=DIRECTION('',(0.E0,-1.E0,0.E0));
#289=VECTOR('',#288,4.E-2);
#290=CARTESIAN_POINT('',(4.525E0,-1.6E0,4.195E0));
#291=LINE('',#290,#289);
#292=CARTESIAN_POINT('',(4.525E0,-1.64E0,3.795E0));
#293=DIRECTION('',(1.E0,0.E0,0.E0));
#294=DIRECTION('',(0.E0,0.E0,1.E0));
#295=AXIS2_PLACEMENT_3D('',#292,#293,#294);
#297=DIRECTION('',(0.E0,0.E0,-1.E0));
#298=VECTOR('',#297,2.65E0);
#299=CARTESIAN_POINT('',(4.525E0,-2.04E0,3.795E0));
#300=LINE('',#299,#298);
#301=CARTESIAN_POINT('',(4.525E0,-1.89E0,1.145E0));
#302=DIRECTION('',(1.E0,0.E0,0.E0));
#303=DIRECTION('',(0.E0,-1.E0,0.E0));
#304=AXIS2_PLACEMENT_3D('',#301,#302,#303);
#306=DIRECTION('',(0.E0,1.E0,0.E0));
#307=VECTOR('',#306,1.4E-1);
#308=CARTESIAN_POINT('',(4.525E0,-1.89E0,9.95E-1));
#309=LINE('',#308,#307);
#310=CARTESIAN_POINT('',(4.525E0,-1.75E0,8.45E-1));
#311=DIRECTION('',(-1.E0,0.E0,0.E0));
#312=DIRECTION('',(0.E0,0.E0,1.E0));
#313=AXIS2_PLACEMENT_3D('',#310,#311,#312);
#315=DIRECTION('',(0.E0,0.E0,-1.E0));
#316=VECTOR('',#315,2.7E0);
#317=CARTESIAN_POINT('',(4.525E0,-1.6E0,8.45E-1));
#318=LINE('',#317,#316);
#319=CARTESIAN_POINT('',(4.525E0,-1.75E0,-1.855E0));
#320=DIRECTION('',(-1.E0,0.E0,0.E0));
#321=DIRECTION('',(0.E0,1.E0,0.E0));
#322=AXIS2_PLACEMENT_3D('',#319,#320,#321);
#324=DIRECTION('',(0.E0,-1.E0,0.E0));
#325=VECTOR('',#324,1.4E-1);
#326=CARTESIAN_POINT('',(4.525E0,-1.75E0,-2.005E0));
#327=LINE('',#326,#325);
#328=CARTESIAN_POINT('',(4.525E0,-1.89E0,-2.155E0));
#329=DIRECTION('',(1.E0,0.E0,0.E0));
#330=DIRECTION('',(0.E0,0.E0,1.E0));
#331=AXIS2_PLACEMENT_3D('',#328,#329,#330);
#333=DIRECTION('',(0.E0,0.E0,-1.E0));
#334=VECTOR('',#333,1.03E0);
#335=CARTESIAN_POINT('',(4.525E0,-2.04E0,-2.155E0));
#336=LINE('',#335,#334);
#337=CARTESIAN_POINT('',(4.525E0,-1.74E0,-3.185E0));
#338=DIRECTION('',(1.E0,0.E0,0.E0));
#339=DIRECTION('',(0.E0,-1.E0,0.E0));
#340=AXIS2_PLACEMENT_3D('',#337,#338,#339);
#342=DIRECTION('',(0.E0,1.E0,0.E0));
#343=VECTOR('',#342,4.6E-1);
#344=CARTESIAN_POINT('',(4.525E0,-1.74E0,-3.485E0));
#345=LINE('',#344,#343);
#346=CARTESIAN_POINT('',(4.525E0,-1.28E0,-3.985E0));
#347=DIRECTION('',(-1.E0,0.E0,0.E0));
#348=DIRECTION('',(0.E0,0.E0,1.E0));
#349=AXIS2_PLACEMENT_3D('',#346,#347,#348);
#351=DIRECTION('',(0.E0,0.E0,-1.E0));
#352=VECTOR('',#351,2.1E-1);
#353=CARTESIAN_POINT('',(4.525E0,-7.8E-1,-3.985E0));
#354=LINE('',#353,#352);
#355=DIRECTION('',(0.E0,1.E0,0.E0));
#356=VECTOR('',#355,1.103847577293E-1);
#357=CARTESIAN_POINT('',(4.525E0,-7.8E-1,-4.195E0));
#358=LINE('',#357,#356);
#359=CARTESIAN_POINT('',(4.525E0,-6.696152422707E-1,-4.495E0));
#360=DIRECTION('',(-1.E0,0.E0,0.E0));
#361=DIRECTION('',(0.E0,0.E0,1.E0));
#362=AXIS2_PLACEMENT_3D('',#359,#360,#361);
#364=DIRECTION('',(0.E0,1.E0,0.E0));
#365=VECTOR('',#364,8.E-1);
#366=CARTESIAN_POINT('',(4.525E0,-4.098076211353E-1,-4.345E0));
#367=LINE('',#366,#365);
#368=CARTESIAN_POINT('',(4.525E0,6.5E-1,-4.495E0));
#369=DIRECTION('',(-1.E0,0.E0,0.E0));
#370=DIRECTION('',(0.E0,-8.660254037844E-1,5.E-1));
#371=AXIS2_PLACEMENT_3D('',#368,#369,#370);
#373=DIRECTION('',(0.E0,1.E0,0.E0));
#374=VECTOR('',#373,4.E-1);
#375=CARTESIAN_POINT('',(4.525E0,6.5E-1,-4.195E0));
#376=LINE('',#375,#374);
#377=DIRECTION('',(0.E0,0.E0,1.E0));
#378=VECTOR('',#377,8.5E-1);
#379=CARTESIAN_POINT('',(4.525E0,1.05E0,-4.195E0));
#380=LINE('',#379,#378);
#381=DIRECTION('',(1.E0,0.E0,0.E0));
#382=VECTOR('',#381,1.3E-1);
#383=CARTESIAN_POINT('',(4.895E0,-1.2E0,3.795E0));
#384=LINE('',#383,#382);
#385=DIRECTION('',(1.E0,0.E0,0.E0));
#386=VECTOR('',#385,5.E-1);
#387=CARTESIAN_POINT('',(4.525E0,-1.6E0,4.195E0));
#388=LINE('',#387,#386);
#389=DIRECTION('',(1.E0,0.E0,0.E0));
#390=VECTOR('',#389,5.E-1);
#391=CARTESIAN_POINT('',(4.525E0,-1.64E0,4.195E0));
#392=LINE('',#391,#390);
#393=DIRECTION('',(1.E0,0.E0,0.E0));
#394=VECTOR('',#393,5.E-1);
#395=CARTESIAN_POINT('',(4.525E0,-2.04E0,3.795E0));
#396=LINE('',#395,#394);
#397=DIRECTION('',(1.E0,0.E0,0.E0));
#398=VECTOR('',#397,5.E-1);
#399=CARTESIAN_POINT('',(4.525E0,-2.04E0,1.145E0));
#400=LINE('',#399,#398);
#401=DIRECTION('',(1.E0,0.E0,0.E0));
#402=VECTOR('',#401,5.E-1);
#403=CARTESIAN_POINT('',(4.525E0,-1.89E0,9.95E-1));
#404=LINE('',#403,#402);
#405=DIRECTION('',(1.E0,0.E0,0.E0));
#406=VECTOR('',#405,5.E-1);
#407=CARTESIAN_POINT('',(4.525E0,-1.75E0,9.95E-1));
#408=LINE('',#407,#406);
#409=DIRECTION('',(1.E0,0.E0,0.E0));
#410=VECTOR('',#409,5.E-1);
#411=CARTESIAN_POINT('',(4.525E0,-1.6E0,8.45E-1));
#412=LINE('',#411,#410);
#413=DIRECTION('',(1.E0,0.E0,0.E0));
#414=VECTOR('',#413,5.E-1);
#415=CARTESIAN_POINT('',(4.525E0,-1.6E0,-1.855E0));
#416=LINE('',#415,#414);
#417=DIRECTION('',(1.E0,0.E0,0.E0));
#418=VECTOR('',#417,5.E-1);
#419=CARTESIAN_POINT('',(4.525E0,-1.75E0,-2.005E0));
#420=LINE('',#419,#418);
#421=DIRECTION('',(1.E0,0.E0,0.E0));
#422=VECTOR('',#421,5.E-1);
#423=CARTESIAN_POINT('',(4.525E0,-1.89E0,-2.005E0));
#424=LINE('',#423,#422);
#425=DIRECTION('',(1.E0,0.E0,0.E0));
#426=VECTOR('',#425,5.E-1);
#427=CARTESIAN_POINT('',(4.525E0,-2.04E0,-2.155E0));
#428=LINE('',#427,#426);
#429=DIRECTION('',(1.E0,0.E0,0.E0));
#430=VECTOR('',#429,5.E-1);
#431=CARTESIAN_POINT('',(4.525E0,-2.04E0,-3.185E0));
#432=LINE('',#431,#430);
#433=DIRECTION('',(1.E0,0.E0,0.E0));
#434=VECTOR('',#433,5.E-1);
#435=CARTESIAN_POINT('',(4.525E0,-1.74E0,-3.485E0));
#436=LINE('',#435,#434);
#437=DIRECTION('',(1.E0,0.E0,0.E0));
#438=VECTOR('',#437,5.E-1);
#439=CARTESIAN_POINT('',(4.525E0,-1.28E0,-3.485E0));
#440=LINE('',#439,#438);
#441=DIRECTION('',(1.E0,0.E0,0.E0));
#442=VECTOR('',#441,5.E-1);
#443=CARTESIAN_POINT('',(4.525E0,-7.8E-1,-3.985E0));
#444=LINE('',#443,#442);
#445=DIRECTION('',(1.E0,0.E0,0.E0));
#446=VECTOR('',#445,5.E-1);
#447=CARTESIAN_POINT('',(4.525E0,-7.8E-1,-4.195E0));
#448=LINE('',#447,#446);
#449=DIRECTION('',(1.E0,0.E0,0.E0));
#450=VECTOR('',#449,5.E-1);
#451=CARTESIAN_POINT('',(4.525E0,-6.696152422707E-1,-4.195E0));
#452=LINE('',#451,#450);
#453=DIRECTION('',(1.E0,0.E0,0.E0));
#454=VECTOR('',#453,5.E-1);
#455=CARTESIAN_POINT('',(4.525E0,-4.098076211353E-1,-4.345E0));
#456=LINE('',#455,#454);
#457=DIRECTION('',(1.E0,0.E0,0.E0));
#458=VECTOR('',#457,5.E-1);
#459=CARTESIAN_POINT('',(4.525E0,3.901923788647E-1,-4.345E0));
#460=LINE('',#459,#458);
#461=DIRECTION('',(1.E0,0.E0,0.E0));
#462=VECTOR('',#461,5.E-1);
#463=CARTESIAN_POINT('',(4.525E0,6.5E-1,-4.195E0));
#464=LINE('',#463,#462);
#465=DIRECTION('',(1.E0,0.E0,0.E0));
#466=VECTOR('',#465,5.E-1);
#467=CARTESIAN_POINT('',(4.525E0,1.05E0,-4.195E0));
#468=LINE('',#467,#466);
#469=DIRECTION('',(0.E0,1.E0,0.E0));
#470=VECTOR('',#469,2.25E0);
#471=CARTESIAN_POINT('',(4.525E0,-1.2E0,-3.345E0));
#472=LINE('',#471,#470);
#473=DIRECTION('',(1.E0,0.E0,0.E0));
#474=VECTOR('',#473,5.E-1);
#475=CARTESIAN_POINT('',(4.525E0,1.05E0,-3.345E0));
#476=LINE('',#475,#474);
#477=DIRECTION('',(0.E0,1.E0,0.E0));
#478=VECTOR('',#477,2.25E0);
#479=CARTESIAN_POINT('',(5.025E0,-1.2E0,-3.345E0));
#480=LINE('',#479,#478);
#481=DIRECTION('',(0.E0,-1.E0,0.E0));
#482=VECTOR('',#481,2.94E0);
#483=CARTESIAN_POINT('',(5.125E0,1.74E0,-3.345E0));
#484=LINE('',#483,#482);
#485=DIRECTION('',(0.E0,0.E0,-1.E0));
#486=VECTOR('',#485,6.68E0);
#487=CARTESIAN_POINT('',(5.125E0,-1.2E0,3.335E0));
#488=LINE('',#487,#486);
#489=DIRECTION('',(0.E0,1.E0,0.E0));
#490=VECTOR('',#489,1.732296703857E0);
#491=CARTESIAN_POINT('',(3.1175E0,-7.972967038573E-1,-4.345E0));
#492=LINE('',#491,#490);
#493=DIRECTION('',(-1.E0,0.E0,0.E0));
#494=VECTOR('',#493,6.35E-1);
#495=CARTESIAN_POINT('',(3.1175E0,-7.972967038573E-1,-4.345E0));
#496=LINE('',#495,#494);
#497=DIRECTION('',(0.E0,1.E0,0.E0));
#498=VECTOR('',#497,1.732296703857E0);
#499=CARTESIAN_POINT('',(2.4825E0,-7.972967038573E-1,-4.345E0));
#500=LINE('',#499,#498);
#501=DIRECTION('',(-1.E0,0.E0,0.E0));
#502=VECTOR('',#501,6.35E-1);
#503=CARTESIAN_POINT('',(3.1175E0,9.35E-1,-4.345E0));
#504=LINE('',#503,#502);
#505=DIRECTION('',(0.E0,1.E0,0.E0));
#506=VECTOR('',#505,1.732296703857E0);
#507=CARTESIAN_POINT('',(6.175E-1,-7.972967038573E-1,-4.345E0));
#508=LINE('',#507,#506);
#509=DIRECTION('',(-1.E0,0.E0,0.E0));
#510=VECTOR('',#509,6.35E-1);
#511=CARTESIAN_POINT('',(6.175E-1,-7.972967038573E-1,-4.345E0));
#512=LINE('',#511,#510);
#513=DIRECTION('',(0.E0,1.E0,0.E0));
#514=VECTOR('',#513,1.732296703857E0);
#515=CARTESIAN_POINT('',(-1.75E-2,-7.972967038573E-1,-4.345E0));
#516=LINE('',#515,#514);
#517=DIRECTION('',(-1.E0,0.E0,0.E0));
#518=VECTOR('',#517,6.35E-1);
#519=CARTESIAN_POINT('',(6.175E-1,9.35E-1,-4.345E0));
#520=LINE('',#519,#518);
#521=DIRECTION('',(0.E0,1.E0,0.E0));
#522=VECTOR('',#521,1.732296703857E0);
#523=CARTESIAN_POINT('',(-1.8825E0,-7.972967038573E-1,-4.345E0));
#524=LINE('',#523,#522);
#525=DIRECTION('',(-1.E0,0.E0,0.E0));
#526=VECTOR('',#525,6.35E-1);
#527=CARTESIAN_POINT('',(-1.8825E0,-7.972967038573E-1,-4.345E0));
#528=LINE('',#527,#526);
#529=DIRECTION('',(0.E0,1.E0,0.E0));
#530=VECTOR('',#529,1.732296703857E0);
#531=CARTESIAN_POINT('',(-2.5175E0,-7.972967038573E-1,-4.345E0));
#532=LINE('',#531,#530);
#533=DIRECTION('',(-1.E0,0.E0,0.E0));
#534=VECTOR('',#533,6.35E-1);
#535=CARTESIAN_POINT('',(-1.8825E0,9.35E-1,-4.345E0));
#536=LINE('',#535,#534);
#537=DIRECTION('',(0.E0,1.E0,0.E0));
#538=VECTOR('',#537,3.48E0);
#539=CARTESIAN_POINT('',(5.125E0,-1.74E0,-4.345E0));
#540=LINE('',#539,#538);
#541=DIRECTION('',(0.E0,1.E0,0.E0));
#542=VECTOR('',#541,3.48E0);
#543=CARTESIAN_POINT('',(5.62E0,-1.74E0,-4.345E0));
#544=LINE('',#543,#542);
#545=DIRECTION('',(0.E0,1.E0,0.E0));
#546=VECTOR('',#545,3.48E0);
#547=CARTESIAN_POINT('',(-4.425E0,-1.74E0,-4.345E0));
#548=LINE('',#547,#546);
#549=DIRECTION('',(0.E0,1.E0,0.E0));
#550=VECTOR('',#549,5.322967038573E-1);
#551=CARTESIAN_POINT('',(-2.5175E0,-1.74E0,-4.345E0));
#552=LINE('',#551,#550);
#553=DIRECTION('',(-1.E0,0.E0,0.E0));
#554=VECTOR('',#553,6.35E-1);
#555=CARTESIAN_POINT('',(-1.8825E0,-1.207703296143E0,-4.345E0));
#556=LINE('',#555,#554);
#557=DIRECTION('',(0.E0,1.E0,0.E0));
#558=VECTOR('',#557,5.322967038573E-1);
#559=CARTESIAN_POINT('',(-1.8825E0,-1.74E0,-4.345E0));
#560=LINE('',#559,#558);
#561=DIRECTION('',(0.E0,1.E0,0.E0));
#562=VECTOR('',#561,5.322967038573E-1);
#563=CARTESIAN_POINT('',(-1.75E-2,-1.74E0,-4.345E0));
#564=LINE('',#563,#562);
#565=DIRECTION('',(-1.E0,0.E0,0.E0));
#566=VECTOR('',#565,6.35E-1);
#567=CARTESIAN_POINT('',(6.175E-1,-1.207703296143E0,-4.345E0));
#568=LINE('',#567,#566);
#569=DIRECTION('',(0.E0,1.E0,0.E0));
#570=VECTOR('',#569,5.322967038573E-1);
#571=CARTESIAN_POINT('',(6.175E-1,-1.74E0,-4.345E0));
#572=LINE('',#571,#570);
#573=DIRECTION('',(0.E0,1.E0,0.E0));
#574=VECTOR('',#573,5.322967038573E-1);
#575=CARTESIAN_POINT('',(2.4825E0,-1.74E0,-4.345E0));
#576=LINE('',#575,#574);
#577=DIRECTION('',(-1.E0,0.E0,0.E0));
#578=VECTOR('',#577,6.35E-1);
#579=CARTESIAN_POINT('',(3.1175E0,-1.207703296143E0,-4.345E0));
#580=LINE('',#579,#578);
#581=DIRECTION('',(0.E0,1.E0,0.E0));
#582=VECTOR('',#581,5.322967038573E-1);
#583=CARTESIAN_POINT('',(3.1175E0,-1.74E0,-4.345E0));
#584=LINE('',#583,#582);
#585=DIRECTION('',(0.E0,1.E0,0.E0));
#586=VECTOR('',#585,3.48E0);
#587=CARTESIAN_POINT('',(4.425E0,-1.74E0,-4.345E0));
#588=LINE('',#587,#586);
#589=DIRECTION('',(0.E0,1.E0,0.E0));
#590=VECTOR('',#589,3.48E0);
#591=CARTESIAN_POINT('',(-5.125E0,-1.74E0,-4.345E0));
#592=LINE('',#591,#590);
#593=CARTESIAN_POINT('',(3.1175E0,-1.1E0,-4.625E0));
#594=DIRECTION('',(1.E0,0.E0,0.E0));
#595=DIRECTION('',(0.E0,-3.590109871423E-1,9.333333333333E-1));
#596=AXIS2_PLACEMENT_3D('',#593,#594,#595);
#598=DIRECTION('',(0.E0,0.E0,-1.E0));
#599=VECTOR('',#598,8.E-1);
#600=CARTESIAN_POINT('',(3.1175E0,-1.4E0,-4.625E0));
#601=LINE('',#600,#599);
#602=DIRECTION('',(0.E0,-7.071067811865E-1,-7.071067811865E-1));
#603=VECTOR('',#602,2.828427124746E-1);
#604=CARTESIAN_POINT('',(3.1175E0,-1.4E0,-5.425E0));
#605=LINE('',#604,#603);
#606=DIRECTION('',(0.E0,-1.E0,0.E0));
#607=VECTOR('',#606,2.4E-1);
#608=CARTESIAN_POINT('',(3.1175E0,-1.6E0,-5.625E0));
#609=LINE('',#608,#607);
#610=CARTESIAN_POINT('',(3.1175E0,-1.84E0,-5.425E0));
#611=DIRECTION('',(-1.E0,0.E0,0.E0));
#612=DIRECTION('',(0.E0,0.E0,-1.E0));
#613=AXIS2_PLACEMENT_3D('',#610,#611,#612);
#615=DIRECTION('',(0.E0,0.E0,1.E0));
#616=VECTOR('',#615,1.518E0);
#617=CARTESIAN_POINT('',(3.1175E0,-2.04E0,-5.425E0));
#618=LINE('',#617,#616);
#619=CARTESIAN_POINT('',(3.1175E0,-1.84E0,-3.907E0));
#620=DIRECTION('',(-1.E0,0.E0,0.E0));
#621=DIRECTION('',(0.E0,-1.E0,0.E0));
#622=AXIS2_PLACEMENT_3D('',#619,#620,#621);
#624=DIRECTION('',(0.E0,1.E0,0.E0));
#625=VECTOR('',#624,1.E-1);
#626=CARTESIAN_POINT('',(3.1175E0,-1.84E0,-3.707E0));
#627=LINE('',#626,#625);
#628=DIRECTION('',(0.E0,0.E0,-1.E0));
#629=VECTOR('',#628,1.4E-1);
#630=CARTESIAN_POINT('',(3.1175E0,9.35E-1,-4.345E0));
#631=LINE('',#630,#629);
#632=DIRECTION('',(0.E0,-1.E0,0.E0));
#633=VECTOR('',#632,3.3E-1);
#634=CARTESIAN_POINT('',(3.1175E0,9.35E-1,-4.485E0));
#635=LINE('',#634,#633);
#636=CARTESIAN_POINT('',(3.1175E0,6.05E-1,-4.735E0));
#637=DIRECTION('',(1.E0,0.E0,0.E0));
#638=DIRECTION('',(0.E0,0.E0,1.E0));
#639=AXIS2_PLACEMENT_3D('',#636,#637,#638);
#641=DIRECTION('',(0.E0,0.E0,-1.E0));
#642=VECTOR('',#641,3.5E-1);
#643=CARTESIAN_POINT('',(3.1175E0,3.55E-1,-4.735E0));
#644=LINE('',#643,#642);
#645=DIRECTION('',(0.E0,-1.E0,0.E0));
#646=VECTOR('',#645,8.6E-1);
#647=CARTESIAN_POINT('',(3.1175E0,3.55E-1,-5.085E0));
#648=LINE('',#647,#646);
#649=CARTESIAN_POINT('',(3.1175E0,-5.05E-1,-4.985E0));
#650=DIRECTION('',(-1.E0,0.E0,0.E0));
#651=DIRECTION('',(0.E0,0.E0,-1.E0));
#652=AXIS2_PLACEMENT_3D('',#649,#650,#651);
#654=DIRECTION('',(0.E0,0.E0,1.E0));
#655=VECTOR('',#654,3.6E-1);
#656=CARTESIAN_POINT('',(3.1175E0,-6.05E-1,-4.985E0));
#657=LINE('',#656,#655);
#658=CARTESIAN_POINT('',(3.1175E0,-9.05E-1,-4.625E0));
#659=DIRECTION('',(1.E0,0.E0,0.E0));
#660=DIRECTION('',(0.E0,1.E0,0.E0));
#661=AXIS2_PLACEMENT_3D('',#658,#659,#660);
#663=DIRECTION('',(0.E0,-1.E0,0.E0));
#664=VECTOR('',#663,6.4E-1);
#665=CARTESIAN_POINT('',(3.1175E0,3.2E-1,2.093E0));
#666=LINE('',#665,#664);
#667=DIRECTION('',(0.E0,0.E0,-1.E0));
#668=VECTOR('',#667,3.748E0);
#669=CARTESIAN_POINT('',(3.1175E0,3.2E-1,2.093E0));
#670=LINE('',#669,#668);
#671=DIRECTION('',(0.E0,0.E0,1.E0));
#672=VECTOR('',#671,3.748E0);
#673=CARTESIAN_POINT('',(3.1175E0,-3.2E-1,-1.655E0));
#674=LINE('',#673,#672);
#675=DIRECTION('',(0.E0,1.E0,0.E0));
#676=VECTOR('',#675,1.E-1);
#677=CARTESIAN_POINT('',(2.4825E0,-1.84E0,-3.707E0));
#678=LINE('',#677,#676);
#679=CARTESIAN_POINT('',(2.4825E0,-1.84E0,-3.907E0));
#680=DIRECTION('',(-1.E0,0.E0,0.E0));
#681=DIRECTION('',(0.E0,-1.E0,0.E0));
#682=AXIS2_PLACEMENT_3D('',#679,#680,#681);
#684=DIRECTION('',(0.E0,0.E0,1.E0));
#685=VECTOR('',#684,1.518E0);
#686=CARTESIAN_POINT('',(2.4825E0,-2.04E0,-5.425E0));
#687=LINE('',#686,#685);
#688=CARTESIAN_POINT('',(2.4825E0,-1.84E0,-5.425E0));
#689=DIRECTION('',(-1.E0,0.E0,0.E0));
#690=DIRECTION('',(0.E0,0.E0,-1.E0));
#691=AXIS2_PLACEMENT_3D('',#688,#689,#690);
#693=DIRECTION('',(0.E0,-1.E0,0.E0));
#694=VECTOR('',#693,2.4E-1);
#695=CARTESIAN_POINT('',(2.4825E0,-1.6E0,-5.625E0));
#696=LINE('',#695,#694);
#697=DIRECTION('',(0.E0,-7.071067811865E-1,-7.071067811865E-1));
#698=VECTOR('',#697,2.828427124746E-1);
#699=CARTESIAN_POINT('',(2.4825E0,-1.4E0,-5.425E0));
#700=LINE('',#699,#698);
#701=DIRECTION('',(0.E0,0.E0,-1.E0));
#702=VECTOR('',#701,8.E-1);
#703=CARTESIAN_POINT('',(2.4825E0,-1.4E0,-4.625E0));
#704=LINE('',#703,#702);
#705=CARTESIAN_POINT('',(2.4825E0,-1.1E0,-4.625E0));
#706=DIRECTION('',(1.E0,0.E0,0.E0));
#707=DIRECTION('',(0.E0,-3.590109871423E-1,9.333333333333E-1));
#708=AXIS2_PLACEMENT_3D('',#705,#706,#707);
#710=CARTESIAN_POINT('',(2.4825E0,-9.05E-1,-4.625E0));
#711=DIRECTION('',(1.E0,0.E0,0.E0));
#712=DIRECTION('',(0.E0,1.E0,0.E0));
#713=AXIS2_PLACEMENT_3D('',#710,#711,#712);
#715=DIRECTION('',(0.E0,0.E0,1.E0));
#716=VECTOR('',#715,3.6E-1);
#717=CARTESIAN_POINT('',(2.4825E0,-6.05E-1,-4.985E0));
#718=LINE('',#717,#716);
#719=CARTESIAN_POINT('',(2.4825E0,-5.05E-1,-4.985E0));
#720=DIRECTION('',(-1.E0,0.E0,0.E0));
#721=DIRECTION('',(0.E0,0.E0,-1.E0));
#722=AXIS2_PLACEMENT_3D('',#719,#720,#721);
#724=DIRECTION('',(0.E0,-1.E0,0.E0));
#725=VECTOR('',#724,8.6E-1);
#726=CARTESIAN_POINT('',(2.4825E0,3.55E-1,-5.085E0));
#727=LINE('',#726,#725);
#728=DIRECTION('',(0.E0,0.E0,-1.E0));
#729=VECTOR('',#728,3.5E-1);
#730=CARTESIAN_POINT('',(2.4825E0,3.55E-1,-4.735E0));
#731=LINE('',#730,#729);
#732=CARTESIAN_POINT('',(2.4825E0,6.05E-1,-4.735E0));
#733=DIRECTION('',(1.E0,0.E0,0.E0));
#734=DIRECTION('',(0.E0,0.E0,1.E0));
#735=AXIS2_PLACEMENT_3D('',#732,#733,#734);
#737=DIRECTION('',(0.E0,-1.E0,0.E0));
#738=VECTOR('',#737,3.3E-1);
#739=CARTESIAN_POINT('',(2.4825E0,9.35E-1,-4.485E0));
#740=LINE('',#739,#738);
#741=DIRECTION('',(0.E0,0.E0,-1.E0));
#742=VECTOR('',#741,1.4E-1);
#743=CARTESIAN_POINT('',(2.4825E0,9.35E-1,-4.345E0));
#744=LINE('',#743,#742);
#745=DIRECTION('',(0.E0,1.E0,0.E0));
#746=VECTOR('',#745,6.4E-1);
#747=CARTESIAN_POINT('',(2.4825E0,-3.2E-1,2.093E0));
#748=LINE('',#747,#746);
#749=DIRECTION('',(0.E0,0.E0,1.E0));
#750=VECTOR('',#749,3.748E0);
#751=CARTESIAN_POINT('',(2.4825E0,-3.2E-1,-1.655E0));
#752=LINE('',#751,#750);
#753=DIRECTION('',(0.E0,0.E0,-1.E0));
#754=VECTOR('',#753,3.748E0);
#755=CARTESIAN_POINT('',(2.4825E0,3.2E-1,2.093E0));
#756=LINE('',#755,#754);
#757=DIRECTION('',(-1.E0,0.E0,0.E0));
#758=VECTOR('',#757,6.35E-1);
#759=CARTESIAN_POINT('',(3.1175E0,-1.84E0,-3.707E0));
#760=LINE('',#759,#758);
#761=DIRECTION('',(-1.E0,0.E0,0.E0));
#762=VECTOR('',#761,6.35E-1);
#763=CARTESIAN_POINT('',(3.1175E0,-2.04E0,-3.907E0));
#764=LINE('',#763,#762);
#765=DIRECTION('',(-1.E0,0.E0,0.E0));
#766=VECTOR('',#765,6.35E-1);
#767=CARTESIAN_POINT('',(3.1175E0,-2.04E0,-5.425E0));
#768=LINE('',#767,#766);
#769=DIRECTION('',(-1.E0,0.E0,0.E0));
#770=VECTOR('',#769,6.35E-1);
#771=CARTESIAN_POINT('',(3.1175E0,-1.84E0,-5.625E0));
#772=LINE('',#771,#770);
#773=DIRECTION('',(-1.E0,0.E0,0.E0));
#774=VECTOR('',#773,6.35E-1);
#775=CARTESIAN_POINT('',(3.1175E0,-1.6E0,-5.625E0));
#776=LINE('',#775,#774);
#777=DIRECTION('',(-1.E0,0.E0,0.E0));
#778=VECTOR('',#777,6.35E-1);
#779=CARTESIAN_POINT('',(3.1175E0,-1.4E0,-5.425E0));
#780=LINE('',#779,#778);
#781=DIRECTION('',(-1.E0,0.E0,0.E0));
#782=VECTOR('',#781,6.35E-1);
#783=CARTESIAN_POINT('',(3.1175E0,-1.4E0,-4.625E0));
#784=LINE('',#783,#782);
#785=DIRECTION('',(-1.E0,0.E0,0.E0));
#786=VECTOR('',#785,6.35E-1);
#787=CARTESIAN_POINT('',(3.1175E0,-6.05E-1,-4.625E0));
#788=LINE('',#787,#786);
#789=DIRECTION('',(-1.E0,0.E0,0.E0));
#790=VECTOR('',#789,6.35E-1);
#791=CARTESIAN_POINT('',(3.1175E0,-6.05E-1,-4.985E0));
#792=LINE('',#791,#790);
#793=DIRECTION('',(-1.E0,0.E0,0.E0));
#794=VECTOR('',#793,6.35E-1);
#795=CARTESIAN_POINT('',(3.1175E0,-5.05E-1,-5.085E0));
#796=LINE('',#795,#794);
#797=DIRECTION('',(-1.E0,0.E0,0.E0));
#798=VECTOR('',#797,6.35E-1);
#799=CARTESIAN_POINT('',(3.1175E0,3.55E-1,-5.085E0));
#800=LINE('',#799,#798);
#801=DIRECTION('',(-1.E0,0.E0,0.E0));
#802=VECTOR('',#801,6.35E-1);
#803=CARTESIAN_POINT('',(3.1175E0,3.55E-1,-4.735E0));
#804=LINE('',#803,#802);
#805=DIRECTION('',(-1.E0,0.E0,0.E0));
#806=VECTOR('',#805,6.35E-1);
#807=CARTESIAN_POINT('',(3.1175E0,6.05E-1,-4.485E0));
#808=LINE('',#807,#806);
#809=DIRECTION('',(-1.E0,0.E0,0.E0));
#810=VECTOR('',#809,6.35E-1);
#811=CARTESIAN_POINT('',(3.1175E0,9.35E-1,-4.485E0));
#812=LINE('',#811,#810);
#813=DIRECTION('',(1.789649958816E-1,2.386199945088E-1,-9.544799780350E-1));
#814=VECTOR('',#813,8.381527307120E-1);
#815=CARTESIAN_POINT('',(2.9675E0,1.2E-1,2.893E0));
#816=LINE('',#815,#814);
#817=DIRECTION('',(-1.E0,0.E0,0.E0));
#818=VECTOR('',#817,3.35E-1);
#819=CARTESIAN_POINT('',(2.9675E0,1.2E-1,2.893E0));
#820=LINE('',#819,#818);
#821=DIRECTION('',(1.789649958816E-1,-2.386199945088E-1,9.544799780350E-1));
#822=VECTOR('',#821,8.381527307120E-1);
#823=CARTESIAN_POINT('',(2.4825E0,3.2E-1,2.093E0));
#824=LINE('',#823,#822);
#825=DIRECTION('',(-1.789649958816E-1,2.386199945088E-1,9.544799780350E-1));
#826=VECTOR('',#825,8.381527307120E-1);
#827=CARTESIAN_POINT('',(3.1175E0,-3.2E-1,2.093E0));
#828=LINE('',#827,#826);
#829=DIRECTION('',(-1.E0,0.E0,0.E0));
#830=VECTOR('',#829,6.35E-1);
#831=CARTESIAN_POINT('',(3.1175E0,-3.2E-1,2.093E0));
#832=LINE('',#831,#830);
#833=DIRECTION('',(-1.789649958816E-1,-2.386199945088E-1,-9.544799780350E-1));
#834=VECTOR('',#833,8.381527307120E-1);
#835=CARTESIAN_POINT('',(2.6325E0,-1.2E-1,2.893E0));
#836=LINE('',#835,#834);
#837=DIRECTION('',(0.E0,-1.E0,0.E0));
#838=VECTOR('',#837,2.19E0);
#839=CARTESIAN_POINT('',(1.705E0,1.095E0,-1.655E0));
#840=LINE('',#839,#838);
#841=DIRECTION('',(-1.E0,0.E0,0.E0));
#842=VECTOR('',#841,2.19E0);
#843=CARTESIAN_POINT('',(3.895E0,1.095E0,-1.655E0));
#844=LINE('',#843,#842);
#845=DIRECTION('',(0.E0,1.E0,0.E0));
#846=VECTOR('',#845,2.19E0);
#847=CARTESIAN_POINT('',(3.895E0,-1.095E0,-1.655E0));
#848=LINE('',#847,#846);
#849=DIRECTION('',(1.E0,0.E0,0.E0));
#850=VECTOR('',#849,2.19E0);
#851=CARTESIAN_POINT('',(1.705E0,-1.095E0,-1.655E0));
#852=LINE('',#851,#850);
#853=DIRECTION('',(0.E0,1.E0,0.E0));
#854=VECTOR('',#853,6.4E-1);
#855=CARTESIAN_POINT('',(3.1175E0,-3.2E-1,-1.655E0));
#856=LINE('',#855,#854);
#857=DIRECTION('',(-1.E0,0.E0,0.E0));
#858=VECTOR('',#857,6.35E-1);
#859=CARTESIAN_POINT('',(3.1175E0,3.2E-1,-1.655E0));
#860=LINE('',#859,#858);
#861=DIRECTION('',(0.E0,1.E0,0.E0));
#862=VECTOR('',#861,6.4E-1);
#863=CARTESIAN_POINT('',(2.4825E0,-3.2E-1,-1.655E0));
#864=LINE('',#863,#862);
#865=DIRECTION('',(-1.E0,0.E0,0.E0));
#866=VECTOR('',#865,6.35E-1);
#867=CARTESIAN_POINT('',(3.1175E0,-3.2E-1,-1.655E0));
#868=LINE('',#867,#866);
#869=DIRECTION('',(0.E0,1.E0,0.E0));
#870=VECTOR('',#869,1.225E0);
#871=CARTESIAN_POINT('',(1.705E0,2.15E-1,4.345E0));
#872=LINE('',#871,#870);
#873=DIRECTION('',(0.E0,0.E0,-1.E0));
#874=VECTOR('',#873,4.54E0);
#875=CARTESIAN_POINT('',(1.705E0,1.44E0,4.345E0));
#876=LINE('',#875,#874);
#877=DIRECTION('',(0.E0,0.E0,-1.E0));
#878=VECTOR('',#877,1.46E0);
#879=CARTESIAN_POINT('',(1.705E0,1.095E0,-1.95E-1));
#880=LINE('',#879,#878);
#881=DIRECTION('',(0.E0,1.E0,0.E0));
#882=VECTOR('',#881,7.1E-1);
#883=CARTESIAN_POINT('',(1.705E0,-1.095E0,4.5E-2));
#884=LINE('',#883,#882);
#885=DIRECTION('',(0.E0,0.E0,1.E0));
#886=VECTOR('',#885,3.7E0);
#887=CARTESIAN_POINT('',(1.705E0,-3.85E-1,4.5E-2));
#888=LINE('',#887,#886);
#889=DIRECTION('',(0.E0,7.071067811865E-1,7.071067811865E-1));
#890=VECTOR('',#889,8.485281374239E-1);
#891=CARTESIAN_POINT('',(1.705E0,-3.85E-1,3.745E0));
#892=LINE('',#891,#890);
#893=DIRECTION('',(0.E0,-1.E0,0.E0));
#894=VECTOR('',#893,7.5E-1);
#895=CARTESIAN_POINT('',(-4.52E0,4.5E-1,4.345E0));
#896=LINE('',#895,#894);
#897=DIRECTION('',(1.E0,0.E0,0.E0));
#898=VECTOR('',#897,9.E-1);
#899=CARTESIAN_POINT('',(-4.52E0,-3.E-1,4.345E0));
#900=LINE('',#899,#898);
#901=DIRECTION('',(0.E0,1.E0,0.E0));
#902=VECTOR('',#901,7.5E-1);
#903=CARTESIAN_POINT('',(-3.62E0,-3.E-1,4.345E0));
#904=LINE('',#903,#902);
#905=DIRECTION('',(-1.E0,0.E0,0.E0));
#906=VECTOR('',#905,9.E-1);
#907=CARTESIAN_POINT('',(-3.62E0,4.5E-1,4.345E0));
#908=LINE('',#907,#906);
#909=DIRECTION('',(0.E0,1.E0,0.E0));
#910=VECTOR('',#909,2.3E-1);
#911=CARTESIAN_POINT('',(1.85E0,-1.97E0,4.345E0));
#912=LINE('',#911,#910);
#913=DIRECTION('',(1.E0,0.E0,0.E0));
#914=VECTOR('',#913,6.E-1);
#915=CARTESIAN_POINT('',(1.25E0,-1.97E0,4.345E0));
#916=LINE('',#915,#914);
#917=DIRECTION('',(0.E0,-1.E0,0.E0));
#918=VECTOR('',#917,2.3E-1);
#919=CARTESIAN_POINT('',(1.25E0,-1.74E0,4.345E0));
#920=LINE('',#919,#918);
#921=DIRECTION('',(0.E0,1.E0,0.E0));
#922=VECTOR('',#921,2.3E-1);
#923=CARTESIAN_POINT('',(-6.5E-1,-1.97E0,4.345E0));
#924=LINE('',#923,#922);
#925=DIRECTION('',(1.E0,0.E0,0.E0));
#926=VECTOR('',#925,6.E-1);
#927=CARTESIAN_POINT('',(-1.25E0,-1.97E0,4.345E0));
#928=LINE('',#927,#926);
#929=DIRECTION('',(0.E0,-1.E0,0.E0));
#930=VECTOR('',#929,2.3E-1);
#931=CARTESIAN_POINT('',(-1.25E0,-1.74E0,4.345E0));
#932=LINE('',#931,#930);
#933=DIRECTION('',(0.E0,1.E0,0.E0));
#934=VECTOR('',#933,5.4E-1);
#935=CARTESIAN_POINT('',(-4.425E0,-1.74E0,4.345E0));
#936=LINE('',#935,#934);
#937=DIRECTION('',(1.E0,0.E0,0.E0));
#938=VECTOR('',#937,1.95E-1);
#939=CARTESIAN_POINT('',(-4.62E0,-1.2E0,4.345E0));
#940=LINE('',#939,#938);
#941=DIRECTION('',(0.E0,-1.E0,0.E0));
#942=VECTOR('',#941,2.94E0);
#943=CARTESIAN_POINT('',(-4.62E0,1.74E0,4.345E0));
#944=LINE('',#943,#942);
#945=DIRECTION('',(1.E0,0.E0,0.E0));
#946=VECTOR('',#945,5.E-1);
#947=CARTESIAN_POINT('',(-2.5E0,2.56E0,4.345E0));
#948=LINE('',#947,#946);
#949=DIRECTION('',(0.E0,-1.E0,0.E0));
#950=VECTOR('',#949,1.465E0);
#951=CARTESIAN_POINT('',(-2.E0,2.56E0,4.345E0));
#952=LINE('',#951,#950);
#953=DIRECTION('',(-1.E0,0.E0,0.E0));
#954=VECTOR('',#953,1.295E0);
#955=CARTESIAN_POINT('',(-2.E0,1.095E0,4.345E0));
#956=LINE('',#955,#954);
#957=DIRECTION('',(0.E0,-1.E0,0.E0));
#958=VECTOR('',#957,2.19E0);
#959=CARTESIAN_POINT('',(-3.295E0,1.095E0,4.345E0));
#960=LINE('',#959,#958);
#961=DIRECTION('',(1.E0,0.E0,0.E0));
#962=VECTOR('',#961,2.19E0);
#963=CARTESIAN_POINT('',(-3.295E0,-1.095E0,4.345E0));
#964=LINE('',#963,#962);
#965=DIRECTION('',(1.E0,0.E0,0.E0));
#966=VECTOR('',#965,2.81E0);
#967=CARTESIAN_POINT('',(-1.105E0,1.44E0,4.345E0));
#968=LINE('',#967,#966);
#969=DIRECTION('',(1.E0,0.E0,0.E0));
#970=VECTOR('',#969,3.1E-1);
#971=CARTESIAN_POINT('',(1.395E0,2.15E-1,4.345E0));
#972=LINE('',#971,#970);
#973=DIRECTION('',(0.E0,1.E0,0.E0));
#974=VECTOR('',#973,8.8E-1);
#975=CARTESIAN_POINT('',(1.395E0,2.15E-1,4.345E0));
#976=LINE('',#975,#974);
#977=DIRECTION('',(-1.E0,0.E0,0.E0));
#978=VECTOR('',#977,2.19E0);
#979=CARTESIAN_POINT('',(1.395E0,1.095E0,4.345E0));
#980=LINE('',#979,#978);
#981=DIRECTION('',(0.E0,-1.E0,0.E0));
#982=VECTOR('',#981,2.19E0);
#983=CARTESIAN_POINT('',(-7.95E-1,1.095E0,4.345E0));
#984=LINE('',#983,#982);
#985=DIRECTION('',(0.E0,1.E0,0.E0));
#986=VECTOR('',#985,2.19E0);
#987=CARTESIAN_POINT('',(3.895E0,-1.095E0,4.345E0));
#988=LINE('',#987,#986);
#989=DIRECTION('',(-1.E0,0.E0,0.E0));
#990=VECTOR('',#989,1.295E0);
#991=CARTESIAN_POINT('',(3.895E0,1.095E0,4.345E0));
#992=LINE('',#991,#990);
#993=DIRECTION('',(0.E0,-1.E0,0.E0));
#994=VECTOR('',#993,1.465E0);
#995=CARTESIAN_POINT('',(2.6E0,2.56E0,4.345E0));
#996=LINE('',#995,#994);
#997=DIRECTION('',(1.E0,0.E0,0.E0));
#998=VECTOR('',#997,5.E-1);
#999=CARTESIAN_POINT('',(2.6E0,2.56E0,4.345E0));
#1000=LINE('',#999,#998);
#1001=DIRECTION('',(0.E0,-1.E0,0.E0));
#1002=VECTOR('',#1001,2.94E0);
#1003=CARTESIAN_POINT('',(4.62E0,1.74E0,4.345E0));
#1004=LINE('',#1003,#1002);
#1005=DIRECTION('',(-1.E0,0.E0,0.E0));
#1006=VECTOR('',#1005,1.95E-1);
#1007=CARTESIAN_POINT('',(4.62E0,-1.2E0,4.345E0));
#1008=LINE('',#1007,#1006);
#1009=DIRECTION('',(0.E0,1.E0,0.E0));
#1010=VECTOR('',#1009,5.4E-1);
#1011=CARTESIAN_POINT('',(4.425E0,-1.74E0,4.345E0));
#1012=LINE('',#1011,#1010);
#1013=DIRECTION('',(0.E0,0.E0,-1.E0));
#1014=VECTOR('',#1013,6.4E0);
#1015=CARTESIAN_POINT('',(-4.52E0,4.5E-1,4.345E0));
#1016=LINE('',#1015,#1014);
#1017=DIRECTION('',(0.E0,0.E0,-1.E0));
#1018=VECTOR('',#1017,6.4E0);
#1019=CARTESIAN_POINT('',(-3.62E0,4.5E-1,4.345E0));
#1020=LINE('',#1019,#1018);
#1021=DIRECTION('',(0.E0,0.E0,-1.E0));
#1022=VECTOR('',#1021,6.4E0);
#1023=CARTESIAN_POINT('',(-3.62E0,-3.E-1,4.345E0));
#1024=LINE('',#1023,#1022);
#1025=DIRECTION('',(0.E0,0.E0,-1.E0));
#1026=VECTOR('',#1025,6.4E0);
#1027=CARTESIAN_POINT('',(-4.52E0,-3.E-1,4.345E0));
#1028=LINE('',#1027,#1026);
#1029=DIRECTION('',(0.E0,-1.E0,0.E0));
#1030=VECTOR('',#1029,7.5E-1);
#1031=CARTESIAN_POINT('',(-4.52E0,4.5E-1,-2.055E0));
#1032=LINE('',#1031,#1030);
#1033=DIRECTION('',(-1.E0,0.E0,0.E0));
#1034=VECTOR('',#1033,9.E-1);
#1035=CARTESIAN_POINT('',(-3.62E0,4.5E-1,-2.055E0));
#1036=LINE('',#1035,#1034);
#1037=DIRECTION('',(0.E0,1.E0,0.E0));
#1038=VECTOR('',#1037,7.5E-1);
#1039=CARTESIAN_POINT('',(-3.62E0,-3.E-1,-2.055E0));
#1040=LINE('',#1039,#1038);
#1041=DIRECTION('',(1.E0,0.E0,0.E0));
#1042=VECTOR('',#1041,9.E-1);
#1043=CARTESIAN_POINT('',(-4.52E0,-3.E-1,-2.055E0));
#1044=LINE('',#1043,#1042);
#1045=DIRECTION('',(0.E0,0.E0,-1.E0));
#1046=VECTOR('',#1045,2.E0);
#1047=CARTESIAN_POINT('',(1.85E0,-1.97E0,4.345E0));
#1048=LINE('',#1047,#1046);
#1049=DIRECTION('',(0.E0,-1.E0,0.E0));
#1050=VECTOR('',#1049,2.3E-1);
#1051=CARTESIAN_POINT('',(-1.25E0,-1.74E0,2.345E0));
#1052=LINE('',#1051,#1050);
#1053=DIRECTION('',(1.E0,0.E0,0.E0));
#1054=VECTOR('',#1053,6.E-1);
#1055=CARTESIAN_POINT('',(-1.25E0,-1.97E0,2.345E0));
#1056=LINE('',#1055,#1054);
#1057=DIRECTION('',(0.E0,1.E0,0.E0));
#1058=VECTOR('',#1057,2.3E-1);
#1059=CARTESIAN_POINT('',(-6.5E-1,-1.97E0,2.345E0));
#1060=LINE('',#1059,#1058);
#1061=DIRECTION('',(0.E0,-1.E0,0.E0));
#1062=VECTOR('',#1061,2.3E-1);
#1063=CARTESIAN_POINT('',(1.25E0,-1.74E0,2.345E0));
#1064=LINE('',#1063,#1062);
#1065=DIRECTION('',(1.E0,0.E0,0.E0));
#1066=VECTOR('',#1065,6.E-1);
#1067=CARTESIAN_POINT('',(1.25E0,-1.97E0,2.345E0));
#1068=LINE('',#1067,#1066);
#1069=DIRECTION('',(0.E0,1.E0,0.E0));
#1070=VECTOR('',#1069,2.3E-1);
#1071=CARTESIAN_POINT('',(1.85E0,-1.97E0,2.345E0));
#1072=LINE('',#1071,#1070);
#1073=DIRECTION('',(0.E0,0.E0,-1.E0));
#1074=VECTOR('',#1073,2.E0);
#1075=CARTESIAN_POINT('',(-1.25E0,-1.97E0,4.345E0));
#1076=LINE('',#1075,#1074);
#1077=DIRECTION('',(0.E0,0.E0,-1.E0));
#1078=VECTOR('',#1077,2.E0);
#1079=CARTESIAN_POINT('',(-6.5E-1,-1.97E0,4.345E0));
#1080=LINE('',#1079,#1078);
#1081=DIRECTION('',(0.E0,0.E0,-1.E0));
#1082=VECTOR('',#1081,2.E0);
#1083=CARTESIAN_POINT('',(1.25E0,-1.97E0,4.345E0));
#1084=LINE('',#1083,#1082);
#1085=DIRECTION('',(0.E0,0.E0,1.E0));
#1086=VECTOR('',#1085,7.69E0);
#1087=CARTESIAN_POINT('',(-4.425E0,-1.2E0,-3.345E0));
#1088=LINE('',#1087,#1086);
#1089=DIRECTION('',(0.E0,-1.E0,0.E0));
#1090=VECTOR('',#1089,2.94E0);
#1091=CARTESIAN_POINT('',(-4.425E0,1.74E0,-3.345E0));
#1092=LINE('',#1091,#1090);
#1093=DIRECTION('',(0.E0,0.E0,1.E0));
#1094=VECTOR('',#1093,7.14E0);
#1095=CARTESIAN_POINT('',(-4.525E0,-1.2E0,-3.345E0));
#1096=LINE('',#1095,#1094);
#1097=DIRECTION('',(1.E0,0.E0,0.E0));
#1098=VECTOR('',#1097,3.7E-1);
#1099=CARTESIAN_POINT('',(-4.895E0,-1.2E0,3.795E0));
#1100=LINE('',#1099,#1098);
#1101=DIRECTION('',(-1.E0,0.E0,0.E0));
#1102=VECTOR('',#1101,1.E-1);
#1103=CARTESIAN_POINT('',(-4.425E0,-1.2E0,-3.345E0));
#1104=LINE('',#1103,#1102);
#1105=DIRECTION('',(0.E0,0.E0,-1.E0));
#1106=VECTOR('',#1105,6.88E0);
#1107=CARTESIAN_POINT('',(-5.025E0,-1.2E0,3.535E0));
#1108=LINE('',#1107,#1106);
#1109=DIRECTION('',(-1.E0,0.E0,0.E0));
#1110=VECTOR('',#1109,1.E-1);
#1111=CARTESIAN_POINT('',(-5.025E0,-1.2E0,-3.345E0));
#1112=LINE('',#1111,#1110);
#1113=CARTESIAN_POINT('',(-4.525E0,-1.6E0,3.795E0));
#1114=DIRECTION('',(1.E0,0.E0,0.E0));
#1115=DIRECTION('',(0.E0,1.E0,0.E0));
#1116=AXIS2_PLACEMENT_3D('',#1113,#1114,#1115);
#1118=DIRECTION('',(0.E0,0.E0,1.E0));
#1119=VECTOR('',#1118,8.5E-1);
#1120=CARTESIAN_POINT('',(-4.525E0,1.05E0,-4.195E0));
#1121=LINE('',#1120,#1119);
#1122=DIRECTION('',(0.E0,1.E0,0.E0));
#1123=VECTOR('',#1122,4.E-1);
#1124=CARTESIAN_POINT('',(-4.525E0,6.5E-1,-4.195E0));
#1125=LINE('',#1124,#1123);
#1126=CARTESIAN_POINT('',(-4.525E0,6.5E-1,-4.495E0));
#1127=DIRECTION('',(-1.E0,0.E0,0.E0));
#1128=DIRECTION('',(0.E0,-8.660254037844E-1,5.E-1));
#1129=AXIS2_PLACEMENT_3D('',#1126,#1127,#1128);
#1131=DIRECTION('',(0.E0,1.E0,0.E0));
#1132=VECTOR('',#1131,8.E-1);
#1133=CARTESIAN_POINT('',(-4.525E0,-4.098076211353E-1,-4.345E0));
#1134=LINE('',#1133,#1132);
#1135=CARTESIAN_POINT('',(-4.525E0,-6.696152422707E-1,-4.495E0));
#1136=DIRECTION('',(-1.E0,0.E0,0.E0));
#1137=DIRECTION('',(0.E0,0.E0,1.E0));
#1138=AXIS2_PLACEMENT_3D('',#1135,#1136,#1137);
#1140=DIRECTION('',(0.E0,1.E0,0.E0));
#1141=VECTOR('',#1140,1.103847577293E-1);
#1142=CARTESIAN_POINT('',(-4.525E0,-7.8E-1,-4.195E0));
#1143=LINE('',#1142,#1141);
#1144=DIRECTION('',(0.E0,0.E0,-1.E0));
#1145=VECTOR('',#1144,2.1E-1);
#1146=CARTESIAN_POINT('',(-4.525E0,-7.8E-1,-3.985E0));
#1147=LINE('',#1146,#1145);
#1148=CARTESIAN_POINT('',(-4.525E0,-1.28E0,-3.985E0));
#1149=DIRECTION('',(-1.E0,0.E0,0.E0));
#1150=DIRECTION('',(0.E0,0.E0,1.E0));
#1151=AXIS2_PLACEMENT_3D('',#1148,#1149,#1150);
#1153=DIRECTION('',(0.E0,1.E0,0.E0));
#1154=VECTOR('',#1153,4.6E-1);
#1155=CARTESIAN_POINT('',(-4.525E0,-1.74E0,-3.485E0));
#1156=LINE('',#1155,#1154);
#1157=CARTESIAN_POINT('',(-4.525E0,-1.74E0,-3.185E0));
#1158=DIRECTION('',(1.E0,0.E0,0.E0));
#1159=DIRECTION('',(0.E0,-1.E0,0.E0));
#1160=AXIS2_PLACEMENT_3D('',#1157,#1158,#1159);
#1162=DIRECTION('',(0.E0,0.E0,-1.E0));
#1163=VECTOR('',#1162,1.03E0);
#1164=CARTESIAN_POINT('',(-4.525E0,-2.04E0,-2.155E0));
#1165=LINE('',#1164,#1163);
#1166=CARTESIAN_POINT('',(-4.525E0,-1.89E0,-2.155E0));
#1167=DIRECTION('',(1.E0,0.E0,0.E0));
#1168=DIRECTION('',(0.E0,0.E0,1.E0));
#1169=AXIS2_PLACEMENT_3D('',#1166,#1167,#1168);
#1171=DIRECTION('',(0.E0,-1.E0,0.E0));
#1172=VECTOR('',#1171,1.4E-1);
#1173=CARTESIAN_POINT('',(-4.525E0,-1.75E0,-2.005E0));
#1174=LINE('',#1173,#1172);
#1175=CARTESIAN_POINT('',(-4.525E0,-1.75E0,-1.855E0));
#1176=DIRECTION('',(-1.E0,0.E0,0.E0));
#1177=DIRECTION('',(0.E0,1.E0,0.E0));
#1178=AXIS2_PLACEMENT_3D('',#1175,#1176,#1177);
#1180=DIRECTION('',(0.E0,0.E0,-1.E0));
#1181=VECTOR('',#1180,2.7E0);
#1182=CARTESIAN_POINT('',(-4.525E0,-1.6E0,8.45E-1));
#1183=LINE('',#1182,#1181);
#1184=CARTESIAN_POINT('',(-4.525E0,-1.75E0,8.45E-1));
#1185=DIRECTION('',(-1.E0,0.E0,0.E0));
#1186=DIRECTION('',(0.E0,0.E0,1.E0));
#1187=AXIS2_PLACEMENT_3D('',#1184,#1185,#1186);
#1189=DIRECTION('',(0.E0,1.E0,0.E0));
#1190=VECTOR('',#1189,1.4E-1);
#1191=CARTESIAN_POINT('',(-4.525E0,-1.89E0,9.95E-1));
#1192=LINE('',#1191,#1190);
#1193=CARTESIAN_POINT('',(-4.525E0,-1.89E0,1.145E0));
#1194=DIRECTION('',(1.E0,0.E0,0.E0));
#1195=DIRECTION('',(0.E0,-1.E0,0.E0));
#1196=AXIS2_PLACEMENT_3D('',#1193,#1194,#1195);
#1198=DIRECTION('',(0.E0,0.E0,-1.E0));
#1199=VECTOR('',#1198,2.65E0);
#1200=CARTESIAN_POINT('',(-4.525E0,-2.04E0,3.795E0));
#1201=LINE('',#1200,#1199);
#1202=CARTESIAN_POINT('',(-4.525E0,-1.64E0,3.795E0));
#1203=DIRECTION('',(1.E0,0.E0,0.E0));
#1204=DIRECTION('',(0.E0,0.E0,1.E0));
#1205=AXIS2_PLACEMENT_3D('',#1202,#1203,#1204);
#1207=DIRECTION('',(0.E0,-1.E0,0.E0));
#1208=VECTOR('',#1207,4.E-2);
#1209=CARTESIAN_POINT('',(-4.525E0,-1.6E0,4.195E0));
#1210=LINE('',#1209,#1208);
#1211=DIRECTION('',(-1.E0,0.E0,0.E0));
#1212=VECTOR('',#1211,1.3E-1);
#1213=CARTESIAN_POINT('',(-4.895E0,-1.2E0,3.795E0));
#1214=LINE('',#1213,#1212);
#1215=DIRECTION('',(-1.E0,0.E0,0.E0));
#1216=VECTOR('',#1215,5.E-1);
#1217=CARTESIAN_POINT('',(-4.525E0,-1.6E0,4.195E0));
#1218=LINE('',#1217,#1216);
#1219=DIRECTION('',(-1.E0,0.E0,0.E0));
#1220=VECTOR('',#1219,5.E-1);
#1221=CARTESIAN_POINT('',(-4.525E0,-1.64E0,4.195E0));
#1222=LINE('',#1221,#1220);
#1223=DIRECTION('',(-1.E0,0.E0,0.E0));
#1224=VECTOR('',#1223,5.E-1);
#1225=CARTESIAN_POINT('',(-4.525E0,-2.04E0,3.795E0));
#1226=LINE('',#1225,#1224);
#1227=DIRECTION('',(-1.E0,0.E0,0.E0));
#1228=VECTOR('',#1227,5.E-1);
#1229=CARTESIAN_POINT('',(-4.525E0,-2.04E0,1.145E0));
#1230=LINE('',#1229,#1228);
#1231=DIRECTION('',(-1.E0,0.E0,0.E0));
#1232=VECTOR('',#1231,5.E-1);
#1233=CARTESIAN_POINT('',(-4.525E0,-1.89E0,9.95E-1));
#1234=LINE('',#1233,#1232);
#1235=DIRECTION('',(-1.E0,0.E0,0.E0));
#1236=VECTOR('',#1235,5.E-1);
#1237=CARTESIAN_POINT('',(-4.525E0,-1.75E0,9.95E-1));
#1238=LINE('',#1237,#1236);
#1239=DIRECTION('',(-1.E0,0.E0,0.E0));
#1240=VECTOR('',#1239,5.E-1);
#1241=CARTESIAN_POINT('',(-4.525E0,-1.6E0,8.45E-1));
#1242=LINE('',#1241,#1240);
#1243=DIRECTION('',(-1.E0,0.E0,0.E0));
#1244=VECTOR('',#1243,5.E-1);
#1245=CARTESIAN_POINT('',(-4.525E0,-1.6E0,-1.855E0));
#1246=LINE('',#1245,#1244);
#1247=DIRECTION('',(-1.E0,0.E0,0.E0));
#1248=VECTOR('',#1247,5.E-1);
#1249=CARTESIAN_POINT('',(-4.525E0,-1.75E0,-2.005E0));
#1250=LINE('',#1249,#1248);
#1251=DIRECTION('',(-1.E0,0.E0,0.E0));
#1252=VECTOR('',#1251,5.E-1);
#1253=CARTESIAN_POINT('',(-4.525E0,-1.89E0,-2.005E0));
#1254=LINE('',#1253,#1252);
#1255=DIRECTION('',(-1.E0,0.E0,0.E0));
#1256=VECTOR('',#1255,5.E-1);
#1257=CARTESIAN_POINT('',(-4.525E0,-2.04E0,-2.155E0));
#1258=LINE('',#1257,#1256);
#1259=DIRECTION('',(-1.E0,0.E0,0.E0));
#1260=VECTOR('',#1259,5.E-1);
#1261=CARTESIAN_POINT('',(-4.525E0,-2.04E0,-3.185E0));
#1262=LINE('',#1261,#1260);
#1263=DIRECTION('',(-1.E0,0.E0,0.E0));
#1264=VECTOR('',#1263,5.E-1);
#1265=CARTESIAN_POINT('',(-4.525E0,-1.74E0,-3.485E0));
#1266=LINE('',#1265,#1264);
#1267=DIRECTION('',(-1.E0,0.E0,0.E0));
#1268=VECTOR('',#1267,5.E-1);
#1269=CARTESIAN_POINT('',(-4.525E0,-1.28E0,-3.485E0));
#1270=LINE('',#1269,#1268);
#1271=DIRECTION('',(-1.E0,0.E0,0.E0));
#1272=VECTOR('',#1271,5.E-1);
#1273=CARTESIAN_POINT('',(-4.525E0,-7.8E-1,-3.985E0));
#1274=LINE('',#1273,#1272);
#1275=DIRECTION('',(-1.E0,0.E0,0.E0));
#1276=VECTOR('',#1275,5.E-1);
#1277=CARTESIAN_POINT('',(-4.525E0,-7.8E-1,-4.195E0));
#1278=LINE('',#1277,#1276);
#1279=DIRECTION('',(-1.E0,0.E0,0.E0));
#1280=VECTOR('',#1279,5.E-1);
#1281=CARTESIAN_POINT('',(-4.525E0,-6.696152422707E-1,-4.195E0));
#1282=LINE('',#1281,#1280);
#1283=DIRECTION('',(-1.E0,0.E0,0.E0));
#1284=VECTOR('',#1283,5.E-1);
#1285=CARTESIAN_POINT('',(-4.525E0,-4.098076211353E-1,-4.345E0));
#1286=LINE('',#1285,#1284);
#1287=DIRECTION('',(-1.E0,0.E0,0.E0));
#1288=VECTOR('',#1287,5.E-1);
#1289=CARTESIAN_POINT('',(-4.525E0,3.901923788647E-1,-4.345E0));
#1290=LINE('',#1289,#1288);
#1291=DIRECTION('',(-1.E0,0.E0,0.E0));
#1292=VECTOR('',#1291,5.E-1);
#1293=CARTESIAN_POINT('',(-4.525E0,6.5E-1,-4.195E0));
#1294=LINE('',#1293,#1292);
#1295=DIRECTION('',(-1.E0,0.E0,0.E0));
#1296=VECTOR('',#1295,5.E-1);
#1297=CARTESIAN_POINT('',(-4.525E0,1.05E0,-4.195E0));
#1298=LINE('',#1297,#1296);
#1299=DIRECTION('',(0.E0,1.E0,0.E0));
#1300=VECTOR('',#1299,2.25E0);
#1301=CARTESIAN_POINT('',(-4.525E0,-1.2E0,-3.345E0));
#1302=LINE('',#1301,#1300);
#1303=DIRECTION('',(0.E0,1.E0,0.E0));
#1304=VECTOR('',#1303,2.25E0);
#1305=CARTESIAN_POINT('',(-5.025E0,-1.2E0,-3.345E0));
#1306=LINE('',#1305,#1304);
#1307=DIRECTION('',(-1.E0,0.E0,0.E0));
#1308=VECTOR('',#1307,5.E-1);
#1309=CARTESIAN_POINT('',(-4.525E0,1.05E0,-3.345E0));
#1310=LINE('',#1309,#1308);
#1311=DIRECTION('',(0.E0,0.E0,-1.E0));
#1312=VECTOR('',#1311,1.E0);
#1313=CARTESIAN_POINT('',(-4.425E0,1.74E0,-3.345E0));
#1314=LINE('',#1313,#1312);
#1315=DIRECTION('',(-1.E0,0.E0,0.E0));
#1316=VECTOR('',#1315,8.85E0);
#1317=CARTESIAN_POINT('',(4.425E0,1.74E0,-4.345E0));
#1318=LINE('',#1317,#1316);
#1319=DIRECTION('',(0.E0,0.E0,-1.E0));
#1320=VECTOR('',#1319,1.E0);
#1321=CARTESIAN_POINT('',(4.425E0,1.74E0,-3.345E0));
#1322=LINE('',#1321,#1320);
#1323=DIRECTION('',(1.E0,0.E0,0.E0));
#1324=VECTOR('',#1323,7.E-1);
#1325=CARTESIAN_POINT('',(4.425E0,1.74E0,-3.345E0));
#1326=LINE('',#1325,#1324);
#1327=DIRECTION('',(0.E0,0.E0,-1.E0));
#1328=VECTOR('',#1327,1.E0);
#1329=CARTESIAN_POINT('',(5.125E0,1.74E0,-3.345E0));
#1330=LINE('',#1329,#1328);
#1331=DIRECTION('',(-1.E0,0.E0,0.E0));
#1332=VECTOR('',#1331,4.95E-1);
#1333=CARTESIAN_POINT('',(5.62E0,1.74E0,-4.345E0));
#1334=LINE('',#1333,#1332);
#1335=DIRECTION('',(0.E0,0.E0,-1.E0));
#1336=VECTOR('',#1335,6.69E0);
#1337=CARTESIAN_POINT('',(5.62E0,1.74E0,2.345E0));
#1338=LINE('',#1337,#1336);
#1339=DIRECTION('',(4.472135955E-1,0.E0,-8.944271909999E-1));
#1340=VECTOR('',#1339,2.236067977500E0);
#1341=CARTESIAN_POINT('',(4.62E0,1.74E0,4.345E0));
#1342=LINE('',#1341,#1340);
#1343=DIRECTION('',(1.E0,0.E0,0.E0));
#1344=VECTOR('',#1343,1.32E0);
#1345=CARTESIAN_POINT('',(3.3E0,1.74E0,4.345E0));
#1346=LINE('',#1345,#1344);
#1347=DIRECTION('',(-3.589369856071E-11,0.E0,-1.E0));
#1348=VECTOR('',#1347,6.489999999786E0);
#1349=CARTESIAN_POINT('',(3.3E0,1.74E0,4.345E0));
#1350=LINE('',#1349,#1348);
#1351=CARTESIAN_POINT('',(2.9E0,1.74E0,-2.145E0));
#1352=DIRECTION('',(0.E0,-1.E0,0.E0));
#1353=DIRECTION('',(0.E0,0.E0,-1.E0));
#1354=AXIS2_PLACEMENT_3D('',#1351,#1352,#1353);
#1356=DIRECTION('',(-1.E0,0.E0,-4.411360145707E-10));
#1357=VECTOR('',#1356,3.000000013831E-1);
#1358=CARTESIAN_POINT('',(2.900000001383E0,1.74E0,-2.544999999868E0));
#1359=LINE('',#1358,#1357);
#1360=DIRECTION('',(-1.E0,0.E0,4.412233521133E-10));
#1361=VECTOR('',#1360,3.000000013842E-1);
#1362=CARTESIAN_POINT('',(-2.E0,1.74E0,-2.545E0));
#1363=LINE('',#1362,#1361);
#1364=CARTESIAN_POINT('',(-2.3E0,1.74E0,-2.145E0));
#1365=DIRECTION('',(0.E0,-1.E0,0.E0));
#1366=DIRECTION('',(-1.E0,0.E0,0.E0));
#1367=AXIS2_PLACEMENT_3D('',#1364,#1365,#1366);
#1369=DIRECTION('',(-3.593954444214E-11,0.E0,1.E0));
#1370=VECTOR('',#1369,6.489999999789E0);
#1371=CARTESIAN_POINT('',(-2.699999999767E0,1.74E0,-2.144999999789E0));
#1372=LINE('',#1371,#1370);
#1373=DIRECTION('',(1.E0,0.E0,0.E0));
#1374=VECTOR('',#1373,1.92E0);
#1375=CARTESIAN_POINT('',(-4.62E0,1.74E0,4.345E0));
#1376=LINE('',#1375,#1374);
#1377=DIRECTION('',(4.472135955E-1,0.E0,8.944271909999E-1));
#1378=VECTOR('',#1377,2.236067977500E0);
#1379=CARTESIAN_POINT('',(-5.62E0,1.74E0,2.345E0));
#1380=LINE('',#1379,#1378);
#1381=DIRECTION('',(0.E0,0.E0,1.E0));
#1382=VECTOR('',#1381,6.69E0);
#1383=CARTESIAN_POINT('',(-5.62E0,1.74E0,-4.345E0));
#1384=LINE('',#1383,#1382);
#1385=DIRECTION('',(-1.E0,0.E0,0.E0));
#1386=VECTOR('',#1385,4.95E-1);
#1387=CARTESIAN_POINT('',(-5.125E0,1.74E0,-4.345E0));
#1388=LINE('',#1387,#1386);
#1389=DIRECTION('',(0.E0,0.E0,-1.E0));
#1390=VECTOR('',#1389,1.E0);
#1391=CARTESIAN_POINT('',(-5.125E0,1.74E0,-3.345E0));
#1392=LINE('',#1391,#1390);
#1393=DIRECTION('',(-1.E0,0.E0,0.E0));
#1394=VECTOR('',#1393,7.E-1);
#1395=CARTESIAN_POINT('',(-4.425E0,1.74E0,-3.345E0));
#1396=LINE('',#1395,#1394);
#1397=DIRECTION('',(0.E0,0.E0,1.E0));
#1398=VECTOR('',#1397,7.69E0);
#1399=CARTESIAN_POINT('',(4.425E0,-1.2E0,-3.345E0));
#1400=LINE('',#1399,#1398);
#1401=DIRECTION('',(0.E0,-1.E0,0.E0));
#1402=VECTOR('',#1401,2.94E0);
#1403=CARTESIAN_POINT('',(4.425E0,1.74E0,-3.345E0));
#1404=LINE('',#1403,#1402);
#1405=DIRECTION('',(0.E0,0.E0,-1.E0));
#1406=VECTOR('',#1405,4.4E0);
#1407=CARTESIAN_POINT('',(5.62E0,-3.E-1,2.345E0));
#1408=LINE('',#1407,#1406);
#1409=DIRECTION('',(0.E0,1.E0,0.E0));
#1410=VECTOR('',#1409,7.5E-1);
#1411=CARTESIAN_POINT('',(5.62E0,-3.E-1,-2.055E0));
#1412=LINE('',#1411,#1410);
#1413=DIRECTION('',(0.E0,0.E0,-1.E0));
#1414=VECTOR('',#1413,4.4E0);
#1415=CARTESIAN_POINT('',(5.62E0,4.5E-1,2.345E0));
#1416=LINE('',#1415,#1414);
#1417=DIRECTION('',(0.E0,-1.E0,0.E0));
#1418=VECTOR('',#1417,1.29E0);
#1419=CARTESIAN_POINT('',(5.62E0,1.74E0,2.345E0));
#1420=LINE('',#1419,#1418);
#1421=DIRECTION('',(0.E0,-1.E0,0.E0));
#1422=VECTOR('',#1421,1.44E0);
#1423=CARTESIAN_POINT('',(5.62E0,-3.E-1,2.345E0));
#1424=LINE('',#1423,#1422);
#1425=DIRECTION('',(0.E0,0.E0,-1.E0));
#1426=VECTOR('',#1425,2.48E0);
#1427=CARTESIAN_POINT('',(5.025E0,-3.E-1,4.25E-1));
#1428=LINE('',#1427,#1426);
#1429=DIRECTION('',(1.E0,0.E0,0.E0));
#1430=VECTOR('',#1429,4.999999999999E-3);
#1431=CARTESIAN_POINT('',(5.02E0,-3.E-1,4.25E-1));
#1432=LINE('',#1431,#1430);
#1433=DIRECTION('',(0.E0,1.E0,0.E0));
#1434=VECTOR('',#1433,7.5E-1);
#1435=CARTESIAN_POINT('',(5.025E0,-3.E-1,-2.055E0));
#1436=LINE('',#1435,#1434);
#1437=DIRECTION('',(-1.E0,0.E0,0.E0));
#1438=VECTOR('',#1437,5.95E-1);
#1439=CARTESIAN_POINT('',(5.62E0,-3.E-1,-2.055E0));
#1440=LINE('',#1439,#1438);
#1441=DIRECTION('',(0.E0,0.E0,1.E0));
#1442=VECTOR('',#1441,2.48E0);
#1443=CARTESIAN_POINT('',(5.025E0,4.5E-1,-2.055E0));
#1444=LINE('',#1443,#1442);
#1445=DIRECTION('',(1.E0,0.E0,0.E0));
#1446=VECTOR('',#1445,4.999999999999E-3);
#1447=CARTESIAN_POINT('',(5.02E0,4.5E-1,4.25E-1));
#1448=LINE('',#1447,#1446);
#1449=DIRECTION('',(-1.E0,0.E0,0.E0));
#1450=VECTOR('',#1449,5.95E-1);
#1451=CARTESIAN_POINT('',(5.62E0,4.5E-1,-2.055E0));
#1452=LINE('',#1451,#1450);
#1453=DIRECTION('',(0.E0,1.E0,0.E0));
#1454=VECTOR('',#1453,7.5E-1);
#1455=CARTESIAN_POINT('',(5.02E0,-3.E-1,4.25E-1));
#1456=LINE('',#1455,#1454);
#1457=DIRECTION('',(0.E0,0.E0,-1.E0));
#1458=VECTOR('',#1457,3.12E0);
#1459=CARTESIAN_POINT('',(5.02E0,-3.E-1,3.545E0));
#1460=LINE('',#1459,#1458);
#1461=DIRECTION('',(0.E0,0.E0,1.E0));
#1462=VECTOR('',#1461,3.12E0);
#1463=CARTESIAN_POINT('',(5.02E0,4.5E-1,4.25E-1));
#1464=LINE('',#1463,#1462);
#1465=CARTESIAN_POINT('',(3.3E0,1.94E0,4.345E0));
#1466=DIRECTION('',(0.E0,0.E0,-1.E0));
#1467=DIRECTION('',(0.E0,-1.E0,0.E0));
#1468=AXIS2_PLACEMENT_3D('',#1465,#1466,#1467);
#1470=DIRECTION('',(0.E0,0.E0,-1.E0));
#1471=VECTOR('',#1470,6.489999999958E0);
#1472=CARTESIAN_POINT('',(3.1E0,1.94E0,4.345E0));
#1473=LINE('',#1472,#1471);
#1474=DIRECTION('',(0.E0,-1.E0,0.E0));
#1475=VECTOR('',#1474,6.2E-1);
#1476=CARTESIAN_POINT('',(3.1E0,2.56E0,4.345E0));
#1477=LINE('',#1476,#1475);
#1478=DIRECTION('',(0.E0,-7.071067811865E-1,-7.071067811865E-1));
#1479=VECTOR('',#1478,2.064751801065E0);
#1480=CARTESIAN_POINT('',(3.1E0,4.02E0,5.805E0));
#1481=LINE('',#1480,#1479);
#1482=DIRECTION('',(0.E0,-1.E0,0.E0));
#1483=VECTOR('',#1482,7.3E-1);
#1484=CARTESIAN_POINT('',(3.1E0,4.75E0,5.805E0));
#1485=LINE('',#1484,#1483);
#1486=DIRECTION('',(0.E0,0.E0,1.E0));
#1487=VECTOR('',#1486,7.95E0);
#1488=CARTESIAN_POINT('',(3.1E0,4.75E0,-2.145E0));
#1489=LINE('',#1488,#1487);
#1490=DIRECTION('',(0.E0,1.E0,-1.512305504234E-11));
#1491=VECTOR('',#1490,2.81E0);
#1492=CARTESIAN_POINT('',(3.1E0,1.94E0,-2.144999999958E0));
#1493=LINE('',#1492,#1491);
#1494=DIRECTION('',(0.E0,7.071067811865E-1,7.071067811865E-1));
#1495=VECTOR('',#1494,1.682914139224E0);
#1496=CARTESIAN_POINT('',(2.6E0,2.56E0,4.345E0));
#1497=LINE('',#1496,#1495);
#1498=DIRECTION('',(-1.E0,0.E0,0.E0));
#1499=VECTOR('',#1498,4.6E0);
#1500=CARTESIAN_POINT('',(2.6E0,3.75E0,5.535E0));
#1501=LINE('',#1500,#1499);
#1502=DIRECTION('',(0.E0,7.071067811865E-1,7.071067811865E-1));
#1503=VECTOR('',#1502,1.682914139224E0);
#1504=CARTESIAN_POINT('',(-2.E0,2.56E0,4.345E0));
#1505=LINE('',#1504,#1503);
#1506=DIRECTION('',(1.E0,0.E0,0.E0));
#1507=VECTOR('',#1506,5.6E0);
#1508=CARTESIAN_POINT('',(-2.5E0,4.02E0,5.805E0));
#1509=LINE('',#1508,#1507);
#1510=DIRECTION('',(0.E0,0.E0,-1.E0));
#1511=VECTOR('',#1510,2.35E0);
#1512=CARTESIAN_POINT('',(2.6E0,1.74E0,-1.95E-1));
#1513=LINE('',#1512,#1511);
#1514=DIRECTION('',(0.E0,0.E0,1.E0));
#1515=VECTOR('',#1514,2.15E0);
#1516=CARTESIAN_POINT('',(2.6E0,3.74E0,-2.345E0));
#1517=LINE('',#1516,#1515);
#1518=CARTESIAN_POINT('',(2.9E0,1.94E0,-2.545E0));
#1519=DIRECTION('',(-1.E0,0.E0,0.E0));
#1520=DIRECTION('',(0.E0,-1.E0,0.E0));
#1521=AXIS2_PLACEMENT_3D('',#1518,#1519,#1520);
#1523=CARTESIAN_POINT('',(2.6E0,1.94E0,-2.545E0));
#1524=DIRECTION('',(1.E0,0.E0,0.E0));
#1525=DIRECTION('',(0.E0,0.E0,1.E0));
#1526=AXIS2_PLACEMENT_3D('',#1523,#1524,#1525);
#1528=CARTESIAN_POINT('',(3.3E0,1.94E0,-2.145E0));
#1529=DIRECTION('',(0.E0,0.E0,1.E0));
#1530=DIRECTION('',(-1.E0,0.E0,0.E0));
#1531=AXIS2_PLACEMENT_3D('',#1528,#1529,#1530);
#1533=CARTESIAN_POINT('',(2.9E0,1.94E0,-2.145E0));
#1534=DIRECTION('',(0.E0,-1.E0,0.E0));
#1535=DIRECTION('',(0.E0,0.E0,-1.E0));
#1536=AXIS2_PLACEMENT_3D('',#1533,#1534,#1535);
#1538=DIRECTION('',(-1.E0,0.E0,0.E0));
#1539=VECTOR('',#1538,3.000000006436E-1);
#1540=CARTESIAN_POINT('',(2.900000000644E0,1.94E0,-2.345E0));
#1541=LINE('',#1540,#1539);
#1542=DIRECTION('',(-2.290248655018E-10,1.E0,0.E0));
#1543=VECTOR('',#1542,2.81E0);
#1544=CARTESIAN_POINT('',(2.900000000644E0,1.94E0,-2.345E0));
#1545=LINE('',#1544,#1543);
#1546=DIRECTION('',(-1.E0,0.E0,0.E0));
#1547=VECTOR('',#1546,5.2E0);
#1548=CARTESIAN_POINT('',(2.9E0,4.75E0,-2.345E0));
#1549=LINE('',#1548,#1547);
#1550=DIRECTION('',(-2.285049176369E-10,-1.E0,0.E0));
#1551=VECTOR('',#1550,2.81E0);
#1552=CARTESIAN_POINT('',(-2.3E0,4.75E0,-2.345E0));
#1553=LINE('',#1552,#1551);
#1554=DIRECTION('',(-1.E0,0.E0,0.E0));
#1555=VECTOR('',#1554,3.000000006421E-1);
#1556=CARTESIAN_POINT('',(-2.E0,1.94E0,-2.345E0));
#1557=LINE('',#1556,#1555);
#1558=DIRECTION('',(0.E0,1.E0,0.E0));
#1559=VECTOR('',#1558,1.8E0);
#1560=CARTESIAN_POINT('',(-2.E0,1.94E0,-2.345E0));
#1561=LINE('',#1560,#1559);
#1562=DIRECTION('',(1.E0,0.E0,0.E0));
#1563=VECTOR('',#1562,1.05E0);
#1564=CARTESIAN_POINT('',(-2.E0,3.74E0,-2.345E0));
#1565=LINE('',#1564,#1563);
#1566=DIRECTION('',(0.E0,1.E0,0.E0));
#1567=VECTOR('',#1566,9.1E-1);
#1568=CARTESIAN_POINT('',(-9.5E-1,3.74E0,-2.345E0));
#1569=LINE('',#1568,#1567);
#1570=DIRECTION('',(1.E0,0.E0,0.E0));
#1571=VECTOR('',#1570,2.5E0);
#1572=CARTESIAN_POINT('',(-9.5E-1,4.65E0,-2.345E0));
#1573=LINE('',#1572,#1571);
#1574=DIRECTION('',(0.E0,-1.E0,0.E0));
#1575=VECTOR('',#1574,9.1E-1);
#1576=CARTESIAN_POINT('',(1.55E0,4.65E0,-2.345E0));
#1577=LINE('',#1576,#1575);
#1578=DIRECTION('',(1.E0,0.E0,0.E0));
#1579=VECTOR('',#1578,1.05E0);
#1580=CARTESIAN_POINT('',(1.55E0,3.74E0,-2.345E0));
#1581=LINE('',#1580,#1579);
#1582=DIRECTION('',(0.E0,1.E0,0.E0));
#1583=VECTOR('',#1582,1.8E0);
#1584=CARTESIAN_POINT('',(2.6E0,1.94E0,-2.345E0));
#1585=LINE('',#1584,#1583);
#1586=DIRECTION('',(0.E0,0.E0,-1.E0));
#1587=VECTOR('',#1586,7.95E0);
#1588=CARTESIAN_POINT('',(-2.3E0,4.95E0,5.805E0));
#1589=LINE('',#1588,#1587);
#1590=DIRECTION('',(-1.E0,0.E0,0.E0));
#1591=VECTOR('',#1590,5.2E0);
#1592=CARTESIAN_POINT('',(2.9E0,4.95E0,-2.145E0));
#1593=LINE('',#1592,#1591);
#1594=DIRECTION('',(0.E0,0.E0,1.E0));
#1595=VECTOR('',#1594,7.95E0);
#1596=CARTESIAN_POINT('',(2.9E0,4.95E0,-2.145E0));
#1597=LINE('',#1596,#1595);
#1598=CARTESIAN_POINT('',(-2.3E0,4.75E0,5.805E0));
#1599=DIRECTION('',(0.E0,0.E0,1.E0));
#1600=DIRECTION('',(0.E0,1.E0,0.E0));
#1601=AXIS2_PLACEMENT_3D('',#1598,#1599,#1600);
#1603=DIRECTION('',(1.E0,0.E0,0.E0));
#1604=VECTOR('',#1603,5.2E0);
#1605=CARTESIAN_POINT('',(-2.3E0,4.95E0,5.805E0));
#1606=LINE('',#1605,#1604);
#1607=CARTESIAN_POINT('',(2.9E0,4.75E0,5.805E0));
#1608=DIRECTION('',(0.E0,0.E0,1.E0));
#1609=DIRECTION('',(1.E0,0.E0,0.E0));
#1610=AXIS2_PLACEMENT_3D('',#1607,#1608,#1609);
#1612=CARTESIAN_POINT('',(2.9E0,4.75E0,-2.145E0));
#1613=DIRECTION('',(0.E0,0.E0,-1.E0));
#1614=DIRECTION('',(0.E0,1.E0,0.E0));
#1615=AXIS2_PLACEMENT_3D('',#1612,#1613,#1614);
#1617=CARTESIAN_POINT('',(2.9E0,4.75E0,-2.145E0));
#1618=DIRECTION('',(1.E0,0.E0,0.E0));
#1619=DIRECTION('',(0.E0,0.E0,-1.E0));
#1620=AXIS2_PLACEMENT_3D('',#1617,#1618,#1619);
#1622=CARTESIAN_POINT('',(2.9E0,4.75E0,-2.145E0));
#1623=DIRECTION('',(0.E0,1.E0,0.E0));
#1624=DIRECTION('',(1.E0,0.E0,0.E0));
#1625=AXIS2_PLACEMENT_3D('',#1622,#1623,#1624);
#1627=DIRECTION('',(0.E0,0.E0,1.E0));
#1628=VECTOR('',#1627,6.489999999959E0);
#1629=CARTESIAN_POINT('',(-2.5E0,1.94E0,-2.144999999959E0));
#1630=LINE('',#1629,#1628);
#1631=DIRECTION('',(0.E0,-1.E0,1.447462158041E-11));
#1632=VECTOR('',#1631,2.81E0);
#1633=CARTESIAN_POINT('',(-2.5E0,4.75E0,-2.145E0));
#1634=LINE('',#1633,#1632);
#1635=DIRECTION('',(0.E0,0.E0,-1.E0));
#1636=VECTOR('',#1635,7.95E0);
#1637=CARTESIAN_POINT('',(-2.5E0,4.75E0,5.805E0));
#1638=LINE('',#1637,#1636);
#1639=DIRECTION('',(0.E0,-1.E0,0.E0));
#1640=VECTOR('',#1639,7.3E-1);
#1641=CARTESIAN_POINT('',(-2.5E0,4.75E0,5.805E0));
#1642=LINE('',#1641,#1640);
#1643=DIRECTION('',(0.E0,-7.071067811865E-1,-7.071067811865E-1));
#1644=VECTOR('',#1643,2.064751801065E0);
#1645=CARTESIAN_POINT('',(-2.5E0,4.02E0,5.805E0));
#1646=LINE('',#1645,#1644);
#1647=DIRECTION('',(0.E0,-1.E0,0.E0));
#1648=VECTOR('',#1647,6.2E-1);
#1649=CARTESIAN_POINT('',(-2.5E0,2.56E0,4.345E0));
#1650=LINE('',#1649,#1648);
#1651=CARTESIAN_POINT('',(-2.7E0,1.94E0,-2.145E0));
#1652=DIRECTION('',(0.E0,0.E0,1.E0));
#1653=DIRECTION('',(0.E0,-1.E0,0.E0));
#1654=AXIS2_PLACEMENT_3D('',#1651,#1652,#1653);
#1656=CARTESIAN_POINT('',(-2.7E0,1.94E0,4.345E0));
#1657=DIRECTION('',(0.E0,0.E0,-1.E0));
#1658=DIRECTION('',(1.E0,0.E0,0.E0));
#1659=AXIS2_PLACEMENT_3D('',#1656,#1657,#1658);
#1661=CARTESIAN_POINT('',(-2.3E0,1.94E0,-2.545E0));
#1662=DIRECTION('',(1.E0,0.E0,0.E0));
#1663=DIRECTION('',(0.E0,0.E0,1.E0));
#1664=AXIS2_PLACEMENT_3D('',#1661,#1662,#1663);
#1666=CARTESIAN_POINT('',(-2.3E0,1.94E0,-2.145E0));
#1667=DIRECTION('',(0.E0,-1.E0,0.E0));
#1668=DIRECTION('',(-1.E0,0.E0,0.E0));
#1669=AXIS2_PLACEMENT_3D('',#1666,#1667,#1668);
#1671=CARTESIAN_POINT('',(-2.E0,1.94E0,-2.545E0));
#1672=DIRECTION('',(-1.E0,0.E0,0.E0));
#1673=DIRECTION('',(0.E0,-1.E0,0.E0));
#1674=AXIS2_PLACEMENT_3D('',#1671,#1672,#1673);
#1676=DIRECTION('',(0.E0,0.E0,1.E0));
#1677=VECTOR('',#1676,2.35E0);
#1678=CARTESIAN_POINT('',(-2.E0,1.74E0,-2.545E0));
#1679=LINE('',#1678,#1677);
#1680=DIRECTION('',(0.E0,0.E0,-1.E0));
#1681=VECTOR('',#1680,5.73E0);
#1682=CARTESIAN_POINT('',(-2.E0,3.75E0,5.535E0));
#1683=LINE('',#1682,#1681);
#1684=DIRECTION('',(1.E0,0.E0,0.E0));
#1685=VECTOR('',#1684,4.6E0);
#1686=CARTESIAN_POINT('',(-2.E0,1.74E0,-1.95E-1));
#1687=LINE('',#1686,#1685);
#1688=DIRECTION('',(0.E0,1.E0,0.E0));
#1689=VECTOR('',#1688,6.45E-1);
#1690=CARTESIAN_POINT('',(2.6E0,1.095E0,-1.95E-1));
#1691=LINE('',#1690,#1689);
#1692=DIRECTION('',(0.E0,-1.E0,0.E0));
#1693=VECTOR('',#1692,3.45E-1);
#1694=CARTESIAN_POINT('',(1.705E0,1.44E0,-1.95E-1));
#1695=LINE('',#1694,#1693);
#1696=DIRECTION('',(1.E0,0.E0,0.E0));
#1697=VECTOR('',#1696,2.81E0);
#1698=CARTESIAN_POINT('',(-1.105E0,1.44E0,-1.95E-1));
#1699=LINE('',#1698,#1697);
#1700=DIRECTION('',(0.E0,1.E0,0.E0));
#1701=VECTOR('',#1700,3.45E-1);
#1702=CARTESIAN_POINT('',(-1.105E0,1.095E0,-1.95E-1));
#1703=LINE('',#1702,#1701);
#1704=DIRECTION('',(0.E0,-1.E0,0.E0));
#1705=VECTOR('',#1704,6.45E-1);
#1706=CARTESIAN_POINT('',(-2.E0,1.74E0,-1.95E-1));
#1707=LINE('',#1706,#1705);
#1708=DIRECTION('',(1.E0,0.E0,0.E0));
#1709=VECTOR('',#1708,1.05E0);
#1710=CARTESIAN_POINT('',(-2.E0,3.74E0,-1.95E-1));
#1711=LINE('',#1710,#1709);
#1712=DIRECTION('',(0.E0,-1.E0,0.E0));
#1713=VECTOR('',#1712,9.999999999999E-3);
#1714=CARTESIAN_POINT('',(-2.E0,3.75E0,-1.95E-1));
#1715=LINE('',#1714,#1713);
#1716=DIRECTION('',(-1.E0,0.E0,0.E0));
#1717=VECTOR('',#1716,1.05E0);
#1718=CARTESIAN_POINT('',(-9.5E-1,3.75E0,-1.95E-1));
#1719=LINE('',#1718,#1717);
#1720=DIRECTION('',(0.E0,-1.E0,0.E0));
#1721=VECTOR('',#1720,9.999999999999E-3);
#1722=CARTESIAN_POINT('',(-9.5E-1,3.75E0,-1.95E-1));
#1723=LINE('',#1722,#1721);
#1724=DIRECTION('',(0.E0,-1.E0,0.E0));
#1725=VECTOR('',#1724,9.999999999999E-3);
#1726=CARTESIAN_POINT('',(1.55E0,3.75E0,-1.95E-1));
#1727=LINE('',#1726,#1725);
#1728=DIRECTION('',(-1.E0,0.E0,0.E0));
#1729=VECTOR('',#1728,1.05E0);
#1730=CARTESIAN_POINT('',(2.6E0,3.75E0,-1.95E-1));
#1731=LINE('',#1730,#1729);
#1732=DIRECTION('',(0.E0,1.E0,0.E0));
#1733=VECTOR('',#1732,9.999999999999E-3);
#1734=CARTESIAN_POINT('',(2.6E0,3.74E0,-1.95E-1));
#1735=LINE('',#1734,#1733);
#1736=DIRECTION('',(-1.E0,0.E0,0.E0));
#1737=VECTOR('',#1736,1.05E0);
#1738=CARTESIAN_POINT('',(2.6E0,3.74E0,-1.95E-1));
#1739=LINE('',#1738,#1737);
#1740=DIRECTION('',(1.E0,0.E0,0.E0));
#1741=VECTOR('',#1740,8.95E-1);
#1742=CARTESIAN_POINT('',(1.705E0,1.095E0,-1.95E-1));
#1743=LINE('',#1742,#1741);
#1744=DIRECTION('',(0.E0,0.E0,-1.E0));
#1745=VECTOR('',#1744,4.54E0);
#1746=CARTESIAN_POINT('',(2.6E0,1.095E0,4.345E0));
#1747=LINE('',#1746,#1745);
#1748=DIRECTION('',(0.E0,0.E0,-1.E0));
#1749=VECTOR('',#1748,6.E0);
#1750=CARTESIAN_POINT('',(3.895E0,1.095E0,4.345E0));
#1751=LINE('',#1750,#1749);
#1752=DIRECTION('',(0.E0,0.E0,-1.E0));
#1753=VECTOR('',#1752,6.E0);
#1754=CARTESIAN_POINT('',(3.895E0,-1.095E0,4.345E0));
#1755=LINE('',#1754,#1753);
#1756=DIRECTION('',(-1.E0,0.E0,0.E0));
#1757=VECTOR('',#1756,4.69E0);
#1758=CARTESIAN_POINT('',(3.895E0,-1.095E0,4.345E0));
#1759=LINE('',#1758,#1757);
#1760=DIRECTION('',(0.E0,0.E0,-1.E0));
#1761=VECTOR('',#1760,6.E0);
#1762=CARTESIAN_POINT('',(-7.95E-1,-1.095E0,4.345E0));
#1763=LINE('',#1762,#1761);
#1764=DIRECTION('',(0.E0,0.E0,-1.E0));
#1765=VECTOR('',#1764,1.7E0);
#1766=CARTESIAN_POINT('',(1.705E0,-1.095E0,4.5E-2));
#1767=LINE('',#1766,#1765);
#1768=DIRECTION('',(0.E0,0.E0,-1.E0));
#1769=VECTOR('',#1768,6.E0);
#1770=CARTESIAN_POINT('',(-7.95E-1,1.095E0,4.345E0));
#1771=LINE('',#1770,#1769);
#1772=DIRECTION('',(0.E0,0.E0,-1.E0));
#1773=VECTOR('',#1772,6.E0);
#1774=CARTESIAN_POINT('',(1.395E0,1.095E0,4.345E0));
#1775=LINE('',#1774,#1773);
#1776=DIRECTION('',(0.E0,1.E0,0.E0));
#1777=VECTOR('',#1776,7.1E-1);
#1778=CARTESIAN_POINT('',(1.395E0,-1.095E0,4.5E-2));
#1779=LINE('',#1778,#1777);
#1780=DIRECTION('',(0.E0,0.E0,-1.E0));
#1781=VECTOR('',#1780,1.7E0);
#1782=CARTESIAN_POINT('',(1.395E0,-1.095E0,4.5E-2));
#1783=LINE('',#1782,#1781);
#1784=DIRECTION('',(0.E0,7.071067811865E-1,7.071067811865E-1));
#1785=VECTOR('',#1784,8.485281374239E-1);
#1786=CARTESIAN_POINT('',(1.395E0,-3.85E-1,3.745E0));
#1787=LINE('',#1786,#1785);
#1788=DIRECTION('',(0.E0,0.E0,1.E0));
#1789=VECTOR('',#1788,3.7E0);
#1790=CARTESIAN_POINT('',(1.395E0,-3.85E-1,4.5E-2));
#1791=LINE('',#1790,#1789);
#1792=DIRECTION('',(-1.E0,0.E0,0.E0));
#1793=VECTOR('',#1792,3.1E-1);
#1794=CARTESIAN_POINT('',(1.705E0,-1.095E0,4.5E-2));
#1795=LINE('',#1794,#1793);
#1796=DIRECTION('',(-1.E0,0.E0,0.E0));
#1797=VECTOR('',#1796,3.1E-1);
#1798=CARTESIAN_POINT('',(1.705E0,-3.85E-1,4.5E-2));
#1799=LINE('',#1798,#1797);
#1800=DIRECTION('',(-1.E0,0.E0,0.E0));
#1801=VECTOR('',#1800,3.1E-1);
#1802=CARTESIAN_POINT('',(1.705E0,-3.85E-1,3.745E0));
#1803=LINE('',#1802,#1801);
#1804=DIRECTION('',(0.E0,-1.E0,0.E0));
#1805=VECTOR('',#1804,2.19E0);
#1806=CARTESIAN_POINT('',(-7.95E-1,1.095E0,-1.655E0));
#1807=LINE('',#1806,#1805);
#1808=DIRECTION('',(-1.E0,0.E0,0.E0));
#1809=VECTOR('',#1808,2.19E0);
#1810=CARTESIAN_POINT('',(1.395E0,1.095E0,-1.655E0));
#1811=LINE('',#1810,#1809);
#1812=DIRECTION('',(0.E0,1.E0,0.E0));
#1813=VECTOR('',#1812,2.19E0);
#1814=CARTESIAN_POINT('',(1.395E0,-1.095E0,-1.655E0));
#1815=LINE('',#1814,#1813);
#1816=DIRECTION('',(1.E0,0.E0,0.E0));
#1817=VECTOR('',#1816,2.19E0);
#1818=CARTESIAN_POINT('',(-7.95E-1,-1.095E0,-1.655E0));
#1819=LINE('',#1818,#1817);
#1820=DIRECTION('',(0.E0,1.E0,0.E0));
#1821=VECTOR('',#1820,6.4E-1);
#1822=CARTESIAN_POINT('',(6.175E-1,-3.2E-1,-1.655E0));
#1823=LINE('',#1822,#1821);
#1824=DIRECTION('',(-1.E0,0.E0,0.E0));
#1825=VECTOR('',#1824,6.35E-1);
#1826=CARTESIAN_POINT('',(6.175E-1,3.2E-1,-1.655E0));
#1827=LINE('',#1826,#1825);
#1828=DIRECTION('',(0.E0,1.E0,0.E0));
#1829=VECTOR('',#1828,6.4E-1);
#1830=CARTESIAN_POINT('',(-1.75E-2,-3.2E-1,-1.655E0));
#1831=LINE('',#1830,#1829);
#1832=DIRECTION('',(-1.E0,0.E0,0.E0));
#1833=VECTOR('',#1832,6.35E-1);
#1834=CARTESIAN_POINT('',(6.175E-1,-3.2E-1,-1.655E0));
#1835=LINE('',#1834,#1833);
#1836=CARTESIAN_POINT('',(6.175E-1,-1.1E0,-4.625E0));
#1837=DIRECTION('',(1.E0,0.E0,0.E0));
#1838=DIRECTION('',(0.E0,-3.590109871423E-1,9.333333333333E-1));
#1839=AXIS2_PLACEMENT_3D('',#1836,#1837,#1838);
#1841=DIRECTION('',(0.E0,0.E0,-1.E0));
#1842=VECTOR('',#1841,8.E-1);
#1843=CARTESIAN_POINT('',(6.175E-1,-1.4E0,-4.625E0));
#1844=LINE('',#1843,#1842);
#1845=DIRECTION('',(0.E0,-7.071067811865E-1,-7.071067811865E-1));
#1846=VECTOR('',#1845,2.828427124746E-1);
#1847=CARTESIAN_POINT('',(6.175E-1,-1.4E0,-5.425E0));
#1848=LINE('',#1847,#1846);
#1849=DIRECTION('',(0.E0,-1.E0,0.E0));
#1850=VECTOR('',#1849,2.4E-1);
#1851=CARTESIAN_POINT('',(6.175E-1,-1.6E0,-5.625E0));
#1852=LINE('',#1851,#1850);
#1853=CARTESIAN_POINT('',(6.175E-1,-1.84E0,-5.425E0));
#1854=DIRECTION('',(-1.E0,0.E0,0.E0));
#1855=DIRECTION('',(0.E0,0.E0,-1.E0));
#1856=AXIS2_PLACEMENT_3D('',#1853,#1854,#1855);
#1858=DIRECTION('',(0.E0,0.E0,1.E0));
#1859=VECTOR('',#1858,1.518E0);
#1860=CARTESIAN_POINT('',(6.175E-1,-2.04E0,-5.425E0));
#1861=LINE('',#1860,#1859);
#1862=CARTESIAN_POINT('',(6.175E-1,-1.84E0,-3.907E0));
#1863=DIRECTION('',(-1.E0,0.E0,0.E0));
#1864=DIRECTION('',(0.E0,-1.E0,0.E0));
#1865=AXIS2_PLACEMENT_3D('',#1862,#1863,#1864);
#1867=DIRECTION('',(0.E0,1.E0,0.E0));
#1868=VECTOR('',#1867,1.E-1);
#1869=CARTESIAN_POINT('',(6.175E-1,-1.84E0,-3.707E0));
#1870=LINE('',#1869,#1868);
#1871=DIRECTION('',(0.E0,0.E0,-1.E0));
#1872=VECTOR('',#1871,1.4E-1);
#1873=CARTESIAN_POINT('',(6.175E-1,9.35E-1,-4.345E0));
#1874=LINE('',#1873,#1872);
#1875=DIRECTION('',(0.E0,-1.E0,0.E0));
#1876=VECTOR('',#1875,3.3E-1);
#1877=CARTESIAN_POINT('',(6.175E-1,9.35E-1,-4.485E0));
#1878=LINE('',#1877,#1876);
#1879=CARTESIAN_POINT('',(6.175E-1,6.05E-1,-4.735E0));
#1880=DIRECTION('',(1.E0,0.E0,0.E0));
#1881=DIRECTION('',(0.E0,0.E0,1.E0));
#1882=AXIS2_PLACEMENT_3D('',#1879,#1880,#1881);
#1884=DIRECTION('',(0.E0,0.E0,-1.E0));
#1885=VECTOR('',#1884,3.5E-1);
#1886=CARTESIAN_POINT('',(6.175E-1,3.55E-1,-4.735E0));
#1887=LINE('',#1886,#1885);
#1888=DIRECTION('',(0.E0,-1.E0,0.E0));
#1889=VECTOR('',#1888,8.6E-1);
#1890=CARTESIAN_POINT('',(6.175E-1,3.55E-1,-5.085E0));
#1891=LINE('',#1890,#1889);
#1892=CARTESIAN_POINT('',(6.175E-1,-5.05E-1,-4.985E0));
#1893=DIRECTION('',(-1.E0,0.E0,0.E0));
#1894=DIRECTION('',(0.E0,0.E0,-1.E0));
#1895=AXIS2_PLACEMENT_3D('',#1892,#1893,#1894);
#1897=DIRECTION('',(0.E0,0.E0,1.E0));
#1898=VECTOR('',#1897,3.6E-1);
#1899=CARTESIAN_POINT('',(6.175E-1,-6.05E-1,-4.985E0));
#1900=LINE('',#1899,#1898);
#1901=CARTESIAN_POINT('',(6.175E-1,-9.05E-1,-4.625E0));
#1902=DIRECTION('',(1.E0,0.E0,0.E0));
#1903=DIRECTION('',(0.E0,1.E0,0.E0));
#1904=AXIS2_PLACEMENT_3D('',#1901,#1902,#1903);
#1906=DIRECTION('',(0.E0,-1.E0,0.E0));
#1907=VECTOR('',#1906,6.4E-1);
#1908=CARTESIAN_POINT('',(6.175E-1,3.2E-1,2.093E0));
#1909=LINE('',#1908,#1907);
#1910=DIRECTION('',(0.E0,0.E0,-1.E0));
#1911=VECTOR('',#1910,3.748E0);
#1912=CARTESIAN_POINT('',(6.175E-1,3.2E-1,2.093E0));
#1913=LINE('',#1912,#1911);
#1914=DIRECTION('',(0.E0,0.E0,1.E0));
#1915=VECTOR('',#1914,3.748E0);
#1916=CARTESIAN_POINT('',(6.175E-1,-3.2E-1,-1.655E0));
#1917=LINE('',#1916,#1915);
#1918=DIRECTION('',(0.E0,1.E0,0.E0));
#1919=VECTOR('',#1918,1.E-1);
#1920=CARTESIAN_POINT('',(-1.75E-2,-1.84E0,-3.707E0));
#1921=LINE('',#1920,#1919);
#1922=CARTESIAN_POINT('',(-1.75E-2,-1.84E0,-3.907E0));
#1923=DIRECTION('',(-1.E0,0.E0,0.E0));
#1924=DIRECTION('',(0.E0,-1.E0,0.E0));
#1925=AXIS2_PLACEMENT_3D('',#1922,#1923,#1924);
#1927=DIRECTION('',(0.E0,0.E0,1.E0));
#1928=VECTOR('',#1927,1.518E0);
#1929=CARTESIAN_POINT('',(-1.75E-2,-2.04E0,-5.425E0));
#1930=LINE('',#1929,#1928);
#1931=CARTESIAN_POINT('',(-1.75E-2,-1.84E0,-5.425E0));
#1932=DIRECTION('',(-1.E0,0.E0,0.E0));
#1933=DIRECTION('',(0.E0,0.E0,-1.E0));
#1934=AXIS2_PLACEMENT_3D('',#1931,#1932,#1933);
#1936=DIRECTION('',(0.E0,-1.E0,0.E0));
#1937=VECTOR('',#1936,2.4E-1);
#1938=CARTESIAN_POINT('',(-1.75E-2,-1.6E0,-5.625E0));
#1939=LINE('',#1938,#1937);
#1940=DIRECTION('',(0.E0,-7.071067811865E-1,-7.071067811865E-1));
#1941=VECTOR('',#1940,2.828427124746E-1);
#1942=CARTESIAN_POINT('',(-1.75E-2,-1.4E0,-5.425E0));
#1943=LINE('',#1942,#1941);
#1944=DIRECTION('',(0.E0,0.E0,-1.E0));
#1945=VECTOR('',#1944,8.E-1);
#1946=CARTESIAN_POINT('',(-1.75E-2,-1.4E0,-4.625E0));
#1947=LINE('',#1946,#1945);
#1948=CARTESIAN_POINT('',(-1.75E-2,-1.1E0,-4.625E0));
#1949=DIRECTION('',(1.E0,0.E0,0.E0));
#1950=DIRECTION('',(0.E0,-3.590109871423E-1,9.333333333333E-1));
#1951=AXIS2_PLACEMENT_3D('',#1948,#1949,#1950);
#1953=CARTESIAN_POINT('',(-1.75E-2,-9.05E-1,-4.625E0));
#1954=DIRECTION('',(1.E0,0.E0,0.E0));
#1955=DIRECTION('',(0.E0,1.E0,0.E0));
#1956=AXIS2_PLACEMENT_3D('',#1953,#1954,#1955);
#1958=DIRECTION('',(0.E0,0.E0,1.E0));
#1959=VECTOR('',#1958,3.6E-1);
#1960=CARTESIAN_POINT('',(-1.75E-2,-6.05E-1,-4.985E0));
#1961=LINE('',#1960,#1959);
#1962=CARTESIAN_POINT('',(-1.75E-2,-5.05E-1,-4.985E0));
#1963=DIRECTION('',(-1.E0,0.E0,0.E0));
#1964=DIRECTION('',(0.E0,0.E0,-1.E0));
#1965=AXIS2_PLACEMENT_3D('',#1962,#1963,#1964);
#1967=DIRECTION('',(0.E0,-1.E0,0.E0));
#1968=VECTOR('',#1967,8.6E-1);
#1969=CARTESIAN_POINT('',(-1.75E-2,3.55E-1,-5.085E0));
#1970=LINE('',#1969,#1968);
#1971=DIRECTION('',(0.E0,0.E0,-1.E0));
#1972=VECTOR('',#1971,3.5E-1);
#1973=CARTESIAN_POINT('',(-1.75E-2,3.55E-1,-4.735E0));
#1974=LINE('',#1973,#1972);
#1975=CARTESIAN_POINT('',(-1.75E-2,6.05E-1,-4.735E0));
#1976=DIRECTION('',(1.E0,0.E0,0.E0));
#1977=DIRECTION('',(0.E0,0.E0,1.E0));
#1978=AXIS2_PLACEMENT_3D('',#1975,#1976,#1977);
#1980=DIRECTION('',(0.E0,-1.E0,0.E0));
#1981=VECTOR('',#1980,3.3E-1);
#1982=CARTESIAN_POINT('',(-1.75E-2,9.35E-1,-4.485E0));
#1983=LINE('',#1982,#1981);
#1984=DIRECTION('',(0.E0,0.E0,-1.E0));
#1985=VECTOR('',#1984,1.4E-1);
#1986=CARTESIAN_POINT('',(-1.75E-2,9.35E-1,-4.345E0));
#1987=LINE('',#1986,#1985);
#1988=DIRECTION('',(0.E0,1.E0,0.E0));
#1989=VECTOR('',#1988,6.4E-1);
#1990=CARTESIAN_POINT('',(-1.75E-2,-3.2E-1,2.093E0));
#1991=LINE('',#1990,#1989);
#1992=DIRECTION('',(0.E0,0.E0,1.E0));
#1993=VECTOR('',#1992,3.748E0);
#1994=CARTESIAN_POINT('',(-1.75E-2,-3.2E-1,-1.655E0));
#1995=LINE('',#1994,#1993);
#1996=DIRECTION('',(0.E0,0.E0,-1.E0));
#1997=VECTOR('',#1996,3.748E0);
#1998=CARTESIAN_POINT('',(-1.75E-2,3.2E-1,2.093E0));
#1999=LINE('',#1998,#1997);
#2000=DIRECTION('',(-1.E0,0.E0,0.E0));
#2001=VECTOR('',#2000,6.35E-1);
#2002=CARTESIAN_POINT('',(6.175E-1,-1.84E0,-3.707E0));
#2003=LINE('',#2002,#2001);
#2004=DIRECTION('',(-1.E0,0.E0,0.E0));
#2005=VECTOR('',#2004,6.35E-1);
#2006=CARTESIAN_POINT('',(6.175E-1,-2.04E0,-3.907E0));
#2007=LINE('',#2006,#2005);
#2008=DIRECTION('',(-1.E0,0.E0,0.E0));
#2009=VECTOR('',#2008,6.35E-1);
#2010=CARTESIAN_POINT('',(6.175E-1,-2.04E0,-5.425E0));
#2011=LINE('',#2010,#2009);
#2012=DIRECTION('',(-1.E0,0.E0,0.E0));
#2013=VECTOR('',#2012,6.35E-1);
#2014=CARTESIAN_POINT('',(6.175E-1,-1.84E0,-5.625E0));
#2015=LINE('',#2014,#2013);
#2016=DIRECTION('',(-1.E0,0.E0,0.E0));
#2017=VECTOR('',#2016,6.35E-1);
#2018=CARTESIAN_POINT('',(6.175E-1,-1.6E0,-5.625E0));
#2019=LINE('',#2018,#2017);
#2020=DIRECTION('',(-1.E0,0.E0,0.E0));
#2021=VECTOR('',#2020,6.35E-1);
#2022=CARTESIAN_POINT('',(6.175E-1,-1.4E0,-5.425E0));
#2023=LINE('',#2022,#2021);
#2024=DIRECTION('',(-1.E0,0.E0,0.E0));
#2025=VECTOR('',#2024,6.35E-1);
#2026=CARTESIAN_POINT('',(6.175E-1,-1.4E0,-4.625E0));
#2027=LINE('',#2026,#2025);
#2028=DIRECTION('',(-1.E0,0.E0,0.E0));
#2029=VECTOR('',#2028,6.35E-1);
#2030=CARTESIAN_POINT('',(6.175E-1,-6.05E-1,-4.625E0));
#2031=LINE('',#2030,#2029);
#2032=DIRECTION('',(-1.E0,0.E0,0.E0));
#2033=VECTOR('',#2032,6.35E-1);
#2034=CARTESIAN_POINT('',(6.175E-1,-6.05E-1,-4.985E0));
#2035=LINE('',#2034,#2033);
#2036=DIRECTION('',(-1.E0,0.E0,0.E0));
#2037=VECTOR('',#2036,6.35E-1);
#2038=CARTESIAN_POINT('',(6.175E-1,-5.05E-1,-5.085E0));
#2039=LINE('',#2038,#2037);
#2040=DIRECTION('',(-1.E0,0.E0,0.E0));
#2041=VECTOR('',#2040,6.35E-1);
#2042=CARTESIAN_POINT('',(6.175E-1,3.55E-1,-5.085E0));
#2043=LINE('',#2042,#2041);
#2044=DIRECTION('',(-1.E0,0.E0,0.E0));
#2045=VECTOR('',#2044,6.35E-1);
#2046=CARTESIAN_POINT('',(6.175E-1,3.55E-1,-4.735E0));
#2047=LINE('',#2046,#2045);
#2048=DIRECTION('',(-1.E0,0.E0,0.E0));
#2049=VECTOR('',#2048,6.35E-1);
#2050=CARTESIAN_POINT('',(6.175E-1,6.05E-1,-4.485E0));
#2051=LINE('',#2050,#2049);
#2052=DIRECTION('',(-1.E0,0.E0,0.E0));
#2053=VECTOR('',#2052,6.35E-1);
#2054=CARTESIAN_POINT('',(6.175E-1,9.35E-1,-4.485E0));
#2055=LINE('',#2054,#2053);
#2056=DIRECTION('',(1.789649958816E-1,2.386199945088E-1,-9.544799780350E-1));
#2057=VECTOR('',#2056,8.381527307120E-1);
#2058=CARTESIAN_POINT('',(4.675E-1,1.2E-1,2.893E0));
#2059=LINE('',#2058,#2057);
#2060=DIRECTION('',(-1.E0,0.E0,0.E0));
#2061=VECTOR('',#2060,3.35E-1);
#2062=CARTESIAN_POINT('',(4.675E-1,1.2E-1,2.893E0));
#2063=LINE('',#2062,#2061);
#2064=DIRECTION('',(1.789649958816E-1,-2.386199945088E-1,9.544799780350E-1));
#2065=VECTOR('',#2064,8.381527307120E-1);
#2066=CARTESIAN_POINT('',(-1.75E-2,3.2E-1,2.093E0));
#2067=LINE('',#2066,#2065);
#2068=DIRECTION('',(-1.789649958816E-1,2.386199945088E-1,9.544799780350E-1));
#2069=VECTOR('',#2068,8.381527307120E-1);
#2070=CARTESIAN_POINT('',(6.175E-1,-3.2E-1,2.093E0));
#2071=LINE('',#2070,#2069);
#2072=DIRECTION('',(-1.E0,0.E0,0.E0));
#2073=VECTOR('',#2072,6.35E-1);
#2074=CARTESIAN_POINT('',(6.175E-1,-3.2E-1,2.093E0));
#2075=LINE('',#2074,#2073);
#2076=DIRECTION('',(-1.789649958816E-1,-2.386199945088E-1,-9.544799780350E-1));
#2077=VECTOR('',#2076,8.381527307120E-1);
#2078=CARTESIAN_POINT('',(1.325E-1,-1.2E-1,2.893E0));
#2079=LINE('',#2078,#2077);
#2080=DIRECTION('',(0.E0,-1.E0,0.E0));
#2081=VECTOR('',#2080,2.4E-1);
#2082=CARTESIAN_POINT('',(4.675E-1,1.2E-1,2.893E0));
#2083=LINE('',#2082,#2081);
#2084=DIRECTION('',(-1.E0,0.E0,0.E0));
#2085=VECTOR('',#2084,3.35E-1);
#2086=CARTESIAN_POINT('',(4.675E-1,-1.2E-1,2.893E0));
#2087=LINE('',#2086,#2085);
#2088=DIRECTION('',(0.E0,1.E0,0.E0));
#2089=VECTOR('',#2088,2.4E-1);
#2090=CARTESIAN_POINT('',(1.325E-1,-1.2E-1,2.893E0));
#2091=LINE('',#2090,#2089);
#2092=DIRECTION('',(-1.E0,0.E0,0.E0));
#2093=VECTOR('',#2092,6.35E-1);
#2094=CARTESIAN_POINT('',(6.175E-1,3.2E-1,2.093E0));
#2095=LINE('',#2094,#2093);
#2096=DIRECTION('',(0.E0,0.E0,-1.E0));
#2097=VECTOR('',#2096,4.54E0);
#2098=CARTESIAN_POINT('',(-1.105E0,1.44E0,4.345E0));
#2099=LINE('',#2098,#2097);
#2100=DIRECTION('',(0.E0,-1.E0,0.E0));
#2101=VECTOR('',#2100,2.535E0);
#2102=CARTESIAN_POINT('',(-1.105E0,1.44E0,4.345E0));
#2103=LINE('',#2102,#2101);
#2104=DIRECTION('',(0.E0,0.E0,-1.E0));
#2105=VECTOR('',#2104,6.E0);
#2106=CARTESIAN_POINT('',(-1.105E0,-1.095E0,4.345E0));
#2107=LINE('',#2106,#2105);
#2108=DIRECTION('',(-1.E0,0.E0,0.E0));
#2109=VECTOR('',#2108,8.95E-1);
#2110=CARTESIAN_POINT('',(-1.105E0,1.095E0,-1.95E-1));
#2111=LINE('',#2110,#2109);
#2112=DIRECTION('',(0.E0,0.E0,-1.E0));
#2113=VECTOR('',#2112,1.46E0);
#2114=CARTESIAN_POINT('',(-1.105E0,1.095E0,-1.95E-1));
#2115=LINE('',#2114,#2113);
#2116=DIRECTION('',(0.E0,0.E0,-1.E0));
#2117=VECTOR('',#2116,4.54E0);
#2118=CARTESIAN_POINT('',(-2.E0,1.095E0,4.345E0));
#2119=LINE('',#2118,#2117);
#2120=DIRECTION('',(0.E0,-1.E0,0.E0));
#2121=VECTOR('',#2120,2.19E0);
#2122=CARTESIAN_POINT('',(-3.295E0,1.095E0,-1.655E0));
#2123=LINE('',#2122,#2121);
#2124=DIRECTION('',(-1.E0,0.E0,0.E0));
#2125=VECTOR('',#2124,2.19E0);
#2126=CARTESIAN_POINT('',(-1.105E0,1.095E0,-1.655E0));
#2127=LINE('',#2126,#2125);
#2128=DIRECTION('',(0.E0,1.E0,0.E0));
#2129=VECTOR('',#2128,2.19E0);
#2130=CARTESIAN_POINT('',(-1.105E0,-1.095E0,-1.655E0));
#2131=LINE('',#2130,#2129);
#2132=DIRECTION('',(1.E0,0.E0,0.E0));
#2133=VECTOR('',#2132,2.19E0);
#2134=CARTESIAN_POINT('',(-3.295E0,-1.095E0,-1.655E0));
#2135=LINE('',#2134,#2133);
#2136=DIRECTION('',(0.E0,1.E0,0.E0));
#2137=VECTOR('',#2136,6.4E-1);
#2138=CARTESIAN_POINT('',(-1.8825E0,-3.2E-1,-1.655E0));
#2139=LINE('',#2138,#2137);
#2140=DIRECTION('',(-1.E0,0.E0,0.E0));
#2141=VECTOR('',#2140,6.35E-1);
#2142=CARTESIAN_POINT('',(-1.8825E0,3.2E-1,-1.655E0));
#2143=LINE('',#2142,#2141);
#2144=DIRECTION('',(0.E0,1.E0,0.E0));
#2145=VECTOR('',#2144,6.4E-1);
#2146=CARTESIAN_POINT('',(-2.5175E0,-3.2E-1,-1.655E0));
#2147=LINE('',#2146,#2145);
#2148=DIRECTION('',(-1.E0,0.E0,0.E0));
#2149=VECTOR('',#2148,6.35E-1);
#2150=CARTESIAN_POINT('',(-1.8825E0,-3.2E-1,-1.655E0));
#2151=LINE('',#2150,#2149);
#2152=DIRECTION('',(0.E0,0.E0,-1.E0));
#2153=VECTOR('',#2152,6.E0);
#2154=CARTESIAN_POINT('',(-3.295E0,1.095E0,4.345E0));
#2155=LINE('',#2154,#2153);
#2156=DIRECTION('',(0.E0,0.E0,-1.E0));
#2157=VECTOR('',#2156,6.E0);
#2158=CARTESIAN_POINT('',(-3.295E0,-1.095E0,4.345E0));
#2159=LINE('',#2158,#2157);
#2160=CARTESIAN_POINT('',(-1.8825E0,-1.1E0,-4.625E0));
#2161=DIRECTION('',(1.E0,0.E0,0.E0));
#2162=DIRECTION('',(0.E0,-3.590109871423E-1,9.333333333333E-1));
#2163=AXIS2_PLACEMENT_3D('',#2160,#2161,#2162);
#2165=DIRECTION('',(0.E0,0.E0,-1.E0));
#2166=VECTOR('',#2165,8.E-1);
#2167=CARTESIAN_POINT('',(-1.8825E0,-1.4E0,-4.625E0));
#2168=LINE('',#2167,#2166);
#2169=DIRECTION('',(0.E0,-7.071067811865E-1,-7.071067811865E-1));
#2170=VECTOR('',#2169,2.828427124746E-1);
#2171=CARTESIAN_POINT('',(-1.8825E0,-1.4E0,-5.425E0));
#2172=LINE('',#2171,#2170);
#2173=DIRECTION('',(0.E0,-1.E0,0.E0));
#2174=VECTOR('',#2173,2.4E-1);
#2175=CARTESIAN_POINT('',(-1.8825E0,-1.6E0,-5.625E0));
#2176=LINE('',#2175,#2174);
#2177=CARTESIAN_POINT('',(-1.8825E0,-1.84E0,-5.425E0));
#2178=DIRECTION('',(-1.E0,0.E0,0.E0));
#2179=DIRECTION('',(0.E0,0.E0,-1.E0));
#2180=AXIS2_PLACEMENT_3D('',#2177,#2178,#2179);
#2182=DIRECTION('',(0.E0,0.E0,1.E0));
#2183=VECTOR('',#2182,1.518E0);
#2184=CARTESIAN_POINT('',(-1.8825E0,-2.04E0,-5.425E0));
#2185=LINE('',#2184,#2183);
#2186=CARTESIAN_POINT('',(-1.8825E0,-1.84E0,-3.907E0));
#2187=DIRECTION('',(-1.E0,0.E0,0.E0));
#2188=DIRECTION('',(0.E0,-1.E0,0.E0));
#2189=AXIS2_PLACEMENT_3D('',#2186,#2187,#2188);
#2191=DIRECTION('',(0.E0,1.E0,0.E0));
#2192=VECTOR('',#2191,1.E-1);
#2193=CARTESIAN_POINT('',(-1.8825E0,-1.84E0,-3.707E0));
#2194=LINE('',#2193,#2192);
#2195=DIRECTION('',(0.E0,0.E0,-1.E0));
#2196=VECTOR('',#2195,1.4E-1);
#2197=CARTESIAN_POINT('',(-1.8825E0,9.35E-1,-4.345E0));
#2198=LINE('',#2197,#2196);
#2199=DIRECTION('',(0.E0,-1.E0,0.E0));
#2200=VECTOR('',#2199,3.3E-1);
#2201=CARTESIAN_POINT('',(-1.8825E0,9.35E-1,-4.485E0));
#2202=LINE('',#2201,#2200);
#2203=CARTESIAN_POINT('',(-1.8825E0,6.05E-1,-4.735E0));
#2204=DIRECTION('',(1.E0,0.E0,0.E0));
#2205=DIRECTION('',(0.E0,0.E0,1.E0));
#2206=AXIS2_PLACEMENT_3D('',#2203,#2204,#2205);
#2208=DIRECTION('',(0.E0,0.E0,-1.E0));
#2209=VECTOR('',#2208,3.5E-1);
#2210=CARTESIAN_POINT('',(-1.8825E0,3.55E-1,-4.735E0));
#2211=LINE('',#2210,#2209);
#2212=DIRECTION('',(0.E0,-1.E0,0.E0));
#2213=VECTOR('',#2212,8.6E-1);
#2214=CARTESIAN_POINT('',(-1.8825E0,3.55E-1,-5.085E0));
#2215=LINE('',#2214,#2213);
#2216=CARTESIAN_POINT('',(-1.8825E0,-5.05E-1,-4.985E0));
#2217=DIRECTION('',(-1.E0,0.E0,0.E0));
#2218=DIRECTION('',(0.E0,0.E0,-1.E0));
#2219=AXIS2_PLACEMENT_3D('',#2216,#2217,#2218);
#2221=DIRECTION('',(0.E0,0.E0,1.E0));
#2222=VECTOR('',#2221,3.6E-1);
#2223=CARTESIAN_POINT('',(-1.8825E0,-6.05E-1,-4.985E0));
#2224=LINE('',#2223,#2222);
#2225=CARTESIAN_POINT('',(-1.8825E0,-9.05E-1,-4.625E0));
#2226=DIRECTION('',(1.E0,0.E0,0.E0));
#2227=DIRECTION('',(0.E0,1.E0,0.E0));
#2228=AXIS2_PLACEMENT_3D('',#2225,#2226,#2227);
#2230=DIRECTION('',(0.E0,-1.E0,0.E0));
#2231=VECTOR('',#2230,6.4E-1);
#2232=CARTESIAN_POINT('',(-1.8825E0,3.2E-1,2.093E0));
#2233=LINE('',#2232,#2231);
#2234=DIRECTION('',(0.E0,0.E0,-1.E0));
#2235=VECTOR('',#2234,3.748E0);
#2236=CARTESIAN_POINT('',(-1.8825E0,3.2E-1,2.093E0));
#2237=LINE('',#2236,#2235);
#2238=DIRECTION('',(0.E0,0.E0,1.E0));
#2239=VECTOR('',#2238,3.748E0);
#2240=CARTESIAN_POINT('',(-1.8825E0,-3.2E-1,-1.655E0));
#2241=LINE('',#2240,#2239);
#2242=DIRECTION('',(0.E0,1.E0,0.E0));
#2243=VECTOR('',#2242,1.E-1);
#2244=CARTESIAN_POINT('',(-2.5175E0,-1.84E0,-3.707E0));
#2245=LINE('',#2244,#2243);
#2246=CARTESIAN_POINT('',(-2.5175E0,-1.84E0,-3.907E0));
#2247=DIRECTION('',(-1.E0,0.E0,0.E0));
#2248=DIRECTION('',(0.E0,-1.E0,0.E0));
#2249=AXIS2_PLACEMENT_3D('',#2246,#2247,#2248);
#2251=DIRECTION('',(0.E0,0.E0,1.E0));
#2252=VECTOR('',#2251,1.518E0);
#2253=CARTESIAN_POINT('',(-2.5175E0,-2.04E0,-5.425E0));
#2254=LINE('',#2253,#2252);
#2255=CARTESIAN_POINT('',(-2.5175E0,-1.84E0,-5.425E0));
#2256=DIRECTION('',(-1.E0,0.E0,0.E0));
#2257=DIRECTION('',(0.E0,0.E0,-1.E0));
#2258=AXIS2_PLACEMENT_3D('',#2255,#2256,#2257);
#2260=DIRECTION('',(0.E0,-1.E0,0.E0));
#2261=VECTOR('',#2260,2.4E-1);
#2262=CARTESIAN_POINT('',(-2.5175E0,-1.6E0,-5.625E0));
#2263=LINE('',#2262,#2261);
#2264=DIRECTION('',(0.E0,-7.071067811865E-1,-7.071067811865E-1));
#2265=VECTOR('',#2264,2.828427124746E-1);
#2266=CARTESIAN_POINT('',(-2.5175E0,-1.4E0,-5.425E0));
#2267=LINE('',#2266,#2265);
#2268=DIRECTION('',(0.E0,0.E0,-1.E0));
#2269=VECTOR('',#2268,8.E-1);
#2270=CARTESIAN_POINT('',(-2.5175E0,-1.4E0,-4.625E0));
#2271=LINE('',#2270,#2269);
#2272=CARTESIAN_POINT('',(-2.5175E0,-1.1E0,-4.625E0));
#2273=DIRECTION('',(1.E0,0.E0,0.E0));
#2274=DIRECTION('',(0.E0,-3.590109871423E-1,9.333333333333E-1));
#2275=AXIS2_PLACEMENT_3D('',#2272,#2273,#2274);
#2277=CARTESIAN_POINT('',(-2.5175E0,-9.05E-1,-4.625E0));
#2278=DIRECTION('',(1.E0,0.E0,0.E0));
#2279=DIRECTION('',(0.E0,1.E0,0.E0));
#2280=AXIS2_PLACEMENT_3D('',#2277,#2278,#2279);
#2282=DIRECTION('',(0.E0,0.E0,1.E0));
#2283=VECTOR('',#2282,3.6E-1);
#2284=CARTESIAN_POINT('',(-2.5175E0,-6.05E-1,-4.985E0));
#2285=LINE('',#2284,#2283);
#2286=CARTESIAN_POINT('',(-2.5175E0,-5.05E-1,-4.985E0));
#2287=DIRECTION('',(-1.E0,0.E0,0.E0));
#2288=DIRECTION('',(0.E0,0.E0,-1.E0));
#2289=AXIS2_PLACEMENT_3D('',#2286,#2287,#2288);
#2291=DIRECTION('',(0.E0,-1.E0,0.E0));
#2292=VECTOR('',#2291,8.6E-1);
#2293=CARTESIAN_POINT('',(-2.5175E0,3.55E-1,-5.085E0));
#2294=LINE('',#2293,#2292);
#2295=DIRECTION('',(0.E0,0.E0,-1.E0));
#2296=VECTOR('',#2295,3.5E-1);
#2297=CARTESIAN_POINT('',(-2.5175E0,3.55E-1,-4.735E0));
#2298=LINE('',#2297,#2296);
#2299=CARTESIAN_POINT('',(-2.5175E0,6.05E-1,-4.735E0));
#2300=DIRECTION('',(1.E0,0.E0,0.E0));
#2301=DIRECTION('',(0.E0,0.E0,1.E0));
#2302=AXIS2_PLACEMENT_3D('',#2299,#2300,#2301);
#2304=DIRECTION('',(0.E0,-1.E0,0.E0));
#2305=VECTOR('',#2304,3.3E-1);
#2306=CARTESIAN_POINT('',(-2.5175E0,9.35E-1,-4.485E0));
#2307=LINE('',#2306,#2305);
#2308=DIRECTION('',(0.E0,0.E0,-1.E0));
#2309=VECTOR('',#2308,1.4E-1);
#2310=CARTESIAN_POINT('',(-2.5175E0,9.35E-1,-4.345E0));
#2311=LINE('',#2310,#2309);
#2312=DIRECTION('',(0.E0,1.E0,0.E0));
#2313=VECTOR('',#2312,6.4E-1);
#2314=CARTESIAN_POINT('',(-2.5175E0,-3.2E-1,2.093E0));
#2315=LINE('',#2314,#2313);
#2316=DIRECTION('',(0.E0,0.E0,1.E0));
#2317=VECTOR('',#2316,3.748E0);
#2318=CARTESIAN_POINT('',(-2.5175E0,-3.2E-1,-1.655E0));
#2319=LINE('',#2318,#2317);
#2320=DIRECTION('',(0.E0,0.E0,-1.E0));
#2321=VECTOR('',#2320,3.748E0);
#2322=CARTESIAN_POINT('',(-2.5175E0,3.2E-1,2.093E0));
#2323=LINE('',#2322,#2321);
#2324=DIRECTION('',(-1.E0,0.E0,0.E0));
#2325=VECTOR('',#2324,6.35E-1);
#2326=CARTESIAN_POINT('',(-1.8825E0,-1.84E0,-3.707E0));
#2327=LINE('',#2326,#2325);
#2328=DIRECTION('',(-1.E0,0.E0,0.E0));
#2329=VECTOR('',#2328,6.35E-1);
#2330=CARTESIAN_POINT('',(-1.8825E0,-2.04E0,-3.907E0));
#2331=LINE('',#2330,#2329);
#2332=DIRECTION('',(-1.E0,0.E0,0.E0));
#2333=VECTOR('',#2332,6.35E-1);
#2334=CARTESIAN_POINT('',(-1.8825E0,-2.04E0,-5.425E0));
#2335=LINE('',#2334,#2333);
#2336=DIRECTION('',(-1.E0,0.E0,0.E0));
#2337=VECTOR('',#2336,6.35E-1);
#2338=CARTESIAN_POINT('',(-1.8825E0,-1.84E0,-5.625E0));
#2339=LINE('',#2338,#2337);
#2340=DIRECTION('',(-1.E0,0.E0,0.E0));
#2341=VECTOR('',#2340,6.35E-1);
#2342=CARTESIAN_POINT('',(-1.8825E0,-1.6E0,-5.625E0));
#2343=LINE('',#2342,#2341);
#2344=DIRECTION('',(-1.E0,0.E0,0.E0));
#2345=VECTOR('',#2344,6.35E-1);
#2346=CARTESIAN_POINT('',(-1.8825E0,-1.4E0,-5.425E0));
#2347=LINE('',#2346,#2345);
#2348=DIRECTION('',(-1.E0,0.E0,0.E0));
#2349=VECTOR('',#2348,6.35E-1);
#2350=CARTESIAN_POINT('',(-1.8825E0,-1.4E0,-4.625E0));
#2351=LINE('',#2350,#2349);
#2352=DIRECTION('',(-1.E0,0.E0,0.E0));
#2353=VECTOR('',#2352,6.35E-1);
#2354=CARTESIAN_POINT('',(-1.8825E0,-6.05E-1,-4.625E0));
#2355=LINE('',#2354,#2353);
#2356=DIRECTION('',(-1.E0,0.E0,0.E0));
#2357=VECTOR('',#2356,6.35E-1);
#2358=CARTESIAN_POINT('',(-1.8825E0,-6.05E-1,-4.985E0));
#2359=LINE('',#2358,#2357);
#2360=DIRECTION('',(-1.E0,0.E0,0.E0));
#2361=VECTOR('',#2360,6.35E-1);
#2362=CARTESIAN_POINT('',(-1.8825E0,-5.05E-1,-5.085E0));
#2363=LINE('',#2362,#2361);
#2364=DIRECTION('',(-1.E0,0.E0,0.E0));
#2365=VECTOR('',#2364,6.35E-1);
#2366=CARTESIAN_POINT('',(-1.8825E0,3.55E-1,-5.085E0));
#2367=LINE('',#2366,#2365);
#2368=DIRECTION('',(-1.E0,0.E0,0.E0));
#2369=VECTOR('',#2368,6.35E-1);
#2370=CARTESIAN_POINT('',(-1.8825E0,3.55E-1,-4.735E0));
#2371=LINE('',#2370,#2369);
#2372=DIRECTION('',(-1.E0,0.E0,0.E0));
#2373=VECTOR('',#2372,6.35E-1);
#2374=CARTESIAN_POINT('',(-1.8825E0,6.05E-1,-4.485E0));
#2375=LINE('',#2374,#2373);
#2376=DIRECTION('',(-1.E0,0.E0,0.E0));
#2377=VECTOR('',#2376,6.35E-1);
#2378=CARTESIAN_POINT('',(-1.8825E0,9.35E-1,-4.485E0));
#2379=LINE('',#2378,#2377);
#2380=DIRECTION('',(1.789649958816E-1,2.386199945088E-1,-9.544799780350E-1));
#2381=VECTOR('',#2380,8.381527307120E-1);
#2382=CARTESIAN_POINT('',(-2.0325E0,1.2E-1,2.893E0));
#2383=LINE('',#2382,#2381);
#2384=DIRECTION('',(-1.E0,0.E0,0.E0));
#2385=VECTOR('',#2384,3.35E-1);
#2386=CARTESIAN_POINT('',(-2.0325E0,1.2E-1,2.893E0));
#2387=LINE('',#2386,#2385);
#2388=DIRECTION('',(1.789649958816E-1,-2.386199945088E-1,9.544799780350E-1));
#2389=VECTOR('',#2388,8.381527307120E-1);
#2390=CARTESIAN_POINT('',(-2.5175E0,3.2E-1,2.093E0));
#2391=LINE('',#2390,#2389);
#2392=DIRECTION('',(-1.789649958816E-1,2.386199945088E-1,9.544799780350E-1));
#2393=VECTOR('',#2392,8.381527307120E-1);
#2394=CARTESIAN_POINT('',(-1.8825E0,-3.2E-1,2.093E0));
#2395=LINE('',#2394,#2393);
#2396=DIRECTION('',(-1.E0,0.E0,0.E0));
#2397=VECTOR('',#2396,6.35E-1);
#2398=CARTESIAN_POINT('',(-1.8825E0,-3.2E-1,2.093E0));
#2399=LINE('',#2398,#2397);
#2400=DIRECTION('',(-1.789649958816E-1,-2.386199945088E-1,-9.544799780350E-1));
#2401=VECTOR('',#2400,8.381527307120E-1);
#2402=CARTESIAN_POINT('',(-2.3675E0,-1.2E-1,2.893E0));
#2403=LINE('',#2402,#2401);
#2404=DIRECTION('',(0.E0,-1.E0,0.E0));
#2405=VECTOR('',#2404,2.4E-1);
#2406=CARTESIAN_POINT('',(-2.0325E0,1.2E-1,2.893E0));
#2407=LINE('',#2406,#2405);
#2408=DIRECTION('',(-1.E0,0.E0,0.E0));
#2409=VECTOR('',#2408,3.35E-1);
#2410=CARTESIAN_POINT('',(-2.0325E0,-1.2E-1,2.893E0));
#2411=LINE('',#2410,#2409);
#2412=DIRECTION('',(0.E0,1.E0,0.E0));
#2413=VECTOR('',#2412,2.4E-1);
#2414=CARTESIAN_POINT('',(-2.3675E0,-1.2E-1,2.893E0));
#2415=LINE('',#2414,#2413);
#2416=DIRECTION('',(-1.E0,0.E0,0.E0));
#2417=VECTOR('',#2416,6.35E-1);
#2418=CARTESIAN_POINT('',(-1.8825E0,3.2E-1,2.093E0));
#2419=LINE('',#2418,#2417);
#2420=DIRECTION('',(0.E0,0.E0,1.E0));
#2421=VECTOR('',#2420,2.15E0);
#2422=CARTESIAN_POINT('',(-2.E0,3.74E0,-2.345E0));
#2423=LINE('',#2422,#2421);
#2424=DIRECTION('',(0.E0,0.E0,1.E0));
#2425=VECTOR('',#2424,2.15E0);
#2426=CARTESIAN_POINT('',(-9.5E-1,3.74E0,-2.345E0));
#2427=LINE('',#2426,#2425);
#2428=DIRECTION('',(-1.E0,0.E0,0.E0));
#2429=VECTOR('',#2428,2.5E0);
#2430=CARTESIAN_POINT('',(1.55E0,3.75E0,4.505E0));
#2431=LINE('',#2430,#2429);
#2432=DIRECTION('',(0.E0,0.E0,1.E0));
#2433=VECTOR('',#2432,4.7E0);
#2434=CARTESIAN_POINT('',(-9.5E-1,3.75E0,-1.95E-1));
#2435=LINE('',#2434,#2433);
#2436=DIRECTION('',(0.E0,0.E0,-1.E0));
#2437=VECTOR('',#2436,5.73E0);
#2438=CARTESIAN_POINT('',(2.6E0,3.75E0,5.535E0));
#2439=LINE('',#2438,#2437);
#2440=DIRECTION('',(0.E0,0.E0,1.E0));
#2441=VECTOR('',#2440,4.7E0);
#2442=CARTESIAN_POINT('',(1.55E0,3.75E0,-1.95E-1));
#2443=LINE('',#2442,#2441);
#2444=DIRECTION('',(0.E0,-1.E0,0.E0));
#2445=VECTOR('',#2444,9.E-1);
#2446=CARTESIAN_POINT('',(1.55E0,4.65E0,4.505E0));
#2447=LINE('',#2446,#2445);
#2448=DIRECTION('',(1.E0,0.E0,0.E0));
#2449=VECTOR('',#2448,2.5E0);
#2450=CARTESIAN_POINT('',(-9.5E-1,4.65E0,4.505E0));
#2451=LINE('',#2450,#2449);
#2452=DIRECTION('',(0.E0,1.E0,0.E0));
#2453=VECTOR('',#2452,9.E-1);
#2454=CARTESIAN_POINT('',(-9.5E-1,3.75E0,4.505E0));
#2455=LINE('',#2454,#2453);
#2456=DIRECTION('',(0.E0,0.E0,1.E0));
#2457=VECTOR('',#2456,6.85E0);
#2458=CARTESIAN_POINT('',(1.55E0,4.65E0,-2.345E0));
#2459=LINE('',#2458,#2457);
#2460=DIRECTION('',(0.E0,0.E0,1.E0));
#2461=VECTOR('',#2460,6.85E0);
#2462=CARTESIAN_POINT('',(-9.5E-1,4.65E0,-2.345E0));
#2463=LINE('',#2462,#2461);
#2464=DIRECTION('',(0.E0,0.E0,1.E0));
#2465=VECTOR('',#2464,2.15E0);
#2466=CARTESIAN_POINT('',(1.55E0,3.74E0,-2.345E0));
#2467=LINE('',#2466,#2465);
#2468=CARTESIAN_POINT('',(-2.3E0,4.75E0,-2.145E0));
#2469=DIRECTION('',(-1.E0,0.E0,0.E0));
#2470=DIRECTION('',(0.E0,1.E0,0.E0));
#2471=AXIS2_PLACEMENT_3D('',#2468,#2469,#2470);
#2473=CARTESIAN_POINT('',(-2.3E0,4.75E0,-2.145E0));
#2474=DIRECTION('',(0.E0,0.E0,-1.E0));
#2475=DIRECTION('',(-1.E0,0.E0,0.E0));
#2476=AXIS2_PLACEMENT_3D('',#2473,#2474,#2475);
#2478=CARTESIAN_POINT('',(-2.3E0,4.75E0,-2.145E0));
#2479=DIRECTION('',(0.E0,1.E0,0.E0));
#2480=DIRECTION('',(0.E0,0.E0,-1.E0));
#2481=AXIS2_PLACEMENT_3D('',#2478,#2479,#2480);
#2483=DIRECTION('',(-4.472135955E-1,0.E0,-8.944271909999E-1));
#2484=VECTOR('',#2483,2.906888370750E-1);
#2485=CARTESIAN_POINT('',(-4.895E0,-1.2E0,3.795E0));
#2486=LINE('',#2485,#2484);
#2487=DIRECTION('',(-4.472135955E-1,0.E0,-8.944271909999E-1));
#2488=VECTOR('',#2487,2.236067977500E-1);
#2489=CARTESIAN_POINT('',(-5.025E0,-1.2E0,3.535E0));
#2490=LINE('',#2489,#2488);
#2491=DIRECTION('',(0.E0,-1.E0,0.E0));
#2492=VECTOR('',#2491,5.4E-1);
#2493=CARTESIAN_POINT('',(-5.125E0,-1.2E0,3.335E0));
#2494=LINE('',#2493,#2492);
#2495=DIRECTION('',(-4.472135955E-1,0.E0,-8.944271909999E-1));
#2496=VECTOR('',#2495,6.149186938124E-1);
#2497=CARTESIAN_POINT('',(-4.62E0,-1.2E0,4.345E0));
#2498=LINE('',#2497,#2496);
#2499=DIRECTION('',(0.E0,0.E0,1.E0));
#2500=VECTOR('',#2499,2.6E-1);
#2501=CARTESIAN_POINT('',(-5.025E0,-1.2E0,3.535E0));
#2502=LINE('',#2501,#2500);
#2503=CARTESIAN_POINT('',(-5.025E0,-1.6E0,3.795E0));
#2504=DIRECTION('',(1.E0,0.E0,0.E0));
#2505=DIRECTION('',(0.E0,1.E0,0.E0));
#2506=AXIS2_PLACEMENT_3D('',#2503,#2504,#2505);
#2508=DIRECTION('',(0.E0,-1.E0,0.E0));
#2509=VECTOR('',#2508,4.E-2);
#2510=CARTESIAN_POINT('',(-5.025E0,-1.6E0,4.195E0));
#2511=LINE('',#2510,#2509);
#2512=CARTESIAN_POINT('',(-5.025E0,-1.64E0,3.795E0));
#2513=DIRECTION('',(1.E0,0.E0,0.E0));
#2514=DIRECTION('',(0.E0,0.E0,1.E0));
#2515=AXIS2_PLACEMENT_3D('',#2512,#2513,#2514);
#2517=DIRECTION('',(0.E0,0.E0,-1.E0));
#2518=VECTOR('',#2517,2.65E0);
#2519=CARTESIAN_POINT('',(-5.025E0,-2.04E0,3.795E0));
#2520=LINE('',#2519,#2518);
#2521=CARTESIAN_POINT('',(-5.025E0,-1.89E0,1.145E0));
#2522=DIRECTION('',(1.E0,0.E0,0.E0));
#2523=DIRECTION('',(0.E0,-1.E0,0.E0));
#2524=AXIS2_PLACEMENT_3D('',#2521,#2522,#2523);
#2526=DIRECTION('',(0.E0,1.E0,0.E0));
#2527=VECTOR('',#2526,1.4E-1);
#2528=CARTESIAN_POINT('',(-5.025E0,-1.89E0,9.95E-1));
#2529=LINE('',#2528,#2527);
#2530=CARTESIAN_POINT('',(-5.025E0,-1.75E0,8.45E-1));
#2531=DIRECTION('',(-1.E0,0.E0,0.E0));
#2532=DIRECTION('',(0.E0,0.E0,1.E0));
#2533=AXIS2_PLACEMENT_3D('',#2530,#2531,#2532);
#2535=DIRECTION('',(0.E0,0.E0,-1.E0));
#2536=VECTOR('',#2535,2.7E0);
#2537=CARTESIAN_POINT('',(-5.025E0,-1.6E0,8.45E-1));
#2538=LINE('',#2537,#2536);
#2539=CARTESIAN_POINT('',(-5.025E0,-1.75E0,-1.855E0));
#2540=DIRECTION('',(-1.E0,0.E0,0.E0));
#2541=DIRECTION('',(0.E0,1.E0,0.E0));
#2542=AXIS2_PLACEMENT_3D('',#2539,#2540,#2541);
#2544=DIRECTION('',(0.E0,-1.E0,0.E0));
#2545=VECTOR('',#2544,1.4E-1);
#2546=CARTESIAN_POINT('',(-5.025E0,-1.75E0,-2.005E0));
#2547=LINE('',#2546,#2545);
#2548=CARTESIAN_POINT('',(-5.025E0,-1.89E0,-2.155E0));
#2549=DIRECTION('',(1.E0,0.E0,0.E0));
#2550=DIRECTION('',(0.E0,0.E0,1.E0));
#2551=AXIS2_PLACEMENT_3D('',#2548,#2549,#2550);
#2553=DIRECTION('',(0.E0,0.E0,-1.E0));
#2554=VECTOR('',#2553,1.03E0);
#2555=CARTESIAN_POINT('',(-5.025E0,-2.04E0,-2.155E0));
#2556=LINE('',#2555,#2554);
#2557=CARTESIAN_POINT('',(-5.025E0,-1.74E0,-3.185E0));
#2558=DIRECTION('',(1.E0,0.E0,0.E0));
#2559=DIRECTION('',(0.E0,-1.E0,0.E0));
#2560=AXIS2_PLACEMENT_3D('',#2557,#2558,#2559);
#2562=DIRECTION('',(0.E0,1.E0,0.E0));
#2563=VECTOR('',#2562,4.6E-1);
#2564=CARTESIAN_POINT('',(-5.025E0,-1.74E0,-3.485E0));
#2565=LINE('',#2564,#2563);
#2566=CARTESIAN_POINT('',(-5.025E0,-1.28E0,-3.985E0));
#2567=DIRECTION('',(-1.E0,0.E0,0.E0));
#2568=DIRECTION('',(0.E0,0.E0,1.E0));
#2569=AXIS2_PLACEMENT_3D('',#2566,#2567,#2568);
#2571=DIRECTION('',(0.E0,0.E0,-1.E0));
#2572=VECTOR('',#2571,2.1E-1);
#2573=CARTESIAN_POINT('',(-5.025E0,-7.8E-1,-3.985E0));
#2574=LINE('',#2573,#2572);
#2575=DIRECTION('',(0.E0,1.E0,0.E0));
#2576=VECTOR('',#2575,1.103847577293E-1);
#2577=CARTESIAN_POINT('',(-5.025E0,-7.8E-1,-4.195E0));
#2578=LINE('',#2577,#2576);
#2579=CARTESIAN_POINT('',(-5.025E0,-6.696152422707E-1,-4.495E0));
#2580=DIRECTION('',(-1.E0,0.E0,0.E0));
#2581=DIRECTION('',(0.E0,0.E0,1.E0));
#2582=AXIS2_PLACEMENT_3D('',#2579,#2580,#2581);
#2584=DIRECTION('',(0.E0,1.E0,0.E0));
#2585=VECTOR('',#2584,8.E-1);
#2586=CARTESIAN_POINT('',(-5.025E0,-4.098076211353E-1,-4.345E0));
#2587=LINE('',#2586,#2585);
#2588=CARTESIAN_POINT('',(-5.025E0,6.5E-1,-4.495E0));
#2589=DIRECTION('',(-1.E0,0.E0,0.E0));
#2590=DIRECTION('',(0.E0,-8.660254037844E-1,5.E-1));
#2591=AXIS2_PLACEMENT_3D('',#2588,#2589,#2590);
#2593=DIRECTION('',(0.E0,1.E0,0.E0));
#2594=VECTOR('',#2593,4.E-1);
#2595=CARTESIAN_POINT('',(-5.025E0,6.5E-1,-4.195E0));
#2596=LINE('',#2595,#2594);
#2597=DIRECTION('',(0.E0,0.E0,1.E0));
#2598=VECTOR('',#2597,8.5E-1);
#2599=CARTESIAN_POINT('',(-5.025E0,1.05E0,-4.195E0));
#2600=LINE('',#2599,#2598);
#2601=DIRECTION('',(0.E0,0.E0,1.E0));
#2602=VECTOR('',#2601,6.68E0);
#2603=CARTESIAN_POINT('',(-5.125E0,-1.2E0,-3.345E0));
#2604=LINE('',#2603,#2602);
#2605=DIRECTION('',(0.E0,-1.E0,0.E0));
#2606=VECTOR('',#2605,2.94E0);
#2607=CARTESIAN_POINT('',(-5.125E0,1.74E0,-3.345E0));
#2608=LINE('',#2607,#2606);
#2609=DIRECTION('',(0.E0,-1.E0,0.E0));
#2610=VECTOR('',#2609,3.48E0);
#2611=CARTESIAN_POINT('',(-5.62E0,1.74E0,2.345E0));
#2612=LINE('',#2611,#2610);
#2613=DIRECTION('',(0.E0,1.E0,0.E0));
#2614=VECTOR('',#2613,3.48E0);
#2615=CARTESIAN_POINT('',(-5.62E0,-1.74E0,-4.345E0));
#2616=LINE('',#2615,#2614);
#2617=DIRECTION('',(-1.E0,0.E0,0.E0));
#2618=VECTOR('',#2617,6.35E-1);
#2619=CARTESIAN_POINT('',(3.1175E0,3.2E-1,2.093E0));
#2620=LINE('',#2619,#2618);
#2621=DIRECTION('',(0.E0,-1.E0,0.E0));
#2622=VECTOR('',#2621,2.4E-1);
#2623=CARTESIAN_POINT('',(2.9675E0,1.2E-1,2.893E0));
#2624=LINE('',#2623,#2622);
#2625=DIRECTION('',(-1.E0,0.E0,0.E0));
#2626=VECTOR('',#2625,3.35E-1);
#2627=CARTESIAN_POINT('',(2.9675E0,-1.2E-1,2.893E0));
#2628=LINE('',#2627,#2626);
#2629=DIRECTION('',(0.E0,1.E0,0.E0));
#2630=VECTOR('',#2629,2.4E-1);
#2631=CARTESIAN_POINT('',(2.6325E0,-1.2E-1,2.893E0));
#2632=LINE('',#2631,#2630);
#2633=CARTESIAN_POINT('',(-5.62E0,-1.74E0,-4.345E0));
#2634=CARTESIAN_POINT('',(-5.62E0,1.74E0,-4.345E0));
#2635=VERTEX_POINT('',#2633);
#2636=VERTEX_POINT('',#2634);
#2637=CARTESIAN_POINT('',(5.62E0,-1.74E0,-4.345E0));
#2638=CARTESIAN_POINT('',(5.62E0,1.74E0,-4.345E0));
#2639=VERTEX_POINT('',#2637);
#2640=VERTEX_POINT('',#2638);
#2641=CARTESIAN_POINT('',(-2.5E0,4.02E0,5.805E0));
#2642=CARTESIAN_POINT('',(-2.5E0,2.56E0,4.345E0));
#2643=VERTEX_POINT('',#2641);
#2644=VERTEX_POINT('',#2642);
#2645=CARTESIAN_POINT('',(3.1E0,4.02E0,5.805E0));
#2646=CARTESIAN_POINT('',(3.1E0,2.56E0,4.345E0));
#2647=VERTEX_POINT('',#2645);
#2648=VERTEX_POINT('',#2646);
#2649=CARTESIAN_POINT('',(1.705E0,1.095E0,-1.655E0));
#2650=CARTESIAN_POINT('',(1.705E0,-1.095E0,-1.655E0));
#2651=VERTEX_POINT('',#2649);
#2652=VERTEX_POINT('',#2650);
#2653=CARTESIAN_POINT('',(3.895E0,-1.095E0,-1.655E0));
#2654=VERTEX_POINT('',#2653);
#2655=CARTESIAN_POINT('',(3.895E0,1.095E0,-1.655E0));
#2656=VERTEX_POINT('',#2655);
#2657=CARTESIAN_POINT('',(3.895E0,-1.095E0,4.345E0));
#2658=CARTESIAN_POINT('',(3.895E0,1.095E0,4.345E0));
#2659=VERTEX_POINT('',#2657);
#2660=VERTEX_POINT('',#2658);
#2661=CARTESIAN_POINT('',(-7.95E-1,1.095E0,-1.655E0));
#2662=CARTESIAN_POINT('',(-7.95E-1,-1.095E0,-1.655E0));
#2663=VERTEX_POINT('',#2661);
#2664=VERTEX_POINT('',#2662);
#2665=CARTESIAN_POINT('',(1.395E0,-1.095E0,-1.655E0));
#2666=VERTEX_POINT('',#2665);
#2667=CARTESIAN_POINT('',(1.395E0,1.095E0,-1.655E0));
#2668=VERTEX_POINT('',#2667);
#2669=CARTESIAN_POINT('',(-7.95E-1,1.095E0,4.345E0));
#2670=CARTESIAN_POINT('',(-7.95E-1,-1.095E0,4.345E0));
#2671=VERTEX_POINT('',#2669);
#2672=VERTEX_POINT('',#2670);
#2673=CARTESIAN_POINT('',(1.395E0,1.095E0,4.345E0));
#2674=VERTEX_POINT('',#2673);
#2675=CARTESIAN_POINT('',(-3.295E0,1.095E0,-1.655E0));
#2676=CARTESIAN_POINT('',(-3.295E0,-1.095E0,-1.655E0));
#2677=VERTEX_POINT('',#2675);
#2678=VERTEX_POINT('',#2676);
#2679=CARTESIAN_POINT('',(-1.105E0,-1.095E0,-1.655E0));
#2680=VERTEX_POINT('',#2679);
#2681=CARTESIAN_POINT('',(-1.105E0,1.095E0,-1.655E0));
#2682=VERTEX_POINT('',#2681);
#2683=CARTESIAN_POINT('',(-3.295E0,1.095E0,4.345E0));
#2684=CARTESIAN_POINT('',(-3.295E0,-1.095E0,4.345E0));
#2685=VERTEX_POINT('',#2683);
#2686=VERTEX_POINT('',#2684);
#2687=CARTESIAN_POINT('',(-1.105E0,-1.095E0,4.345E0));
#2688=VERTEX_POINT('',#2687);
#2689=CARTESIAN_POINT('',(1.395E0,2.15E-1,4.345E0));
#2690=CARTESIAN_POINT('',(1.705E0,2.15E-1,4.345E0));
#2691=VERTEX_POINT('',#2689);
#2692=VERTEX_POINT('',#2690);
#2693=CARTESIAN_POINT('',(1.705E0,-1.095E0,4.5E-2));
#2694=CARTESIAN_POINT('',(1.705E0,-3.85E-1,4.5E-2));
#2695=VERTEX_POINT('',#2693);
#2696=VERTEX_POINT('',#2694);
#2697=CARTESIAN_POINT('',(1.705E0,-3.85E-1,3.745E0));
#2698=VERTEX_POINT('',#2697);
#2699=CARTESIAN_POINT('',(1.395E0,-1.095E0,4.5E-2));
#2700=CARTESIAN_POINT('',(1.395E0,-3.85E-1,4.5E-2));
#2701=VERTEX_POINT('',#2699);
#2702=VERTEX_POINT('',#2700);
#2703=CARTESIAN_POINT('',(1.395E0,-3.85E-1,3.745E0));
#2704=VERTEX_POINT('',#2703);
#2705=CARTESIAN_POINT('',(3.1175E0,9.35E-1,-4.485E0));
#2706=CARTESIAN_POINT('',(3.1175E0,6.05E-1,-4.485E0));
#2707=VERTEX_POINT('',#2705);
#2708=VERTEX_POINT('',#2706);
#2709=CARTESIAN_POINT('',(3.1175E0,3.55E-1,-4.735E0));
#2710=VERTEX_POINT('',#2709);
#2711=CARTESIAN_POINT('',(3.1175E0,3.55E-1,-5.085E0));
#2712=VERTEX_POINT('',#2711);
#2713=CARTESIAN_POINT('',(3.1175E0,-5.05E-1,-5.085E0));
#2714=VERTEX_POINT('',#2713);
#2715=CARTESIAN_POINT('',(3.1175E0,-6.05E-1,-4.985E0));
#2716=VERTEX_POINT('',#2715);
#2717=CARTESIAN_POINT('',(3.1175E0,-6.05E-1,-4.625E0));
#2718=VERTEX_POINT('',#2717);
#2719=CARTESIAN_POINT('',(3.1175E0,-1.4E0,-4.625E0));
#2720=CARTESIAN_POINT('',(3.1175E0,-1.4E0,-5.425E0));
#2721=VERTEX_POINT('',#2719);
#2722=VERTEX_POINT('',#2720);
#2723=CARTESIAN_POINT('',(3.1175E0,-1.6E0,-5.625E0));
#2724=VERTEX_POINT('',#2723);
#2725=CARTESIAN_POINT('',(3.1175E0,-1.84E0,-5.625E0));
#2726=VERTEX_POINT('',#2725);
#2727=CARTESIAN_POINT('',(3.1175E0,-2.04E0,-5.425E0));
#2728=VERTEX_POINT('',#2727);
#2729=CARTESIAN_POINT('',(3.1175E0,-2.04E0,-3.907E0));
#2730=VERTEX_POINT('',#2729);
#2731=CARTESIAN_POINT('',(3.1175E0,-1.84E0,-3.707E0));
#2732=VERTEX_POINT('',#2731);
#2733=CARTESIAN_POINT('',(2.4825E0,9.35E-1,-4.485E0));
#2734=CARTESIAN_POINT('',(2.4825E0,6.05E-1,-4.485E0));
#2735=VERTEX_POINT('',#2733);
#2736=VERTEX_POINT('',#2734);
#2737=CARTESIAN_POINT('',(2.4825E0,3.55E-1,-4.735E0));
#2738=VERTEX_POINT('',#2737);
#2739=CARTESIAN_POINT('',(2.4825E0,3.55E-1,-5.085E0));
#2740=VERTEX_POINT('',#2739);
#2741=CARTESIAN_POINT('',(2.4825E0,-5.05E-1,-5.085E0));
#2742=VERTEX_POINT('',#2741);
#2743=CARTESIAN_POINT('',(2.4825E0,-6.05E-1,-4.985E0));
#2744=VERTEX_POINT('',#2743);
#2745=CARTESIAN_POINT('',(2.4825E0,-6.05E-1,-4.625E0));
#2746=VERTEX_POINT('',#2745);
#2747=CARTESIAN_POINT('',(2.4825E0,-1.4E0,-4.625E0));
#2748=CARTESIAN_POINT('',(2.4825E0,-1.4E0,-5.425E0));
#2749=VERTEX_POINT('',#2747);
#2750=VERTEX_POINT('',#2748);
#2751=CARTESIAN_POINT('',(2.4825E0,-1.6E0,-5.625E0));
#2752=VERTEX_POINT('',#2751);
#2753=CARTESIAN_POINT('',(2.4825E0,-1.84E0,-5.625E0));
#2754=VERTEX_POINT('',#2753);
#2755=CARTESIAN_POINT('',(2.4825E0,-2.04E0,-5.425E0));
#2756=VERTEX_POINT('',#2755);
#2757=CARTESIAN_POINT('',(2.4825E0,-2.04E0,-3.907E0));
#2758=VERTEX_POINT('',#2757);
#2759=CARTESIAN_POINT('',(2.4825E0,-1.84E0,-3.707E0));
#2760=VERTEX_POINT('',#2759);
#2761=CARTESIAN_POINT('',(3.1175E0,-1.74E0,-4.345E0));
#2762=CARTESIAN_POINT('',(3.1175E0,-1.74E0,-3.707E0));
#2763=VERTEX_POINT('',#2761);
#2764=VERTEX_POINT('',#2762);
#2765=CARTESIAN_POINT('',(2.4825E0,-1.74E0,-4.345E0));
#2766=CARTESIAN_POINT('',(2.4825E0,-1.74E0,-3.707E0));
#2767=VERTEX_POINT('',#2765);
#2768=VERTEX_POINT('',#2766);
#2769=CARTESIAN_POINT('',(3.1175E0,-1.207703296143E0,-4.345E0));
#2770=VERTEX_POINT('',#2769);
#2771=CARTESIAN_POINT('',(3.1175E0,-7.972967038573E-1,-4.345E0));
#2772=CARTESIAN_POINT('',(3.1175E0,9.35E-1,-4.345E0));
#2773=VERTEX_POINT('',#2771);
#2774=VERTEX_POINT('',#2772);
#2775=CARTESIAN_POINT('',(2.4825E0,-1.207703296143E0,-4.345E0));
#2776=VERTEX_POINT('',#2775);
#2777=CARTESIAN_POINT('',(2.4825E0,-7.972967038573E-1,-4.345E0));
#2778=CARTESIAN_POINT('',(2.4825E0,9.35E-1,-4.345E0));
#2779=VERTEX_POINT('',#2777);
#2780=VERTEX_POINT('',#2778);
#2781=CARTESIAN_POINT('',(3.1175E0,-3.2E-1,-1.655E0));
#2782=CARTESIAN_POINT('',(3.1175E0,3.2E-1,-1.655E0));
#2783=VERTEX_POINT('',#2781);
#2784=VERTEX_POINT('',#2782);
#2785=CARTESIAN_POINT('',(2.4825E0,-3.2E-1,-1.655E0));
#2786=CARTESIAN_POINT('',(2.4825E0,3.2E-1,-1.655E0));
#2787=VERTEX_POINT('',#2785);
#2788=VERTEX_POINT('',#2786);
#2789=CARTESIAN_POINT('',(3.1175E0,-3.2E-1,2.093E0));
#2790=CARTESIAN_POINT('',(2.9675E0,-1.2E-1,2.893E0));
#2791=VERTEX_POINT('',#2789);
#2792=VERTEX_POINT('',#2790);
#2793=CARTESIAN_POINT('',(2.9675E0,1.2E-1,2.893E0));
#2794=VERTEX_POINT('',#2793);
#2795=CARTESIAN_POINT('',(3.1175E0,3.2E-1,2.093E0));
#2796=VERTEX_POINT('',#2795);
#2797=CARTESIAN_POINT('',(2.4825E0,3.2E-1,2.093E0));
#2798=CARTESIAN_POINT('',(2.6325E0,1.2E-1,2.893E0));
#2799=VERTEX_POINT('',#2797);
#2800=VERTEX_POINT('',#2798);
#2801=CARTESIAN_POINT('',(2.6325E0,-1.2E-1,2.893E0));
#2802=VERTEX_POINT('',#2801);
#2803=CARTESIAN_POINT('',(2.4825E0,-3.2E-1,2.093E0));
#2804=VERTEX_POINT('',#2803);
#2805=CARTESIAN_POINT('',(6.175E-1,9.35E-1,-4.485E0));
#2806=CARTESIAN_POINT('',(6.175E-1,6.05E-1,-4.485E0));
#2807=VERTEX_POINT('',#2805);
#2808=VERTEX_POINT('',#2806);
#2809=CARTESIAN_POINT('',(6.175E-1,3.55E-1,-4.735E0));
#2810=VERTEX_POINT('',#2809);
#2811=CARTESIAN_POINT('',(6.175E-1,3.55E-1,-5.085E0));
#2812=VERTEX_POINT('',#2811);
#2813=CARTESIAN_POINT('',(6.175E-1,-5.05E-1,-5.085E0));
#2814=VERTEX_POINT('',#2813);
#2815=CARTESIAN_POINT('',(6.175E-1,-6.05E-1,-4.985E0));
#2816=VERTEX_POINT('',#2815);
#2817=CARTESIAN_POINT('',(6.175E-1,-6.05E-1,-4.625E0));
#2818=VERTEX_POINT('',#2817);
#2819=CARTESIAN_POINT('',(6.175E-1,-1.4E0,-4.625E0));
#2820=CARTESIAN_POINT('',(6.175E-1,-1.4E0,-5.425E0));
#2821=VERTEX_POINT('',#2819);
#2822=VERTEX_POINT('',#2820);
#2823=CARTESIAN_POINT('',(6.175E-1,-1.6E0,-5.625E0));
#2824=VERTEX_POINT('',#2823);
#2825=CARTESIAN_POINT('',(6.175E-1,-1.84E0,-5.625E0));
#2826=VERTEX_POINT('',#2825);
#2827=CARTESIAN_POINT('',(6.175E-1,-2.04E0,-5.425E0));
#2828=VERTEX_POINT('',#2827);
#2829=CARTESIAN_POINT('',(6.175E-1,-2.04E0,-3.907E0));
#2830=VERTEX_POINT('',#2829);
#2831=CARTESIAN_POINT('',(6.175E-1,-1.84E0,-3.707E0));
#2832=VERTEX_POINT('',#2831);
#2833=CARTESIAN_POINT('',(-1.75E-2,9.35E-1,-4.485E0));
#2834=CARTESIAN_POINT('',(-1.75E-2,6.05E-1,-4.485E0));
#2835=VERTEX_POINT('',#2833);
#2836=VERTEX_POINT('',#2834);
#2837=CARTESIAN_POINT('',(-1.75E-2,3.55E-1,-4.735E0));
#2838=VERTEX_POINT('',#2837);
#2839=CARTESIAN_POINT('',(-1.75E-2,3.55E-1,-5.085E0));
#2840=VERTEX_POINT('',#2839);
#2841=CARTESIAN_POINT('',(-1.75E-2,-5.05E-1,-5.085E0));
#2842=VERTEX_POINT('',#2841);
#2843=CARTESIAN_POINT('',(-1.75E-2,-6.05E-1,-4.985E0));
#2844=VERTEX_POINT('',#2843);
#2845=CARTESIAN_POINT('',(-1.75E-2,-6.05E-1,-4.625E0));
#2846=VERTEX_POINT('',#2845);
#2847=CARTESIAN_POINT('',(-1.75E-2,-1.4E0,-4.625E0));
#2848=CARTESIAN_POINT('',(-1.75E-2,-1.4E0,-5.425E0));
#2849=VERTEX_POINT('',#2847);
#2850=VERTEX_POINT('',#2848);
#2851=CARTESIAN_POINT('',(-1.75E-2,-1.6E0,-5.625E0));
#2852=VERTEX_POINT('',#2851);
#2853=CARTESIAN_POINT('',(-1.75E-2,-1.84E0,-5.625E0));
#2854=VERTEX_POINT('',#2853);
#2855=CARTESIAN_POINT('',(-1.75E-2,-2.04E0,-5.425E0));
#2856=VERTEX_POINT('',#2855);
#2857=CARTESIAN_POINT('',(-1.75E-2,-2.04E0,-3.907E0));
#2858=VERTEX_POINT('',#2857);
#2859=CARTESIAN_POINT('',(-1.75E-2,-1.84E0,-3.707E0));
#2860=VERTEX_POINT('',#2859);
#2861=CARTESIAN_POINT('',(6.175E-1,-1.74E0,-4.345E0));
#2862=CARTESIAN_POINT('',(6.175E-1,-1.74E0,-3.707E0));
#2863=VERTEX_POINT('',#2861);
#2864=VERTEX_POINT('',#2862);
#2865=CARTESIAN_POINT('',(-1.75E-2,-1.74E0,-4.345E0));
#2866=CARTESIAN_POINT('',(-1.75E-2,-1.74E0,-3.707E0));
#2867=VERTEX_POINT('',#2865);
#2868=VERTEX_POINT('',#2866);
#2869=CARTESIAN_POINT('',(6.175E-1,-1.207703296143E0,-4.345E0));
#2870=VERTEX_POINT('',#2869);
#2871=CARTESIAN_POINT('',(6.175E-1,-7.972967038573E-1,-4.345E0));
#2872=CARTESIAN_POINT('',(6.175E-1,9.35E-1,-4.345E0));
#2873=VERTEX_POINT('',#2871);
#2874=VERTEX_POINT('',#2872);
#2875=CARTESIAN_POINT('',(-1.75E-2,-1.207703296143E0,-4.345E0));
#2876=VERTEX_POINT('',#2875);
#2877=CARTESIAN_POINT('',(-1.75E-2,-7.972967038573E-1,-4.345E0));
#2878=CARTESIAN_POINT('',(-1.75E-2,9.35E-1,-4.345E0));
#2879=VERTEX_POINT('',#2877);
#2880=VERTEX_POINT('',#2878);
#2881=CARTESIAN_POINT('',(6.175E-1,-3.2E-1,-1.655E0));
#2882=CARTESIAN_POINT('',(6.175E-1,3.2E-1,-1.655E0));
#2883=VERTEX_POINT('',#2881);
#2884=VERTEX_POINT('',#2882);
#2885=CARTESIAN_POINT('',(-1.75E-2,-3.2E-1,-1.655E0));
#2886=CARTESIAN_POINT('',(-1.75E-2,3.2E-1,-1.655E0));
#2887=VERTEX_POINT('',#2885);
#2888=VERTEX_POINT('',#2886);
#2889=CARTESIAN_POINT('',(6.175E-1,-3.2E-1,2.093E0));
#2890=CARTESIAN_POINT('',(4.675E-1,-1.2E-1,2.893E0));
#2891=VERTEX_POINT('',#2889);
#2892=VERTEX_POINT('',#2890);
#2893=CARTESIAN_POINT('',(4.675E-1,1.2E-1,2.893E0));
#2894=VERTEX_POINT('',#2893);
#2895=CARTESIAN_POINT('',(6.175E-1,3.2E-1,2.093E0));
#2896=VERTEX_POINT('',#2895);
#2897=CARTESIAN_POINT('',(-1.75E-2,3.2E-1,2.093E0));
#2898=CARTESIAN_POINT('',(1.325E-1,1.2E-1,2.893E0));
#2899=VERTEX_POINT('',#2897);
#2900=VERTEX_POINT('',#2898);
#2901=CARTESIAN_POINT('',(1.325E-1,-1.2E-1,2.893E0));
#2902=VERTEX_POINT('',#2901);
#2903=CARTESIAN_POINT('',(-1.75E-2,-3.2E-1,2.093E0));
#2904=VERTEX_POINT('',#2903);
#2905=CARTESIAN_POINT('',(-1.8825E0,9.35E-1,-4.485E0));
#2906=CARTESIAN_POINT('',(-1.8825E0,6.05E-1,-4.485E0));
#2907=VERTEX_POINT('',#2905);
#2908=VERTEX_POINT('',#2906);
#2909=CARTESIAN_POINT('',(-1.8825E0,3.55E-1,-4.735E0));
#2910=VERTEX_POINT('',#2909);
#2911=CARTESIAN_POINT('',(-1.8825E0,3.55E-1,-5.085E0));
#2912=VERTEX_POINT('',#2911);
#2913=CARTESIAN_POINT('',(-1.8825E0,-5.05E-1,-5.085E0));
#2914=VERTEX_POINT('',#2913);
#2915=CARTESIAN_POINT('',(-1.8825E0,-6.05E-1,-4.985E0));
#2916=VERTEX_POINT('',#2915);
#2917=CARTESIAN_POINT('',(-1.8825E0,-6.05E-1,-4.625E0));
#2918=VERTEX_POINT('',#2917);
#2919=CARTESIAN_POINT('',(-1.8825E0,-1.4E0,-4.625E0));
#2920=CARTESIAN_POINT('',(-1.8825E0,-1.4E0,-5.425E0));
#2921=VERTEX_POINT('',#2919);
#2922=VERTEX_POINT('',#2920);
#2923=CARTESIAN_POINT('',(-1.8825E0,-1.6E0,-5.625E0));
#2924=VERTEX_POINT('',#2923);
#2925=CARTESIAN_POINT('',(-1.8825E0,-1.84E0,-5.625E0));
#2926=VERTEX_POINT('',#2925);
#2927=CARTESIAN_POINT('',(-1.8825E0,-2.04E0,-5.425E0));
#2928=VERTEX_POINT('',#2927);
#2929=CARTESIAN_POINT('',(-1.8825E0,-2.04E0,-3.907E0));
#2930=VERTEX_POINT('',#2929);
#2931=CARTESIAN_POINT('',(-1.8825E0,-1.84E0,-3.707E0));
#2932=VERTEX_POINT('',#2931);
#2933=CARTESIAN_POINT('',(-2.5175E0,9.35E-1,-4.485E0));
#2934=CARTESIAN_POINT('',(-2.5175E0,6.05E-1,-4.485E0));
#2935=VERTEX_POINT('',#2933);
#2936=VERTEX_POINT('',#2934);
#2937=CARTESIAN_POINT('',(-2.5175E0,3.55E-1,-4.735E0));
#2938=VERTEX_POINT('',#2937);
#2939=CARTESIAN_POINT('',(-2.5175E0,3.55E-1,-5.085E0));
#2940=VERTEX_POINT('',#2939);
#2941=CARTESIAN_POINT('',(-2.5175E0,-5.05E-1,-5.085E0));
#2942=VERTEX_POINT('',#2941);
#2943=CARTESIAN_POINT('',(-2.5175E0,-6.05E-1,-4.985E0));
#2944=VERTEX_POINT('',#2943);
#2945=CARTESIAN_POINT('',(-2.5175E0,-6.05E-1,-4.625E0));
#2946=VERTEX_POINT('',#2945);
#2947=CARTESIAN_POINT('',(-2.5175E0,-1.4E0,-4.625E0));
#2948=CARTESIAN_POINT('',(-2.5175E0,-1.4E0,-5.425E0));
#2949=VERTEX_POINT('',#2947);
#2950=VERTEX_POINT('',#2948);
#2951=CARTESIAN_POINT('',(-2.5175E0,-1.6E0,-5.625E0));
#2952=VERTEX_POINT('',#2951);
#2953=CARTESIAN_POINT('',(-2.5175E0,-1.84E0,-5.625E0));
#2954=VERTEX_POINT('',#2953);
#2955=CARTESIAN_POINT('',(-2.5175E0,-2.04E0,-5.425E0));
#2956=VERTEX_POINT('',#2955);
#2957=CARTESIAN_POINT('',(-2.5175E0,-2.04E0,-3.907E0));
#2958=VERTEX_POINT('',#2957);
#2959=CARTESIAN_POINT('',(-2.5175E0,-1.84E0,-3.707E0));
#2960=VERTEX_POINT('',#2959);
#2961=CARTESIAN_POINT('',(-1.8825E0,-1.74E0,-4.345E0));
#2962=CARTESIAN_POINT('',(-1.8825E0,-1.74E0,-3.707E0));
#2963=VERTEX_POINT('',#2961);
#2964=VERTEX_POINT('',#2962);
#2965=CARTESIAN_POINT('',(-2.5175E0,-1.74E0,-4.345E0));
#2966=CARTESIAN_POINT('',(-2.5175E0,-1.74E0,-3.707E0));
#2967=VERTEX_POINT('',#2965);
#2968=VERTEX_POINT('',#2966);
#2969=CARTESIAN_POINT('',(-1.8825E0,-1.207703296143E0,-4.345E0));
#2970=VERTEX_POINT('',#2969);
#2971=CARTESIAN_POINT('',(-1.8825E0,-7.972967038573E-1,-4.345E0));
#2972=CARTESIAN_POINT('',(-1.8825E0,9.35E-1,-4.345E0));
#2973=VERTEX_POINT('',#2971);
#2974=VERTEX_POINT('',#2972);
#2975=CARTESIAN_POINT('',(-2.5175E0,-1.207703296143E0,-4.345E0));
#2976=VERTEX_POINT('',#2975);
#2977=CARTESIAN_POINT('',(-2.5175E0,-7.972967038573E-1,-4.345E0));
#2978=CARTESIAN_POINT('',(-2.5175E0,9.35E-1,-4.345E0));
#2979=VERTEX_POINT('',#2977);
#2980=VERTEX_POINT('',#2978);
#2981=CARTESIAN_POINT('',(-1.8825E0,-3.2E-1,-1.655E0));
#2982=CARTESIAN_POINT('',(-1.8825E0,3.2E-1,-1.655E0));
#2983=VERTEX_POINT('',#2981);
#2984=VERTEX_POINT('',#2982);
#2985=CARTESIAN_POINT('',(-2.5175E0,-3.2E-1,-1.655E0));
#2986=CARTESIAN_POINT('',(-2.5175E0,3.2E-1,-1.655E0));
#2987=VERTEX_POINT('',#2985);
#2988=VERTEX_POINT('',#2986);
#2989=CARTESIAN_POINT('',(-1.8825E0,-3.2E-1,2.093E0));
#2990=CARTESIAN_POINT('',(-2.0325E0,-1.2E-1,2.893E0));
#2991=VERTEX_POINT('',#2989);
#2992=VERTEX_POINT('',#2990);
#2993=CARTESIAN_POINT('',(-2.0325E0,1.2E-1,2.893E0));
#2994=VERTEX_POINT('',#2993);
#2995=CARTESIAN_POINT('',(-1.8825E0,3.2E-1,2.093E0));
#2996=VERTEX_POINT('',#2995);
#2997=CARTESIAN_POINT('',(-2.5175E0,3.2E-1,2.093E0));
#2998=CARTESIAN_POINT('',(-2.3675E0,1.2E-1,2.893E0));
#2999=VERTEX_POINT('',#2997);
#3000=VERTEX_POINT('',#2998);
#3001=CARTESIAN_POINT('',(-2.3675E0,-1.2E-1,2.893E0));
#3002=VERTEX_POINT('',#3001);
#3003=CARTESIAN_POINT('',(-2.5175E0,-3.2E-1,2.093E0));
#3004=VERTEX_POINT('',#3003);
#3005=CARTESIAN_POINT('',(-1.105E0,1.44E0,-1.95E-1));
#3006=CARTESIAN_POINT('',(1.705E0,1.44E0,-1.95E-1));
#3007=VERTEX_POINT('',#3005);
#3008=VERTEX_POINT('',#3006);
#3009=CARTESIAN_POINT('',(-1.105E0,1.44E0,4.345E0));
#3010=CARTESIAN_POINT('',(1.705E0,1.44E0,4.345E0));
#3011=VERTEX_POINT('',#3009);
#3012=VERTEX_POINT('',#3010);
#3013=CARTESIAN_POINT('',(2.6E0,2.56E0,4.345E0));
#3014=CARTESIAN_POINT('',(2.6E0,1.095E0,4.345E0));
#3015=VERTEX_POINT('',#3013);
#3016=VERTEX_POINT('',#3014);
#3017=CARTESIAN_POINT('',(-2.E0,2.56E0,4.345E0));
#3018=CARTESIAN_POINT('',(-2.E0,1.095E0,4.345E0));
#3019=VERTEX_POINT('',#3017);
#3020=VERTEX_POINT('',#3018);
#3021=CARTESIAN_POINT('',(2.6E0,3.75E0,5.535E0));
#3022=VERTEX_POINT('',#3021);
#3023=CARTESIAN_POINT('',(-2.E0,3.75E0,5.535E0));
#3024=VERTEX_POINT('',#3023);
#3025=CARTESIAN_POINT('',(-1.105E0,1.095E0,-1.95E-1));
#3026=VERTEX_POINT('',#3025);
#3027=CARTESIAN_POINT('',(1.705E0,1.095E0,-1.95E-1));
#3028=VERTEX_POINT('',#3027);
#3029=CARTESIAN_POINT('',(2.6E0,3.75E0,-1.95E-1));
#3030=VERTEX_POINT('',#3029);
#3031=CARTESIAN_POINT('',(-2.E0,3.75E0,-1.95E-1));
#3032=VERTEX_POINT('',#3031);
#3033=CARTESIAN_POINT('',(-9.5E-1,4.65E0,4.505E0));
#3034=CARTESIAN_POINT('',(1.55E0,4.65E0,4.505E0));
#3035=VERTEX_POINT('',#3033);
#3036=VERTEX_POINT('',#3034);
#3037=CARTESIAN_POINT('',(-2.E0,3.74E0,-2.345E0));
#3038=CARTESIAN_POINT('',(-9.5E-1,3.74E0,-2.345E0));
#3039=VERTEX_POINT('',#3037);
#3040=VERTEX_POINT('',#3038);
#3041=CARTESIAN_POINT('',(-9.5E-1,4.65E0,-2.345E0));
#3042=VERTEX_POINT('',#3041);
#3043=CARTESIAN_POINT('',(1.55E0,4.65E0,-2.345E0));
#3044=VERTEX_POINT('',#3043);
#3045=CARTESIAN_POINT('',(1.55E0,3.74E0,-2.345E0));
#3046=VERTEX_POINT('',#3045);
#3047=CARTESIAN_POINT('',(2.6E0,3.74E0,-2.345E0));
#3048=VERTEX_POINT('',#3047);
#3049=CARTESIAN_POINT('',(-2.E0,1.74E0,-1.95E-1));
#3050=CARTESIAN_POINT('',(2.6E0,1.74E0,-1.95E-1));
#3051=VERTEX_POINT('',#3049);
#3052=VERTEX_POINT('',#3050);
#3053=CARTESIAN_POINT('',(-2.E0,3.74E0,-1.95E-1));
#3054=CARTESIAN_POINT('',(-9.5E-1,3.74E0,-1.95E-1));
#3055=VERTEX_POINT('',#3053);
#3056=VERTEX_POINT('',#3054);
#3057=CARTESIAN_POINT('',(-9.5E-1,3.75E0,-1.95E-1));
#3058=VERTEX_POINT('',#3057);
#3059=CARTESIAN_POINT('',(1.55E0,3.75E0,-1.95E-1));
#3060=CARTESIAN_POINT('',(1.55E0,3.74E0,-1.95E-1));
#3061=VERTEX_POINT('',#3059);
#3062=VERTEX_POINT('',#3060);
#3063=CARTESIAN_POINT('',(2.6E0,3.74E0,-1.95E-1));
#3064=VERTEX_POINT('',#3063);
#3065=CARTESIAN_POINT('',(1.55E0,3.75E0,4.505E0));
#3066=CARTESIAN_POINT('',(-9.5E-1,3.75E0,4.505E0));
#3067=VERTEX_POINT('',#3065);
#3068=VERTEX_POINT('',#3066);
#3069=CARTESIAN_POINT('',(2.6E0,1.095E0,-1.95E-1));
#3070=VERTEX_POINT('',#3069);
#3071=CARTESIAN_POINT('',(-2.E0,1.095E0,-1.95E-1));
#3072=VERTEX_POINT('',#3071);
#3073=CARTESIAN_POINT('',(3.1E0,1.94E0,4.345E0));
#3074=CARTESIAN_POINT('',(3.1E0,1.94E0,-2.144999999958E0));
#3075=VERTEX_POINT('',#3073);
#3076=VERTEX_POINT('',#3074);
#3077=CARTESIAN_POINT('',(3.3E0,1.74E0,4.345E0));
#3078=CARTESIAN_POINT('',(3.299999999767E0,1.74E0,-2.144999999786E0));
#3079=VERTEX_POINT('',#3077);
#3080=VERTEX_POINT('',#3078);
#3081=CARTESIAN_POINT('',(2.900000001383E0,1.74E0,-2.544999999868E0));
#3082=CARTESIAN_POINT('',(2.6E0,1.74E0,-2.545E0));
#3083=VERTEX_POINT('',#3081);
#3084=VERTEX_POINT('',#3082);
#3085=CARTESIAN_POINT('',(2.900000000644E0,1.94E0,-2.345E0));
#3086=CARTESIAN_POINT('',(2.6E0,1.94E0,-2.345E0));
#3087=VERTEX_POINT('',#3085);
#3088=VERTEX_POINT('',#3086);
#3089=CARTESIAN_POINT('',(2.9E0,4.75E0,-2.345E0));
#3090=VERTEX_POINT('',#3089);
#3091=CARTESIAN_POINT('',(3.1E0,4.75E0,-2.145E0));
#3092=VERTEX_POINT('',#3091);
#3093=CARTESIAN_POINT('',(-2.699999999767E0,1.74E0,-2.144999999789E0));
#3094=CARTESIAN_POINT('',(-2.7E0,1.74E0,4.345E0));
#3095=VERTEX_POINT('',#3093);
#3096=VERTEX_POINT('',#3094);
#3097=CARTESIAN_POINT('',(-2.5E0,1.94E0,-2.144999999959E0));
#3098=CARTESIAN_POINT('',(-2.5E0,1.94E0,4.345E0));
#3099=VERTEX_POINT('',#3097);
#3100=VERTEX_POINT('',#3098);
#3101=CARTESIAN_POINT('',(-2.E0,1.94E0,-2.345E0));
#3102=CARTESIAN_POINT('',(-2.300000000642E0,1.94E0,-2.345E0));
#3103=VERTEX_POINT('',#3101);
#3104=VERTEX_POINT('',#3102);
#3105=CARTESIAN_POINT('',(-2.E0,1.74E0,-2.545E0));
#3106=CARTESIAN_POINT('',(-2.300000001384E0,1.74E0,-2.544999999868E0));
#3107=VERTEX_POINT('',#3105);
#3108=VERTEX_POINT('',#3106);
#3109=CARTESIAN_POINT('',(-2.5E0,4.75E0,-2.145E0));
#3110=VERTEX_POINT('',#3109);
#3111=CARTESIAN_POINT('',(-2.3E0,4.75E0,-2.345E0));
#3112=VERTEX_POINT('',#3111);
#3113=CARTESIAN_POINT('',(-2.3E0,4.95E0,5.805E0));
#3114=CARTESIAN_POINT('',(-2.5E0,4.75E0,5.805E0));
#3115=VERTEX_POINT('',#3113);
#3116=VERTEX_POINT('',#3114);
#3117=CARTESIAN_POINT('',(-2.3E0,4.95E0,-2.145E0));
#3118=VERTEX_POINT('',#3117);
#3119=CARTESIAN_POINT('',(2.9E0,4.95E0,-2.145E0));
#3120=VERTEX_POINT('',#3119);
#3121=CARTESIAN_POINT('',(3.1E0,4.75E0,5.805E0));
#3122=CARTESIAN_POINT('',(2.9E0,4.95E0,5.805E0));
#3123=VERTEX_POINT('',#3121);
#3124=VERTEX_POINT('',#3122);
#3125=CARTESIAN_POINT('',(-4.52E0,4.5E-1,-2.055E0));
#3126=CARTESIAN_POINT('',(-4.52E0,-3.E-1,-2.055E0));
#3127=VERTEX_POINT('',#3125);
#3128=VERTEX_POINT('',#3126);
#3129=CARTESIAN_POINT('',(-3.62E0,-3.E-1,-2.055E0));
#3130=VERTEX_POINT('',#3129);
#3131=CARTESIAN_POINT('',(-3.62E0,4.5E-1,-2.055E0));
#3132=VERTEX_POINT('',#3131);
#3133=CARTESIAN_POINT('',(-4.52E0,4.5E-1,4.345E0));
#3134=CARTESIAN_POINT('',(-4.52E0,-3.E-1,4.345E0));
#3135=VERTEX_POINT('',#3133);
#3136=VERTEX_POINT('',#3134);
#3137=CARTESIAN_POINT('',(-3.62E0,-3.E-1,4.345E0));
#3138=VERTEX_POINT('',#3137);
#3139=CARTESIAN_POINT('',(-3.62E0,4.5E-1,4.345E0));
#3140=VERTEX_POINT('',#3139);
#3141=CARTESIAN_POINT('',(-5.62E0,1.74E0,2.345E0));
#3142=CARTESIAN_POINT('',(-5.62E0,-1.74E0,2.345E0));
#3143=VERTEX_POINT('',#3141);
#3144=VERTEX_POINT('',#3142);
#3145=CARTESIAN_POINT('',(-4.62E0,1.74E0,4.345E0));
#3146=VERTEX_POINT('',#3145);
#3147=CARTESIAN_POINT('',(4.62E0,1.74E0,4.345E0));
#3148=CARTESIAN_POINT('',(5.62E0,1.74E0,2.345E0));
#3149=VERTEX_POINT('',#3147);
#3150=VERTEX_POINT('',#3148);
#3151=CARTESIAN_POINT('',(5.62E0,-1.74E0,2.345E0));
#3152=VERTEX_POINT('',#3151);
#3153=CARTESIAN_POINT('',(4.525E0,-1.6E0,4.195E0));
#3154=CARTESIAN_POINT('',(4.525E0,-1.64E0,4.195E0));
#3155=VERTEX_POINT('',#3153);
#3156=VERTEX_POINT('',#3154);
#3157=CARTESIAN_POINT('',(4.525E0,-2.04E0,3.795E0));
#3158=CARTESIAN_POINT('',(4.525E0,-2.04E0,1.145E0));
#3159=VERTEX_POINT('',#3157);
#3160=VERTEX_POINT('',#3158);
#3161=CARTESIAN_POINT('',(4.525E0,-1.89E0,9.95E-1));
#3162=CARTESIAN_POINT('',(4.525E0,-1.75E0,9.95E-1));
#3163=VERTEX_POINT('',#3161);
#3164=VERTEX_POINT('',#3162);
#3165=CARTESIAN_POINT('',(4.525E0,-1.6E0,8.45E-1));
#3166=CARTESIAN_POINT('',(4.525E0,-1.6E0,-1.855E0));
#3167=VERTEX_POINT('',#3165);
#3168=VERTEX_POINT('',#3166);
#3169=CARTESIAN_POINT('',(4.525E0,-1.75E0,-2.005E0));
#3170=CARTESIAN_POINT('',(4.525E0,-1.89E0,-2.005E0));
#3171=VERTEX_POINT('',#3169);
#3172=VERTEX_POINT('',#3170);
#3173=CARTESIAN_POINT('',(4.525E0,-2.04E0,-2.155E0));
#3174=CARTESIAN_POINT('',(4.525E0,-2.04E0,-3.185E0));
#3175=VERTEX_POINT('',#3173);
#3176=VERTEX_POINT('',#3174);
#3177=CARTESIAN_POINT('',(4.525E0,-1.74E0,-3.485E0));
#3178=CARTESIAN_POINT('',(4.525E0,-1.28E0,-3.485E0));
#3179=VERTEX_POINT('',#3177);
#3180=VERTEX_POINT('',#3178);
#3181=CARTESIAN_POINT('',(5.025E0,-1.6E0,4.195E0));
#3182=CARTESIAN_POINT('',(5.025E0,-1.64E0,4.195E0));
#3183=VERTEX_POINT('',#3181);
#3184=VERTEX_POINT('',#3182);
#3185=CARTESIAN_POINT('',(5.025E0,-2.04E0,3.795E0));
#3186=CARTESIAN_POINT('',(5.025E0,-2.04E0,1.145E0));
#3187=VERTEX_POINT('',#3185);
#3188=VERTEX_POINT('',#3186);
#3189=CARTESIAN_POINT('',(5.025E0,-1.89E0,9.95E-1));
#3190=CARTESIAN_POINT('',(5.025E0,-1.75E0,9.95E-1));
#3191=VERTEX_POINT('',#3189);
#3192=VERTEX_POINT('',#3190);
#3193=CARTESIAN_POINT('',(5.025E0,-1.6E0,8.45E-1));
#3194=CARTESIAN_POINT('',(5.025E0,-1.6E0,-1.855E0));
#3195=VERTEX_POINT('',#3193);
#3196=VERTEX_POINT('',#3194);
#3197=CARTESIAN_POINT('',(5.025E0,-1.75E0,-2.005E0));
#3198=CARTESIAN_POINT('',(5.025E0,-1.89E0,-2.005E0));
#3199=VERTEX_POINT('',#3197);
#3200=VERTEX_POINT('',#3198);
#3201=CARTESIAN_POINT('',(5.025E0,-2.04E0,-2.155E0));
#3202=CARTESIAN_POINT('',(5.025E0,-2.04E0,-3.185E0));
#3203=VERTEX_POINT('',#3201);
#3204=VERTEX_POINT('',#3202);
#3205=CARTESIAN_POINT('',(5.025E0,-1.74E0,-3.485E0));
#3206=CARTESIAN_POINT('',(5.025E0,-1.28E0,-3.485E0));
#3207=VERTEX_POINT('',#3205);
#3208=VERTEX_POINT('',#3206);
#3209=CARTESIAN_POINT('',(5.025E0,-1.2E0,3.535E0));
#3210=CARTESIAN_POINT('',(5.025E0,-1.2E0,3.795E0));
#3211=VERTEX_POINT('',#3209);
#3212=VERTEX_POINT('',#3210);
#3213=CARTESIAN_POINT('',(5.125E0,-1.74E0,3.335E0));
#3214=CARTESIAN_POINT('',(5.125E0,-1.2E0,3.335E0));
#3215=VERTEX_POINT('',#3213);
#3216=VERTEX_POINT('',#3214);
#3217=CARTESIAN_POINT('',(4.62E0,-1.2E0,4.345E0));
#3218=VERTEX_POINT('',#3217);
#3219=CARTESIAN_POINT('',(5.125E0,-1.2E0,-3.345E0));
#3220=VERTEX_POINT('',#3219);
#3221=CARTESIAN_POINT('',(4.425E0,-1.74E0,4.345E0));
#3222=CARTESIAN_POINT('',(4.425E0,-1.74E0,-4.345E0));
#3223=VERTEX_POINT('',#3221);
#3224=VERTEX_POINT('',#3222);
#3225=CARTESIAN_POINT('',(5.125E0,-1.74E0,-4.345E0));
#3226=VERTEX_POINT('',#3225);
#3227=CARTESIAN_POINT('',(4.425E0,-1.2E0,4.345E0));
#3228=VERTEX_POINT('',#3227);
#3229=CARTESIAN_POINT('',(4.425E0,1.74E0,-4.345E0));
#3230=VERTEX_POINT('',#3229);
#3231=CARTESIAN_POINT('',(5.125E0,1.74E0,-4.345E0));
#3232=VERTEX_POINT('',#3231);
#3233=CARTESIAN_POINT('',(4.425E0,-1.2E0,-3.345E0));
#3234=VERTEX_POINT('',#3233);
#3235=CARTESIAN_POINT('',(4.895E0,-1.2E0,3.795E0));
#3236=VERTEX_POINT('',#3235);
#3237=CARTESIAN_POINT('',(4.525E0,-1.2E0,3.795E0));
#3238=CARTESIAN_POINT('',(4.525E0,-1.2E0,-3.345E0));
#3239=VERTEX_POINT('',#3237);
#3240=VERTEX_POINT('',#3238);
#3241=CARTESIAN_POINT('',(5.025E0,-1.2E0,-3.345E0));
#3242=VERTEX_POINT('',#3241);
#3243=CARTESIAN_POINT('',(4.525E0,-7.8E-1,-3.985E0));
#3244=CARTESIAN_POINT('',(4.525E0,-7.8E-1,-4.195E0));
#3245=VERTEX_POINT('',#3243);
#3246=VERTEX_POINT('',#3244);
#3247=CARTESIAN_POINT('',(5.025E0,-7.8E-1,-3.985E0));
#3248=CARTESIAN_POINT('',(5.025E0,-7.8E-1,-4.195E0));
#3249=VERTEX_POINT('',#3247);
#3250=VERTEX_POINT('',#3248);
#3251=CARTESIAN_POINT('',(4.525E0,-6.696152422707E-1,-4.195E0));
#3252=VERTEX_POINT('',#3251);
#3253=CARTESIAN_POINT('',(4.525E0,-4.098076211353E-1,-4.345E0));
#3254=VERTEX_POINT('',#3253);
#3255=CARTESIAN_POINT('',(4.525E0,3.901923788647E-1,-4.345E0));
#3256=VERTEX_POINT('',#3255);
#3257=CARTESIAN_POINT('',(4.525E0,6.5E-1,-4.195E0));
#3258=VERTEX_POINT('',#3257);
#3259=CARTESIAN_POINT('',(4.525E0,1.05E0,-4.195E0));
#3260=VERTEX_POINT('',#3259);
#3261=CARTESIAN_POINT('',(5.025E0,-6.696152422707E-1,-4.195E0));
#3262=VERTEX_POINT('',#3261);
#3263=CARTESIAN_POINT('',(5.025E0,-4.098076211353E-1,-4.345E0));
#3264=VERTEX_POINT('',#3263);
#3265=CARTESIAN_POINT('',(5.025E0,3.901923788647E-1,-4.345E0));
#3266=VERTEX_POINT('',#3265);
#3267=CARTESIAN_POINT('',(5.025E0,6.5E-1,-4.195E0));
#3268=VERTEX_POINT('',#3267);
#3269=CARTESIAN_POINT('',(5.025E0,1.05E0,-4.195E0));
#3270=VERTEX_POINT('',#3269);
#3271=CARTESIAN_POINT('',(4.425E0,1.74E0,-3.345E0));
#3272=VERTEX_POINT('',#3271);
#3273=CARTESIAN_POINT('',(5.125E0,1.74E0,-3.345E0));
#3274=VERTEX_POINT('',#3273);
#3275=CARTESIAN_POINT('',(4.525E0,1.05E0,-3.345E0));
#3276=VERTEX_POINT('',#3275);
#3277=CARTESIAN_POINT('',(5.025E0,1.05E0,-3.345E0));
#3278=VERTEX_POINT('',#3277);
#3279=CARTESIAN_POINT('',(-5.125E0,-1.2E0,-3.345E0));
#3280=CARTESIAN_POINT('',(-5.125E0,-1.2E0,3.335E0));
#3281=VERTEX_POINT('',#3279);
#3282=VERTEX_POINT('',#3280);
#3283=CARTESIAN_POINT('',(-4.425E0,-1.2E0,-3.345E0));
#3284=CARTESIAN_POINT('',(-4.425E0,-1.2E0,4.345E0));
#3285=VERTEX_POINT('',#3283);
#3286=VERTEX_POINT('',#3284);
#3287=CARTESIAN_POINT('',(-4.425E0,1.74E0,-3.345E0));
#3288=VERTEX_POINT('',#3287);
#3289=CARTESIAN_POINT('',(-5.125E0,1.74E0,-3.345E0));
#3290=VERTEX_POINT('',#3289);
#3291=CARTESIAN_POINT('',(-4.525E0,-1.6E0,4.195E0));
#3292=CARTESIAN_POINT('',(-4.525E0,-1.64E0,4.195E0));
#3293=VERTEX_POINT('',#3291);
#3294=VERTEX_POINT('',#3292);
#3295=CARTESIAN_POINT('',(-4.525E0,-2.04E0,3.795E0));
#3296=CARTESIAN_POINT('',(-4.525E0,-2.04E0,1.145E0));
#3297=VERTEX_POINT('',#3295);
#3298=VERTEX_POINT('',#3296);
#3299=CARTESIAN_POINT('',(-4.525E0,-1.89E0,9.95E-1));
#3300=CARTESIAN_POINT('',(-4.525E0,-1.75E0,9.95E-1));
#3301=VERTEX_POINT('',#3299);
#3302=VERTEX_POINT('',#3300);
#3303=CARTESIAN_POINT('',(-4.525E0,-1.6E0,8.45E-1));
#3304=CARTESIAN_POINT('',(-4.525E0,-1.6E0,-1.855E0));
#3305=VERTEX_POINT('',#3303);
#3306=VERTEX_POINT('',#3304);
#3307=CARTESIAN_POINT('',(-4.525E0,-1.75E0,-2.005E0));
#3308=CARTESIAN_POINT('',(-4.525E0,-1.89E0,-2.005E0));
#3309=VERTEX_POINT('',#3307);
#3310=VERTEX_POINT('',#3308);
#3311=CARTESIAN_POINT('',(-4.525E0,-2.04E0,-2.155E0));
#3312=CARTESIAN_POINT('',(-4.525E0,-2.04E0,-3.185E0));
#3313=VERTEX_POINT('',#3311);
#3314=VERTEX_POINT('',#3312);
#3315=CARTESIAN_POINT('',(-4.525E0,-1.74E0,-3.485E0));
#3316=CARTESIAN_POINT('',(-4.525E0,-1.28E0,-3.485E0));
#3317=VERTEX_POINT('',#3315);
#3318=VERTEX_POINT('',#3316);
#3319=CARTESIAN_POINT('',(-5.025E0,-1.6E0,4.195E0));
#3320=CARTESIAN_POINT('',(-5.025E0,-1.64E0,4.195E0));
#3321=VERTEX_POINT('',#3319);
#3322=VERTEX_POINT('',#3320);
#3323=CARTESIAN_POINT('',(-5.025E0,-2.04E0,3.795E0));
#3324=CARTESIAN_POINT('',(-5.025E0,-2.04E0,1.145E0));
#3325=VERTEX_POINT('',#3323);
#3326=VERTEX_POINT('',#3324);
#3327=CARTESIAN_POINT('',(-5.025E0,-1.89E0,9.95E-1));
#3328=CARTESIAN_POINT('',(-5.025E0,-1.75E0,9.95E-1));
#3329=VERTEX_POINT('',#3327);
#3330=VERTEX_POINT('',#3328);
#3331=CARTESIAN_POINT('',(-5.025E0,-1.6E0,8.45E-1));
#3332=CARTESIAN_POINT('',(-5.025E0,-1.6E0,-1.855E0));
#3333=VERTEX_POINT('',#3331);
#3334=VERTEX_POINT('',#3332);
#3335=CARTESIAN_POINT('',(-5.025E0,-1.75E0,-2.005E0));
#3336=CARTESIAN_POINT('',(-5.025E0,-1.89E0,-2.005E0));
#3337=VERTEX_POINT('',#3335);
#3338=VERTEX_POINT('',#3336);
#3339=CARTESIAN_POINT('',(-5.025E0,-2.04E0,-2.155E0));
#3340=CARTESIAN_POINT('',(-5.025E0,-2.04E0,-3.185E0));
#3341=VERTEX_POINT('',#3339);
#3342=VERTEX_POINT('',#3340);
#3343=CARTESIAN_POINT('',(-5.025E0,-1.74E0,-3.485E0));
#3344=CARTESIAN_POINT('',(-5.025E0,-1.28E0,-3.485E0));
#3345=VERTEX_POINT('',#3343);
#3346=VERTEX_POINT('',#3344);
#3347=CARTESIAN_POINT('',(-5.025E0,-1.2E0,3.535E0));
#3348=CARTESIAN_POINT('',(-5.025E0,-1.2E0,3.795E0));
#3349=VERTEX_POINT('',#3347);
#3350=VERTEX_POINT('',#3348);
#3351=CARTESIAN_POINT('',(-4.525E0,-7.8E-1,-3.985E0));
#3352=CARTESIAN_POINT('',(-4.525E0,-7.8E-1,-4.195E0));
#3353=VERTEX_POINT('',#3351);
#3354=VERTEX_POINT('',#3352);
#3355=CARTESIAN_POINT('',(-5.025E0,-7.8E-1,-3.985E0));
#3356=CARTESIAN_POINT('',(-5.025E0,-7.8E-1,-4.195E0));
#3357=VERTEX_POINT('',#3355);
#3358=VERTEX_POINT('',#3356);
#3359=CARTESIAN_POINT('',(-4.525E0,-1.2E0,3.795E0));
#3360=VERTEX_POINT('',#3359);
#3361=CARTESIAN_POINT('',(-4.895E0,-1.2E0,3.795E0));
#3362=VERTEX_POINT('',#3361);
#3363=CARTESIAN_POINT('',(-4.525E0,-6.696152422707E-1,-4.195E0));
#3364=VERTEX_POINT('',#3363);
#3365=CARTESIAN_POINT('',(-4.525E0,-4.098076211353E-1,-4.345E0));
#3366=VERTEX_POINT('',#3365);
#3367=CARTESIAN_POINT('',(-4.525E0,3.901923788647E-1,-4.345E0));
#3368=VERTEX_POINT('',#3367);
#3369=CARTESIAN_POINT('',(-4.525E0,6.5E-1,-4.195E0));
#3370=VERTEX_POINT('',#3369);
#3371=CARTESIAN_POINT('',(-4.525E0,1.05E0,-4.195E0));
#3372=VERTEX_POINT('',#3371);
#3373=CARTESIAN_POINT('',(-5.025E0,-6.696152422707E-1,-4.195E0));
#3374=VERTEX_POINT('',#3373);
#3375=CARTESIAN_POINT('',(-5.025E0,-4.098076211353E-1,-4.345E0));
#3376=VERTEX_POINT('',#3375);
#3377=CARTESIAN_POINT('',(-5.025E0,3.901923788647E-1,-4.345E0));
#3378=VERTEX_POINT('',#3377);
#3379=CARTESIAN_POINT('',(-5.025E0,6.5E-1,-4.195E0));
#3380=VERTEX_POINT('',#3379);
#3381=CARTESIAN_POINT('',(-5.025E0,1.05E0,-4.195E0));
#3382=VERTEX_POINT('',#3381);
#3383=CARTESIAN_POINT('',(-4.525E0,1.05E0,-3.345E0));
#3384=VERTEX_POINT('',#3383);
#3385=CARTESIAN_POINT('',(-5.025E0,1.05E0,-3.345E0));
#3386=VERTEX_POINT('',#3385);
#3387=CARTESIAN_POINT('',(-4.425E0,-1.74E0,4.345E0));
#3388=CARTESIAN_POINT('',(-4.425E0,-1.74E0,-4.345E0));
#3389=VERTEX_POINT('',#3387);
#3390=VERTEX_POINT('',#3388);
#3391=CARTESIAN_POINT('',(-5.125E0,-1.74E0,3.335E0));
#3392=CARTESIAN_POINT('',(-5.125E0,-1.74E0,-4.345E0));
#3393=VERTEX_POINT('',#3391);
#3394=VERTEX_POINT('',#3392);
#3395=CARTESIAN_POINT('',(-4.425E0,1.74E0,-4.345E0));
#3396=VERTEX_POINT('',#3395);
#3397=CARTESIAN_POINT('',(-5.125E0,1.74E0,-4.345E0));
#3398=VERTEX_POINT('',#3397);
#3399=CARTESIAN_POINT('',(-4.62E0,-1.2E0,4.345E0));
#3400=VERTEX_POINT('',#3399);
#3401=CARTESIAN_POINT('',(-4.525E0,-1.2E0,-3.345E0));
#3402=VERTEX_POINT('',#3401);
#3403=CARTESIAN_POINT('',(-5.025E0,-1.2E0,-3.345E0));
#3404=VERTEX_POINT('',#3403);
#3405=CARTESIAN_POINT('',(5.62E0,-3.E-1,2.345E0));
#3406=CARTESIAN_POINT('',(5.62E0,-3.E-1,-2.055E0));
#3407=VERTEX_POINT('',#3405);
#3408=VERTEX_POINT('',#3406);
#3409=CARTESIAN_POINT('',(5.62E0,4.5E-1,-2.055E0));
#3410=VERTEX_POINT('',#3409);
#3411=CARTESIAN_POINT('',(5.62E0,4.5E-1,2.345E0));
#3412=VERTEX_POINT('',#3411);
#3413=CARTESIAN_POINT('',(5.02E0,-3.E-1,3.545E0));
#3414=CARTESIAN_POINT('',(5.02E0,4.5E-1,3.545E0));
#3415=VERTEX_POINT('',#3413);
#3416=VERTEX_POINT('',#3414);
#3417=CARTESIAN_POINT('',(5.02E0,-3.E-1,4.25E-1));
#3418=CARTESIAN_POINT('',(5.02E0,4.5E-1,4.25E-1));
#3419=VERTEX_POINT('',#3417);
#3420=VERTEX_POINT('',#3418);
#3421=CARTESIAN_POINT('',(5.025E0,-3.E-1,4.25E-1));
#3422=CARTESIAN_POINT('',(5.025E0,-3.E-1,-2.055E0));
#3423=VERTEX_POINT('',#3421);
#3424=VERTEX_POINT('',#3422);
#3425=CARTESIAN_POINT('',(5.025E0,4.5E-1,-2.055E0));
#3426=VERTEX_POINT('',#3425);
#3427=CARTESIAN_POINT('',(5.025E0,4.5E-1,4.25E-1));
#3428=VERTEX_POINT('',#3427);
#3429=CARTESIAN_POINT('',(-1.25E0,-1.97E0,4.345E0));
#3430=CARTESIAN_POINT('',(-6.5E-1,-1.97E0,4.345E0));
#3431=VERTEX_POINT('',#3429);
#3432=VERTEX_POINT('',#3430);
#3433=CARTESIAN_POINT('',(1.25E0,-1.97E0,4.345E0));
#3434=CARTESIAN_POINT('',(1.85E0,-1.97E0,4.345E0));
#3435=VERTEX_POINT('',#3433);
#3436=VERTEX_POINT('',#3434);
#3437=CARTESIAN_POINT('',(-1.25E0,-1.97E0,2.345E0));
#3438=CARTESIAN_POINT('',(-6.5E-1,-1.97E0,2.345E0));
#3439=VERTEX_POINT('',#3437);
#3440=VERTEX_POINT('',#3438);
#3441=CARTESIAN_POINT('',(1.25E0,-1.97E0,2.345E0));
#3442=CARTESIAN_POINT('',(1.85E0,-1.97E0,2.345E0));
#3443=VERTEX_POINT('',#3441);
#3444=VERTEX_POINT('',#3442);
#3445=CARTESIAN_POINT('',(-1.25E0,-1.74E0,2.345E0));
#3446=CARTESIAN_POINT('',(-6.5E-1,-1.74E0,2.345E0));
#3447=VERTEX_POINT('',#3445);
#3448=VERTEX_POINT('',#3446);
#3449=CARTESIAN_POINT('',(1.25E0,-1.74E0,2.345E0));
#3450=CARTESIAN_POINT('',(1.85E0,-1.74E0,2.345E0));
#3451=VERTEX_POINT('',#3449);
#3452=VERTEX_POINT('',#3450);
#3453=CARTESIAN_POINT('',(-1.25E0,-1.74E0,4.345E0));
#3454=VERTEX_POINT('',#3453);
#3455=CARTESIAN_POINT('',(-6.5E-1,-1.74E0,4.345E0));
#3456=VERTEX_POINT('',#3455);
#3457=CARTESIAN_POINT('',(1.25E0,-1.74E0,4.345E0));
#3458=VERTEX_POINT('',#3457);
#3459=CARTESIAN_POINT('',(1.85E0,-1.74E0,4.345E0));
#3460=VERTEX_POINT('',#3459);
#3461=CARTESIAN_POINT('',(0.E0,-1.74E0,0.E0));
#3462=DIRECTION('',(0.E0,1.E0,0.E0));
#3463=DIRECTION('',(1.E0,0.E0,0.E0));
#3464=AXIS2_PLACEMENT_3D('',#3461,#3462,#3463);
#3465=PLANE('',#3464);
#3467=ORIENTED_EDGE('',*,*,#3466,.F.);
#3469=ORIENTED_EDGE('',*,*,#3468,.T.);
#3471=ORIENTED_EDGE('',*,*,#3470,.T.);
#3473=ORIENTED_EDGE('',*,*,#3472,.F.);
#3474=EDGE_LOOP('',(#3467,#3469,#3471,#3473));
#3475=FACE_OUTER_BOUND('',#3474,.F.);
#3476=ADVANCED_FACE('',(#3475),#3465,.F.);
#3477=CARTESIAN_POINT('',(0.E0,-1.74E0,0.E0));
#3478=DIRECTION('',(0.E0,1.E0,0.E0));
#3479=DIRECTION('',(1.E0,0.E0,0.E0));
#3480=AXIS2_PLACEMENT_3D('',#3477,#3478,#3479);
#3481=PLANE('',#3480);
#3483=ORIENTED_EDGE('',*,*,#3482,.T.);
#3485=ORIENTED_EDGE('',*,*,#3484,.T.);
#3487=ORIENTED_EDGE('',*,*,#3486,.T.);
#3489=ORIENTED_EDGE('',*,*,#3488,.F.);
#3490=EDGE_LOOP('',(#3483,#3485,#3487,#3489));
#3491=FACE_OUTER_BOUND('',#3490,.F.);
#3492=ADVANCED_FACE('',(#3491),#3481,.F.);
#3493=CARTESIAN_POINT('',(0.E0,-1.74E0,0.E0));
#3494=DIRECTION('',(0.E0,1.E0,0.E0));
#3495=DIRECTION('',(1.E0,0.E0,0.E0));
#3496=AXIS2_PLACEMENT_3D('',#3493,#3494,#3495);
#3497=PLANE('',#3496);
#3499=ORIENTED_EDGE('',*,*,#3498,.T.);
#3501=ORIENTED_EDGE('',*,*,#3500,.F.);
#3503=ORIENTED_EDGE('',*,*,#3502,.T.);
#3505=ORIENTED_EDGE('',*,*,#3504,.T.);
#3507=ORIENTED_EDGE('',*,*,#3506,.T.);
#3509=ORIENTED_EDGE('',*,*,#3508,.F.);
#3511=ORIENTED_EDGE('',*,*,#3510,.T.);
#3513=ORIENTED_EDGE('',*,*,#3512,.T.);
#3515=ORIENTED_EDGE('',*,*,#3514,.T.);
#3517=ORIENTED_EDGE('',*,*,#3516,.T.);
#3519=ORIENTED_EDGE('',*,*,#3518,.T.);
#3521=ORIENTED_EDGE('',*,*,#3520,.F.);
#3523=ORIENTED_EDGE('',*,*,#3522,.T.);
#3525=ORIENTED_EDGE('',*,*,#3524,.T.);
#3527=ORIENTED_EDGE('',*,*,#3526,.T.);
#3529=ORIENTED_EDGE('',*,*,#3528,.F.);
#3531=ORIENTED_EDGE('',*,*,#3530,.T.);
#3533=ORIENTED_EDGE('',*,*,#3532,.T.);
#3535=ORIENTED_EDGE('',*,*,#3534,.T.);
#3537=ORIENTED_EDGE('',*,*,#3536,.F.);
#3539=ORIENTED_EDGE('',*,*,#3538,.T.);
#3541=ORIENTED_EDGE('',*,*,#3540,.F.);
#3543=ORIENTED_EDGE('',*,*,#3542,.T.);
#3545=ORIENTED_EDGE('',*,*,#3544,.T.);
#3546=EDGE_LOOP('',(#3499,#3501,#3503,#3505,#3507,#3509,#3511,#3513,#3515,#3517,
#3519,#3521,#3523,#3525,#3527,#3529,#3531,#3533,#3535,#3537,#3539,#3541,#3543,
#3545));
#3547=FACE_OUTER_BOUND('',#3546,.F.);
#3548=ADVANCED_FACE('',(#3547),#3497,.F.);
#3549=CARTESIAN_POINT('',(5.12E0,0.E0,3.345E0));
#3550=DIRECTION('',(8.944271909999E-1,0.E0,4.472135955E-1));
#3551=DIRECTION('',(-4.472135955E-1,0.E0,8.944271909999E-1));
#3552=AXIS2_PLACEMENT_3D('',#3549,#3550,#3551);
#3553=PLANE('',#3552);
#3555=ORIENTED_EDGE('',*,*,#3554,.F.);
#3557=ORIENTED_EDGE('',*,*,#3556,.F.);
#3559=ORIENTED_EDGE('',*,*,#3558,.F.);
#3561=ORIENTED_EDGE('',*,*,#3560,.T.);
#3563=ORIENTED_EDGE('',*,*,#3562,.T.);
#3565=ORIENTED_EDGE('',*,*,#3564,.T.);
#3567=ORIENTED_EDGE('',*,*,#3566,.F.);
#3569=ORIENTED_EDGE('',*,*,#3568,.F.);
#3571=ORIENTED_EDGE('',*,*,#3570,.T.);
#3572=ORIENTED_EDGE('',*,*,#3466,.T.);
#3574=ORIENTED_EDGE('',*,*,#3573,.T.);
#3576=ORIENTED_EDGE('',*,*,#3575,.F.);
#3577=EDGE_LOOP('',(#3555,#3557,#3559,#3561,#3563,#3565,#3567,#3569,#3571,#3572,
#3574,#3576));
#3578=FACE_OUTER_BOUND('',#3577,.F.);
#3579=ADVANCED_FACE('',(#3578),#3553,.T.);
#3580=CARTESIAN_POINT('',(4.525E0,-1.2E0,4.25E-1));
#3581=DIRECTION('',(0.E0,1.E0,0.E0));
#3582=DIRECTION('',(0.E0,0.E0,1.E0));
#3583=AXIS2_PLACEMENT_3D('',#3580,#3581,#3582);
#3584=PLANE('',#3583);
#3586=ORIENTED_EDGE('',*,*,#3585,.T.);
#3588=ORIENTED_EDGE('',*,*,#3587,.F.);
#3589=ORIENTED_EDGE('',*,*,#3554,.T.);
#3590=EDGE_LOOP('',(#3586,#3588,#3589));
#3591=FACE_OUTER_BOUND('',#3590,.F.);
#3592=ADVANCED_FACE('',(#3591),#3584,.T.);
#3593=CARTESIAN_POINT('',(5.025E0,-1.74E0,0.E0));
#3594=DIRECTION('',(1.E0,0.E0,0.E0));
#3595=DIRECTION('',(0.E0,0.E0,-1.E0));
#3596=AXIS2_PLACEMENT_3D('',#3593,#3594,#3595);
#3597=PLANE('',#3596);
#3598=ORIENTED_EDGE('',*,*,#3585,.F.);
#3600=ORIENTED_EDGE('',*,*,#3599,.T.);
#3602=ORIENTED_EDGE('',*,*,#3601,.T.);
#3604=ORIENTED_EDGE('',*,*,#3603,.F.);
#3606=ORIENTED_EDGE('',*,*,#3605,.F.);
#3608=ORIENTED_EDGE('',*,*,#3607,.F.);
#3610=ORIENTED_EDGE('',*,*,#3609,.F.);
#3612=ORIENTED_EDGE('',*,*,#3611,.F.);
#3614=ORIENTED_EDGE('',*,*,#3613,.F.);
#3616=ORIENTED_EDGE('',*,*,#3615,.F.);
#3618=ORIENTED_EDGE('',*,*,#3617,.F.);
#3620=ORIENTED_EDGE('',*,*,#3619,.F.);
#3622=ORIENTED_EDGE('',*,*,#3621,.F.);
#3624=ORIENTED_EDGE('',*,*,#3623,.F.);
#3626=ORIENTED_EDGE('',*,*,#3625,.F.);
#3628=ORIENTED_EDGE('',*,*,#3627,.F.);
#3630=ORIENTED_EDGE('',*,*,#3629,.F.);
#3632=ORIENTED_EDGE('',*,*,#3631,.F.);
#3634=ORIENTED_EDGE('',*,*,#3633,.F.);
#3636=ORIENTED_EDGE('',*,*,#3635,.F.);
#3638=ORIENTED_EDGE('',*,*,#3637,.F.);
#3640=ORIENTED_EDGE('',*,*,#3639,.F.);
#3642=ORIENTED_EDGE('',*,*,#3641,.F.);
#3644=ORIENTED_EDGE('',*,*,#3643,.F.);
#3646=ORIENTED_EDGE('',*,*,#3645,.F.);
#3647=EDGE_LOOP('',(#3598,#3600,#3602,#3604,#3606,#3608,#3610,#3612,#3614,#3616,
#3618,#3620,#3622,#3624,#3626,#3628,#3630,#3632,#3634,#3636,#3638,#3640,#3642,
#3644,#3646));
#3648=FACE_OUTER_BOUND('',#3647,.F.);
#3649=ADVANCED_FACE('',(#3648),#3597,.T.);
#3650=CARTESIAN_POINT('',(5.025E0,-1.74E0,0.E0));
#3651=DIRECTION('',(1.E0,0.E0,0.E0));
#3652=DIRECTION('',(0.E0,0.E0,-1.E0));
#3653=AXIS2_PLACEMENT_3D('',#3650,#3651,#3652);
#3654=PLANE('',#3653);
#3656=ORIENTED_EDGE('',*,*,#3655,.F.);
#3658=ORIENTED_EDGE('',*,*,#3657,.F.);
#3660=ORIENTED_EDGE('',*,*,#3659,.F.);
#3662=ORIENTED_EDGE('',*,*,#3661,.F.);
#3663=EDGE_LOOP('',(#3656,#3658,#3660,#3662));
#3664=FACE_OUTER_BOUND('',#3663,.F.);
#3665=ADVANCED_FACE('',(#3664),#3654,.T.);
#3666=CARTESIAN_POINT('',(4.425E0,-1.2E0,-3.345E0));
#3667=DIRECTION('',(0.E0,1.E0,0.E0));
#3668=DIRECTION('',(0.E0,0.E0,1.E0));
#3669=AXIS2_PLACEMENT_3D('',#3666,#3667,#3668);
#3670=PLANE('',#3669);
#3672=ORIENTED_EDGE('',*,*,#3671,.T.);
#3674=ORIENTED_EDGE('',*,*,#3673,.F.);
#3676=ORIENTED_EDGE('',*,*,#3675,.T.);
#3678=ORIENTED_EDGE('',*,*,#3677,.F.);
#3679=ORIENTED_EDGE('',*,*,#3556,.T.);
#3681=ORIENTED_EDGE('',*,*,#3680,.F.);
#3682=EDGE_LOOP('',(#3672,#3674,#3676,#3678,#3679,#3681));
#3683=FACE_OUTER_BOUND('',#3682,.F.);
#3684=ADVANCED_FACE('',(#3683),#3670,.F.);
#3685=CARTESIAN_POINT('',(4.425E0,-1.2E0,-3.345E0));
#3686=DIRECTION('',(0.E0,1.E0,0.E0));
#3687=DIRECTION('',(0.E0,0.E0,1.E0));
#3688=AXIS2_PLACEMENT_3D('',#3685,#3686,#3687);
#3689=PLANE('',#3688);
#3690=ORIENTED_EDGE('',*,*,#3599,.F.);
#3691=ORIENTED_EDGE('',*,*,#3575,.T.);
#3693=ORIENTED_EDGE('',*,*,#3692,.T.);
#3695=ORIENTED_EDGE('',*,*,#3694,.F.);
#3696=EDGE_LOOP('',(#3690,#3691,#3693,#3695));
#3697=FACE_OUTER_BOUND('',#3696,.F.);
#3698=ADVANCED_FACE('',(#3697),#3689,.F.);
#3699=CARTESIAN_POINT('',(4.525E0,-1.74E0,0.E0));
#3700=DIRECTION('',(1.E0,0.E0,0.E0));
#3701=DIRECTION('',(0.E0,0.E0,-1.E0));
#3702=AXIS2_PLACEMENT_3D('',#3699,#3700,#3701);
#3703=PLANE('',#3702);
#3704=ORIENTED_EDGE('',*,*,#3671,.F.);
#3706=ORIENTED_EDGE('',*,*,#3705,.T.);
#3708=ORIENTED_EDGE('',*,*,#3707,.T.);
#3710=ORIENTED_EDGE('',*,*,#3709,.T.);
#3712=ORIENTED_EDGE('',*,*,#3711,.T.);
#3714=ORIENTED_EDGE('',*,*,#3713,.T.);
#3716=ORIENTED_EDGE('',*,*,#3715,.T.);
#3718=ORIENTED_EDGE('',*,*,#3717,.T.);
#3720=ORIENTED_EDGE('',*,*,#3719,.T.);
#3722=ORIENTED_EDGE('',*,*,#3721,.T.);
#3724=ORIENTED_EDGE('',*,*,#3723,.T.);
#3726=ORIENTED_EDGE('',*,*,#3725,.T.);
#3728=ORIENTED_EDGE('',*,*,#3727,.T.);
#3730=ORIENTED_EDGE('',*,*,#3729,.T.);
#3732=ORIENTED_EDGE('',*,*,#3731,.T.);
#3734=ORIENTED_EDGE('',*,*,#3733,.T.);
#3736=ORIENTED_EDGE('',*,*,#3735,.T.);
#3738=ORIENTED_EDGE('',*,*,#3737,.T.);
#3740=ORIENTED_EDGE('',*,*,#3739,.T.);
#3742=ORIENTED_EDGE('',*,*,#3741,.T.);
#3744=ORIENTED_EDGE('',*,*,#3743,.T.);
#3746=ORIENTED_EDGE('',*,*,#3745,.T.);
#3748=ORIENTED_EDGE('',*,*,#3747,.T.);
#3750=ORIENTED_EDGE('',*,*,#3749,.F.);
#3751=EDGE_LOOP('',(#3704,#3706,#3708,#3710,#3712,#3714,#3716,#3718,#3720,#3722,
#3724,#3726,#3728,#3730,#3732,#3734,#3736,#3738,#3740,#3742,#3744,#3746,#3748,
#3750));
#3752=FACE_OUTER_BOUND('',#3751,.F.);
#3753=ADVANCED_FACE('',(#3752),#3703,.F.);
#3754=CARTESIAN_POINT('',(4.525E0,-1.6E0,3.795E0));
#3755=DIRECTION('',(1.E0,0.E0,0.E0));
#3756=DIRECTION('',(0.E0,0.E0,-1.E0));
#3757=AXIS2_PLACEMENT_3D('',#3754,#3755,#3756);
#3758=CYLINDRICAL_SURFACE('',#3757,4.E-1);
#3759=ORIENTED_EDGE('',*,*,#3680,.T.);
#3760=ORIENTED_EDGE('',*,*,#3587,.T.);
#3761=ORIENTED_EDGE('',*,*,#3645,.T.);
#3763=ORIENTED_EDGE('',*,*,#3762,.F.);
#3764=ORIENTED_EDGE('',*,*,#3705,.F.);
#3765=EDGE_LOOP('',(#3759,#3760,#3761,#3763,#3764));
#3766=FACE_OUTER_BOUND('',#3765,.F.);
#3767=ADVANCED_FACE('',(#3766),#3758,.T.);
#3768=CARTESIAN_POINT('',(4.525E0,-1.6E0,4.195E0));
#3769=DIRECTION('',(0.E0,0.E0,1.E0));
#3770=DIRECTION('',(0.E0,-1.E0,0.E0));
#3771=AXIS2_PLACEMENT_3D('',#3768,#3769,#3770);
#3772=PLANE('',#3771);
#3773=ORIENTED_EDGE('',*,*,#3707,.F.);
#3774=ORIENTED_EDGE('',*,*,#3762,.T.);
#3775=ORIENTED_EDGE('',*,*,#3643,.T.);
#3777=ORIENTED_EDGE('',*,*,#3776,.F.);
#3778=EDGE_LOOP('',(#3773,#3774,#3775,#3777));
#3779=FACE_OUTER_BOUND('',#3778,.F.);
#3780=ADVANCED_FACE('',(#3779),#3772,.T.);
#3781=CARTESIAN_POINT('',(4.525E0,-1.64E0,3.795E0));
#3782=DIRECTION('',(1.E0,0.E0,0.E0));
#3783=DIRECTION('',(0.E0,0.E0,-1.E0));
#3784=AXIS2_PLACEMENT_3D('',#3781,#3782,#3783);
#3785=CYLINDRICAL_SURFACE('',#3784,4.E-1);
#3786=ORIENTED_EDGE('',*,*,#3709,.F.);
#3787=ORIENTED_EDGE('',*,*,#3776,.T.);
#3788=ORIENTED_EDGE('',*,*,#3641,.T.);
#3790=ORIENTED_EDGE('',*,*,#3789,.F.);
#3791=EDGE_LOOP('',(#3786,#3787,#3788,#3790));
#3792=FACE_OUTER_BOUND('',#3791,.F.);
#3793=ADVANCED_FACE('',(#3792),#3785,.T.);
#3794=CARTESIAN_POINT('',(4.525E0,-2.04E0,3.795E0));
#3795=DIRECTION('',(0.E0,-1.E0,0.E0));
#3796=DIRECTION('',(0.E0,0.E0,-1.E0));
#3797=AXIS2_PLACEMENT_3D('',#3794,#3795,#3796);
#3798=PLANE('',#3797);
#3799=ORIENTED_EDGE('',*,*,#3711,.F.);
#3800=ORIENTED_EDGE('',*,*,#3789,.T.);
#3801=ORIENTED_EDGE('',*,*,#3639,.T.);
#3803=ORIENTED_EDGE('',*,*,#3802,.F.);
#3804=EDGE_LOOP('',(#3799,#3800,#3801,#3803));
#3805=FACE_OUTER_BOUND('',#3804,.F.);
#3806=ADVANCED_FACE('',(#3805),#3798,.T.);
#3807=CARTESIAN_POINT('',(4.525E0,-1.89E0,1.145E0));
#3808=DIRECTION('',(1.E0,0.E0,0.E0));
#3809=DIRECTION('',(0.E0,0.E0,-1.E0));
#3810=AXIS2_PLACEMENT_3D('',#3807,#3808,#3809);
#3811=CYLINDRICAL_SURFACE('',#3810,1.5E-1);
#3812=ORIENTED_EDGE('',*,*,#3713,.F.);
#3813=ORIENTED_EDGE('',*,*,#3802,.T.);
#3814=ORIENTED_EDGE('',*,*,#3637,.T.);
#3816=ORIENTED_EDGE('',*,*,#3815,.F.);
#3817=EDGE_LOOP('',(#3812,#3813,#3814,#3816));
#3818=FACE_OUTER_BOUND('',#3817,.F.);
#3819=ADVANCED_FACE('',(#3818),#3811,.T.);
#3820=CARTESIAN_POINT('',(4.525E0,-1.89E0,9.95E-1));
#3821=DIRECTION('',(0.E0,0.E0,-1.E0));
#3822=DIRECTION('',(0.E0,1.E0,0.E0));
#3823=AXIS2_PLACEMENT_3D('',#3820,#3821,#3822);
#3824=PLANE('',#3823);
#3825=ORIENTED_EDGE('',*,*,#3715,.F.);
#3826=ORIENTED_EDGE('',*,*,#3815,.T.);
#3827=ORIENTED_EDGE('',*,*,#3635,.T.);
#3829=ORIENTED_EDGE('',*,*,#3828,.F.);
#3830=EDGE_LOOP('',(#3825,#3826,#3827,#3829));
#3831=FACE_OUTER_BOUND('',#3830,.F.);
#3832=ADVANCED_FACE('',(#3831),#3824,.T.);
#3833=CARTESIAN_POINT('',(4.525E0,-1.75E0,8.45E-1));
#3834=DIRECTION('',(1.E0,0.E0,0.E0));
#3835=DIRECTION('',(0.E0,0.E0,-1.E0));
#3836=AXIS2_PLACEMENT_3D('',#3833,#3834,#3835);
#3837=CYLINDRICAL_SURFACE('',#3836,1.5E-1);
#3838=ORIENTED_EDGE('',*,*,#3717,.F.);
#3839=ORIENTED_EDGE('',*,*,#3828,.T.);
#3840=ORIENTED_EDGE('',*,*,#3633,.T.);
#3842=ORIENTED_EDGE('',*,*,#3841,.F.);
#3843=EDGE_LOOP('',(#3838,#3839,#3840,#3842));
#3844=FACE_OUTER_BOUND('',#3843,.F.);
#3845=ADVANCED_FACE('',(#3844),#3837,.F.);
#3846=CARTESIAN_POINT('',(4.525E0,-1.6E0,8.45E-1));
#3847=DIRECTION('',(0.E0,-1.E0,0.E0));
#3848=DIRECTION('',(0.E0,0.E0,-1.E0));
#3849=AXIS2_PLACEMENT_3D('',#3846,#3847,#3848);
#3850=PLANE('',#3849);
#3851=ORIENTED_EDGE('',*,*,#3719,.F.);
#3852=ORIENTED_EDGE('',*,*,#3841,.T.);
#3853=ORIENTED_EDGE('',*,*,#3631,.T.);
#3855=ORIENTED_EDGE('',*,*,#3854,.F.);
#3856=EDGE_LOOP('',(#3851,#3852,#3853,#3855));
#3857=FACE_OUTER_BOUND('',#3856,.F.);
#3858=ADVANCED_FACE('',(#3857),#3850,.T.);
#3859=CARTESIAN_POINT('',(4.525E0,-1.75E0,-1.855E0));
#3860=DIRECTION('',(1.E0,0.E0,0.E0));
#3861=DIRECTION('',(0.E0,0.E0,-1.E0));
#3862=AXIS2_PLACEMENT_3D('',#3859,#3860,#3861);
#3863=CYLINDRICAL_SURFACE('',#3862,1.5E-1);
#3864=ORIENTED_EDGE('',*,*,#3721,.F.);
#3865=ORIENTED_EDGE('',*,*,#3854,.T.);
#3866=ORIENTED_EDGE('',*,*,#3629,.T.);
#3868=ORIENTED_EDGE('',*,*,#3867,.F.);
#3869=EDGE_LOOP('',(#3864,#3865,#3866,#3868));
#3870=FACE_OUTER_BOUND('',#3869,.F.);
#3871=ADVANCED_FACE('',(#3870),#3863,.F.);
#3872=CARTESIAN_POINT('',(4.525E0,-1.75E0,-2.005E0));
#3873=DIRECTION('',(0.E0,0.E0,1.E0));
#3874=DIRECTION('',(0.E0,-1.E0,0.E0));
#3875=AXIS2_PLACEMENT_3D('',#3872,#3873,#3874);
#3876=PLANE('',#3875);
#3877=ORIENTED_EDGE('',*,*,#3723,.F.);
#3878=ORIENTED_EDGE('',*,*,#3867,.T.);
#3879=ORIENTED_EDGE('',*,*,#3627,.T.);
#3881=ORIENTED_EDGE('',*,*,#3880,.F.);
#3882=EDGE_LOOP('',(#3877,#3878,#3879,#3881));
#3883=FACE_OUTER_BOUND('',#3882,.F.);
#3884=ADVANCED_FACE('',(#3883),#3876,.T.);
#3885=CARTESIAN_POINT('',(4.525E0,-1.89E0,-2.155E0));
#3886=DIRECTION('',(1.E0,0.E0,0.E0));
#3887=DIRECTION('',(0.E0,0.E0,-1.E0));
#3888=AXIS2_PLACEMENT_3D('',#3885,#3886,#3887);
#3889=CYLINDRICAL_SURFACE('',#3888,1.5E-1);
#3890=ORIENTED_EDGE('',*,*,#3725,.F.);
#3891=ORIENTED_EDGE('',*,*,#3880,.T.);
#3892=ORIENTED_EDGE('',*,*,#3625,.T.);
#3894=ORIENTED_EDGE('',*,*,#3893,.F.);
#3895=EDGE_LOOP('',(#3890,#3891,#3892,#3894));
#3896=FACE_OUTER_BOUND('',#3895,.F.);
#3897=ADVANCED_FACE('',(#3896),#3889,.T.);
#3898=CARTESIAN_POINT('',(4.525E0,-2.04E0,-2.155E0));
#3899=DIRECTION('',(0.E0,-1.E0,0.E0));
#3900=DIRECTION('',(0.E0,0.E0,-1.E0));
#3901=AXIS2_PLACEMENT_3D('',#3898,#3899,#3900);
#3902=PLANE('',#3901);
#3903=ORIENTED_EDGE('',*,*,#3727,.F.);
#3904=ORIENTED_EDGE('',*,*,#3893,.T.);
#3905=ORIENTED_EDGE('',*,*,#3623,.T.);
#3907=ORIENTED_EDGE('',*,*,#3906,.F.);
#3908=EDGE_LOOP('',(#3903,#3904,#3905,#3907));
#3909=FACE_OUTER_BOUND('',#3908,.F.);
#3910=ADVANCED_FACE('',(#3909),#3902,.T.);
#3911=CARTESIAN_POINT('',(4.525E0,-1.74E0,-3.185E0));
#3912=DIRECTION('',(1.E0,0.E0,0.E0));
#3913=DIRECTION('',(0.E0,0.E0,-1.E0));
#3914=AXIS2_PLACEMENT_3D('',#3911,#3912,#3913);
#3915=CYLINDRICAL_SURFACE('',#3914,3.E-1);
#3916=ORIENTED_EDGE('',*,*,#3729,.F.);
#3917=ORIENTED_EDGE('',*,*,#3906,.T.);
#3918=ORIENTED_EDGE('',*,*,#3621,.T.);
#3920=ORIENTED_EDGE('',*,*,#3919,.F.);
#3921=EDGE_LOOP('',(#3916,#3917,#3918,#3920));
#3922=FACE_OUTER_BOUND('',#3921,.F.);
#3923=ADVANCED_FACE('',(#3922),#3915,.T.);
#3924=CARTESIAN_POINT('',(4.525E0,-1.74E0,-3.485E0));
#3925=DIRECTION('',(0.E0,0.E0,-1.E0));
#3926=DIRECTION('',(0.E0,1.E0,0.E0));
#3927=AXIS2_PLACEMENT_3D('',#3924,#3925,#3926);
#3928=PLANE('',#3927);
#3929=ORIENTED_EDGE('',*,*,#3731,.F.);
#3930=ORIENTED_EDGE('',*,*,#3919,.T.);
#3931=ORIENTED_EDGE('',*,*,#3619,.T.);
#3933=ORIENTED_EDGE('',*,*,#3932,.F.);
#3934=EDGE_LOOP('',(#3929,#3930,#3931,#3933));
#3935=FACE_OUTER_BOUND('',#3934,.F.);
#3936=ADVANCED_FACE('',(#3935),#3928,.T.);
#3937=CARTESIAN_POINT('',(4.525E0,-1.28E0,-3.985E0));
#3938=DIRECTION('',(1.E0,0.E0,0.E0));
#3939=DIRECTION('',(0.E0,0.E0,-1.E0));
#3940=AXIS2_PLACEMENT_3D('',#3937,#3938,#3939);
#3941=CYLINDRICAL_SURFACE('',#3940,5.E-1);
#3942=ORIENTED_EDGE('',*,*,#3733,.F.);
#3943=ORIENTED_EDGE('',*,*,#3932,.T.);
#3944=ORIENTED_EDGE('',*,*,#3617,.T.);
#3946=ORIENTED_EDGE('',*,*,#3945,.F.);
#3947=EDGE_LOOP('',(#3942,#3943,#3944,#3946));
#3948=FACE_OUTER_BOUND('',#3947,.F.);
#3949=ADVANCED_FACE('',(#3948),#3941,.F.);
#3950=CARTESIAN_POINT('',(4.525E0,-7.8E-1,-3.985E0));
#3951=DIRECTION('',(0.E0,-1.E0,0.E0));
#3952=DIRECTION('',(0.E0,0.E0,-1.E0));
#3953=AXIS2_PLACEMENT_3D('',#3950,#3951,#3952);
#3954=PLANE('',#3953);
#3955=ORIENTED_EDGE('',*,*,#3735,.F.);
#3956=ORIENTED_EDGE('',*,*,#3945,.T.);
#3957=ORIENTED_EDGE('',*,*,#3615,.T.);
#3959=ORIENTED_EDGE('',*,*,#3958,.F.);
#3960=EDGE_LOOP('',(#3955,#3956,#3957,#3959));
#3961=FACE_OUTER_BOUND('',#3960,.F.);
#3962=ADVANCED_FACE('',(#3961),#3954,.T.);
#3963=CARTESIAN_POINT('',(4.525E0,-7.8E-1,-4.195E0));
#3964=DIRECTION('',(0.E0,0.E0,-1.E0));
#3965=DIRECTION('',(0.E0,1.E0,0.E0));
#3966=AXIS2_PLACEMENT_3D('',#3963,#3964,#3965);
#3967=PLANE('',#3966);
#3968=ORIENTED_EDGE('',*,*,#3737,.F.);
#3969=ORIENTED_EDGE('',*,*,#3958,.T.);
#3970=ORIENTED_EDGE('',*,*,#3613,.T.);
#3972=ORIENTED_EDGE('',*,*,#3971,.F.);
#3973=EDGE_LOOP('',(#3968,#3969,#3970,#3972));
#3974=FACE_OUTER_BOUND('',#3973,.F.);
#3975=ADVANCED_FACE('',(#3974),#3967,.T.);
#3976=CARTESIAN_POINT('',(4.525E0,-6.696152422707E-1,-4.495E0));
#3977=DIRECTION('',(1.E0,0.E0,0.E0));
#3978=DIRECTION('',(0.E0,0.E0,-1.E0));
#3979=AXIS2_PLACEMENT_3D('',#3976,#3977,#3978);
#3980=CYLINDRICAL_SURFACE('',#3979,3.E-1);
#3981=ORIENTED_EDGE('',*,*,#3739,.F.);
#3982=ORIENTED_EDGE('',*,*,#3971,.T.);
#3983=ORIENTED_EDGE('',*,*,#3611,.T.);
#3985=ORIENTED_EDGE('',*,*,#3984,.F.);
#3986=EDGE_LOOP('',(#3981,#3982,#3983,#3985));
#3987=FACE_OUTER_BOUND('',#3986,.F.);
#3988=ADVANCED_FACE('',(#3987),#3980,.F.);
#3989=CARTESIAN_POINT('',(4.525E0,-4.098076211353E-1,-4.345E0));
#3990=DIRECTION('',(0.E0,0.E0,-1.E0));
#3991=DIRECTION('',(0.E0,1.E0,0.E0));
#3992=AXIS2_PLACEMENT_3D('',#3989,#3990,#3991);
#3993=PLANE('',#3992);
#3994=ORIENTED_EDGE('',*,*,#3741,.F.);
#3995=ORIENTED_EDGE('',*,*,#3984,.T.);
#3996=ORIENTED_EDGE('',*,*,#3609,.T.);
#3998=ORIENTED_EDGE('',*,*,#3997,.F.);
#3999=EDGE_LOOP('',(#3994,#3995,#3996,#3998));
#4000=FACE_OUTER_BOUND('',#3999,.F.);
#4001=ADVANCED_FACE('',(#4000),#3993,.T.);
#4002=CARTESIAN_POINT('',(4.525E0,6.5E-1,-4.495E0));
#4003=DIRECTION('',(1.E0,0.E0,0.E0));
#4004=DIRECTION('',(0.E0,0.E0,-1.E0));
#4005=AXIS2_PLACEMENT_3D('',#4002,#4003,#4004);
#4006=CYLINDRICAL_SURFACE('',#4005,3.E-1);
#4007=ORIENTED_EDGE('',*,*,#3743,.F.);
#4008=ORIENTED_EDGE('',*,*,#3997,.T.);
#4009=ORIENTED_EDGE('',*,*,#3607,.T.);
#4011=ORIENTED_EDGE('',*,*,#4010,.F.);
#4012=EDGE_LOOP('',(#4007,#4008,#4009,#4011));
#4013=FACE_OUTER_BOUND('',#4012,.F.);
#4014=ADVANCED_FACE('',(#4013),#4006,.F.);
#4015=CARTESIAN_POINT('',(4.525E0,6.5E-1,-4.195E0));
#4016=DIRECTION('',(0.E0,0.E0,-1.E0));
#4017=DIRECTION('',(0.E0,1.E0,0.E0));
#4018=AXIS2_PLACEMENT_3D('',#4015,#4016,#4017);
#4019=PLANE('',#4018);
#4020=ORIENTED_EDGE('',*,*,#3745,.F.);
#4021=ORIENTED_EDGE('',*,*,#4010,.T.);
#4022=ORIENTED_EDGE('',*,*,#3605,.T.);
#4024=ORIENTED_EDGE('',*,*,#4023,.F.);
#4025=EDGE_LOOP('',(#4020,#4021,#4022,#4024));
#4026=FACE_OUTER_BOUND('',#4025,.F.);
#4027=ADVANCED_FACE('',(#4026),#4019,.T.);
#4028=CARTESIAN_POINT('',(4.525E0,1.05E0,-4.195E0));
#4029=DIRECTION('',(0.E0,1.E0,0.E0));
#4030=DIRECTION('',(0.E0,0.E0,1.E0));
#4031=AXIS2_PLACEMENT_3D('',#4028,#4029,#4030);
#4032=PLANE('',#4031);
#4034=ORIENTED_EDGE('',*,*,#4033,.F.);
#4035=ORIENTED_EDGE('',*,*,#3747,.F.);
#4036=ORIENTED_EDGE('',*,*,#4023,.T.);
#4037=ORIENTED_EDGE('',*,*,#3603,.T.);
#4038=EDGE_LOOP('',(#4034,#4035,#4036,#4037));
#4039=FACE_OUTER_BOUND('',#4038,.F.);
#4040=ADVANCED_FACE('',(#4039),#4032,.T.);
#4041=CARTESIAN_POINT('',(4.425E0,1.74E0,-3.345E0));
#4042=DIRECTION('',(0.E0,0.E0,1.E0));
#4043=DIRECTION('',(0.E0,-1.E0,0.E0));
#4044=AXIS2_PLACEMENT_3D('',#4041,#4042,#4043);
#4045=PLANE('',#4044);
#4046=ORIENTED_EDGE('',*,*,#3749,.T.);
#4047=ORIENTED_EDGE('',*,*,#4033,.T.);
#4048=ORIENTED_EDGE('',*,*,#3601,.F.);
#4049=ORIENTED_EDGE('',*,*,#3694,.T.);
#4051=ORIENTED_EDGE('',*,*,#4050,.F.);
#4053=ORIENTED_EDGE('',*,*,#4052,.F.);
#4055=ORIENTED_EDGE('',*,*,#4054,.T.);
#4056=ORIENTED_EDGE('',*,*,#3673,.T.);
#4057=EDGE_LOOP('',(#4046,#4047,#4048,#4049,#4051,#4053,#4055,#4056));
#4058=FACE_OUTER_BOUND('',#4057,.F.);
#4059=ADVANCED_FACE('',(#4058),#4045,.F.);
#4060=CARTESIAN_POINT('',(5.125E0,-1.74E0,0.E0));
#4061=DIRECTION('',(1.E0,0.E0,0.E0));
#4062=DIRECTION('',(0.E0,0.E0,-1.E0));
#4063=AXIS2_PLACEMENT_3D('',#4060,#4061,#4062);
#4064=PLANE('',#4063);
#4065=ORIENTED_EDGE('',*,*,#3573,.F.);
#4066=ORIENTED_EDGE('',*,*,#3472,.T.);
#4068=ORIENTED_EDGE('',*,*,#4067,.T.);
#4070=ORIENTED_EDGE('',*,*,#4069,.F.);
#4071=ORIENTED_EDGE('',*,*,#4050,.T.);
#4072=ORIENTED_EDGE('',*,*,#3692,.F.);
#4073=EDGE_LOOP('',(#4065,#4066,#4068,#4070,#4071,#4072));
#4074=FACE_OUTER_BOUND('',#4073,.F.);
#4075=ADVANCED_FACE('',(#4074),#4064,.F.);
#4076=CARTESIAN_POINT('',(5.62E0,-1.74E0,-4.345E0));
#4077=DIRECTION('',(0.E0,0.E0,-1.E0));
#4078=DIRECTION('',(-1.E0,0.E0,0.E0));
#4079=AXIS2_PLACEMENT_3D('',#4076,#4077,#4078);
#4080=PLANE('',#4079);
#4081=ORIENTED_EDGE('',*,*,#4067,.F.);
#4082=ORIENTED_EDGE('',*,*,#3470,.F.);
#4084=ORIENTED_EDGE('',*,*,#4083,.T.);
#4086=ORIENTED_EDGE('',*,*,#4085,.T.);
#4087=EDGE_LOOP('',(#4081,#4082,#4084,#4086));
#4088=FACE_OUTER_BOUND('',#4087,.F.);
#4089=ADVANCED_FACE('',(#4088),#4080,.T.);
#4090=CARTESIAN_POINT('',(5.62E0,-1.74E0,-4.345E0));
#4091=DIRECTION('',(0.E0,0.E0,-1.E0));
#4092=DIRECTION('',(-1.E0,0.E0,0.E0));
#4093=AXIS2_PLACEMENT_3D('',#4090,#4091,#4092);
#4094=PLANE('',#4093);
#4096=ORIENTED_EDGE('',*,*,#4095,.F.);
#4097=ORIENTED_EDGE('',*,*,#3538,.F.);
#4099=ORIENTED_EDGE('',*,*,#4098,.T.);
#4101=ORIENTED_EDGE('',*,*,#4100,.F.);
#4103=ORIENTED_EDGE('',*,*,#4102,.F.);
#4104=ORIENTED_EDGE('',*,*,#3530,.F.);
#4106=ORIENTED_EDGE('',*,*,#4105,.T.);
#4108=ORIENTED_EDGE('',*,*,#4107,.F.);
#4110=ORIENTED_EDGE('',*,*,#4109,.F.);
#4111=ORIENTED_EDGE('',*,*,#3522,.F.);
#4113=ORIENTED_EDGE('',*,*,#4112,.T.);
#4115=ORIENTED_EDGE('',*,*,#4114,.F.);
#4117=ORIENTED_EDGE('',*,*,#4116,.F.);
#4118=ORIENTED_EDGE('',*,*,#3514,.F.);
#4120=ORIENTED_EDGE('',*,*,#4119,.T.);
#4122=ORIENTED_EDGE('',*,*,#4121,.T.);
#4123=EDGE_LOOP('',(#4096,#4097,#4099,#4101,#4103,#4104,#4106,#4108,#4110,#4111,
#4113,#4115,#4117,#4118,#4120,#4122));
#4124=FACE_OUTER_BOUND('',#4123,.F.);
#4126=ORIENTED_EDGE('',*,*,#4125,.F.);
#4128=ORIENTED_EDGE('',*,*,#4127,.T.);
#4130=ORIENTED_EDGE('',*,*,#4129,.T.);
#4132=ORIENTED_EDGE('',*,*,#4131,.F.);
#4133=EDGE_LOOP('',(#4126,#4128,#4130,#4132));
#4134=FACE_BOUND('',#4133,.F.);
#4136=ORIENTED_EDGE('',*,*,#4135,.F.);
#4138=ORIENTED_EDGE('',*,*,#4137,.T.);
#4140=ORIENTED_EDGE('',*,*,#4139,.T.);
#4142=ORIENTED_EDGE('',*,*,#4141,.F.);
#4143=EDGE_LOOP('',(#4136,#4138,#4140,#4142));
#4144=FACE_BOUND('',#4143,.F.);
#4146=ORIENTED_EDGE('',*,*,#4145,.F.);
#4148=ORIENTED_EDGE('',*,*,#4147,.T.);
#4150=ORIENTED_EDGE('',*,*,#4149,.T.);
#4152=ORIENTED_EDGE('',*,*,#4151,.F.);
#4153=EDGE_LOOP('',(#4146,#4148,#4150,#4152));
#4154=FACE_BOUND('',#4153,.F.);
#4155=ADVANCED_FACE('',(#4124,#4134,#4144,#4154),#4094,.T.);
#4156=CARTESIAN_POINT('',(5.62E0,-1.74E0,-4.345E0));
#4157=DIRECTION('',(0.E0,0.E0,-1.E0));
#4158=DIRECTION('',(-1.E0,0.E0,0.E0));
#4159=AXIS2_PLACEMENT_3D('',#4156,#4157,#4158);
#4160=PLANE('',#4159);
#4162=ORIENTED_EDGE('',*,*,#4161,.T.);
#4164=ORIENTED_EDGE('',*,*,#4163,.T.);
#4166=ORIENTED_EDGE('',*,*,#4165,.F.);
#4167=ORIENTED_EDGE('',*,*,#3484,.F.);
#4168=EDGE_LOOP('',(#4162,#4164,#4166,#4167));
#4169=FACE_OUTER_BOUND('',#4168,.F.);
#4170=ADVANCED_FACE('',(#4169),#4160,.T.);
#4171=CARTESIAN_POINT('',(3.1175E0,-1.74E0,0.E0));
#4172=DIRECTION('',(-1.E0,0.E0,0.E0));
#4173=DIRECTION('',(0.E0,0.E0,-1.E0));
#4174=AXIS2_PLACEMENT_3D('',#4171,#4172,#4173);
#4175=PLANE('',#4174);
#4176=ORIENTED_EDGE('',*,*,#3516,.F.);
#4177=ORIENTED_EDGE('',*,*,#4116,.T.);
#4179=ORIENTED_EDGE('',*,*,#4178,.T.);
#4181=ORIENTED_EDGE('',*,*,#4180,.T.);
#4183=ORIENTED_EDGE('',*,*,#4182,.T.);
#4185=ORIENTED_EDGE('',*,*,#4184,.T.);
#4187=ORIENTED_EDGE('',*,*,#4186,.T.);
#4189=ORIENTED_EDGE('',*,*,#4188,.T.);
#4191=ORIENTED_EDGE('',*,*,#4190,.T.);
#4193=ORIENTED_EDGE('',*,*,#4192,.T.);
#4194=EDGE_LOOP('',(#4176,#4177,#4179,#4181,#4183,#4185,#4187,#4189,#4191,
#4193));
#4195=FACE_OUTER_BOUND('',#4194,.F.);
#4196=ADVANCED_FACE('',(#4195),#4175,.F.);
#4197=CARTESIAN_POINT('',(3.1175E0,-1.74E0,0.E0));
#4198=DIRECTION('',(-1.E0,0.E0,0.E0));
#4199=DIRECTION('',(0.E0,0.E0,-1.E0));
#4200=AXIS2_PLACEMENT_3D('',#4197,#4198,#4199);
#4201=PLANE('',#4200);
#4202=ORIENTED_EDGE('',*,*,#4125,.T.);
#4204=ORIENTED_EDGE('',*,*,#4203,.T.);
#4206=ORIENTED_EDGE('',*,*,#4205,.T.);
#4208=ORIENTED_EDGE('',*,*,#4207,.T.);
#4210=ORIENTED_EDGE('',*,*,#4209,.T.);
#4212=ORIENTED_EDGE('',*,*,#4211,.T.);
#4214=ORIENTED_EDGE('',*,*,#4213,.T.);
#4216=ORIENTED_EDGE('',*,*,#4215,.T.);
#4218=ORIENTED_EDGE('',*,*,#4217,.T.);
#4219=EDGE_LOOP('',(#4202,#4204,#4206,#4208,#4210,#4212,#4214,#4216,#4218));
#4220=FACE_OUTER_BOUND('',#4219,.F.);
#4221=ADVANCED_FACE('',(#4220),#4201,.F.);
#4222=CARTESIAN_POINT('',(3.1175E0,-1.74E0,0.E0));
#4223=DIRECTION('',(-1.E0,0.E0,0.E0));
#4224=DIRECTION('',(0.E0,0.E0,-1.E0));
#4225=AXIS2_PLACEMENT_3D('',#4222,#4223,#4224);
#4226=PLANE('',#4225);
#4228=ORIENTED_EDGE('',*,*,#4227,.F.);
#4230=ORIENTED_EDGE('',*,*,#4229,.T.);
#4232=ORIENTED_EDGE('',*,*,#4231,.F.);
#4234=ORIENTED_EDGE('',*,*,#4233,.T.);
#4235=EDGE_LOOP('',(#4228,#4230,#4232,#4234));
#4236=FACE_OUTER_BOUND('',#4235,.F.);
#4237=ADVANCED_FACE('',(#4236),#4226,.F.);
#4238=CARTESIAN_POINT('',(3.1175E0,-1.1E0,-4.625E0));
#4239=DIRECTION('',(-1.E0,0.E0,0.E0));
#4240=DIRECTION('',(0.E0,0.E0,-1.E0));
#4241=AXIS2_PLACEMENT_3D('',#4238,#4239,#4240);
#4242=CYLINDRICAL_SURFACE('',#4241,3.E-1);
#4243=ORIENTED_EDGE('',*,*,#4114,.T.);
#4245=ORIENTED_EDGE('',*,*,#4244,.T.);
#4247=ORIENTED_EDGE('',*,*,#4246,.F.);
#4248=ORIENTED_EDGE('',*,*,#4178,.F.);
#4249=EDGE_LOOP('',(#4243,#4245,#4247,#4248));
#4250=FACE_OUTER_BOUND('',#4249,.F.);
#4251=ADVANCED_FACE('',(#4250),#4242,.F.);
#4252=CARTESIAN_POINT('',(2.4825E0,-1.74E0,0.E0));
#4253=DIRECTION('',(-1.E0,0.E0,0.E0));
#4254=DIRECTION('',(0.E0,0.E0,-1.E0));
#4255=AXIS2_PLACEMENT_3D('',#4252,#4253,#4254);
#4256=PLANE('',#4255);
#4257=ORIENTED_EDGE('',*,*,#3520,.T.);
#4259=ORIENTED_EDGE('',*,*,#4258,.F.);
#4261=ORIENTED_EDGE('',*,*,#4260,.F.);
#4263=ORIENTED_EDGE('',*,*,#4262,.F.);
#4265=ORIENTED_EDGE('',*,*,#4264,.F.);
#4267=ORIENTED_EDGE('',*,*,#4266,.F.);
#4269=ORIENTED_EDGE('',*,*,#4268,.F.);
#4271=ORIENTED_EDGE('',*,*,#4270,.F.);
#4272=ORIENTED_EDGE('',*,*,#4244,.F.);
#4273=ORIENTED_EDGE('',*,*,#4112,.F.);
#4274=EDGE_LOOP('',(#4257,#4259,#4261,#4263,#4265,#4267,#4269,#4271,#4272,
#4273));
#4275=FACE_OUTER_BOUND('',#4274,.F.);
#4276=ADVANCED_FACE('',(#4275),#4256,.T.);
#4277=CARTESIAN_POINT('',(2.4825E0,-1.74E0,0.E0));
#4278=DIRECTION('',(-1.E0,0.E0,0.E0));
#4279=DIRECTION('',(0.E0,0.E0,-1.E0));
#4280=AXIS2_PLACEMENT_3D('',#4277,#4278,#4279);
#4281=PLANE('',#4280);
#4282=ORIENTED_EDGE('',*,*,#4129,.F.);
#4284=ORIENTED_EDGE('',*,*,#4283,.F.);
#4286=ORIENTED_EDGE('',*,*,#4285,.F.);
#4288=ORIENTED_EDGE('',*,*,#4287,.F.);
#4290=ORIENTED_EDGE('',*,*,#4289,.F.);
#4292=ORIENTED_EDGE('',*,*,#4291,.F.);
#4294=ORIENTED_EDGE('',*,*,#4293,.F.);
#4296=ORIENTED_EDGE('',*,*,#4295,.F.);
#4298=ORIENTED_EDGE('',*,*,#4297,.F.);
#4299=EDGE_LOOP('',(#4282,#4284,#4286,#4288,#4290,#4292,#4294,#4296,#4298));
#4300=FACE_OUTER_BOUND('',#4299,.F.);
#4301=ADVANCED_FACE('',(#4300),#4281,.T.);
#4302=CARTESIAN_POINT('',(2.4825E0,-1.74E0,0.E0));
#4303=DIRECTION('',(-1.E0,0.E0,0.E0));
#4304=DIRECTION('',(0.E0,0.E0,-1.E0));
#4305=AXIS2_PLACEMENT_3D('',#4302,#4303,#4304);
#4306=PLANE('',#4305);
#4308=ORIENTED_EDGE('',*,*,#4307,.F.);
#4310=ORIENTED_EDGE('',*,*,#4309,.F.);
#4312=ORIENTED_EDGE('',*,*,#4311,.T.);
#4314=ORIENTED_EDGE('',*,*,#4313,.F.);
#4315=EDGE_LOOP('',(#4308,#4310,#4312,#4314));
#4316=FACE_OUTER_BOUND('',#4315,.F.);
#4317=ADVANCED_FACE('',(#4316),#4306,.T.);
#4318=CARTESIAN_POINT('',(3.1175E0,-1.84E0,-3.707E0));
#4319=DIRECTION('',(0.E0,0.E0,1.E0));
#4320=DIRECTION('',(0.E0,1.E0,0.E0));
#4321=AXIS2_PLACEMENT_3D('',#4318,#4319,#4320);
#4322=PLANE('',#4321);
#4323=ORIENTED_EDGE('',*,*,#3518,.F.);
#4324=ORIENTED_EDGE('',*,*,#4192,.F.);
#4326=ORIENTED_EDGE('',*,*,#4325,.T.);
#4327=ORIENTED_EDGE('',*,*,#4258,.T.);
#4328=EDGE_LOOP('',(#4323,#4324,#4326,#4327));
#4329=FACE_OUTER_BOUND('',#4328,.F.);
#4330=ADVANCED_FACE('',(#4329),#4322,.T.);
#4331=CARTESIAN_POINT('',(3.1175E0,-1.84E0,-3.907E0));
#4332=DIRECTION('',(-1.E0,0.E0,0.E0));
#4333=DIRECTION('',(0.E0,0.E0,-1.E0));
#4334=AXIS2_PLACEMENT_3D('',#4331,#4332,#4333);
#4335=CYLINDRICAL_SURFACE('',#4334,2.E-1);
#4336=ORIENTED_EDGE('',*,*,#4190,.F.);
#4338=ORIENTED_EDGE('',*,*,#4337,.T.);
#4339=ORIENTED_EDGE('',*,*,#4260,.T.);
#4340=ORIENTED_EDGE('',*,*,#4325,.F.);
#4341=EDGE_LOOP('',(#4336,#4338,#4339,#4340));
#4342=FACE_OUTER_BOUND('',#4341,.F.);
#4343=ADVANCED_FACE('',(#4342),#4335,.T.);
#4344=CARTESIAN_POINT('',(3.1175E0,-2.04E0,-5.425E0));
#4345=DIRECTION('',(0.E0,-1.E0,0.E0));
#4346=DIRECTION('',(0.E0,0.E0,1.E0));
#4347=AXIS2_PLACEMENT_3D('',#4344,#4345,#4346);
#4348=PLANE('',#4347);
#4349=ORIENTED_EDGE('',*,*,#4188,.F.);
#4351=ORIENTED_EDGE('',*,*,#4350,.T.);
#4352=ORIENTED_EDGE('',*,*,#4262,.T.);
#4353=ORIENTED_EDGE('',*,*,#4337,.F.);
#4354=EDGE_LOOP('',(#4349,#4351,#4352,#4353));
#4355=FACE_OUTER_BOUND('',#4354,.F.);
#4356=ADVANCED_FACE('',(#4355),#4348,.T.);
#4357=CARTESIAN_POINT('',(3.1175E0,-1.84E0,-5.425E0));
#4358=DIRECTION('',(-1.E0,0.E0,0.E0));
#4359=DIRECTION('',(0.E0,0.E0,-1.E0));
#4360=AXIS2_PLACEMENT_3D('',#4357,#4358,#4359);
#4361=CYLINDRICAL_SURFACE('',#4360,2.E-1);
#4362=ORIENTED_EDGE('',*,*,#4186,.F.);
#4364=ORIENTED_EDGE('',*,*,#4363,.T.);
#4365=ORIENTED_EDGE('',*,*,#4264,.T.);
#4366=ORIENTED_EDGE('',*,*,#4350,.F.);
#4367=EDGE_LOOP('',(#4362,#4364,#4365,#4366));
#4368=FACE_OUTER_BOUND('',#4367,.F.);
#4369=ADVANCED_FACE('',(#4368),#4361,.T.);
#4370=CARTESIAN_POINT('',(3.1175E0,-1.6E0,-5.625E0));
#4371=DIRECTION('',(0.E0,0.E0,-1.E0));
#4372=DIRECTION('',(0.E0,-1.E0,0.E0));
#4373=AXIS2_PLACEMENT_3D('',#4370,#4371,#4372);
#4374=PLANE('',#4373);
#4375=ORIENTED_EDGE('',*,*,#4184,.F.);
#4377=ORIENTED_EDGE('',*,*,#4376,.T.);
#4378=ORIENTED_EDGE('',*,*,#4266,.T.);
#4379=ORIENTED_EDGE('',*,*,#4363,.F.);
#4380=EDGE_LOOP('',(#4375,#4377,#4378,#4379));
#4381=FACE_OUTER_BOUND('',#4380,.F.);
#4382=ADVANCED_FACE('',(#4381),#4374,.T.);
#4383=CARTESIAN_POINT('',(3.1175E0,-1.4E0,-5.425E0));
#4384=DIRECTION('',(0.E0,7.071067811865E-1,-7.071067811865E-1));
#4385=DIRECTION('',(0.E0,-7.071067811865E-1,-7.071067811865E-1));
#4386=AXIS2_PLACEMENT_3D('',#4383,#4384,#4385);
#4387=PLANE('',#4386);
#4388=ORIENTED_EDGE('',*,*,#4182,.F.);
#4390=ORIENTED_EDGE('',*,*,#4389,.T.);
#4391=ORIENTED_EDGE('',*,*,#4268,.T.);
#4392=ORIENTED_EDGE('',*,*,#4376,.F.);
#4393=EDGE_LOOP('',(#4388,#4390,#4391,#4392));
#4394=FACE_OUTER_BOUND('',#4393,.F.);
#4395=ADVANCED_FACE('',(#4394),#4387,.T.);
#4396=CARTESIAN_POINT('',(3.1175E0,-1.4E0,-4.625E0));
#4397=DIRECTION('',(0.E0,1.E0,0.E0));
#4398=DIRECTION('',(0.E0,0.E0,-1.E0));
#4399=AXIS2_PLACEMENT_3D('',#4396,#4397,#4398);
#4400=PLANE('',#4399);
#4401=ORIENTED_EDGE('',*,*,#4180,.F.);
#4402=ORIENTED_EDGE('',*,*,#4246,.T.);
#4403=ORIENTED_EDGE('',*,*,#4270,.T.);
#4404=ORIENTED_EDGE('',*,*,#4389,.F.);
#4405=EDGE_LOOP('',(#4401,#4402,#4403,#4404));
#4406=FACE_OUTER_BOUND('',#4405,.F.);
#4407=ADVANCED_FACE('',(#4406),#4400,.T.);
#4408=CARTESIAN_POINT('',(3.1175E0,-9.05E-1,-4.625E0));
#4409=DIRECTION('',(-1.E0,0.E0,0.E0));
#4410=DIRECTION('',(0.E0,0.E0,-1.E0));
#4411=AXIS2_PLACEMENT_3D('',#4408,#4409,#4410);
#4412=CYLINDRICAL_SURFACE('',#4411,3.E-1);
#4413=ORIENTED_EDGE('',*,*,#4127,.F.);
#4414=ORIENTED_EDGE('',*,*,#4217,.F.);
#4416=ORIENTED_EDGE('',*,*,#4415,.T.);
#4417=ORIENTED_EDGE('',*,*,#4283,.T.);
#4418=EDGE_LOOP('',(#4413,#4414,#4416,#4417));
#4419=FACE_OUTER_BOUND('',#4418,.F.);
#4420=ADVANCED_FACE('',(#4419),#4412,.F.);
#4421=CARTESIAN_POINT('',(3.1175E0,-6.05E-1,-4.985E0));
#4422=DIRECTION('',(0.E0,-1.E0,0.E0));
#4423=DIRECTION('',(0.E0,0.E0,1.E0));
#4424=AXIS2_PLACEMENT_3D('',#4421,#4422,#4423);
#4425=PLANE('',#4424);
#4426=ORIENTED_EDGE('',*,*,#4215,.F.);
#4428=ORIENTED_EDGE('',*,*,#4427,.T.);
#4429=ORIENTED_EDGE('',*,*,#4285,.T.);
#4430=ORIENTED_EDGE('',*,*,#4415,.F.);
#4431=EDGE_LOOP('',(#4426,#4428,#4429,#4430));
#4432=FACE_OUTER_BOUND('',#4431,.F.);
#4433=ADVANCED_FACE('',(#4432),#4425,.T.);
#4434=CARTESIAN_POINT('',(3.1175E0,-5.05E-1,-4.985E0));
#4435=DIRECTION('',(-1.E0,0.E0,0.E0));
#4436=DIRECTION('',(0.E0,0.E0,-1.E0));
#4437=AXIS2_PLACEMENT_3D('',#4434,#4435,#4436);
#4438=CYLINDRICAL_SURFACE('',#4437,1.E-1);
#4439=ORIENTED_EDGE('',*,*,#4213,.F.);
#4441=ORIENTED_EDGE('',*,*,#4440,.T.);
#4442=ORIENTED_EDGE('',*,*,#4287,.T.);
#4443=ORIENTED_EDGE('',*,*,#4427,.F.);
#4444=EDGE_LOOP('',(#4439,#4441,#4442,#4443));
#4445=FACE_OUTER_BOUND('',#4444,.F.);
#4446=ADVANCED_FACE('',(#4445),#4438,.T.);
#4447=CARTESIAN_POINT('',(3.1175E0,3.55E-1,-5.085E0));
#4448=DIRECTION('',(0.E0,0.E0,-1.E0));
#4449=DIRECTION('',(0.E0,-1.E0,0.E0));
#4450=AXIS2_PLACEMENT_3D('',#4447,#4448,#4449);
#4451=PLANE('',#4450);
#4452=ORIENTED_EDGE('',*,*,#4211,.F.);
#4454=ORIENTED_EDGE('',*,*,#4453,.T.);
#4455=ORIENTED_EDGE('',*,*,#4289,.T.);
#4456=ORIENTED_EDGE('',*,*,#4440,.F.);
#4457=EDGE_LOOP('',(#4452,#4454,#4455,#4456));
#4458=FACE_OUTER_BOUND('',#4457,.F.);
#4459=ADVANCED_FACE('',(#4458),#4451,.T.);
#4460=CARTESIAN_POINT('',(3.1175E0,3.55E-1,-4.735E0));
#4461=DIRECTION('',(0.E0,1.E0,0.E0));
#4462=DIRECTION('',(0.E0,0.E0,-1.E0));
#4463=AXIS2_PLACEMENT_3D('',#4460,#4461,#4462);
#4464=PLANE('',#4463);
#4465=ORIENTED_EDGE('',*,*,#4209,.F.);
#4467=ORIENTED_EDGE('',*,*,#4466,.T.);
#4468=ORIENTED_EDGE('',*,*,#4291,.T.);
#4469=ORIENTED_EDGE('',*,*,#4453,.F.);
#4470=EDGE_LOOP('',(#4465,#4467,#4468,#4469));
#4471=FACE_OUTER_BOUND('',#4470,.F.);
#4472=ADVANCED_FACE('',(#4471),#4464,.T.);
#4473=CARTESIAN_POINT('',(3.1175E0,6.05E-1,-4.735E0));
#4474=DIRECTION('',(-1.E0,0.E0,0.E0));
#4475=DIRECTION('',(0.E0,0.E0,-1.E0));
#4476=AXIS2_PLACEMENT_3D('',#4473,#4474,#4475);
#4477=CYLINDRICAL_SURFACE('',#4476,2.5E-1);
#4478=ORIENTED_EDGE('',*,*,#4207,.F.);
#4480=ORIENTED_EDGE('',*,*,#4479,.T.);
#4481=ORIENTED_EDGE('',*,*,#4293,.T.);
#4482=ORIENTED_EDGE('',*,*,#4466,.F.);
#4483=EDGE_LOOP('',(#4478,#4480,#4481,#4482));
#4484=FACE_OUTER_BOUND('',#4483,.F.);
#4485=ADVANCED_FACE('',(#4484),#4477,.F.);
#4486=CARTESIAN_POINT('',(3.1175E0,9.35E-1,-4.485E0));
#4487=DIRECTION('',(0.E0,0.E0,-1.E0));
#4488=DIRECTION('',(0.E0,-1.E0,0.E0));
#4489=AXIS2_PLACEMENT_3D('',#4486,#4487,#4488);
#4490=PLANE('',#4489);
#4491=ORIENTED_EDGE('',*,*,#4205,.F.);
#4493=ORIENTED_EDGE('',*,*,#4492,.T.);
#4494=ORIENTED_EDGE('',*,*,#4295,.T.);
#4495=ORIENTED_EDGE('',*,*,#4479,.F.);
#4496=EDGE_LOOP('',(#4491,#4493,#4494,#4495));
#4497=FACE_OUTER_BOUND('',#4496,.F.);
#4498=ADVANCED_FACE('',(#4497),#4490,.T.);
#4499=CARTESIAN_POINT('',(3.1175E0,9.35E-1,-2.437E0));
#4500=DIRECTION('',(0.E0,1.E0,0.E0));
#4501=DIRECTION('',(0.E0,0.E0,-1.E0));
#4502=AXIS2_PLACEMENT_3D('',#4499,#4500,#4501);
#4503=PLANE('',#4502);
#4504=ORIENTED_EDGE('',*,*,#4131,.T.);
#4505=ORIENTED_EDGE('',*,*,#4297,.T.);
#4506=ORIENTED_EDGE('',*,*,#4492,.F.);
#4507=ORIENTED_EDGE('',*,*,#4203,.F.);
#4508=EDGE_LOOP('',(#4504,#4505,#4506,#4507));
#4509=FACE_OUTER_BOUND('',#4508,.F.);
#4510=ADVANCED_FACE('',(#4509),#4503,.T.);
#4511=CARTESIAN_POINT('',(2.5575E0,0.E0,2.493E0));
#4512=DIRECTION('',(-9.828721869343E-1,0.E0,1.842885350502E-1));
#4513=DIRECTION('',(1.842885350502E-1,0.E0,9.828721869343E-1));
#4514=AXIS2_PLACEMENT_3D('',#4511,#4512,#4513);
#4515=PLANE('',#4514);
#4517=ORIENTED_EDGE('',*,*,#4516,.T.);
#4519=ORIENTED_EDGE('',*,*,#4518,.F.);
#4521=ORIENTED_EDGE('',*,*,#4520,.T.);
#4522=ORIENTED_EDGE('',*,*,#4307,.T.);
#4523=EDGE_LOOP('',(#4517,#4519,#4521,#4522));
#4524=FACE_OUTER_BOUND('',#4523,.F.);
#4525=ADVANCED_FACE('',(#4524),#4515,.T.);
#4526=CARTESIAN_POINT('',(3.1175E0,1.2E-1,2.893E0));
#4527=DIRECTION('',(0.E0,9.701425001453E-1,2.425356250363E-1));
#4528=DIRECTION('',(0.E0,2.425356250363E-1,-9.701425001453E-1));
#4529=AXIS2_PLACEMENT_3D('',#4526,#4527,#4528);
#4530=PLANE('',#4529);
#4532=ORIENTED_EDGE('',*,*,#4531,.F.);
#4534=ORIENTED_EDGE('',*,*,#4533,.T.);
#4535=ORIENTED_EDGE('',*,*,#4516,.F.);
#4537=ORIENTED_EDGE('',*,*,#4536,.F.);
#4538=EDGE_LOOP('',(#4532,#4534,#4535,#4537));
#4539=FACE_OUTER_BOUND('',#4538,.F.);
#4540=ADVANCED_FACE('',(#4539),#4530,.T.);
#4541=CARTESIAN_POINT('',(3.0425E0,0.E0,2.493E0));
#4542=DIRECTION('',(9.828721869343E-1,0.E0,1.842885350502E-1));
#4543=DIRECTION('',(-1.842885350502E-1,0.E0,9.828721869343E-1));
#4544=AXIS2_PLACEMENT_3D('',#4541,#4542,#4543);
#4545=PLANE('',#4544);
#4547=ORIENTED_EDGE('',*,*,#4546,.T.);
#4549=ORIENTED_EDGE('',*,*,#4548,.F.);
#4550=ORIENTED_EDGE('',*,*,#4531,.T.);
#4551=ORIENTED_EDGE('',*,*,#4227,.T.);
#4552=EDGE_LOOP('',(#4547,#4549,#4550,#4551));
#4553=FACE_OUTER_BOUND('',#4552,.F.);
#4554=ADVANCED_FACE('',(#4553),#4545,.T.);
#4555=CARTESIAN_POINT('',(3.1175E0,-3.2E-1,2.093E0));
#4556=DIRECTION('',(0.E0,-9.701425001453E-1,2.425356250363E-1));
#4557=DIRECTION('',(0.E0,2.425356250363E-1,9.701425001453E-1));
#4558=AXIS2_PLACEMENT_3D('',#4555,#4556,#4557);
#4559=PLANE('',#4558);
#4560=ORIENTED_EDGE('',*,*,#4546,.F.);
#4562=ORIENTED_EDGE('',*,*,#4561,.T.);
#4563=ORIENTED_EDGE('',*,*,#4520,.F.);
#4565=ORIENTED_EDGE('',*,*,#4564,.F.);
#4566=EDGE_LOOP('',(#4560,#4562,#4563,#4565));
#4567=FACE_OUTER_BOUND('',#4566,.F.);
#4568=ADVANCED_FACE('',(#4567),#4559,.T.);
#4569=CARTESIAN_POINT('',(3.1175E0,-3.2E-1,-2.437E0));
#4570=DIRECTION('',(0.E0,-1.E0,0.E0));
#4571=DIRECTION('',(0.E0,0.E0,1.E0));
#4572=AXIS2_PLACEMENT_3D('',#4569,#4570,#4571);
#4573=PLANE('',#4572);
#4574=ORIENTED_EDGE('',*,*,#4561,.F.);
#4575=ORIENTED_EDGE('',*,*,#4233,.F.);
#4577=ORIENTED_EDGE('',*,*,#4576,.T.);
#4578=ORIENTED_EDGE('',*,*,#4309,.T.);
#4579=EDGE_LOOP('',(#4574,#4575,#4577,#4578));
#4580=FACE_OUTER_BOUND('',#4579,.F.);
#4581=ADVANCED_FACE('',(#4580),#4573,.T.);
#4582=CARTESIAN_POINT('',(0.E0,-1.74E0,-1.655E0));
#4583=DIRECTION('',(0.E0,0.E0,1.E0));
#4584=DIRECTION('',(1.E0,0.E0,0.E0));
#4585=AXIS2_PLACEMENT_3D('',#4582,#4583,#4584);
#4586=PLANE('',#4585);
#4588=ORIENTED_EDGE('',*,*,#4587,.F.);
#4590=ORIENTED_EDGE('',*,*,#4589,.F.);
#4592=ORIENTED_EDGE('',*,*,#4591,.F.);
#4594=ORIENTED_EDGE('',*,*,#4593,.F.);
#4595=EDGE_LOOP('',(#4588,#4590,#4592,#4594));
#4596=FACE_OUTER_BOUND('',#4595,.F.);
#4597=ORIENTED_EDGE('',*,*,#4231,.T.);
#4599=ORIENTED_EDGE('',*,*,#4598,.T.);
#4600=ORIENTED_EDGE('',*,*,#4311,.F.);
#4601=ORIENTED_EDGE('',*,*,#4576,.F.);
#4602=EDGE_LOOP('',(#4597,#4599,#4600,#4601));
#4603=FACE_BOUND('',#4602,.F.);
#4604=ADVANCED_FACE('',(#4596,#4603),#4586,.T.);
#4605=CARTESIAN_POINT('',(1.705E0,1.095E0,4.345E0));
#4606=DIRECTION('',(-1.E0,0.E0,0.E0));
#4607=DIRECTION('',(0.E0,-1.E0,0.E0));
#4608=AXIS2_PLACEMENT_3D('',#4605,#4606,#4607);
#4609=PLANE('',#4608);
#4611=ORIENTED_EDGE('',*,*,#4610,.T.);
#4613=ORIENTED_EDGE('',*,*,#4612,.T.);
#4615=ORIENTED_EDGE('',*,*,#4614,.T.);
#4617=ORIENTED_EDGE('',*,*,#4616,.T.);
#4618=ORIENTED_EDGE('',*,*,#4587,.T.);
#4620=ORIENTED_EDGE('',*,*,#4619,.F.);
#4622=ORIENTED_EDGE('',*,*,#4621,.T.);
#4624=ORIENTED_EDGE('',*,*,#4623,.T.);
#4626=ORIENTED_EDGE('',*,*,#4625,.T.);
#4627=EDGE_LOOP('',(#4611,#4613,#4615,#4617,#4618,#4620,#4622,#4624,#4626));
#4628=FACE_OUTER_BOUND('',#4627,.F.);
#4629=ADVANCED_FACE('',(#4628),#4609,.F.);
#4630=CARTESIAN_POINT('',(-5.62E0,-1.74E0,4.345E0));
#4631=DIRECTION('',(0.E0,0.E0,1.E0));
#4632=DIRECTION('',(1.E0,0.E0,0.E0));
#4633=AXIS2_PLACEMENT_3D('',#4630,#4631,#4632);
#4634=PLANE('',#4633);
#4635=ORIENTED_EDGE('',*,*,#3510,.F.);
#4637=ORIENTED_EDGE('',*,*,#4636,.F.);
#4639=ORIENTED_EDGE('',*,*,#4638,.F.);
#4641=ORIENTED_EDGE('',*,*,#4640,.F.);
#4642=ORIENTED_EDGE('',*,*,#3502,.F.);
#4644=ORIENTED_EDGE('',*,*,#4643,.F.);
#4646=ORIENTED_EDGE('',*,*,#4645,.F.);
#4648=ORIENTED_EDGE('',*,*,#4647,.F.);
#4649=ORIENTED_EDGE('',*,*,#3542,.F.);
#4651=ORIENTED_EDGE('',*,*,#4650,.T.);
#4653=ORIENTED_EDGE('',*,*,#4652,.F.);
#4655=ORIENTED_EDGE('',*,*,#4654,.F.);
#4657=ORIENTED_EDGE('',*,*,#4656,.T.);
#4659=ORIENTED_EDGE('',*,*,#4658,.F.);
#4661=ORIENTED_EDGE('',*,*,#4660,.F.);
#4663=ORIENTED_EDGE('',*,*,#4662,.T.);
#4665=ORIENTED_EDGE('',*,*,#4664,.T.);
#4667=ORIENTED_EDGE('',*,*,#4666,.T.);
#4669=ORIENTED_EDGE('',*,*,#4668,.T.);
#4671=ORIENTED_EDGE('',*,*,#4670,.T.);
#4673=ORIENTED_EDGE('',*,*,#4672,.F.);
#4675=ORIENTED_EDGE('',*,*,#4674,.T.);
#4676=ORIENTED_EDGE('',*,*,#4610,.F.);
#4678=ORIENTED_EDGE('',*,*,#4677,.F.);
#4680=ORIENTED_EDGE('',*,*,#4679,.T.);
#4682=ORIENTED_EDGE('',*,*,#4681,.T.);
#4684=ORIENTED_EDGE('',*,*,#4683,.T.);
#4686=ORIENTED_EDGE('',*,*,#4685,.F.);
#4688=ORIENTED_EDGE('',*,*,#4687,.T.);
#4690=ORIENTED_EDGE('',*,*,#4689,.T.);
#4692=ORIENTED_EDGE('',*,*,#4691,.F.);
#4694=ORIENTED_EDGE('',*,*,#4693,.T.);
#4696=ORIENTED_EDGE('',*,*,#4695,.T.);
#4698=ORIENTED_EDGE('',*,*,#4697,.F.);
#4700=ORIENTED_EDGE('',*,*,#4699,.T.);
#4701=ORIENTED_EDGE('',*,*,#3558,.T.);
#4702=ORIENTED_EDGE('',*,*,#3677,.T.);
#4704=ORIENTED_EDGE('',*,*,#4703,.F.);
#4705=EDGE_LOOP('',(#4635,#4637,#4639,#4641,#4642,#4644,#4646,#4648,#4649,#4651,
#4653,#4655,#4657,#4659,#4661,#4663,#4665,#4667,#4669,#4671,#4673,#4675,#4676,
#4678,#4680,#4682,#4684,#4686,#4688,#4690,#4692,#4694,#4696,#4698,#4700,#4701,
#4702,#4704));
#4706=FACE_OUTER_BOUND('',#4705,.F.);
#4708=ORIENTED_EDGE('',*,*,#4707,.T.);
#4710=ORIENTED_EDGE('',*,*,#4709,.T.);
#4712=ORIENTED_EDGE('',*,*,#4711,.T.);
#4714=ORIENTED_EDGE('',*,*,#4713,.T.);
#4715=EDGE_LOOP('',(#4708,#4710,#4712,#4714));
#4716=FACE_BOUND('',#4715,.F.);
#4717=ADVANCED_FACE('',(#4706,#4716),#4634,.T.);
#4718=CARTESIAN_POINT('',(-4.52E0,4.5E-1,4.345E0));
#4719=DIRECTION('',(-1.E0,0.E0,0.E0));
#4720=DIRECTION('',(0.E0,-1.E0,0.E0));
#4721=AXIS2_PLACEMENT_3D('',#4718,#4719,#4720);
#4722=PLANE('',#4721);
#4723=ORIENTED_EDGE('',*,*,#4707,.F.);
#4725=ORIENTED_EDGE('',*,*,#4724,.T.);
#4727=ORIENTED_EDGE('',*,*,#4726,.T.);
#4729=ORIENTED_EDGE('',*,*,#4728,.F.);
#4730=EDGE_LOOP('',(#4723,#4725,#4727,#4729));
#4731=FACE_OUTER_BOUND('',#4730,.F.);
#4732=ADVANCED_FACE('',(#4731),#4722,.F.);
#4733=CARTESIAN_POINT('',(-3.62E0,4.5E-1,4.345E0));
#4734=DIRECTION('',(0.E0,1.E0,0.E0));
#4735=DIRECTION('',(-1.E0,0.E0,0.E0));
#4736=AXIS2_PLACEMENT_3D('',#4733,#4734,#4735);
#4737=PLANE('',#4736);
#4738=ORIENTED_EDGE('',*,*,#4713,.F.);
#4740=ORIENTED_EDGE('',*,*,#4739,.T.);
#4742=ORIENTED_EDGE('',*,*,#4741,.T.);
#4743=ORIENTED_EDGE('',*,*,#4724,.F.);
#4744=EDGE_LOOP('',(#4738,#4740,#4742,#4743));
#4745=FACE_OUTER_BOUND('',#4744,.F.);
#4746=ADVANCED_FACE('',(#4745),#4737,.F.);
#4747=CARTESIAN_POINT('',(-3.62E0,-3.E-1,4.345E0));
#4748=DIRECTION('',(1.E0,0.E0,0.E0));
#4749=DIRECTION('',(0.E0,1.E0,0.E0));
#4750=AXIS2_PLACEMENT_3D('',#4747,#4748,#4749);
#4751=PLANE('',#4750);
#4752=ORIENTED_EDGE('',*,*,#4711,.F.);
#4754=ORIENTED_EDGE('',*,*,#4753,.T.);
#4756=ORIENTED_EDGE('',*,*,#4755,.T.);
#4757=ORIENTED_EDGE('',*,*,#4739,.F.);
#4758=EDGE_LOOP('',(#4752,#4754,#4756,#4757));
#4759=FACE_OUTER_BOUND('',#4758,.F.);
#4760=ADVANCED_FACE('',(#4759),#4751,.F.);
#4761=CARTESIAN_POINT('',(-4.52E0,-3.E-1,4.345E0));
#4762=DIRECTION('',(0.E0,-1.E0,0.E0));
#4763=DIRECTION('',(1.E0,0.E0,0.E0));
#4764=AXIS2_PLACEMENT_3D('',#4761,#4762,#4763);
#4765=PLANE('',#4764);
#4766=ORIENTED_EDGE('',*,*,#4709,.F.);
#4767=ORIENTED_EDGE('',*,*,#4728,.T.);
#4769=ORIENTED_EDGE('',*,*,#4768,.T.);
#4770=ORIENTED_EDGE('',*,*,#4753,.F.);
#4771=EDGE_LOOP('',(#4766,#4767,#4769,#4770));
#4772=FACE_OUTER_BOUND('',#4771,.F.);
#4773=ADVANCED_FACE('',(#4772),#4765,.F.);
#4774=CARTESIAN_POINT('',(0.E0,-1.74E0,-2.055E0));
#4775=DIRECTION('',(0.E0,0.E0,1.E0));
#4776=DIRECTION('',(1.E0,0.E0,0.E0));
#4777=AXIS2_PLACEMENT_3D('',#4774,#4775,#4776);
#4778=PLANE('',#4777);
#4779=ORIENTED_EDGE('',*,*,#4726,.F.);
#4780=ORIENTED_EDGE('',*,*,#4741,.F.);
#4781=ORIENTED_EDGE('',*,*,#4755,.F.);
#4782=ORIENTED_EDGE('',*,*,#4768,.F.);
#4783=EDGE_LOOP('',(#4779,#4780,#4781,#4782));
#4784=FACE_OUTER_BOUND('',#4783,.F.);
#4785=ADVANCED_FACE('',(#4784),#4778,.T.);
#4786=CARTESIAN_POINT('',(1.85E0,-1.97E0,4.345E0));
#4787=DIRECTION('',(1.E0,0.E0,0.E0));
#4788=DIRECTION('',(0.E0,1.E0,0.E0));
#4789=AXIS2_PLACEMENT_3D('',#4786,#4787,#4788);
#4790=PLANE('',#4789);
#4791=ORIENTED_EDGE('',*,*,#3508,.T.);
#4793=ORIENTED_EDGE('',*,*,#4792,.F.);
#4795=ORIENTED_EDGE('',*,*,#4794,.F.);
#4796=ORIENTED_EDGE('',*,*,#4636,.T.);
#4797=EDGE_LOOP('',(#4791,#4793,#4795,#4796));
#4798=FACE_OUTER_BOUND('',#4797,.F.);
#4799=ADVANCED_FACE('',(#4798),#4790,.T.);
#4800=CARTESIAN_POINT('',(0.E0,-1.74E0,2.345E0));
#4801=DIRECTION('',(0.E0,0.E0,1.E0));
#4802=DIRECTION('',(1.E0,0.E0,0.E0));
#4803=AXIS2_PLACEMENT_3D('',#4800,#4801,#4802);
#4804=PLANE('',#4803);
#4805=ORIENTED_EDGE('',*,*,#3498,.F.);
#4807=ORIENTED_EDGE('',*,*,#4806,.T.);
#4809=ORIENTED_EDGE('',*,*,#4808,.T.);
#4811=ORIENTED_EDGE('',*,*,#4810,.T.);
#4812=EDGE_LOOP('',(#4805,#4807,#4809,#4811));
#4813=FACE_OUTER_BOUND('',#4812,.F.);
#4814=ADVANCED_FACE('',(#4813),#4804,.F.);
#4815=CARTESIAN_POINT('',(0.E0,-1.74E0,2.345E0));
#4816=DIRECTION('',(0.E0,0.E0,1.E0));
#4817=DIRECTION('',(1.E0,0.E0,0.E0));
#4818=AXIS2_PLACEMENT_3D('',#4815,#4816,#4817);
#4819=PLANE('',#4818);
#4820=ORIENTED_EDGE('',*,*,#3506,.F.);
#4822=ORIENTED_EDGE('',*,*,#4821,.T.);
#4824=ORIENTED_EDGE('',*,*,#4823,.T.);
#4825=ORIENTED_EDGE('',*,*,#4792,.T.);
#4826=EDGE_LOOP('',(#4820,#4822,#4824,#4825));
#4827=FACE_OUTER_BOUND('',#4826,.F.);
#4828=ADVANCED_FACE('',(#4827),#4819,.F.);
#4829=CARTESIAN_POINT('',(-1.25E0,-1.74E0,4.345E0));
#4830=DIRECTION('',(-1.E0,0.E0,0.E0));
#4831=DIRECTION('',(0.E0,-1.E0,0.E0));
#4832=AXIS2_PLACEMENT_3D('',#4829,#4830,#4831);
#4833=PLANE('',#4832);
#4834=ORIENTED_EDGE('',*,*,#3544,.F.);
#4835=ORIENTED_EDGE('',*,*,#4647,.T.);
#4837=ORIENTED_EDGE('',*,*,#4836,.T.);
#4838=ORIENTED_EDGE('',*,*,#4806,.F.);
#4839=EDGE_LOOP('',(#4834,#4835,#4837,#4838));
#4840=FACE_OUTER_BOUND('',#4839,.F.);
#4841=ADVANCED_FACE('',(#4840),#4833,.T.);
#4842=CARTESIAN_POINT('',(-1.25E0,-1.97E0,4.345E0));
#4843=DIRECTION('',(0.E0,-1.E0,0.E0));
#4844=DIRECTION('',(1.E0,0.E0,0.E0));
#4845=AXIS2_PLACEMENT_3D('',#4842,#4843,#4844);
#4846=PLANE('',#4845);
#4847=ORIENTED_EDGE('',*,*,#4645,.T.);
#4849=ORIENTED_EDGE('',*,*,#4848,.T.);
#4850=ORIENTED_EDGE('',*,*,#4808,.F.);
#4851=ORIENTED_EDGE('',*,*,#4836,.F.);
#4852=EDGE_LOOP('',(#4847,#4849,#4850,#4851));
#4853=FACE_OUTER_BOUND('',#4852,.F.);
#4854=ADVANCED_FACE('',(#4853),#4846,.T.);
#4855=CARTESIAN_POINT('',(-6.5E-1,-1.97E0,4.345E0));
#4856=DIRECTION('',(1.E0,0.E0,0.E0));
#4857=DIRECTION('',(0.E0,1.E0,0.E0));
#4858=AXIS2_PLACEMENT_3D('',#4855,#4856,#4857);
#4859=PLANE('',#4858);
#4860=ORIENTED_EDGE('',*,*,#3500,.T.);
#4861=ORIENTED_EDGE('',*,*,#4810,.F.);
#4862=ORIENTED_EDGE('',*,*,#4848,.F.);
#4863=ORIENTED_EDGE('',*,*,#4643,.T.);
#4864=EDGE_LOOP('',(#4860,#4861,#4862,#4863));
#4865=FACE_OUTER_BOUND('',#4864,.F.);
#4866=ADVANCED_FACE('',(#4865),#4859,.T.);
#4867=CARTESIAN_POINT('',(1.25E0,-1.74E0,4.345E0));
#4868=DIRECTION('',(-1.E0,0.E0,0.E0));
#4869=DIRECTION('',(0.E0,-1.E0,0.E0));
#4870=AXIS2_PLACEMENT_3D('',#4867,#4868,#4869);
#4871=PLANE('',#4870);
#4872=ORIENTED_EDGE('',*,*,#3504,.F.);
#4873=ORIENTED_EDGE('',*,*,#4640,.T.);
#4875=ORIENTED_EDGE('',*,*,#4874,.T.);
#4876=ORIENTED_EDGE('',*,*,#4821,.F.);
#4877=EDGE_LOOP('',(#4872,#4873,#4875,#4876));
#4878=FACE_OUTER_BOUND('',#4877,.F.);
#4879=ADVANCED_FACE('',(#4878),#4871,.T.);
#4880=CARTESIAN_POINT('',(1.25E0,-1.97E0,4.345E0));
#4881=DIRECTION('',(0.E0,-1.E0,0.E0));
#4882=DIRECTION('',(1.E0,0.E0,0.E0));
#4883=AXIS2_PLACEMENT_3D('',#4880,#4881,#4882);
#4884=PLANE('',#4883);
#4885=ORIENTED_EDGE('',*,*,#4638,.T.);
#4886=ORIENTED_EDGE('',*,*,#4794,.T.);
#4887=ORIENTED_EDGE('',*,*,#4823,.F.);
#4888=ORIENTED_EDGE('',*,*,#4874,.F.);
#4889=EDGE_LOOP('',(#4885,#4886,#4887,#4888));
#4890=FACE_OUTER_BOUND('',#4889,.F.);
#4891=ADVANCED_FACE('',(#4890),#4884,.T.);
#4892=CARTESIAN_POINT('',(-4.425E0,-1.74E0,0.E0));
#4893=DIRECTION('',(1.E0,0.E0,0.E0));
#4894=DIRECTION('',(0.E0,0.E0,-1.E0));
#4895=AXIS2_PLACEMENT_3D('',#4892,#4893,#4894);
#4896=PLANE('',#4895);
#4898=ORIENTED_EDGE('',*,*,#4897,.T.);
#4899=ORIENTED_EDGE('',*,*,#4650,.F.);
#4900=ORIENTED_EDGE('',*,*,#3540,.T.);
#4901=ORIENTED_EDGE('',*,*,#4095,.T.);
#4903=ORIENTED_EDGE('',*,*,#4902,.F.);
#4905=ORIENTED_EDGE('',*,*,#4904,.T.);
#4906=EDGE_LOOP('',(#4898,#4899,#4900,#4901,#4903,#4905));
#4907=FACE_OUTER_BOUND('',#4906,.F.);
#4908=ADVANCED_FACE('',(#4907),#4896,.F.);
#4909=CARTESIAN_POINT('',(-4.425E0,-1.2E0,-3.345E0));
#4910=DIRECTION('',(0.E0,-1.E0,0.E0));
#4911=DIRECTION('',(0.E0,0.E0,1.E0));
#4912=AXIS2_PLACEMENT_3D('',#4909,#4910,#4911);
#4913=PLANE('',#4912);
#4915=ORIENTED_EDGE('',*,*,#4914,.T.);
#4917=ORIENTED_EDGE('',*,*,#4916,.F.);
#4919=ORIENTED_EDGE('',*,*,#4918,.F.);
#4920=ORIENTED_EDGE('',*,*,#4652,.T.);
#4921=ORIENTED_EDGE('',*,*,#4897,.F.);
#4923=ORIENTED_EDGE('',*,*,#4922,.T.);
#4924=EDGE_LOOP('',(#4915,#4917,#4919,#4920,#4921,#4923));
#4925=FACE_OUTER_BOUND('',#4924,.F.);
#4926=ADVANCED_FACE('',(#4925),#4913,.T.);
#4927=CARTESIAN_POINT('',(-4.425E0,-1.2E0,-3.345E0));
#4928=DIRECTION('',(0.E0,-1.E0,0.E0));
#4929=DIRECTION('',(0.E0,0.E0,1.E0));
#4930=AXIS2_PLACEMENT_3D('',#4927,#4928,#4929);
#4931=PLANE('',#4930);
#4933=ORIENTED_EDGE('',*,*,#4932,.T.);
#4935=ORIENTED_EDGE('',*,*,#4934,.T.);
#4937=ORIENTED_EDGE('',*,*,#4936,.T.);
#4939=ORIENTED_EDGE('',*,*,#4938,.F.);
#4940=EDGE_LOOP('',(#4933,#4935,#4937,#4939));
#4941=FACE_OUTER_BOUND('',#4940,.F.);
#4942=ADVANCED_FACE('',(#4941),#4931,.T.);
#4943=CARTESIAN_POINT('',(-4.525E0,-1.74E0,0.E0));
#4944=DIRECTION('',(1.E0,0.E0,0.E0));
#4945=DIRECTION('',(0.E0,0.E0,-1.E0));
#4946=AXIS2_PLACEMENT_3D('',#4943,#4944,#4945);
#4947=PLANE('',#4946);
#4949=ORIENTED_EDGE('',*,*,#4948,.F.);
#4950=ORIENTED_EDGE('',*,*,#4914,.F.);
#4952=ORIENTED_EDGE('',*,*,#4951,.T.);
#4954=ORIENTED_EDGE('',*,*,#4953,.F.);
#4956=ORIENTED_EDGE('',*,*,#4955,.F.);
#4958=ORIENTED_EDGE('',*,*,#4957,.F.);
#4960=ORIENTED_EDGE('',*,*,#4959,.F.);
#4962=ORIENTED_EDGE('',*,*,#4961,.F.);
#4964=ORIENTED_EDGE('',*,*,#4963,.F.);
#4966=ORIENTED_EDGE('',*,*,#4965,.F.);
#4968=ORIENTED_EDGE('',*,*,#4967,.F.);
#4970=ORIENTED_EDGE('',*,*,#4969,.F.);
#4972=ORIENTED_EDGE('',*,*,#4971,.F.);
#4974=ORIENTED_EDGE('',*,*,#4973,.F.);
#4976=ORIENTED_EDGE('',*,*,#4975,.F.);
#4978=ORIENTED_EDGE('',*,*,#4977,.F.);
#4980=ORIENTED_EDGE('',*,*,#4979,.F.);
#4982=ORIENTED_EDGE('',*,*,#4981,.F.);
#4984=ORIENTED_EDGE('',*,*,#4983,.F.);
#4986=ORIENTED_EDGE('',*,*,#4985,.F.);
#4988=ORIENTED_EDGE('',*,*,#4987,.F.);
#4990=ORIENTED_EDGE('',*,*,#4989,.F.);
#4992=ORIENTED_EDGE('',*,*,#4991,.F.);
#4994=ORIENTED_EDGE('',*,*,#4993,.F.);
#4995=EDGE_LOOP('',(#4949,#4950,#4952,#4954,#4956,#4958,#4960,#4962,#4964,#4966,
#4968,#4970,#4972,#4974,#4976,#4978,#4980,#4982,#4984,#4986,#4988,#4990,#4992,
#4994));
#4996=FACE_OUTER_BOUND('',#4995,.F.);
#4997=ADVANCED_FACE('',(#4996),#4947,.T.);
#4998=CARTESIAN_POINT('',(-4.525E0,-1.6E0,3.795E0));
#4999=DIRECTION('',(1.E0,0.E0,0.E0));
#5000=DIRECTION('',(0.E0,0.E0,-1.E0));
#5001=AXIS2_PLACEMENT_3D('',#4998,#4999,#5000);
#5002=CYLINDRICAL_SURFACE('',#5001,4.E-1);
#5003=ORIENTED_EDGE('',*,*,#4948,.T.);
#5005=ORIENTED_EDGE('',*,*,#5004,.T.);
#5007=ORIENTED_EDGE('',*,*,#5006,.F.);
#5009=ORIENTED_EDGE('',*,*,#5008,.F.);
#5010=ORIENTED_EDGE('',*,*,#4916,.T.);
#5011=EDGE_LOOP('',(#5003,#5005,#5007,#5009,#5010));
#5012=FACE_OUTER_BOUND('',#5011,.F.);
#5013=ADVANCED_FACE('',(#5012),#5002,.T.);
#5014=CARTESIAN_POINT('',(-4.525E0,-1.6E0,4.195E0));
#5015=DIRECTION('',(0.E0,0.E0,-1.E0));
#5016=DIRECTION('',(0.E0,-1.E0,0.E0));
#5017=AXIS2_PLACEMENT_3D('',#5014,#5015,#5016);
#5018=PLANE('',#5017);
#5019=ORIENTED_EDGE('',*,*,#4993,.T.);
#5021=ORIENTED_EDGE('',*,*,#5020,.T.);
#5023=ORIENTED_EDGE('',*,*,#5022,.F.);
#5024=ORIENTED_EDGE('',*,*,#5004,.F.);
#5025=EDGE_LOOP('',(#5019,#5021,#5023,#5024));
#5026=FACE_OUTER_BOUND('',#5025,.F.);
#5027=ADVANCED_FACE('',(#5026),#5018,.F.);
#5028=CARTESIAN_POINT('',(-4.525E0,-1.64E0,3.795E0));
#5029=DIRECTION('',(1.E0,0.E0,0.E0));
#5030=DIRECTION('',(0.E0,0.E0,-1.E0));
#5031=AXIS2_PLACEMENT_3D('',#5028,#5029,#5030);
#5032=CYLINDRICAL_SURFACE('',#5031,4.E-1);
#5033=ORIENTED_EDGE('',*,*,#4991,.T.);
#5035=ORIENTED_EDGE('',*,*,#5034,.T.);
#5037=ORIENTED_EDGE('',*,*,#5036,.F.);
#5038=ORIENTED_EDGE('',*,*,#5020,.F.);
#5039=EDGE_LOOP('',(#5033,#5035,#5037,#5038));
#5040=FACE_OUTER_BOUND('',#5039,.F.);
#5041=ADVANCED_FACE('',(#5040),#5032,.T.);
#5042=CARTESIAN_POINT('',(-4.525E0,-2.04E0,3.795E0));
#5043=DIRECTION('',(0.E0,1.E0,0.E0));
#5044=DIRECTION('',(0.E0,0.E0,-1.E0));
#5045=AXIS2_PLACEMENT_3D('',#5042,#5043,#5044);
#5046=PLANE('',#5045);
#5047=ORIENTED_EDGE('',*,*,#4989,.T.);
#5049=ORIENTED_EDGE('',*,*,#5048,.T.);
#5051=ORIENTED_EDGE('',*,*,#5050,.F.);
#5052=ORIENTED_EDGE('',*,*,#5034,.F.);
#5053=EDGE_LOOP('',(#5047,#5049,#5051,#5052));
#5054=FACE_OUTER_BOUND('',#5053,.F.);
#5055=ADVANCED_FACE('',(#5054),#5046,.F.);
#5056=CARTESIAN_POINT('',(-4.525E0,-1.89E0,1.145E0));
#5057=DIRECTION('',(1.E0,0.E0,0.E0));
#5058=DIRECTION('',(0.E0,0.E0,-1.E0));
#5059=AXIS2_PLACEMENT_3D('',#5056,#5057,#5058);
#5060=CYLINDRICAL_SURFACE('',#5059,1.5E-1);
#5061=ORIENTED_EDGE('',*,*,#4987,.T.);
#5063=ORIENTED_EDGE('',*,*,#5062,.T.);
#5065=ORIENTED_EDGE('',*,*,#5064,.F.);
#5066=ORIENTED_EDGE('',*,*,#5048,.F.);
#5067=EDGE_LOOP('',(#5061,#5063,#5065,#5066));
#5068=FACE_OUTER_BOUND('',#5067,.F.);
#5069=ADVANCED_FACE('',(#5068),#5060,.T.);
#5070=CARTESIAN_POINT('',(-4.525E0,-1.89E0,9.95E-1));
#5071=DIRECTION('',(0.E0,0.E0,1.E0));
#5072=DIRECTION('',(0.E0,1.E0,0.E0));
#5073=AXIS2_PLACEMENT_3D('',#5070,#5071,#5072);
#5074=PLANE('',#5073);
#5075=ORIENTED_EDGE('',*,*,#4985,.T.);
#5077=ORIENTED_EDGE('',*,*,#5076,.T.);
#5079=ORIENTED_EDGE('',*,*,#5078,.F.);
#5080=ORIENTED_EDGE('',*,*,#5062,.F.);
#5081=EDGE_LOOP('',(#5075,#5077,#5079,#5080));
#5082=FACE_OUTER_BOUND('',#5081,.F.);
#5083=ADVANCED_FACE('',(#5082),#5074,.F.);
#5084=CARTESIAN_POINT('',(-4.525E0,-1.75E0,8.45E-1));
#5085=DIRECTION('',(1.E0,0.E0,0.E0));
#5086=DIRECTION('',(0.E0,0.E0,-1.E0));
#5087=AXIS2_PLACEMENT_3D('',#5084,#5085,#5086);
#5088=CYLINDRICAL_SURFACE('',#5087,1.5E-1);
#5089=ORIENTED_EDGE('',*,*,#4983,.T.);
#5091=ORIENTED_EDGE('',*,*,#5090,.T.);
#5093=ORIENTED_EDGE('',*,*,#5092,.F.);
#5094=ORIENTED_EDGE('',*,*,#5076,.F.);
#5095=EDGE_LOOP('',(#5089,#5091,#5093,#5094));
#5096=FACE_OUTER_BOUND('',#5095,.F.);
#5097=ADVANCED_FACE('',(#5096),#5088,.F.);
#5098=CARTESIAN_POINT('',(-4.525E0,-1.6E0,8.45E-1));
#5099=DIRECTION('',(0.E0,1.E0,0.E0));
#5100=DIRECTION('',(0.E0,0.E0,-1.E0));
#5101=AXIS2_PLACEMENT_3D('',#5098,#5099,#5100);
#5102=PLANE('',#5101);
#5103=ORIENTED_EDGE('',*,*,#4981,.T.);
#5105=ORIENTED_EDGE('',*,*,#5104,.T.);
#5107=ORIENTED_EDGE('',*,*,#5106,.F.);
#5108=ORIENTED_EDGE('',*,*,#5090,.F.);
#5109=EDGE_LOOP('',(#5103,#5105,#5107,#5108));
#5110=FACE_OUTER_BOUND('',#5109,.F.);
#5111=ADVANCED_FACE('',(#5110),#5102,.F.);
#5112=CARTESIAN_POINT('',(-4.525E0,-1.75E0,-1.855E0));
#5113=DIRECTION('',(1.E0,0.E0,0.E0));
#5114=DIRECTION('',(0.E0,0.E0,-1.E0));
#5115=AXIS2_PLACEMENT_3D('',#5112,#5113,#5114);
#5116=CYLINDRICAL_SURFACE('',#5115,1.5E-1);
#5117=ORIENTED_EDGE('',*,*,#4979,.T.);
#5119=ORIENTED_EDGE('',*,*,#5118,.T.);
#5121=ORIENTED_EDGE('',*,*,#5120,.F.);
#5122=ORIENTED_EDGE('',*,*,#5104,.F.);
#5123=EDGE_LOOP('',(#5117,#5119,#5121,#5122));
#5124=FACE_OUTER_BOUND('',#5123,.F.);
#5125=ADVANCED_FACE('',(#5124),#5116,.F.);
#5126=CARTESIAN_POINT('',(-4.525E0,-1.75E0,-2.005E0));
#5127=DIRECTION('',(0.E0,0.E0,-1.E0));
#5128=DIRECTION('',(0.E0,-1.E0,0.E0));
#5129=AXIS2_PLACEMENT_3D('',#5126,#5127,#5128);
#5130=PLANE('',#5129);
#5131=ORIENTED_EDGE('',*,*,#4977,.T.);
#5133=ORIENTED_EDGE('',*,*,#5132,.T.);
#5135=ORIENTED_EDGE('',*,*,#5134,.F.);
#5136=ORIENTED_EDGE('',*,*,#5118,.F.);
#5137=EDGE_LOOP('',(#5131,#5133,#5135,#5136));
#5138=FACE_OUTER_BOUND('',#5137,.F.);
#5139=ADVANCED_FACE('',(#5138),#5130,.F.);
#5140=CARTESIAN_POINT('',(-4.525E0,-1.89E0,-2.155E0));
#5141=DIRECTION('',(1.E0,0.E0,0.E0));
#5142=DIRECTION('',(0.E0,0.E0,-1.E0));
#5143=AXIS2_PLACEMENT_3D('',#5140,#5141,#5142);
#5144=CYLINDRICAL_SURFACE('',#5143,1.5E-1);
#5145=ORIENTED_EDGE('',*,*,#4975,.T.);
#5147=ORIENTED_EDGE('',*,*,#5146,.T.);
#5149=ORIENTED_EDGE('',*,*,#5148,.F.);
#5150=ORIENTED_EDGE('',*,*,#5132,.F.);
#5151=EDGE_LOOP('',(#5145,#5147,#5149,#5150));
#5152=FACE_OUTER_BOUND('',#5151,.F.);
#5153=ADVANCED_FACE('',(#5152),#5144,.T.);
#5154=CARTESIAN_POINT('',(-4.525E0,-2.04E0,-2.155E0));
#5155=DIRECTION('',(0.E0,1.E0,0.E0));
#5156=DIRECTION('',(0.E0,0.E0,-1.E0));
#5157=AXIS2_PLACEMENT_3D('',#5154,#5155,#5156);
#5158=PLANE('',#5157);
#5159=ORIENTED_EDGE('',*,*,#4973,.T.);
#5161=ORIENTED_EDGE('',*,*,#5160,.T.);
#5163=ORIENTED_EDGE('',*,*,#5162,.F.);
#5164=ORIENTED_EDGE('',*,*,#5146,.F.);
#5165=EDGE_LOOP('',(#5159,#5161,#5163,#5164));
#5166=FACE_OUTER_BOUND('',#5165,.F.);
#5167=ADVANCED_FACE('',(#5166),#5158,.F.);
#5168=CARTESIAN_POINT('',(-4.525E0,-1.74E0,-3.185E0));
#5169=DIRECTION('',(1.E0,0.E0,0.E0));
#5170=DIRECTION('',(0.E0,0.E0,-1.E0));
#5171=AXIS2_PLACEMENT_3D('',#5168,#5169,#5170);
#5172=CYLINDRICAL_SURFACE('',#5171,3.E-1);
#5173=ORIENTED_EDGE('',*,*,#4971,.T.);
#5175=ORIENTED_EDGE('',*,*,#5174,.T.);
#5177=ORIENTED_EDGE('',*,*,#5176,.F.);
#5178=ORIENTED_EDGE('',*,*,#5160,.F.);
#5179=EDGE_LOOP('',(#5173,#5175,#5177,#5178));
#5180=FACE_OUTER_BOUND('',#5179,.F.);
#5181=ADVANCED_FACE('',(#5180),#5172,.T.);
#5182=CARTESIAN_POINT('',(-4.525E0,-1.74E0,-3.485E0));
#5183=DIRECTION('',(0.E0,0.E0,1.E0));
#5184=DIRECTION('',(0.E0,1.E0,0.E0));
#5185=AXIS2_PLACEMENT_3D('',#5182,#5183,#5184);
#5186=PLANE('',#5185);
#5187=ORIENTED_EDGE('',*,*,#4969,.T.);
#5189=ORIENTED_EDGE('',*,*,#5188,.T.);
#5191=ORIENTED_EDGE('',*,*,#5190,.F.);
#5192=ORIENTED_EDGE('',*,*,#5174,.F.);
#5193=EDGE_LOOP('',(#5187,#5189,#5191,#5192));
#5194=FACE_OUTER_BOUND('',#5193,.F.);
#5195=ADVANCED_FACE('',(#5194),#5186,.F.);
#5196=CARTESIAN_POINT('',(-4.525E0,-1.28E0,-3.985E0));
#5197=DIRECTION('',(1.E0,0.E0,0.E0));
#5198=DIRECTION('',(0.E0,0.E0,-1.E0));
#5199=AXIS2_PLACEMENT_3D('',#5196,#5197,#5198);
#5200=CYLINDRICAL_SURFACE('',#5199,5.E-1);
#5201=ORIENTED_EDGE('',*,*,#4967,.T.);
#5203=ORIENTED_EDGE('',*,*,#5202,.T.);
#5205=ORIENTED_EDGE('',*,*,#5204,.F.);
#5206=ORIENTED_EDGE('',*,*,#5188,.F.);
#5207=EDGE_LOOP('',(#5201,#5203,#5205,#5206));
#5208=FACE_OUTER_BOUND('',#5207,.F.);
#5209=ADVANCED_FACE('',(#5208),#5200,.F.);
#5210=CARTESIAN_POINT('',(-4.525E0,-7.8E-1,-3.985E0));
#5211=DIRECTION('',(0.E0,1.E0,0.E0));
#5212=DIRECTION('',(0.E0,0.E0,-1.E0));
#5213=AXIS2_PLACEMENT_3D('',#5210,#5211,#5212);
#5214=PLANE('',#5213);
#5215=ORIENTED_EDGE('',*,*,#4965,.T.);
#5217=ORIENTED_EDGE('',*,*,#5216,.T.);
#5219=ORIENTED_EDGE('',*,*,#5218,.F.);
#5220=ORIENTED_EDGE('',*,*,#5202,.F.);
#5221=EDGE_LOOP('',(#5215,#5217,#5219,#5220));
#5222=FACE_OUTER_BOUND('',#5221,.F.);
#5223=ADVANCED_FACE('',(#5222),#5214,.F.);
#5224=CARTESIAN_POINT('',(-4.525E0,-7.8E-1,-4.195E0));
#5225=DIRECTION('',(0.E0,0.E0,1.E0));
#5226=DIRECTION('',(0.E0,1.E0,0.E0));
#5227=AXIS2_PLACEMENT_3D('',#5224,#5225,#5226);
#5228=PLANE('',#5227);
#5229=ORIENTED_EDGE('',*,*,#4963,.T.);
#5231=ORIENTED_EDGE('',*,*,#5230,.T.);
#5233=ORIENTED_EDGE('',*,*,#5232,.F.);
#5234=ORIENTED_EDGE('',*,*,#5216,.F.);
#5235=EDGE_LOOP('',(#5229,#5231,#5233,#5234));
#5236=FACE_OUTER_BOUND('',#5235,.F.);
#5237=ADVANCED_FACE('',(#5236),#5228,.F.);
#5238=CARTESIAN_POINT('',(-4.525E0,-6.696152422707E-1,-4.495E0));
#5239=DIRECTION('',(1.E0,0.E0,0.E0));
#5240=DIRECTION('',(0.E0,0.E0,-1.E0));
#5241=AXIS2_PLACEMENT_3D('',#5238,#5239,#5240);
#5242=CYLINDRICAL_SURFACE('',#5241,3.E-1);
#5243=ORIENTED_EDGE('',*,*,#4961,.T.);
#5245=ORIENTED_EDGE('',*,*,#5244,.T.);
#5247=ORIENTED_EDGE('',*,*,#5246,.F.);
#5248=ORIENTED_EDGE('',*,*,#5230,.F.);
#5249=EDGE_LOOP('',(#5243,#5245,#5247,#5248));
#5250=FACE_OUTER_BOUND('',#5249,.F.);
#5251=ADVANCED_FACE('',(#5250),#5242,.F.);
#5252=CARTESIAN_POINT('',(-4.525E0,-4.098076211353E-1,-4.345E0));
#5253=DIRECTION('',(0.E0,0.E0,1.E0));
#5254=DIRECTION('',(0.E0,1.E0,0.E0));
#5255=AXIS2_PLACEMENT_3D('',#5252,#5253,#5254);
#5256=PLANE('',#5255);
#5257=ORIENTED_EDGE('',*,*,#4959,.T.);
#5259=ORIENTED_EDGE('',*,*,#5258,.T.);
#5261=ORIENTED_EDGE('',*,*,#5260,.F.);
#5262=ORIENTED_EDGE('',*,*,#5244,.F.);
#5263=EDGE_LOOP('',(#5257,#5259,#5261,#5262));
#5264=FACE_OUTER_BOUND('',#5263,.F.);
#5265=ADVANCED_FACE('',(#5264),#5256,.F.);
#5266=CARTESIAN_POINT('',(-4.525E0,6.5E-1,-4.495E0));
#5267=DIRECTION('',(1.E0,0.E0,0.E0));
#5268=DIRECTION('',(0.E0,0.E0,-1.E0));
#5269=AXIS2_PLACEMENT_3D('',#5266,#5267,#5268);
#5270=CYLINDRICAL_SURFACE('',#5269,3.E-1);
#5271=ORIENTED_EDGE('',*,*,#4957,.T.);
#5273=ORIENTED_EDGE('',*,*,#5272,.T.);
#5275=ORIENTED_EDGE('',*,*,#5274,.F.);
#5276=ORIENTED_EDGE('',*,*,#5258,.F.);
#5277=EDGE_LOOP('',(#5271,#5273,#5275,#5276));
#5278=FACE_OUTER_BOUND('',#5277,.F.);
#5279=ADVANCED_FACE('',(#5278),#5270,.F.);
#5280=CARTESIAN_POINT('',(-4.525E0,6.5E-1,-4.195E0));
#5281=DIRECTION('',(0.E0,0.E0,1.E0));
#5282=DIRECTION('',(0.E0,1.E0,0.E0));
#5283=AXIS2_PLACEMENT_3D('',#5280,#5281,#5282);
#5284=PLANE('',#5283);
#5285=ORIENTED_EDGE('',*,*,#4955,.T.);
#5287=ORIENTED_EDGE('',*,*,#5286,.T.);
#5289=ORIENTED_EDGE('',*,*,#5288,.F.);
#5290=ORIENTED_EDGE('',*,*,#5272,.F.);
#5291=EDGE_LOOP('',(#5285,#5287,#5289,#5290));
#5292=FACE_OUTER_BOUND('',#5291,.F.);
#5293=ADVANCED_FACE('',(#5292),#5284,.F.);
#5294=CARTESIAN_POINT('',(-4.525E0,1.05E0,-4.195E0));
#5295=DIRECTION('',(0.E0,-1.E0,0.E0));
#5296=DIRECTION('',(0.E0,0.E0,1.E0));
#5297=AXIS2_PLACEMENT_3D('',#5294,#5295,#5296);
#5298=PLANE('',#5297);
#5299=ORIENTED_EDGE('',*,*,#4953,.T.);
#5301=ORIENTED_EDGE('',*,*,#5300,.T.);
#5303=ORIENTED_EDGE('',*,*,#5302,.F.);
#5304=ORIENTED_EDGE('',*,*,#5286,.F.);
#5305=EDGE_LOOP('',(#5299,#5301,#5303,#5304));
#5306=FACE_OUTER_BOUND('',#5305,.F.);
#5307=ADVANCED_FACE('',(#5306),#5298,.F.);
#5308=CARTESIAN_POINT('',(-4.425E0,1.74E0,-3.345E0));
#5309=DIRECTION('',(0.E0,0.E0,-1.E0));
#5310=DIRECTION('',(0.E0,-1.E0,0.E0));
#5311=AXIS2_PLACEMENT_3D('',#5308,#5309,#5310);
#5312=PLANE('',#5311);
#5313=ORIENTED_EDGE('',*,*,#4951,.F.);
#5314=ORIENTED_EDGE('',*,*,#4922,.F.);
#5315=ORIENTED_EDGE('',*,*,#4904,.F.);
#5317=ORIENTED_EDGE('',*,*,#5316,.T.);
#5319=ORIENTED_EDGE('',*,*,#5318,.T.);
#5320=ORIENTED_EDGE('',*,*,#4934,.F.);
#5322=ORIENTED_EDGE('',*,*,#5321,.T.);
#5323=ORIENTED_EDGE('',*,*,#5300,.F.);
#5324=EDGE_LOOP('',(#5313,#5314,#5315,#5317,#5319,#5320,#5322,#5323));
#5325=FACE_OUTER_BOUND('',#5324,.F.);
#5326=ADVANCED_FACE('',(#5325),#5312,.T.);
#5327=CARTESIAN_POINT('',(0.E0,1.74E0,0.E0));
#5328=DIRECTION('',(0.E0,1.E0,0.E0));
#5329=DIRECTION('',(1.E0,0.E0,0.E0));
#5330=AXIS2_PLACEMENT_3D('',#5327,#5328,#5329);
#5331=PLANE('',#5330);
#5332=ORIENTED_EDGE('',*,*,#4902,.T.);
#5333=ORIENTED_EDGE('',*,*,#4121,.F.);
#5335=ORIENTED_EDGE('',*,*,#5334,.F.);
#5336=ORIENTED_EDGE('',*,*,#4052,.T.);
#5337=ORIENTED_EDGE('',*,*,#4069,.T.);
#5338=ORIENTED_EDGE('',*,*,#4085,.F.);
#5340=ORIENTED_EDGE('',*,*,#5339,.F.);
#5341=ORIENTED_EDGE('',*,*,#3560,.F.);
#5342=ORIENTED_EDGE('',*,*,#4699,.F.);
#5344=ORIENTED_EDGE('',*,*,#5343,.T.);
#5346=ORIENTED_EDGE('',*,*,#5345,.F.);
#5348=ORIENTED_EDGE('',*,*,#5347,.T.);
#5350=ORIENTED_EDGE('',*,*,#5349,.F.);
#5352=ORIENTED_EDGE('',*,*,#5351,.F.);
#5354=ORIENTED_EDGE('',*,*,#5353,.F.);
#5356=ORIENTED_EDGE('',*,*,#5355,.T.);
#5358=ORIENTED_EDGE('',*,*,#5357,.F.);
#5360=ORIENTED_EDGE('',*,*,#5359,.T.);
#5361=ORIENTED_EDGE('',*,*,#4656,.F.);
#5363=ORIENTED_EDGE('',*,*,#5362,.F.);
#5365=ORIENTED_EDGE('',*,*,#5364,.F.);
#5366=ORIENTED_EDGE('',*,*,#4163,.F.);
#5368=ORIENTED_EDGE('',*,*,#5367,.F.);
#5369=ORIENTED_EDGE('',*,*,#5316,.F.);
#5370=EDGE_LOOP('',(#5332,#5333,#5335,#5336,#5337,#5338,#5340,#5341,#5342,#5344,
#5346,#5348,#5350,#5352,#5354,#5356,#5358,#5360,#5361,#5363,#5365,#5366,#5368,
#5369));
#5371=FACE_OUTER_BOUND('',#5370,.F.);
#5372=ADVANCED_FACE('',(#5371),#5331,.T.);
#5373=CARTESIAN_POINT('',(4.425E0,-1.74E0,0.E0));
#5374=DIRECTION('',(1.E0,0.E0,0.E0));
#5375=DIRECTION('',(0.E0,0.E0,-1.E0));
#5376=AXIS2_PLACEMENT_3D('',#5373,#5374,#5375);
#5377=PLANE('',#5376);
#5378=ORIENTED_EDGE('',*,*,#3512,.F.);
#5379=ORIENTED_EDGE('',*,*,#4703,.T.);
#5380=ORIENTED_EDGE('',*,*,#3675,.F.);
#5381=ORIENTED_EDGE('',*,*,#4054,.F.);
#5382=ORIENTED_EDGE('',*,*,#5334,.T.);
#5383=ORIENTED_EDGE('',*,*,#4119,.F.);
#5384=EDGE_LOOP('',(#5378,#5379,#5380,#5381,#5382,#5383));
#5385=FACE_OUTER_BOUND('',#5384,.F.);
#5386=ADVANCED_FACE('',(#5385),#5377,.T.);
#5387=CARTESIAN_POINT('',(5.62E0,-1.74E0,4.345E0));
#5388=DIRECTION('',(1.E0,0.E0,0.E0));
#5389=DIRECTION('',(0.E0,0.E0,-1.E0));
#5390=AXIS2_PLACEMENT_3D('',#5387,#5388,#5389);
#5391=PLANE('',#5390);
#5393=ORIENTED_EDGE('',*,*,#5392,.T.);
#5395=ORIENTED_EDGE('',*,*,#5394,.T.);
#5397=ORIENTED_EDGE('',*,*,#5396,.F.);
#5398=ORIENTED_EDGE('',*,*,#3562,.F.);
#5399=ORIENTED_EDGE('',*,*,#5339,.T.);
#5400=ORIENTED_EDGE('',*,*,#4083,.F.);
#5401=ORIENTED_EDGE('',*,*,#3468,.F.);
#5402=ORIENTED_EDGE('',*,*,#3570,.F.);
#5403=EDGE_LOOP('',(#5393,#5395,#5397,#5398,#5399,#5400,#5401,#5402));
#5404=FACE_OUTER_BOUND('',#5403,.F.);
#5405=ADVANCED_FACE('',(#5404),#5391,.T.);
#5406=CARTESIAN_POINT('',(5.62E0,-3.E-1,3.545E0));
#5407=DIRECTION('',(0.E0,-1.E0,0.E0));
#5408=DIRECTION('',(0.E0,0.E0,-1.E0));
#5409=AXIS2_PLACEMENT_3D('',#5406,#5407,#5408);
#5410=PLANE('',#5409);
#5411=ORIENTED_EDGE('',*,*,#3655,.T.);
#5413=ORIENTED_EDGE('',*,*,#5412,.F.);
#5414=ORIENTED_EDGE('',*,*,#5392,.F.);
#5415=ORIENTED_EDGE('',*,*,#3568,.T.);
#5417=ORIENTED_EDGE('',*,*,#5416,.T.);
#5419=ORIENTED_EDGE('',*,*,#5418,.T.);
#5420=EDGE_LOOP('',(#5411,#5413,#5414,#5415,#5417,#5419));
#5421=FACE_OUTER_BOUND('',#5420,.F.);
#5422=ADVANCED_FACE('',(#5421),#5410,.F.);
#5423=CARTESIAN_POINT('',(5.62E0,-3.E-1,-2.055E0));
#5424=DIRECTION('',(0.E0,0.E0,-1.E0));
#5425=DIRECTION('',(0.E0,1.E0,0.E0));
#5426=AXIS2_PLACEMENT_3D('',#5423,#5424,#5425);
#5427=PLANE('',#5426);
#5428=ORIENTED_EDGE('',*,*,#3661,.T.);
#5430=ORIENTED_EDGE('',*,*,#5429,.F.);
#5431=ORIENTED_EDGE('',*,*,#5394,.F.);
#5432=ORIENTED_EDGE('',*,*,#5412,.T.);
#5433=EDGE_LOOP('',(#5428,#5430,#5431,#5432));
#5434=FACE_OUTER_BOUND('',#5433,.F.);
#5435=ADVANCED_FACE('',(#5434),#5427,.F.);
#5436=CARTESIAN_POINT('',(5.62E0,4.5E-1,-2.055E0));
#5437=DIRECTION('',(0.E0,1.E0,0.E0));
#5438=DIRECTION('',(0.E0,0.E0,1.E0));
#5439=AXIS2_PLACEMENT_3D('',#5436,#5437,#5438);
#5440=PLANE('',#5439);
#5441=ORIENTED_EDGE('',*,*,#3659,.T.);
#5443=ORIENTED_EDGE('',*,*,#5442,.F.);
#5445=ORIENTED_EDGE('',*,*,#5444,.T.);
#5446=ORIENTED_EDGE('',*,*,#3564,.F.);
#5447=ORIENTED_EDGE('',*,*,#5396,.T.);
#5448=ORIENTED_EDGE('',*,*,#5429,.T.);
#5449=EDGE_LOOP('',(#5441,#5443,#5445,#5446,#5447,#5448));
#5450=FACE_OUTER_BOUND('',#5449,.F.);
#5451=ADVANCED_FACE('',(#5450),#5440,.F.);
#5452=CARTESIAN_POINT('',(4.525E0,1.05E0,4.25E-1));
#5453=DIRECTION('',(0.E0,0.E0,1.E0));
#5454=DIRECTION('',(0.E0,-1.E0,0.E0));
#5455=AXIS2_PLACEMENT_3D('',#5452,#5453,#5454);
#5456=PLANE('',#5455);
#5458=ORIENTED_EDGE('',*,*,#5457,.T.);
#5459=ORIENTED_EDGE('',*,*,#5442,.T.);
#5460=ORIENTED_EDGE('',*,*,#3657,.T.);
#5461=ORIENTED_EDGE('',*,*,#5418,.F.);
#5462=EDGE_LOOP('',(#5458,#5459,#5460,#5461));
#5463=FACE_OUTER_BOUND('',#5462,.F.);
#5464=ADVANCED_FACE('',(#5463),#5456,.T.);
#5465=CARTESIAN_POINT('',(5.02E0,-1.74E0,0.E0));
#5466=DIRECTION('',(1.E0,0.E0,0.E0));
#5467=DIRECTION('',(0.E0,0.E0,-1.E0));
#5468=AXIS2_PLACEMENT_3D('',#5465,#5466,#5467);
#5469=PLANE('',#5468);
#5470=ORIENTED_EDGE('',*,*,#5457,.F.);
#5471=ORIENTED_EDGE('',*,*,#5416,.F.);
#5472=ORIENTED_EDGE('',*,*,#3566,.T.);
#5473=ORIENTED_EDGE('',*,*,#5444,.F.);
#5474=EDGE_LOOP('',(#5470,#5471,#5472,#5473));
#5475=FACE_OUTER_BOUND('',#5474,.F.);
#5476=ADVANCED_FACE('',(#5475),#5469,.T.);
#5477=CARTESIAN_POINT('',(3.3E0,1.94E0,2.0705148E1));
#5478=DIRECTION('',(0.E0,0.E0,-1.E0));
#5479=DIRECTION('',(0.E0,-1.E0,0.E0));
#5480=AXIS2_PLACEMENT_3D('',#5477,#5478,#5479);
#5481=CYLINDRICAL_SURFACE('',#5480,2.E-1);
#5483=ORIENTED_EDGE('',*,*,#5482,.T.);
#5485=ORIENTED_EDGE('',*,*,#5484,.T.);
#5486=ORIENTED_EDGE('',*,*,#5343,.F.);
#5487=ORIENTED_EDGE('',*,*,#4697,.T.);
#5488=EDGE_LOOP('',(#5483,#5485,#5486,#5487));
#5489=FACE_OUTER_BOUND('',#5488,.F.);
#5490=ADVANCED_FACE('',(#5489),#5481,.F.);
#5491=CARTESIAN_POINT('',(3.1E0,0.E0,0.E0));
#5492=DIRECTION('',(1.E0,0.E0,0.E0));
#5493=DIRECTION('',(0.E0,0.E0,-1.E0));
#5494=AXIS2_PLACEMENT_3D('',#5491,#5492,#5493);
#5495=PLANE('',#5494);
#5496=ORIENTED_EDGE('',*,*,#5482,.F.);
#5497=ORIENTED_EDGE('',*,*,#4695,.F.);
#5499=ORIENTED_EDGE('',*,*,#5498,.F.);
#5501=ORIENTED_EDGE('',*,*,#5500,.F.);
#5503=ORIENTED_EDGE('',*,*,#5502,.F.);
#5505=ORIENTED_EDGE('',*,*,#5504,.F.);
#5506=EDGE_LOOP('',(#5496,#5497,#5499,#5501,#5503,#5505));
#5507=FACE_OUTER_BOUND('',#5506,.F.);
#5508=ADVANCED_FACE('',(#5507),#5495,.T.);
#5509=CARTESIAN_POINT('',(-2.5E0,4.02E0,5.805E0));
#5510=DIRECTION('',(0.E0,-7.071067811865E-1,7.071067811865E-1));
#5511=DIRECTION('',(0.E0,-7.071067811865E-1,-7.071067811865E-1));
#5512=AXIS2_PLACEMENT_3D('',#5509,#5510,#5511);
#5513=PLANE('',#5512);
#5515=ORIENTED_EDGE('',*,*,#5514,.T.);
#5517=ORIENTED_EDGE('',*,*,#5516,.T.);
#5519=ORIENTED_EDGE('',*,*,#5518,.F.);
#5520=ORIENTED_EDGE('',*,*,#4662,.F.);
#5522=ORIENTED_EDGE('',*,*,#5521,.F.);
#5524=ORIENTED_EDGE('',*,*,#5523,.T.);
#5525=ORIENTED_EDGE('',*,*,#5498,.T.);
#5526=ORIENTED_EDGE('',*,*,#4693,.F.);
#5527=EDGE_LOOP('',(#5515,#5517,#5519,#5520,#5522,#5524,#5525,#5526));
#5528=FACE_OUTER_BOUND('',#5527,.F.);
#5529=ADVANCED_FACE('',(#5528),#5513,.T.);
#5530=CARTESIAN_POINT('',(2.6E0,1.095E0,5.805E0));
#5531=DIRECTION('',(1.E0,0.E0,0.E0));
#5532=DIRECTION('',(0.E0,1.E0,0.E0));
#5533=AXIS2_PLACEMENT_3D('',#5530,#5531,#5532);
#5534=PLANE('',#5533);
#5535=ORIENTED_EDGE('',*,*,#5349,.T.);
#5537=ORIENTED_EDGE('',*,*,#5536,.F.);
#5539=ORIENTED_EDGE('',*,*,#5538,.T.);
#5541=ORIENTED_EDGE('',*,*,#5540,.T.);
#5543=ORIENTED_EDGE('',*,*,#5542,.T.);
#5545=ORIENTED_EDGE('',*,*,#5544,.F.);
#5546=ORIENTED_EDGE('',*,*,#5514,.F.);
#5547=ORIENTED_EDGE('',*,*,#4691,.T.);
#5549=ORIENTED_EDGE('',*,*,#5548,.T.);
#5551=ORIENTED_EDGE('',*,*,#5550,.T.);
#5552=EDGE_LOOP('',(#5535,#5537,#5539,#5541,#5543,#5545,#5546,#5547,#5549,
#5551));
#5553=FACE_OUTER_BOUND('',#5552,.F.);
#5554=ADVANCED_FACE('',(#5553),#5534,.F.);
#5555=CARTESIAN_POINT('',(2.0272464E1,1.94E0,-2.545E0));
#5556=DIRECTION('',(-1.E0,0.E0,0.E0));
#5557=DIRECTION('',(0.E0,-1.E0,0.E0));
#5558=AXIS2_PLACEMENT_3D('',#5555,#5556,#5557);
#5559=CYLINDRICAL_SURFACE('',#5558,2.E-1);
#5560=ORIENTED_EDGE('',*,*,#5347,.F.);
#5562=ORIENTED_EDGE('',*,*,#5561,.T.);
#5564=ORIENTED_EDGE('',*,*,#5563,.T.);
#5565=ORIENTED_EDGE('',*,*,#5536,.T.);
#5566=EDGE_LOOP('',(#5560,#5562,#5564,#5565));
#5567=FACE_OUTER_BOUND('',#5566,.F.);
#5568=ADVANCED_FACE('',(#5567),#5559,.F.);
#5569=CARTESIAN_POINT('',(2.9E0,1.94E0,-2.145E0));
#5570=DIRECTION('',(0.E0,1.E0,0.E0));
#5571=DIRECTION('',(9.909749246425E-1,0.E0,1.340473749454E-1));
#5572=AXIS2_PLACEMENT_3D('',#5569,#5570,#5571);
#5573=TOROIDAL_SURFACE('',#5572,4.E-1,2.E-1);
#5574=ORIENTED_EDGE('',*,*,#5345,.T.);
#5575=ORIENTED_EDGE('',*,*,#5484,.F.);
#5577=ORIENTED_EDGE('',*,*,#5576,.F.);
#5578=ORIENTED_EDGE('',*,*,#5561,.F.);
#5579=EDGE_LOOP('',(#5574,#5575,#5577,#5578));
#5580=FACE_OUTER_BOUND('',#5579,.F.);
#5581=ADVANCED_FACE('',(#5580),#5573,.F.);
#5582=CARTESIAN_POINT('',(2.9E0,-1.1152164E1,-2.145E0));
#5583=DIRECTION('',(0.E0,1.E0,0.E0));
#5584=DIRECTION('',(1.E0,0.E0,0.E0));
#5585=AXIS2_PLACEMENT_3D('',#5582,#5583,#5584);
#5586=CYLINDRICAL_SURFACE('',#5585,2.E-1);
#5588=ORIENTED_EDGE('',*,*,#5587,.F.);
#5589=ORIENTED_EDGE('',*,*,#5576,.T.);
#5590=ORIENTED_EDGE('',*,*,#5504,.T.);
#5592=ORIENTED_EDGE('',*,*,#5591,.T.);
#5593=EDGE_LOOP('',(#5588,#5589,#5590,#5592));
#5594=FACE_OUTER_BOUND('',#5593,.F.);
#5595=ADVANCED_FACE('',(#5594),#5586,.T.);
#5596=CARTESIAN_POINT('',(-2.5E0,1.74E0,-2.345E0));
#5597=DIRECTION('',(0.E0,0.E0,-1.E0));
#5598=DIRECTION('',(0.E0,1.E0,0.E0));
#5599=AXIS2_PLACEMENT_3D('',#5596,#5597,#5598);
#5600=PLANE('',#5599);
#5601=ORIENTED_EDGE('',*,*,#5563,.F.);
#5602=ORIENTED_EDGE('',*,*,#5587,.T.);
#5604=ORIENTED_EDGE('',*,*,#5603,.T.);
#5606=ORIENTED_EDGE('',*,*,#5605,.T.);
#5608=ORIENTED_EDGE('',*,*,#5607,.F.);
#5610=ORIENTED_EDGE('',*,*,#5609,.T.);
#5612=ORIENTED_EDGE('',*,*,#5611,.T.);
#5614=ORIENTED_EDGE('',*,*,#5613,.T.);
#5616=ORIENTED_EDGE('',*,*,#5615,.T.);
#5618=ORIENTED_EDGE('',*,*,#5617,.T.);
#5620=ORIENTED_EDGE('',*,*,#5619,.T.);
#5621=ORIENTED_EDGE('',*,*,#5538,.F.);
#5622=EDGE_LOOP('',(#5601,#5602,#5604,#5606,#5608,#5610,#5612,#5614,#5616,#5618,
#5620,#5621));
#5623=FACE_OUTER_BOUND('',#5622,.F.);
#5624=ADVANCED_FACE('',(#5623),#5600,.T.);
#5625=CARTESIAN_POINT('',(2.0272464E1,4.75E0,-2.145E0));
#5626=DIRECTION('',(-1.E0,0.E0,0.E0));
#5627=DIRECTION('',(0.E0,1.E0,0.E0));
#5628=AXIS2_PLACEMENT_3D('',#5625,#5626,#5627);
#5629=CYLINDRICAL_SURFACE('',#5628,2.E-1);
#5631=ORIENTED_EDGE('',*,*,#5630,.T.);
#5633=ORIENTED_EDGE('',*,*,#5632,.T.);
#5634=ORIENTED_EDGE('',*,*,#5603,.F.);
#5636=ORIENTED_EDGE('',*,*,#5635,.T.);
#5637=EDGE_LOOP('',(#5631,#5633,#5634,#5636));
#5638=FACE_OUTER_BOUND('',#5637,.F.);
#5639=ADVANCED_FACE('',(#5638),#5629,.T.);
#5640=CARTESIAN_POINT('',(-2.5E0,4.95E0,-2.345E0));
#5641=DIRECTION('',(0.E0,1.E0,0.E0));
#5642=DIRECTION('',(0.E0,0.E0,1.E0));
#5643=AXIS2_PLACEMENT_3D('',#5640,#5641,#5642);
#5644=PLANE('',#5643);
#5646=ORIENTED_EDGE('',*,*,#5645,.T.);
#5647=ORIENTED_EDGE('',*,*,#5630,.F.);
#5649=ORIENTED_EDGE('',*,*,#5648,.T.);
#5651=ORIENTED_EDGE('',*,*,#5650,.F.);
#5652=EDGE_LOOP('',(#5646,#5647,#5649,#5651));
#5653=FACE_OUTER_BOUND('',#5652,.F.);
#5654=ADVANCED_FACE('',(#5653),#5644,.T.);
#5655=CARTESIAN_POINT('',(-2.3E0,4.75E0,2.0705148E1));
#5656=DIRECTION('',(0.E0,0.E0,-1.E0));
#5657=DIRECTION('',(-1.E0,0.E0,0.E0));
#5658=AXIS2_PLACEMENT_3D('',#5655,#5656,#5657);
#5659=CYLINDRICAL_SURFACE('',#5658,2.E-1);
#5661=ORIENTED_EDGE('',*,*,#5660,.T.);
#5663=ORIENTED_EDGE('',*,*,#5662,.T.);
#5665=ORIENTED_EDGE('',*,*,#5664,.T.);
#5666=ORIENTED_EDGE('',*,*,#5645,.F.);
#5667=EDGE_LOOP('',(#5661,#5663,#5665,#5666));
#5668=FACE_OUTER_BOUND('',#5667,.F.);
#5669=ADVANCED_FACE('',(#5668),#5659,.T.);
#5670=CARTESIAN_POINT('',(-2.5E0,4.95E0,5.805E0));
#5671=DIRECTION('',(0.E0,0.E0,1.E0));
#5672=DIRECTION('',(0.E0,-1.E0,0.E0));
#5673=AXIS2_PLACEMENT_3D('',#5670,#5671,#5672);
#5674=PLANE('',#5673);
#5675=ORIENTED_EDGE('',*,*,#5660,.F.);
#5676=ORIENTED_EDGE('',*,*,#5650,.T.);
#5678=ORIENTED_EDGE('',*,*,#5677,.F.);
#5679=ORIENTED_EDGE('',*,*,#5500,.T.);
#5680=ORIENTED_EDGE('',*,*,#5523,.F.);
#5682=ORIENTED_EDGE('',*,*,#5681,.F.);
#5683=EDGE_LOOP('',(#5675,#5676,#5678,#5679,#5680,#5682));
#5684=FACE_OUTER_BOUND('',#5683,.F.);
#5685=ADVANCED_FACE('',(#5684),#5674,.T.);
#5686=CARTESIAN_POINT('',(2.9E0,4.75E0,-2.0525148E1));
#5687=DIRECTION('',(0.E0,0.E0,1.E0));
#5688=DIRECTION('',(1.E0,0.E0,0.E0));
#5689=AXIS2_PLACEMENT_3D('',#5686,#5687,#5688);
#5690=CYLINDRICAL_SURFACE('',#5689,2.E-1);
#5691=ORIENTED_EDGE('',*,*,#5677,.T.);
#5692=ORIENTED_EDGE('',*,*,#5648,.F.);
#5694=ORIENTED_EDGE('',*,*,#5693,.T.);
#5695=ORIENTED_EDGE('',*,*,#5502,.T.);
#5696=EDGE_LOOP('',(#5691,#5692,#5694,#5695));
#5697=FACE_OUTER_BOUND('',#5696,.F.);
#5698=ADVANCED_FACE('',(#5697),#5690,.T.);
#5699=CARTESIAN_POINT('',(2.9E0,4.75E0,-2.145E0));
#5700=DIRECTION('',(-7.071067811865E-1,7.071067811865E-1,0.E0));
#5701=DIRECTION('',(7.071067811865E-1,7.071067811865E-1,0.E0));
#5702=AXIS2_PLACEMENT_3D('',#5699,#5700,#5701);
#5703=SPHERICAL_SURFACE('',#5702,2.E-1);
#5704=ORIENTED_EDGE('',*,*,#5693,.F.);
#5705=ORIENTED_EDGE('',*,*,#5635,.F.);
#5706=ORIENTED_EDGE('',*,*,#5591,.F.);
#5707=EDGE_LOOP('',(#5704,#5705,#5706));
#5708=FACE_OUTER_BOUND('',#5707,.F.);
#5709=ADVANCED_FACE('',(#5708),#5703,.T.);
#5710=CARTESIAN_POINT('',(-2.5E0,0.E0,0.E0));
#5711=DIRECTION('',(1.E0,0.E0,0.E0));
#5712=DIRECTION('',(0.E0,0.E0,-1.E0));
#5713=AXIS2_PLACEMENT_3D('',#5710,#5711,#5712);
#5714=PLANE('',#5713);
#5716=ORIENTED_EDGE('',*,*,#5715,.F.);
#5718=ORIENTED_EDGE('',*,*,#5717,.F.);
#5719=ORIENTED_EDGE('',*,*,#5662,.F.);
#5720=ORIENTED_EDGE('',*,*,#5681,.T.);
#5721=ORIENTED_EDGE('',*,*,#5521,.T.);
#5722=ORIENTED_EDGE('',*,*,#4660,.T.);
#5723=EDGE_LOOP('',(#5716,#5718,#5719,#5720,#5721,#5722));
#5724=FACE_OUTER_BOUND('',#5723,.F.);
#5725=ADVANCED_FACE('',(#5724),#5714,.F.);
#5726=CARTESIAN_POINT('',(-2.7E0,1.94E0,-2.0525148E1));
#5727=DIRECTION('',(0.E0,0.E0,1.E0));
#5728=DIRECTION('',(0.E0,-1.E0,0.E0));
#5729=AXIS2_PLACEMENT_3D('',#5726,#5727,#5728);
#5730=CYLINDRICAL_SURFACE('',#5729,2.E-1);
#5731=ORIENTED_EDGE('',*,*,#5359,.F.);
#5733=ORIENTED_EDGE('',*,*,#5732,.T.);
#5734=ORIENTED_EDGE('',*,*,#5715,.T.);
#5735=ORIENTED_EDGE('',*,*,#4658,.T.);
#5736=EDGE_LOOP('',(#5731,#5733,#5734,#5735));
#5737=FACE_OUTER_BOUND('',#5736,.F.);
#5738=ADVANCED_FACE('',(#5737),#5730,.F.);
#5739=CARTESIAN_POINT('',(-2.3E0,1.94E0,-2.145E0));
#5740=DIRECTION('',(0.E0,-1.E0,0.E0));
#5741=DIRECTION('',(1.898375526178E-1,0.E0,-9.818155140433E-1));
#5742=AXIS2_PLACEMENT_3D('',#5739,#5740,#5741);
#5743=TOROIDAL_SURFACE('',#5742,4.E-1,2.E-1);
#5744=ORIENTED_EDGE('',*,*,#5357,.T.);
#5746=ORIENTED_EDGE('',*,*,#5745,.F.);
#5748=ORIENTED_EDGE('',*,*,#5747,.F.);
#5749=ORIENTED_EDGE('',*,*,#5732,.F.);
#5750=EDGE_LOOP('',(#5744,#5746,#5748,#5749));
#5751=FACE_OUTER_BOUND('',#5750,.F.);
#5752=ADVANCED_FACE('',(#5751),#5743,.F.);
#5753=CARTESIAN_POINT('',(2.0272464E1,1.94E0,-2.545E0));
#5754=DIRECTION('',(-1.E0,0.E0,0.E0));
#5755=DIRECTION('',(0.E0,-1.E0,0.E0));
#5756=AXIS2_PLACEMENT_3D('',#5753,#5754,#5755);
#5757=CYLINDRICAL_SURFACE('',#5756,2.E-1);
#5758=ORIENTED_EDGE('',*,*,#5607,.T.);
#5759=ORIENTED_EDGE('',*,*,#5745,.T.);
#5760=ORIENTED_EDGE('',*,*,#5355,.F.);
#5762=ORIENTED_EDGE('',*,*,#5761,.T.);
#5763=EDGE_LOOP('',(#5758,#5759,#5760,#5762));
#5764=FACE_OUTER_BOUND('',#5763,.F.);
#5765=ADVANCED_FACE('',(#5764),#5757,.F.);
#5766=CARTESIAN_POINT('',(-2.E0,3.75E0,5.805E0));
#5767=DIRECTION('',(-1.E0,0.E0,0.E0));
#5768=DIRECTION('',(0.E0,-1.E0,0.E0));
#5769=AXIS2_PLACEMENT_3D('',#5766,#5767,#5768);
#5770=PLANE('',#5769);
#5771=ORIENTED_EDGE('',*,*,#5609,.F.);
#5772=ORIENTED_EDGE('',*,*,#5761,.F.);
#5773=ORIENTED_EDGE('',*,*,#5353,.T.);
#5775=ORIENTED_EDGE('',*,*,#5774,.T.);
#5777=ORIENTED_EDGE('',*,*,#5776,.F.);
#5778=ORIENTED_EDGE('',*,*,#4664,.F.);
#5779=ORIENTED_EDGE('',*,*,#5518,.T.);
#5781=ORIENTED_EDGE('',*,*,#5780,.T.);
#5783=ORIENTED_EDGE('',*,*,#5782,.T.);
#5785=ORIENTED_EDGE('',*,*,#5784,.F.);
#5786=EDGE_LOOP('',(#5771,#5772,#5773,#5775,#5777,#5778,#5779,#5781,#5783,
#5785));
#5787=FACE_OUTER_BOUND('',#5786,.F.);
#5788=ADVANCED_FACE('',(#5787),#5770,.F.);
#5789=CARTESIAN_POINT('',(-2.5E0,0.E0,-1.95E-1));
#5790=DIRECTION('',(0.E0,0.E0,1.E0));
#5791=DIRECTION('',(1.E0,0.E0,0.E0));
#5792=AXIS2_PLACEMENT_3D('',#5789,#5790,#5791);
#5793=PLANE('',#5792);
#5794=ORIENTED_EDGE('',*,*,#5351,.T.);
#5795=ORIENTED_EDGE('',*,*,#5550,.F.);
#5797=ORIENTED_EDGE('',*,*,#5796,.F.);
#5798=ORIENTED_EDGE('',*,*,#4614,.F.);
#5800=ORIENTED_EDGE('',*,*,#5799,.F.);
#5802=ORIENTED_EDGE('',*,*,#5801,.F.);
#5804=ORIENTED_EDGE('',*,*,#5803,.T.);
#5805=ORIENTED_EDGE('',*,*,#5774,.F.);
#5806=EDGE_LOOP('',(#5794,#5795,#5797,#5798,#5800,#5802,#5804,#5805));
#5807=FACE_OUTER_BOUND('',#5806,.F.);
#5808=ADVANCED_FACE('',(#5807),#5793,.T.);
#5809=CARTESIAN_POINT('',(-2.5E0,0.E0,-1.95E-1));
#5810=DIRECTION('',(0.E0,0.E0,1.E0));
#5811=DIRECTION('',(1.E0,0.E0,0.E0));
#5812=AXIS2_PLACEMENT_3D('',#5809,#5810,#5811);
#5813=PLANE('',#5812);
#5815=ORIENTED_EDGE('',*,*,#5814,.F.);
#5816=ORIENTED_EDGE('',*,*,#5782,.F.);
#5818=ORIENTED_EDGE('',*,*,#5817,.F.);
#5820=ORIENTED_EDGE('',*,*,#5819,.T.);
#5821=EDGE_LOOP('',(#5815,#5816,#5818,#5820));
#5822=FACE_OUTER_BOUND('',#5821,.F.);
#5823=ADVANCED_FACE('',(#5822),#5813,.T.);
#5824=CARTESIAN_POINT('',(-2.5E0,0.E0,-1.95E-1));
#5825=DIRECTION('',(0.E0,0.E0,1.E0));
#5826=DIRECTION('',(1.E0,0.E0,0.E0));
#5827=AXIS2_PLACEMENT_3D('',#5824,#5825,#5826);
#5828=PLANE('',#5827);
#5830=ORIENTED_EDGE('',*,*,#5829,.F.);
#5832=ORIENTED_EDGE('',*,*,#5831,.F.);
#5833=ORIENTED_EDGE('',*,*,#5542,.F.);
#5835=ORIENTED_EDGE('',*,*,#5834,.T.);
#5836=EDGE_LOOP('',(#5830,#5832,#5833,#5835));
#5837=FACE_OUTER_BOUND('',#5836,.F.);
#5838=ADVANCED_FACE('',(#5837),#5828,.T.);
#5839=CARTESIAN_POINT('',(3.895E0,1.095E0,4.345E0));
#5840=DIRECTION('',(0.E0,1.E0,0.E0));
#5841=DIRECTION('',(-1.E0,0.E0,0.E0));
#5842=AXIS2_PLACEMENT_3D('',#5839,#5840,#5841);
#5843=PLANE('',#5842);
#5844=ORIENTED_EDGE('',*,*,#5796,.T.);
#5845=ORIENTED_EDGE('',*,*,#5548,.F.);
#5846=ORIENTED_EDGE('',*,*,#4689,.F.);
#5848=ORIENTED_EDGE('',*,*,#5847,.T.);
#5849=ORIENTED_EDGE('',*,*,#4589,.T.);
#5850=ORIENTED_EDGE('',*,*,#4616,.F.);
#5851=EDGE_LOOP('',(#5844,#5845,#5846,#5848,#5849,#5850));
#5852=FACE_OUTER_BOUND('',#5851,.F.);
#5853=ADVANCED_FACE('',(#5852),#5843,.F.);
#5854=CARTESIAN_POINT('',(3.895E0,-1.095E0,4.345E0));
#5855=DIRECTION('',(1.E0,0.E0,0.E0));
#5856=DIRECTION('',(0.E0,1.E0,0.E0));
#5857=AXIS2_PLACEMENT_3D('',#5854,#5855,#5856);
#5858=PLANE('',#5857);
#5859=ORIENTED_EDGE('',*,*,#4687,.F.);
#5861=ORIENTED_EDGE('',*,*,#5860,.T.);
#5862=ORIENTED_EDGE('',*,*,#4591,.T.);
#5863=ORIENTED_EDGE('',*,*,#5847,.F.);
#5864=EDGE_LOOP('',(#5859,#5861,#5862,#5863));
#5865=FACE_OUTER_BOUND('',#5864,.F.);
#5866=ADVANCED_FACE('',(#5865),#5858,.F.);
#5867=CARTESIAN_POINT('',(1.705E0,-1.095E0,4.345E0));
#5868=DIRECTION('',(0.E0,-1.E0,0.E0));
#5869=DIRECTION('',(1.E0,0.E0,0.E0));
#5870=AXIS2_PLACEMENT_3D('',#5867,#5868,#5869);
#5871=PLANE('',#5870);
#5872=ORIENTED_EDGE('',*,*,#4685,.T.);
#5874=ORIENTED_EDGE('',*,*,#5873,.T.);
#5876=ORIENTED_EDGE('',*,*,#5875,.T.);
#5878=ORIENTED_EDGE('',*,*,#5877,.F.);
#5880=ORIENTED_EDGE('',*,*,#5879,.F.);
#5881=ORIENTED_EDGE('',*,*,#4619,.T.);
#5882=ORIENTED_EDGE('',*,*,#4593,.T.);
#5883=ORIENTED_EDGE('',*,*,#5860,.F.);
#5884=EDGE_LOOP('',(#5872,#5874,#5876,#5878,#5880,#5881,#5882,#5883));
#5885=FACE_OUTER_BOUND('',#5884,.F.);
#5886=ADVANCED_FACE('',(#5885),#5871,.F.);
#5887=CARTESIAN_POINT('',(-7.95E-1,1.095E0,4.345E0));
#5888=DIRECTION('',(-1.E0,0.E0,0.E0));
#5889=DIRECTION('',(0.E0,-1.E0,0.E0));
#5890=AXIS2_PLACEMENT_3D('',#5887,#5888,#5889);
#5891=PLANE('',#5890);
#5892=ORIENTED_EDGE('',*,*,#4683,.F.);
#5894=ORIENTED_EDGE('',*,*,#5893,.T.);
#5896=ORIENTED_EDGE('',*,*,#5895,.T.);
#5897=ORIENTED_EDGE('',*,*,#5873,.F.);
#5898=EDGE_LOOP('',(#5892,#5894,#5896,#5897));
#5899=FACE_OUTER_BOUND('',#5898,.F.);
#5900=ADVANCED_FACE('',(#5899),#5891,.F.);
#5901=CARTESIAN_POINT('',(1.395E0,1.095E0,4.345E0));
#5902=DIRECTION('',(0.E0,1.E0,0.E0));
#5903=DIRECTION('',(-1.E0,0.E0,0.E0));
#5904=AXIS2_PLACEMENT_3D('',#5901,#5902,#5903);
#5905=PLANE('',#5904);
#5906=ORIENTED_EDGE('',*,*,#4681,.F.);
#5908=ORIENTED_EDGE('',*,*,#5907,.T.);
#5910=ORIENTED_EDGE('',*,*,#5909,.T.);
#5911=ORIENTED_EDGE('',*,*,#5893,.F.);
#5912=EDGE_LOOP('',(#5906,#5908,#5910,#5911));
#5913=FACE_OUTER_BOUND('',#5912,.F.);
#5914=ADVANCED_FACE('',(#5913),#5905,.F.);
#5915=CARTESIAN_POINT('',(1.395E0,-1.095E0,4.345E0));
#5916=DIRECTION('',(1.E0,0.E0,0.E0));
#5917=DIRECTION('',(0.E0,1.E0,0.E0));
#5918=AXIS2_PLACEMENT_3D('',#5915,#5916,#5917);
#5919=PLANE('',#5918);
#5921=ORIENTED_EDGE('',*,*,#5920,.F.);
#5922=ORIENTED_EDGE('',*,*,#5877,.T.);
#5924=ORIENTED_EDGE('',*,*,#5923,.T.);
#5925=ORIENTED_EDGE('',*,*,#5907,.F.);
#5926=ORIENTED_EDGE('',*,*,#4679,.F.);
#5928=ORIENTED_EDGE('',*,*,#5927,.F.);
#5930=ORIENTED_EDGE('',*,*,#5929,.F.);
#5931=EDGE_LOOP('',(#5921,#5922,#5924,#5925,#5926,#5928,#5930));
#5932=FACE_OUTER_BOUND('',#5931,.F.);
#5933=ADVANCED_FACE('',(#5932),#5919,.F.);
#5934=CARTESIAN_POINT('',(2.8E0,-1.095E0,4.5E-2));
#5935=DIRECTION('',(0.E0,0.E0,-1.E0));
#5936=DIRECTION('',(0.E0,1.E0,0.E0));
#5937=AXIS2_PLACEMENT_3D('',#5934,#5935,#5936);
#5938=PLANE('',#5937);
#5939=ORIENTED_EDGE('',*,*,#4621,.F.);
#5940=ORIENTED_EDGE('',*,*,#5879,.T.);
#5941=ORIENTED_EDGE('',*,*,#5920,.T.);
#5943=ORIENTED_EDGE('',*,*,#5942,.F.);
#5944=EDGE_LOOP('',(#5939,#5940,#5941,#5943));
#5945=FACE_OUTER_BOUND('',#5944,.F.);
#5946=ADVANCED_FACE('',(#5945),#5938,.F.);
#5947=CARTESIAN_POINT('',(2.8E0,-3.85E-1,4.5E-2));
#5948=DIRECTION('',(0.E0,1.E0,0.E0));
#5949=DIRECTION('',(0.E0,0.E0,1.E0));
#5950=AXIS2_PLACEMENT_3D('',#5947,#5948,#5949);
#5951=PLANE('',#5950);
#5952=ORIENTED_EDGE('',*,*,#4623,.F.);
#5953=ORIENTED_EDGE('',*,*,#5942,.T.);
#5954=ORIENTED_EDGE('',*,*,#5929,.T.);
#5956=ORIENTED_EDGE('',*,*,#5955,.F.);
#5957=EDGE_LOOP('',(#5952,#5953,#5954,#5956));
#5958=FACE_OUTER_BOUND('',#5957,.F.);
#5959=ADVANCED_FACE('',(#5958),#5951,.F.);
#5960=CARTESIAN_POINT('',(2.8E0,-3.85E-1,3.745E0));
#5961=DIRECTION('',(0.E0,7.071067811865E-1,-7.071067811865E-1));
#5962=DIRECTION('',(0.E0,7.071067811865E-1,7.071067811865E-1));
#5963=AXIS2_PLACEMENT_3D('',#5960,#5961,#5962);
#5964=PLANE('',#5963);
#5965=ORIENTED_EDGE('',*,*,#4677,.T.);
#5966=ORIENTED_EDGE('',*,*,#4625,.F.);
#5967=ORIENTED_EDGE('',*,*,#5955,.T.);
#5968=ORIENTED_EDGE('',*,*,#5927,.T.);
#5969=EDGE_LOOP('',(#5965,#5966,#5967,#5968));
#5970=FACE_OUTER_BOUND('',#5969,.F.);
#5971=ADVANCED_FACE('',(#5970),#5964,.F.);
#5972=CARTESIAN_POINT('',(-2.5E0,-1.74E0,-1.655E0));
#5973=DIRECTION('',(0.E0,0.E0,1.E0));
#5974=DIRECTION('',(1.E0,0.E0,0.E0));
#5975=AXIS2_PLACEMENT_3D('',#5972,#5973,#5974);
#5976=PLANE('',#5975);
#5977=ORIENTED_EDGE('',*,*,#5895,.F.);
#5978=ORIENTED_EDGE('',*,*,#5909,.F.);
#5979=ORIENTED_EDGE('',*,*,#5923,.F.);
#5980=ORIENTED_EDGE('',*,*,#5875,.F.);
#5981=EDGE_LOOP('',(#5977,#5978,#5979,#5980));
#5982=FACE_OUTER_BOUND('',#5981,.F.);
#5984=ORIENTED_EDGE('',*,*,#5983,.T.);
#5986=ORIENTED_EDGE('',*,*,#5985,.T.);
#5988=ORIENTED_EDGE('',*,*,#5987,.F.);
#5990=ORIENTED_EDGE('',*,*,#5989,.F.);
#5991=EDGE_LOOP('',(#5984,#5986,#5988,#5990));
#5992=FACE_BOUND('',#5991,.F.);
#5993=ADVANCED_FACE('',(#5982,#5992),#5976,.T.);
#5994=CARTESIAN_POINT('',(6.175E-1,-1.74E0,0.E0));
#5995=DIRECTION('',(-1.E0,0.E0,0.E0));
#5996=DIRECTION('',(0.E0,0.E0,-1.E0));
#5997=AXIS2_PLACEMENT_3D('',#5994,#5995,#5996);
#5998=PLANE('',#5997);
#5999=ORIENTED_EDGE('',*,*,#3524,.F.);
#6000=ORIENTED_EDGE('',*,*,#4109,.T.);
#6002=ORIENTED_EDGE('',*,*,#6001,.T.);
#6004=ORIENTED_EDGE('',*,*,#6003,.T.);
#6006=ORIENTED_EDGE('',*,*,#6005,.T.);
#6008=ORIENTED_EDGE('',*,*,#6007,.T.);
#6010=ORIENTED_EDGE('',*,*,#6009,.T.);
#6012=ORIENTED_EDGE('',*,*,#6011,.T.);
#6014=ORIENTED_EDGE('',*,*,#6013,.T.);
#6016=ORIENTED_EDGE('',*,*,#6015,.T.);
#6017=EDGE_LOOP('',(#5999,#6000,#6002,#6004,#6006,#6008,#6010,#6012,#6014,
#6016));
#6018=FACE_OUTER_BOUND('',#6017,.F.);
#6019=ADVANCED_FACE('',(#6018),#5998,.F.);
#6020=CARTESIAN_POINT('',(6.175E-1,-1.74E0,0.E0));
#6021=DIRECTION('',(-1.E0,0.E0,0.E0));
#6022=DIRECTION('',(0.E0,0.E0,-1.E0));
#6023=AXIS2_PLACEMENT_3D('',#6020,#6021,#6022);
#6024=PLANE('',#6023);
#6025=ORIENTED_EDGE('',*,*,#4135,.T.);
#6027=ORIENTED_EDGE('',*,*,#6026,.T.);
#6029=ORIENTED_EDGE('',*,*,#6028,.T.);
#6031=ORIENTED_EDGE('',*,*,#6030,.T.);
#6033=ORIENTED_EDGE('',*,*,#6032,.T.);
#6035=ORIENTED_EDGE('',*,*,#6034,.T.);
#6037=ORIENTED_EDGE('',*,*,#6036,.T.);
#6039=ORIENTED_EDGE('',*,*,#6038,.T.);
#6041=ORIENTED_EDGE('',*,*,#6040,.T.);
#6042=EDGE_LOOP('',(#6025,#6027,#6029,#6031,#6033,#6035,#6037,#6039,#6041));
#6043=FACE_OUTER_BOUND('',#6042,.F.);
#6044=ADVANCED_FACE('',(#6043),#6024,.F.);
#6045=CARTESIAN_POINT('',(6.175E-1,-1.74E0,0.E0));
#6046=DIRECTION('',(-1.E0,0.E0,0.E0));
#6047=DIRECTION('',(0.E0,0.E0,-1.E0));
#6048=AXIS2_PLACEMENT_3D('',#6045,#6046,#6047);
#6049=PLANE('',#6048);
#6051=ORIENTED_EDGE('',*,*,#6050,.F.);
#6053=ORIENTED_EDGE('',*,*,#6052,.T.);
#6054=ORIENTED_EDGE('',*,*,#5983,.F.);
#6056=ORIENTED_EDGE('',*,*,#6055,.T.);
#6057=EDGE_LOOP('',(#6051,#6053,#6054,#6056));
#6058=FACE_OUTER_BOUND('',#6057,.F.);
#6059=ADVANCED_FACE('',(#6058),#6049,.F.);
#6060=CARTESIAN_POINT('',(6.175E-1,-1.1E0,-4.625E0));
#6061=DIRECTION('',(-1.E0,0.E0,0.E0));
#6062=DIRECTION('',(0.E0,0.E0,-1.E0));
#6063=AXIS2_PLACEMENT_3D('',#6060,#6061,#6062);
#6064=CYLINDRICAL_SURFACE('',#6063,3.E-1);
#6065=ORIENTED_EDGE('',*,*,#4107,.T.);
#6067=ORIENTED_EDGE('',*,*,#6066,.T.);
#6069=ORIENTED_EDGE('',*,*,#6068,.F.);
#6070=ORIENTED_EDGE('',*,*,#6001,.F.);
#6071=EDGE_LOOP('',(#6065,#6067,#6069,#6070));
#6072=FACE_OUTER_BOUND('',#6071,.F.);
#6073=ADVANCED_FACE('',(#6072),#6064,.F.);
#6074=CARTESIAN_POINT('',(-1.75E-2,-1.74E0,0.E0));
#6075=DIRECTION('',(-1.E0,0.E0,0.E0));
#6076=DIRECTION('',(0.E0,0.E0,-1.E0));
#6077=AXIS2_PLACEMENT_3D('',#6074,#6075,#6076);
#6078=PLANE('',#6077);
#6079=ORIENTED_EDGE('',*,*,#3528,.T.);
#6081=ORIENTED_EDGE('',*,*,#6080,.F.);
#6083=ORIENTED_EDGE('',*,*,#6082,.F.);
#6085=ORIENTED_EDGE('',*,*,#6084,.F.);
#6087=ORIENTED_EDGE('',*,*,#6086,.F.);
#6089=ORIENTED_EDGE('',*,*,#6088,.F.);
#6091=ORIENTED_EDGE('',*,*,#6090,.F.);
#6093=ORIENTED_EDGE('',*,*,#6092,.F.);
#6094=ORIENTED_EDGE('',*,*,#6066,.F.);
#6095=ORIENTED_EDGE('',*,*,#4105,.F.);
#6096=EDGE_LOOP('',(#6079,#6081,#6083,#6085,#6087,#6089,#6091,#6093,#6094,
#6095));
#6097=FACE_OUTER_BOUND('',#6096,.F.);
#6098=ADVANCED_FACE('',(#6097),#6078,.T.);
#6099=CARTESIAN_POINT('',(-1.75E-2,-1.74E0,0.E0));
#6100=DIRECTION('',(-1.E0,0.E0,0.E0));
#6101=DIRECTION('',(0.E0,0.E0,-1.E0));
#6102=AXIS2_PLACEMENT_3D('',#6099,#6100,#6101);
#6103=PLANE('',#6102);
#6104=ORIENTED_EDGE('',*,*,#4139,.F.);
#6106=ORIENTED_EDGE('',*,*,#6105,.F.);
#6108=ORIENTED_EDGE('',*,*,#6107,.F.);
#6110=ORIENTED_EDGE('',*,*,#6109,.F.);
#6112=ORIENTED_EDGE('',*,*,#6111,.F.);
#6114=ORIENTED_EDGE('',*,*,#6113,.F.);
#6116=ORIENTED_EDGE('',*,*,#6115,.F.);
#6118=ORIENTED_EDGE('',*,*,#6117,.F.);
#6120=ORIENTED_EDGE('',*,*,#6119,.F.);
#6121=EDGE_LOOP('',(#6104,#6106,#6108,#6110,#6112,#6114,#6116,#6118,#6120));
#6122=FACE_OUTER_BOUND('',#6121,.F.);
#6123=ADVANCED_FACE('',(#6122),#6103,.T.);
#6124=CARTESIAN_POINT('',(-1.75E-2,-1.74E0,0.E0));
#6125=DIRECTION('',(-1.E0,0.E0,0.E0));
#6126=DIRECTION('',(0.E0,0.E0,-1.E0));
#6127=AXIS2_PLACEMENT_3D('',#6124,#6125,#6126);
#6128=PLANE('',#6127);
#6130=ORIENTED_EDGE('',*,*,#6129,.F.);
#6132=ORIENTED_EDGE('',*,*,#6131,.F.);
#6133=ORIENTED_EDGE('',*,*,#5987,.T.);
#6135=ORIENTED_EDGE('',*,*,#6134,.F.);
#6136=EDGE_LOOP('',(#6130,#6132,#6133,#6135));
#6137=FACE_OUTER_BOUND('',#6136,.F.);
#6138=ADVANCED_FACE('',(#6137),#6128,.T.);
#6139=CARTESIAN_POINT('',(6.175E-1,-1.84E0,-3.707E0));
#6140=DIRECTION('',(0.E0,0.E0,1.E0));
#6141=DIRECTION('',(0.E0,1.E0,0.E0));
#6142=AXIS2_PLACEMENT_3D('',#6139,#6140,#6141);
#6143=PLANE('',#6142);
#6144=ORIENTED_EDGE('',*,*,#3526,.F.);
#6145=ORIENTED_EDGE('',*,*,#6015,.F.);
#6147=ORIENTED_EDGE('',*,*,#6146,.T.);
#6148=ORIENTED_EDGE('',*,*,#6080,.T.);
#6149=EDGE_LOOP('',(#6144,#6145,#6147,#6148));
#6150=FACE_OUTER_BOUND('',#6149,.F.);
#6151=ADVANCED_FACE('',(#6150),#6143,.T.);
#6152=CARTESIAN_POINT('',(6.175E-1,-1.84E0,-3.907E0));
#6153=DIRECTION('',(-1.E0,0.E0,0.E0));
#6154=DIRECTION('',(0.E0,0.E0,-1.E0));
#6155=AXIS2_PLACEMENT_3D('',#6152,#6153,#6154);
#6156=CYLINDRICAL_SURFACE('',#6155,2.E-1);
#6157=ORIENTED_EDGE('',*,*,#6013,.F.);
#6159=ORIENTED_EDGE('',*,*,#6158,.T.);
#6160=ORIENTED_EDGE('',*,*,#6082,.T.);
#6161=ORIENTED_EDGE('',*,*,#6146,.F.);
#6162=EDGE_LOOP('',(#6157,#6159,#6160,#6161));
#6163=FACE_OUTER_BOUND('',#6162,.F.);
#6164=ADVANCED_FACE('',(#6163),#6156,.T.);
#6165=CARTESIAN_POINT('',(6.175E-1,-2.04E0,-5.425E0));
#6166=DIRECTION('',(0.E0,-1.E0,0.E0));
#6167=DIRECTION('',(0.E0,0.E0,1.E0));
#6168=AXIS2_PLACEMENT_3D('',#6165,#6166,#6167);
#6169=PLANE('',#6168);
#6170=ORIENTED_EDGE('',*,*,#6011,.F.);
#6172=ORIENTED_EDGE('',*,*,#6171,.T.);
#6173=ORIENTED_EDGE('',*,*,#6084,.T.);
#6174=ORIENTED_EDGE('',*,*,#6158,.F.);
#6175=EDGE_LOOP('',(#6170,#6172,#6173,#6174));
#6176=FACE_OUTER_BOUND('',#6175,.F.);
#6177=ADVANCED_FACE('',(#6176),#6169,.T.);
#6178=CARTESIAN_POINT('',(6.175E-1,-1.84E0,-5.425E0));
#6179=DIRECTION('',(-1.E0,0.E0,0.E0));
#6180=DIRECTION('',(0.E0,0.E0,-1.E0));
#6181=AXIS2_PLACEMENT_3D('',#6178,#6179,#6180);
#6182=CYLINDRICAL_SURFACE('',#6181,2.E-1);
#6183=ORIENTED_EDGE('',*,*,#6009,.F.);
#6185=ORIENTED_EDGE('',*,*,#6184,.T.);
#6186=ORIENTED_EDGE('',*,*,#6086,.T.);
#6187=ORIENTED_EDGE('',*,*,#6171,.F.);
#6188=EDGE_LOOP('',(#6183,#6185,#6186,#6187));
#6189=FACE_OUTER_BOUND('',#6188,.F.);
#6190=ADVANCED_FACE('',(#6189),#6182,.T.);
#6191=CARTESIAN_POINT('',(6.175E-1,-1.6E0,-5.625E0));
#6192=DIRECTION('',(0.E0,0.E0,-1.E0));
#6193=DIRECTION('',(0.E0,-1.E0,0.E0));
#6194=AXIS2_PLACEMENT_3D('',#6191,#6192,#6193);
#6195=PLANE('',#6194);
#6196=ORIENTED_EDGE('',*,*,#6007,.F.);
#6198=ORIENTED_EDGE('',*,*,#6197,.T.);
#6199=ORIENTED_EDGE('',*,*,#6088,.T.);
#6200=ORIENTED_EDGE('',*,*,#6184,.F.);
#6201=EDGE_LOOP('',(#6196,#6198,#6199,#6200));
#6202=FACE_OUTER_BOUND('',#6201,.F.);
#6203=ADVANCED_FACE('',(#6202),#6195,.T.);
#6204=CARTESIAN_POINT('',(6.175E-1,-1.4E0,-5.425E0));
#6205=DIRECTION('',(0.E0,7.071067811865E-1,-7.071067811865E-1));
#6206=DIRECTION('',(0.E0,-7.071067811865E-1,-7.071067811865E-1));
#6207=AXIS2_PLACEMENT_3D('',#6204,#6205,#6206);
#6208=PLANE('',#6207);
#6209=ORIENTED_EDGE('',*,*,#6005,.F.);
#6211=ORIENTED_EDGE('',*,*,#6210,.T.);
#6212=ORIENTED_EDGE('',*,*,#6090,.T.);
#6213=ORIENTED_EDGE('',*,*,#6197,.F.);
#6214=EDGE_LOOP('',(#6209,#6211,#6212,#6213));
#6215=FACE_OUTER_BOUND('',#6214,.F.);
#6216=ADVANCED_FACE('',(#6215),#6208,.T.);
#6217=CARTESIAN_POINT('',(6.175E-1,-1.4E0,-4.625E0));
#6218=DIRECTION('',(0.E0,1.E0,0.E0));
#6219=DIRECTION('',(0.E0,0.E0,-1.E0));
#6220=AXIS2_PLACEMENT_3D('',#6217,#6218,#6219);
#6221=PLANE('',#6220);
#6222=ORIENTED_EDGE('',*,*,#6003,.F.);
#6223=ORIENTED_EDGE('',*,*,#6068,.T.);
#6224=ORIENTED_EDGE('',*,*,#6092,.T.);
#6225=ORIENTED_EDGE('',*,*,#6210,.F.);
#6226=EDGE_LOOP('',(#6222,#6223,#6224,#6225));
#6227=FACE_OUTER_BOUND('',#6226,.F.);
#6228=ADVANCED_FACE('',(#6227),#6221,.T.);
#6229=CARTESIAN_POINT('',(6.175E-1,-9.05E-1,-4.625E0));
#6230=DIRECTION('',(-1.E0,0.E0,0.E0));
#6231=DIRECTION('',(0.E0,0.E0,-1.E0));
#6232=AXIS2_PLACEMENT_3D('',#6229,#6230,#6231);
#6233=CYLINDRICAL_SURFACE('',#6232,3.E-1);
#6234=ORIENTED_EDGE('',*,*,#4137,.F.);
#6235=ORIENTED_EDGE('',*,*,#6040,.F.);
#6237=ORIENTED_EDGE('',*,*,#6236,.T.);
#6238=ORIENTED_EDGE('',*,*,#6105,.T.);
#6239=EDGE_LOOP('',(#6234,#6235,#6237,#6238));
#6240=FACE_OUTER_BOUND('',#6239,.F.);
#6241=ADVANCED_FACE('',(#6240),#6233,.F.);
#6242=CARTESIAN_POINT('',(6.175E-1,-6.05E-1,-4.985E0));
#6243=DIRECTION('',(0.E0,-1.E0,0.E0));
#6244=DIRECTION('',(0.E0,0.E0,1.E0));
#6245=AXIS2_PLACEMENT_3D('',#6242,#6243,#6244);
#6246=PLANE('',#6245);
#6247=ORIENTED_EDGE('',*,*,#6038,.F.);
#6249=ORIENTED_EDGE('',*,*,#6248,.T.);
#6250=ORIENTED_EDGE('',*,*,#6107,.T.);
#6251=ORIENTED_EDGE('',*,*,#6236,.F.);
#6252=EDGE_LOOP('',(#6247,#6249,#6250,#6251));
#6253=FACE_OUTER_BOUND('',#6252,.F.);
#6254=ADVANCED_FACE('',(#6253),#6246,.T.);
#6255=CARTESIAN_POINT('',(6.175E-1,-5.05E-1,-4.985E0));
#6256=DIRECTION('',(-1.E0,0.E0,0.E0));
#6257=DIRECTION('',(0.E0,0.E0,-1.E0));
#6258=AXIS2_PLACEMENT_3D('',#6255,#6256,#6257);
#6259=CYLINDRICAL_SURFACE('',#6258,1.E-1);
#6260=ORIENTED_EDGE('',*,*,#6036,.F.);
#6262=ORIENTED_EDGE('',*,*,#6261,.T.);
#6263=ORIENTED_EDGE('',*,*,#6109,.T.);
#6264=ORIENTED_EDGE('',*,*,#6248,.F.);
#6265=EDGE_LOOP('',(#6260,#6262,#6263,#6264));
#6266=FACE_OUTER_BOUND('',#6265,.F.);
#6267=ADVANCED_FACE('',(#6266),#6259,.T.);
#6268=CARTESIAN_POINT('',(6.175E-1,3.55E-1,-5.085E0));
#6269=DIRECTION('',(0.E0,0.E0,-1.E0));
#6270=DIRECTION('',(0.E0,-1.E0,0.E0));
#6271=AXIS2_PLACEMENT_3D('',#6268,#6269,#6270);
#6272=PLANE('',#6271);
#6273=ORIENTED_EDGE('',*,*,#6034,.F.);
#6275=ORIENTED_EDGE('',*,*,#6274,.T.);
#6276=ORIENTED_EDGE('',*,*,#6111,.T.);
#6277=ORIENTED_EDGE('',*,*,#6261,.F.);
#6278=EDGE_LOOP('',(#6273,#6275,#6276,#6277));
#6279=FACE_OUTER_BOUND('',#6278,.F.);
#6280=ADVANCED_FACE('',(#6279),#6272,.T.);
#6281=CARTESIAN_POINT('',(6.175E-1,3.55E-1,-4.735E0));
#6282=DIRECTION('',(0.E0,1.E0,0.E0));
#6283=DIRECTION('',(0.E0,0.E0,-1.E0));
#6284=AXIS2_PLACEMENT_3D('',#6281,#6282,#6283);
#6285=PLANE('',#6284);
#6286=ORIENTED_EDGE('',*,*,#6032,.F.);
#6288=ORIENTED_EDGE('',*,*,#6287,.T.);
#6289=ORIENTED_EDGE('',*,*,#6113,.T.);
#6290=ORIENTED_EDGE('',*,*,#6274,.F.);
#6291=EDGE_LOOP('',(#6286,#6288,#6289,#6290));
#6292=FACE_OUTER_BOUND('',#6291,.F.);
#6293=ADVANCED_FACE('',(#6292),#6285,.T.);
#6294=CARTESIAN_POINT('',(6.175E-1,6.05E-1,-4.735E0));
#6295=DIRECTION('',(-1.E0,0.E0,0.E0));
#6296=DIRECTION('',(0.E0,0.E0,-1.E0));
#6297=AXIS2_PLACEMENT_3D('',#6294,#6295,#6296);
#6298=CYLINDRICAL_SURFACE('',#6297,2.5E-1);
#6299=ORIENTED_EDGE('',*,*,#6030,.F.);
#6301=ORIENTED_EDGE('',*,*,#6300,.T.);
#6302=ORIENTED_EDGE('',*,*,#6115,.T.);
#6303=ORIENTED_EDGE('',*,*,#6287,.F.);
#6304=EDGE_LOOP('',(#6299,#6301,#6302,#6303));
#6305=FACE_OUTER_BOUND('',#6304,.F.);
#6306=ADVANCED_FACE('',(#6305),#6298,.F.);
#6307=CARTESIAN_POINT('',(6.175E-1,9.35E-1,-4.485E0));
#6308=DIRECTION('',(0.E0,0.E0,-1.E0));
#6309=DIRECTION('',(0.E0,-1.E0,0.E0));
#6310=AXIS2_PLACEMENT_3D('',#6307,#6308,#6309);
#6311=PLANE('',#6310);
#6312=ORIENTED_EDGE('',*,*,#6028,.F.);
#6314=ORIENTED_EDGE('',*,*,#6313,.T.);
#6315=ORIENTED_EDGE('',*,*,#6117,.T.);
#6316=ORIENTED_EDGE('',*,*,#6300,.F.);
#6317=EDGE_LOOP('',(#6312,#6314,#6315,#6316));
#6318=FACE_OUTER_BOUND('',#6317,.F.);
#6319=ADVANCED_FACE('',(#6318),#6311,.T.);
#6320=CARTESIAN_POINT('',(6.175E-1,9.35E-1,-2.437E0));
#6321=DIRECTION('',(0.E0,1.E0,0.E0));
#6322=DIRECTION('',(0.E0,0.E0,-1.E0));
#6323=AXIS2_PLACEMENT_3D('',#6320,#6321,#6322);
#6324=PLANE('',#6323);
#6325=ORIENTED_EDGE('',*,*,#4141,.T.);
#6326=ORIENTED_EDGE('',*,*,#6119,.T.);
#6327=ORIENTED_EDGE('',*,*,#6313,.F.);
#6328=ORIENTED_EDGE('',*,*,#6026,.F.);
#6329=EDGE_LOOP('',(#6325,#6326,#6327,#6328));
#6330=FACE_OUTER_BOUND('',#6329,.F.);
#6331=ADVANCED_FACE('',(#6330),#6324,.T.);
#6332=CARTESIAN_POINT('',(5.75E-2,0.E0,2.493E0));
#6333=DIRECTION('',(-9.828721869343E-1,0.E0,1.842885350502E-1));
#6334=DIRECTION('',(1.842885350502E-1,0.E0,9.828721869343E-1));
#6335=AXIS2_PLACEMENT_3D('',#6332,#6333,#6334);
#6336=PLANE('',#6335);
#6338=ORIENTED_EDGE('',*,*,#6337,.T.);
#6340=ORIENTED_EDGE('',*,*,#6339,.F.);
#6342=ORIENTED_EDGE('',*,*,#6341,.T.);
#6343=ORIENTED_EDGE('',*,*,#6129,.T.);
#6344=EDGE_LOOP('',(#6338,#6340,#6342,#6343));
#6345=FACE_OUTER_BOUND('',#6344,.F.);
#6346=ADVANCED_FACE('',(#6345),#6336,.T.);
#6347=CARTESIAN_POINT('',(6.175E-1,1.2E-1,2.893E0));
#6348=DIRECTION('',(0.E0,9.701425001453E-1,2.425356250363E-1));
#6349=DIRECTION('',(0.E0,2.425356250363E-1,-9.701425001453E-1));
#6350=AXIS2_PLACEMENT_3D('',#6347,#6348,#6349);
#6351=PLANE('',#6350);
#6353=ORIENTED_EDGE('',*,*,#6352,.F.);
#6355=ORIENTED_EDGE('',*,*,#6354,.T.);
#6356=ORIENTED_EDGE('',*,*,#6337,.F.);
#6358=ORIENTED_EDGE('',*,*,#6357,.F.);
#6359=EDGE_LOOP('',(#6353,#6355,#6356,#6358));
#6360=FACE_OUTER_BOUND('',#6359,.F.);
#6361=ADVANCED_FACE('',(#6360),#6351,.T.);
#6362=CARTESIAN_POINT('',(5.425E-1,0.E0,2.493E0));
#6363=DIRECTION('',(9.828721869343E-1,0.E0,1.842885350502E-1));
#6364=DIRECTION('',(-1.842885350502E-1,0.E0,9.828721869343E-1));
#6365=AXIS2_PLACEMENT_3D('',#6362,#6363,#6364);
#6366=PLANE('',#6365);
#6368=ORIENTED_EDGE('',*,*,#6367,.T.);
#6370=ORIENTED_EDGE('',*,*,#6369,.F.);
#6371=ORIENTED_EDGE('',*,*,#6352,.T.);
#6372=ORIENTED_EDGE('',*,*,#6050,.T.);
#6373=EDGE_LOOP('',(#6368,#6370,#6371,#6372));
#6374=FACE_OUTER_BOUND('',#6373,.F.);
#6375=ADVANCED_FACE('',(#6374),#6366,.T.);
#6376=CARTESIAN_POINT('',(6.175E-1,-3.2E-1,2.093E0));
#6377=DIRECTION('',(0.E0,-9.701425001453E-1,2.425356250363E-1));
#6378=DIRECTION('',(0.E0,2.425356250363E-1,9.701425001453E-1));
#6379=AXIS2_PLACEMENT_3D('',#6376,#6377,#6378);
#6380=PLANE('',#6379);
#6381=ORIENTED_EDGE('',*,*,#6367,.F.);
#6383=ORIENTED_EDGE('',*,*,#6382,.T.);
#6384=ORIENTED_EDGE('',*,*,#6341,.F.);
#6386=ORIENTED_EDGE('',*,*,#6385,.F.);
#6387=EDGE_LOOP('',(#6381,#6383,#6384,#6386));
#6388=FACE_OUTER_BOUND('',#6387,.F.);
#6389=ADVANCED_FACE('',(#6388),#6380,.T.);
#6390=CARTESIAN_POINT('',(6.175E-1,-3.2E-1,-2.437E0));
#6391=DIRECTION('',(0.E0,-1.E0,0.E0));
#6392=DIRECTION('',(0.E0,0.E0,1.E0));
#6393=AXIS2_PLACEMENT_3D('',#6390,#6391,#6392);
#6394=PLANE('',#6393);
#6395=ORIENTED_EDGE('',*,*,#6382,.F.);
#6396=ORIENTED_EDGE('',*,*,#6055,.F.);
#6397=ORIENTED_EDGE('',*,*,#5989,.T.);
#6398=ORIENTED_EDGE('',*,*,#6131,.T.);
#6399=EDGE_LOOP('',(#6395,#6396,#6397,#6398));
#6400=FACE_OUTER_BOUND('',#6399,.F.);
#6401=ADVANCED_FACE('',(#6400),#6394,.T.);
#6402=CARTESIAN_POINT('',(6.175E-1,-1.2E-1,2.893E0));
#6403=DIRECTION('',(0.E0,0.E0,1.E0));
#6404=DIRECTION('',(0.E0,1.E0,0.E0));
#6405=AXIS2_PLACEMENT_3D('',#6402,#6403,#6404);
#6406=PLANE('',#6405);
#6407=ORIENTED_EDGE('',*,*,#6369,.T.);
#6408=ORIENTED_EDGE('',*,*,#6385,.T.);
#6409=ORIENTED_EDGE('',*,*,#6339,.T.);
#6410=ORIENTED_EDGE('',*,*,#6354,.F.);
#6411=EDGE_LOOP('',(#6407,#6408,#6409,#6410));
#6412=FACE_OUTER_BOUND('',#6411,.F.);
#6413=ADVANCED_FACE('',(#6412),#6406,.T.);
#6414=CARTESIAN_POINT('',(6.175E-1,3.2E-1,2.093E0));
#6415=DIRECTION('',(0.E0,1.E0,0.E0));
#6416=DIRECTION('',(0.E0,0.E0,-1.E0));
#6417=AXIS2_PLACEMENT_3D('',#6414,#6415,#6416);
#6418=PLANE('',#6417);
#6419=ORIENTED_EDGE('',*,*,#6357,.T.);
#6420=ORIENTED_EDGE('',*,*,#6134,.T.);
#6421=ORIENTED_EDGE('',*,*,#5985,.F.);
#6422=ORIENTED_EDGE('',*,*,#6052,.F.);
#6423=EDGE_LOOP('',(#6419,#6420,#6421,#6422));
#6424=FACE_OUTER_BOUND('',#6423,.F.);
#6425=ADVANCED_FACE('',(#6424),#6418,.T.);
#6426=CARTESIAN_POINT('',(-1.105E0,1.44E0,5.805E0));
#6427=DIRECTION('',(0.E0,-1.E0,0.E0));
#6428=DIRECTION('',(1.E0,0.E0,0.E0));
#6429=AXIS2_PLACEMENT_3D('',#6426,#6427,#6428);
#6430=PLANE('',#6429);
#6431=ORIENTED_EDGE('',*,*,#4674,.F.);
#6433=ORIENTED_EDGE('',*,*,#6432,.T.);
#6434=ORIENTED_EDGE('',*,*,#5799,.T.);
#6435=ORIENTED_EDGE('',*,*,#4612,.F.);
#6436=EDGE_LOOP('',(#6431,#6433,#6434,#6435));
#6437=FACE_OUTER_BOUND('',#6436,.F.);
#6438=ADVANCED_FACE('',(#6437),#6430,.F.);
#6439=CARTESIAN_POINT('',(-1.105E0,-1.095E0,4.345E0));
#6440=DIRECTION('',(1.E0,0.E0,0.E0));
#6441=DIRECTION('',(0.E0,1.E0,0.E0));
#6442=AXIS2_PLACEMENT_3D('',#6439,#6440,#6441);
#6443=PLANE('',#6442);
#6445=ORIENTED_EDGE('',*,*,#6444,.F.);
#6446=ORIENTED_EDGE('',*,*,#5801,.T.);
#6447=ORIENTED_EDGE('',*,*,#6432,.F.);
#6448=ORIENTED_EDGE('',*,*,#4672,.T.);
#6450=ORIENTED_EDGE('',*,*,#6449,.T.);
#6452=ORIENTED_EDGE('',*,*,#6451,.T.);
#6453=EDGE_LOOP('',(#6445,#6446,#6447,#6448,#6450,#6452));
#6454=FACE_OUTER_BOUND('',#6453,.F.);
#6455=ADVANCED_FACE('',(#6454),#6443,.F.);
#6456=CARTESIAN_POINT('',(-1.105E0,1.095E0,4.345E0));
#6457=DIRECTION('',(0.E0,1.E0,0.E0));
#6458=DIRECTION('',(-1.E0,0.E0,0.E0));
#6459=AXIS2_PLACEMENT_3D('',#6456,#6457,#6458);
#6460=PLANE('',#6459);
#6461=ORIENTED_EDGE('',*,*,#5803,.F.);
#6462=ORIENTED_EDGE('',*,*,#6444,.T.);
#6464=ORIENTED_EDGE('',*,*,#6463,.T.);
#6466=ORIENTED_EDGE('',*,*,#6465,.F.);
#6467=ORIENTED_EDGE('',*,*,#4666,.F.);
#6468=ORIENTED_EDGE('',*,*,#5776,.T.);
#6469=EDGE_LOOP('',(#6461,#6462,#6464,#6466,#6467,#6468));
#6470=FACE_OUTER_BOUND('',#6469,.F.);
#6471=ADVANCED_FACE('',(#6470),#6460,.F.);
#6472=CARTESIAN_POINT('',(-5.E0,-1.74E0,-1.655E0));
#6473=DIRECTION('',(0.E0,0.E0,1.E0));
#6474=DIRECTION('',(1.E0,0.E0,0.E0));
#6475=AXIS2_PLACEMENT_3D('',#6472,#6473,#6474);
#6476=PLANE('',#6475);
#6478=ORIENTED_EDGE('',*,*,#6477,.F.);
#6479=ORIENTED_EDGE('',*,*,#6463,.F.);
#6480=ORIENTED_EDGE('',*,*,#6451,.F.);
#6482=ORIENTED_EDGE('',*,*,#6481,.F.);
#6483=EDGE_LOOP('',(#6478,#6479,#6480,#6482));
#6484=FACE_OUTER_BOUND('',#6483,.F.);
#6486=ORIENTED_EDGE('',*,*,#6485,.T.);
#6488=ORIENTED_EDGE('',*,*,#6487,.T.);
#6490=ORIENTED_EDGE('',*,*,#6489,.F.);
#6492=ORIENTED_EDGE('',*,*,#6491,.F.);
#6493=EDGE_LOOP('',(#6486,#6488,#6490,#6492));
#6494=FACE_BOUND('',#6493,.F.);
#6495=ADVANCED_FACE('',(#6484,#6494),#6476,.T.);
#6496=CARTESIAN_POINT('',(-3.295E0,1.095E0,4.345E0));
#6497=DIRECTION('',(-1.E0,0.E0,0.E0));
#6498=DIRECTION('',(0.E0,-1.E0,0.E0));
#6499=AXIS2_PLACEMENT_3D('',#6496,#6497,#6498);
#6500=PLANE('',#6499);
#6501=ORIENTED_EDGE('',*,*,#4668,.F.);
#6502=ORIENTED_EDGE('',*,*,#6465,.T.);
#6503=ORIENTED_EDGE('',*,*,#6477,.T.);
#6505=ORIENTED_EDGE('',*,*,#6504,.F.);
#6506=EDGE_LOOP('',(#6501,#6502,#6503,#6505));
#6507=FACE_OUTER_BOUND('',#6506,.F.);
#6508=ADVANCED_FACE('',(#6507),#6500,.F.);
#6509=CARTESIAN_POINT('',(-3.295E0,-1.095E0,4.345E0));
#6510=DIRECTION('',(0.E0,-1.E0,0.E0));
#6511=DIRECTION('',(1.E0,0.E0,0.E0));
#6512=AXIS2_PLACEMENT_3D('',#6509,#6510,#6511);
#6513=PLANE('',#6512);
#6514=ORIENTED_EDGE('',*,*,#4670,.F.);
#6515=ORIENTED_EDGE('',*,*,#6504,.T.);
#6516=ORIENTED_EDGE('',*,*,#6481,.T.);
#6517=ORIENTED_EDGE('',*,*,#6449,.F.);
#6518=EDGE_LOOP('',(#6514,#6515,#6516,#6517));
#6519=FACE_OUTER_BOUND('',#6518,.F.);
#6520=ADVANCED_FACE('',(#6519),#6513,.F.);
#6521=CARTESIAN_POINT('',(-1.8825E0,-1.74E0,0.E0));
#6522=DIRECTION('',(-1.E0,0.E0,0.E0));
#6523=DIRECTION('',(0.E0,0.E0,-1.E0));
#6524=AXIS2_PLACEMENT_3D('',#6521,#6522,#6523);
#6525=PLANE('',#6524);
#6526=ORIENTED_EDGE('',*,*,#3532,.F.);
#6527=ORIENTED_EDGE('',*,*,#4102,.T.);
#6529=ORIENTED_EDGE('',*,*,#6528,.T.);
#6531=ORIENTED_EDGE('',*,*,#6530,.T.);
#6533=ORIENTED_EDGE('',*,*,#6532,.T.);
#6535=ORIENTED_EDGE('',*,*,#6534,.T.);
#6537=ORIENTED_EDGE('',*,*,#6536,.T.);
#6539=ORIENTED_EDGE('',*,*,#6538,.T.);
#6541=ORIENTED_EDGE('',*,*,#6540,.T.);
#6543=ORIENTED_EDGE('',*,*,#6542,.T.);
#6544=EDGE_LOOP('',(#6526,#6527,#6529,#6531,#6533,#6535,#6537,#6539,#6541,
#6543));
#6545=FACE_OUTER_BOUND('',#6544,.F.);
#6546=ADVANCED_FACE('',(#6545),#6525,.F.);
#6547=CARTESIAN_POINT('',(-1.8825E0,-1.74E0,0.E0));
#6548=DIRECTION('',(-1.E0,0.E0,0.E0));
#6549=DIRECTION('',(0.E0,0.E0,-1.E0));
#6550=AXIS2_PLACEMENT_3D('',#6547,#6548,#6549);
#6551=PLANE('',#6550);
#6552=ORIENTED_EDGE('',*,*,#4145,.T.);
#6554=ORIENTED_EDGE('',*,*,#6553,.T.);
#6556=ORIENTED_EDGE('',*,*,#6555,.T.);
#6558=ORIENTED_EDGE('',*,*,#6557,.T.);
#6560=ORIENTED_EDGE('',*,*,#6559,.T.);
#6562=ORIENTED_EDGE('',*,*,#6561,.T.);
#6564=ORIENTED_EDGE('',*,*,#6563,.T.);
#6566=ORIENTED_EDGE('',*,*,#6565,.T.);
#6568=ORIENTED_EDGE('',*,*,#6567,.T.);
#6569=EDGE_LOOP('',(#6552,#6554,#6556,#6558,#6560,#6562,#6564,#6566,#6568));
#6570=FACE_OUTER_BOUND('',#6569,.F.);
#6571=ADVANCED_FACE('',(#6570),#6551,.F.);
#6572=CARTESIAN_POINT('',(-1.8825E0,-1.74E0,0.E0));
#6573=DIRECTION('',(-1.E0,0.E0,0.E0));
#6574=DIRECTION('',(0.E0,0.E0,-1.E0));
#6575=AXIS2_PLACEMENT_3D('',#6572,#6573,#6574);
#6576=PLANE('',#6575);
#6578=ORIENTED_EDGE('',*,*,#6577,.F.);
#6580=ORIENTED_EDGE('',*,*,#6579,.T.);
#6581=ORIENTED_EDGE('',*,*,#6485,.F.);
#6583=ORIENTED_EDGE('',*,*,#6582,.T.);
#6584=EDGE_LOOP('',(#6578,#6580,#6581,#6583));
#6585=FACE_OUTER_BOUND('',#6584,.F.);
#6586=ADVANCED_FACE('',(#6585),#6576,.F.);
#6587=CARTESIAN_POINT('',(-1.8825E0,-1.1E0,-4.625E0));
#6588=DIRECTION('',(-1.E0,0.E0,0.E0));
#6589=DIRECTION('',(0.E0,0.E0,-1.E0));
#6590=AXIS2_PLACEMENT_3D('',#6587,#6588,#6589);
#6591=CYLINDRICAL_SURFACE('',#6590,3.E-1);
#6592=ORIENTED_EDGE('',*,*,#4100,.T.);
#6594=ORIENTED_EDGE('',*,*,#6593,.T.);
#6596=ORIENTED_EDGE('',*,*,#6595,.F.);
#6597=ORIENTED_EDGE('',*,*,#6528,.F.);
#6598=EDGE_LOOP('',(#6592,#6594,#6596,#6597));
#6599=FACE_OUTER_BOUND('',#6598,.F.);
#6600=ADVANCED_FACE('',(#6599),#6591,.F.);
#6601=CARTESIAN_POINT('',(-2.5175E0,-1.74E0,0.E0));
#6602=DIRECTION('',(-1.E0,0.E0,0.E0));
#6603=DIRECTION('',(0.E0,0.E0,-1.E0));
#6604=AXIS2_PLACEMENT_3D('',#6601,#6602,#6603);
#6605=PLANE('',#6604);
#6606=ORIENTED_EDGE('',*,*,#3536,.T.);
#6608=ORIENTED_EDGE('',*,*,#6607,.F.);
#6610=ORIENTED_EDGE('',*,*,#6609,.F.);
#6612=ORIENTED_EDGE('',*,*,#6611,.F.);
#6614=ORIENTED_EDGE('',*,*,#6613,.F.);
#6616=ORIENTED_EDGE('',*,*,#6615,.F.);
#6618=ORIENTED_EDGE('',*,*,#6617,.F.);
#6620=ORIENTED_EDGE('',*,*,#6619,.F.);
#6621=ORIENTED_EDGE('',*,*,#6593,.F.);
#6622=ORIENTED_EDGE('',*,*,#4098,.F.);
#6623=EDGE_LOOP('',(#6606,#6608,#6610,#6612,#6614,#6616,#6618,#6620,#6621,
#6622));
#6624=FACE_OUTER_BOUND('',#6623,.F.);
#6625=ADVANCED_FACE('',(#6624),#6605,.T.);
#6626=CARTESIAN_POINT('',(-2.5175E0,-1.74E0,0.E0));
#6627=DIRECTION('',(-1.E0,0.E0,0.E0));
#6628=DIRECTION('',(0.E0,0.E0,-1.E0));
#6629=AXIS2_PLACEMENT_3D('',#6626,#6627,#6628);
#6630=PLANE('',#6629);
#6631=ORIENTED_EDGE('',*,*,#4149,.F.);
#6633=ORIENTED_EDGE('',*,*,#6632,.F.);
#6635=ORIENTED_EDGE('',*,*,#6634,.F.);
#6637=ORIENTED_EDGE('',*,*,#6636,.F.);
#6639=ORIENTED_EDGE('',*,*,#6638,.F.);
#6641=ORIENTED_EDGE('',*,*,#6640,.F.);
#6643=ORIENTED_EDGE('',*,*,#6642,.F.);
#6645=ORIENTED_EDGE('',*,*,#6644,.F.);
#6647=ORIENTED_EDGE('',*,*,#6646,.F.);
#6648=EDGE_LOOP('',(#6631,#6633,#6635,#6637,#6639,#6641,#6643,#6645,#6647));
#6649=FACE_OUTER_BOUND('',#6648,.F.);
#6650=ADVANCED_FACE('',(#6649),#6630,.T.);
#6651=CARTESIAN_POINT('',(-2.5175E0,-1.74E0,0.E0));
#6652=DIRECTION('',(-1.E0,0.E0,0.E0));
#6653=DIRECTION('',(0.E0,0.E0,-1.E0));
#6654=AXIS2_PLACEMENT_3D('',#6651,#6652,#6653);
#6655=PLANE('',#6654);
#6657=ORIENTED_EDGE('',*,*,#6656,.F.);
#6659=ORIENTED_EDGE('',*,*,#6658,.F.);
#6660=ORIENTED_EDGE('',*,*,#6489,.T.);
#6662=ORIENTED_EDGE('',*,*,#6661,.F.);
#6663=EDGE_LOOP('',(#6657,#6659,#6660,#6662));
#6664=FACE_OUTER_BOUND('',#6663,.F.);
#6665=ADVANCED_FACE('',(#6664),#6655,.T.);
#6666=CARTESIAN_POINT('',(-1.8825E0,-1.84E0,-3.707E0));
#6667=DIRECTION('',(0.E0,0.E0,1.E0));
#6668=DIRECTION('',(0.E0,1.E0,0.E0));
#6669=AXIS2_PLACEMENT_3D('',#6666,#6667,#6668);
#6670=PLANE('',#6669);
#6671=ORIENTED_EDGE('',*,*,#3534,.F.);
#6672=ORIENTED_EDGE('',*,*,#6542,.F.);
#6674=ORIENTED_EDGE('',*,*,#6673,.T.);
#6675=ORIENTED_EDGE('',*,*,#6607,.T.);
#6676=EDGE_LOOP('',(#6671,#6672,#6674,#6675));
#6677=FACE_OUTER_BOUND('',#6676,.F.);
#6678=ADVANCED_FACE('',(#6677),#6670,.T.);
#6679=CARTESIAN_POINT('',(-1.8825E0,-1.84E0,-3.907E0));
#6680=DIRECTION('',(-1.E0,0.E0,0.E0));
#6681=DIRECTION('',(0.E0,0.E0,-1.E0));
#6682=AXIS2_PLACEMENT_3D('',#6679,#6680,#6681);
#6683=CYLINDRICAL_SURFACE('',#6682,2.E-1);
#6684=ORIENTED_EDGE('',*,*,#6540,.F.);
#6686=ORIENTED_EDGE('',*,*,#6685,.T.);
#6687=ORIENTED_EDGE('',*,*,#6609,.T.);
#6688=ORIENTED_EDGE('',*,*,#6673,.F.);
#6689=EDGE_LOOP('',(#6684,#6686,#6687,#6688));
#6690=FACE_OUTER_BOUND('',#6689,.F.);
#6691=ADVANCED_FACE('',(#6690),#6683,.T.);
#6692=CARTESIAN_POINT('',(-1.8825E0,-2.04E0,-5.425E0));
#6693=DIRECTION('',(0.E0,-1.E0,0.E0));
#6694=DIRECTION('',(0.E0,0.E0,1.E0));
#6695=AXIS2_PLACEMENT_3D('',#6692,#6693,#6694);
#6696=PLANE('',#6695);
#6697=ORIENTED_EDGE('',*,*,#6538,.F.);
#6699=ORIENTED_EDGE('',*,*,#6698,.T.);
#6700=ORIENTED_EDGE('',*,*,#6611,.T.);
#6701=ORIENTED_EDGE('',*,*,#6685,.F.);
#6702=EDGE_LOOP('',(#6697,#6699,#6700,#6701));
#6703=FACE_OUTER_BOUND('',#6702,.F.);
#6704=ADVANCED_FACE('',(#6703),#6696,.T.);
#6705=CARTESIAN_POINT('',(-1.8825E0,-1.84E0,-5.425E0));
#6706=DIRECTION('',(-1.E0,0.E0,0.E0));
#6707=DIRECTION('',(0.E0,0.E0,-1.E0));
#6708=AXIS2_PLACEMENT_3D('',#6705,#6706,#6707);
#6709=CYLINDRICAL_SURFACE('',#6708,2.E-1);
#6710=ORIENTED_EDGE('',*,*,#6536,.F.);
#6712=ORIENTED_EDGE('',*,*,#6711,.T.);
#6713=ORIENTED_EDGE('',*,*,#6613,.T.);
#6714=ORIENTED_EDGE('',*,*,#6698,.F.);
#6715=EDGE_LOOP('',(#6710,#6712,#6713,#6714));
#6716=FACE_OUTER_BOUND('',#6715,.F.);
#6717=ADVANCED_FACE('',(#6716),#6709,.T.);
#6718=CARTESIAN_POINT('',(-1.8825E0,-1.6E0,-5.625E0));
#6719=DIRECTION('',(0.E0,0.E0,-1.E0));
#6720=DIRECTION('',(0.E0,-1.E0,0.E0));
#6721=AXIS2_PLACEMENT_3D('',#6718,#6719,#6720);
#6722=PLANE('',#6721);
#6723=ORIENTED_EDGE('',*,*,#6534,.F.);
#6725=ORIENTED_EDGE('',*,*,#6724,.T.);
#6726=ORIENTED_EDGE('',*,*,#6615,.T.);
#6727=ORIENTED_EDGE('',*,*,#6711,.F.);
#6728=EDGE_LOOP('',(#6723,#6725,#6726,#6727));
#6729=FACE_OUTER_BOUND('',#6728,.F.);
#6730=ADVANCED_FACE('',(#6729),#6722,.T.);
#6731=CARTESIAN_POINT('',(-1.8825E0,-1.4E0,-5.425E0));
#6732=DIRECTION('',(0.E0,7.071067811865E-1,-7.071067811865E-1));
#6733=DIRECTION('',(0.E0,-7.071067811865E-1,-7.071067811865E-1));
#6734=AXIS2_PLACEMENT_3D('',#6731,#6732,#6733);
#6735=PLANE('',#6734);
#6736=ORIENTED_EDGE('',*,*,#6532,.F.);
#6738=ORIENTED_EDGE('',*,*,#6737,.T.);
#6739=ORIENTED_EDGE('',*,*,#6617,.T.);
#6740=ORIENTED_EDGE('',*,*,#6724,.F.);
#6741=EDGE_LOOP('',(#6736,#6738,#6739,#6740));
#6742=FACE_OUTER_BOUND('',#6741,.F.);
#6743=ADVANCED_FACE('',(#6742),#6735,.T.);
#6744=CARTESIAN_POINT('',(-1.8825E0,-1.4E0,-4.625E0));
#6745=DIRECTION('',(0.E0,1.E0,0.E0));
#6746=DIRECTION('',(0.E0,0.E0,-1.E0));
#6747=AXIS2_PLACEMENT_3D('',#6744,#6745,#6746);
#6748=PLANE('',#6747);
#6749=ORIENTED_EDGE('',*,*,#6530,.F.);
#6750=ORIENTED_EDGE('',*,*,#6595,.T.);
#6751=ORIENTED_EDGE('',*,*,#6619,.T.);
#6752=ORIENTED_EDGE('',*,*,#6737,.F.);
#6753=EDGE_LOOP('',(#6749,#6750,#6751,#6752));
#6754=FACE_OUTER_BOUND('',#6753,.F.);
#6755=ADVANCED_FACE('',(#6754),#6748,.T.);
#6756=CARTESIAN_POINT('',(-1.8825E0,-9.05E-1,-4.625E0));
#6757=DIRECTION('',(-1.E0,0.E0,0.E0));
#6758=DIRECTION('',(0.E0,0.E0,-1.E0));
#6759=AXIS2_PLACEMENT_3D('',#6756,#6757,#6758);
#6760=CYLINDRICAL_SURFACE('',#6759,3.E-1);
#6761=ORIENTED_EDGE('',*,*,#4147,.F.);
#6762=ORIENTED_EDGE('',*,*,#6567,.F.);
#6764=ORIENTED_EDGE('',*,*,#6763,.T.);
#6765=ORIENTED_EDGE('',*,*,#6632,.T.);
#6766=EDGE_LOOP('',(#6761,#6762,#6764,#6765));
#6767=FACE_OUTER_BOUND('',#6766,.F.);
#6768=ADVANCED_FACE('',(#6767),#6760,.F.);
#6769=CARTESIAN_POINT('',(-1.8825E0,-6.05E-1,-4.985E0));
#6770=DIRECTION('',(0.E0,-1.E0,0.E0));
#6771=DIRECTION('',(0.E0,0.E0,1.E0));
#6772=AXIS2_PLACEMENT_3D('',#6769,#6770,#6771);
#6773=PLANE('',#6772);
#6774=ORIENTED_EDGE('',*,*,#6565,.F.);
#6776=ORIENTED_EDGE('',*,*,#6775,.T.);
#6777=ORIENTED_EDGE('',*,*,#6634,.T.);
#6778=ORIENTED_EDGE('',*,*,#6763,.F.);
#6779=EDGE_LOOP('',(#6774,#6776,#6777,#6778));
#6780=FACE_OUTER_BOUND('',#6779,.F.);
#6781=ADVANCED_FACE('',(#6780),#6773,.T.);
#6782=CARTESIAN_POINT('',(-1.8825E0,-5.05E-1,-4.985E0));
#6783=DIRECTION('',(-1.E0,0.E0,0.E0));
#6784=DIRECTION('',(0.E0,0.E0,-1.E0));
#6785=AXIS2_PLACEMENT_3D('',#6782,#6783,#6784);
#6786=CYLINDRICAL_SURFACE('',#6785,1.E-1);
#6787=ORIENTED_EDGE('',*,*,#6563,.F.);
#6789=ORIENTED_EDGE('',*,*,#6788,.T.);
#6790=ORIENTED_EDGE('',*,*,#6636,.T.);
#6791=ORIENTED_EDGE('',*,*,#6775,.F.);
#6792=EDGE_LOOP('',(#6787,#6789,#6790,#6791));
#6793=FACE_OUTER_BOUND('',#6792,.F.);
#6794=ADVANCED_FACE('',(#6793),#6786,.T.);
#6795=CARTESIAN_POINT('',(-1.8825E0,3.55E-1,-5.085E0));
#6796=DIRECTION('',(0.E0,0.E0,-1.E0));
#6797=DIRECTION('',(0.E0,-1.E0,0.E0));
#6798=AXIS2_PLACEMENT_3D('',#6795,#6796,#6797);
#6799=PLANE('',#6798);
#6800=ORIENTED_EDGE('',*,*,#6561,.F.);
#6802=ORIENTED_EDGE('',*,*,#6801,.T.);
#6803=ORIENTED_EDGE('',*,*,#6638,.T.);
#6804=ORIENTED_EDGE('',*,*,#6788,.F.);
#6805=EDGE_LOOP('',(#6800,#6802,#6803,#6804));
#6806=FACE_OUTER_BOUND('',#6805,.F.);
#6807=ADVANCED_FACE('',(#6806),#6799,.T.);
#6808=CARTESIAN_POINT('',(-1.8825E0,3.55E-1,-4.735E0));
#6809=DIRECTION('',(0.E0,1.E0,0.E0));
#6810=DIRECTION('',(0.E0,0.E0,-1.E0));
#6811=AXIS2_PLACEMENT_3D('',#6808,#6809,#6810);
#6812=PLANE('',#6811);
#6813=ORIENTED_EDGE('',*,*,#6559,.F.);
#6815=ORIENTED_EDGE('',*,*,#6814,.T.);
#6816=ORIENTED_EDGE('',*,*,#6640,.T.);
#6817=ORIENTED_EDGE('',*,*,#6801,.F.);
#6818=EDGE_LOOP('',(#6813,#6815,#6816,#6817));
#6819=FACE_OUTER_BOUND('',#6818,.F.);
#6820=ADVANCED_FACE('',(#6819),#6812,.T.);
#6821=CARTESIAN_POINT('',(-1.8825E0,6.05E-1,-4.735E0));
#6822=DIRECTION('',(-1.E0,0.E0,0.E0));
#6823=DIRECTION('',(0.E0,0.E0,-1.E0));
#6824=AXIS2_PLACEMENT_3D('',#6821,#6822,#6823);
#6825=CYLINDRICAL_SURFACE('',#6824,2.5E-1);
#6826=ORIENTED_EDGE('',*,*,#6557,.F.);
#6828=ORIENTED_EDGE('',*,*,#6827,.T.);
#6829=ORIENTED_EDGE('',*,*,#6642,.T.);
#6830=ORIENTED_EDGE('',*,*,#6814,.F.);
#6831=EDGE_LOOP('',(#6826,#6828,#6829,#6830));
#6832=FACE_OUTER_BOUND('',#6831,.F.);
#6833=ADVANCED_FACE('',(#6832),#6825,.F.);
#6834=CARTESIAN_POINT('',(-1.8825E0,9.35E-1,-4.485E0));
#6835=DIRECTION('',(0.E0,0.E0,-1.E0));
#6836=DIRECTION('',(0.E0,-1.E0,0.E0));
#6837=AXIS2_PLACEMENT_3D('',#6834,#6835,#6836);
#6838=PLANE('',#6837);
#6839=ORIENTED_EDGE('',*,*,#6555,.F.);
#6841=ORIENTED_EDGE('',*,*,#6840,.T.);
#6842=ORIENTED_EDGE('',*,*,#6644,.T.);
#6843=ORIENTED_EDGE('',*,*,#6827,.F.);
#6844=EDGE_LOOP('',(#6839,#6841,#6842,#6843));
#6845=FACE_OUTER_BOUND('',#6844,.F.);
#6846=ADVANCED_FACE('',(#6845),#6838,.T.);
#6847=CARTESIAN_POINT('',(-1.8825E0,9.35E-1,-2.437E0));
#6848=DIRECTION('',(0.E0,1.E0,0.E0));
#6849=DIRECTION('',(0.E0,0.E0,-1.E0));
#6850=AXIS2_PLACEMENT_3D('',#6847,#6848,#6849);
#6851=PLANE('',#6850);
#6852=ORIENTED_EDGE('',*,*,#4151,.T.);
#6853=ORIENTED_EDGE('',*,*,#6646,.T.);
#6854=ORIENTED_EDGE('',*,*,#6840,.F.);
#6855=ORIENTED_EDGE('',*,*,#6553,.F.);
#6856=EDGE_LOOP('',(#6852,#6853,#6854,#6855));
#6857=FACE_OUTER_BOUND('',#6856,.F.);
#6858=ADVANCED_FACE('',(#6857),#6851,.T.);
#6859=CARTESIAN_POINT('',(-2.4425E0,0.E0,2.493E0));
#6860=DIRECTION('',(-9.828721869343E-1,0.E0,1.842885350502E-1));
#6861=DIRECTION('',(1.842885350502E-1,0.E0,9.828721869343E-1));
#6862=AXIS2_PLACEMENT_3D('',#6859,#6860,#6861);
#6863=PLANE('',#6862);
#6865=ORIENTED_EDGE('',*,*,#6864,.T.);
#6867=ORIENTED_EDGE('',*,*,#6866,.F.);
#6869=ORIENTED_EDGE('',*,*,#6868,.T.);
#6870=ORIENTED_EDGE('',*,*,#6656,.T.);
#6871=EDGE_LOOP('',(#6865,#6867,#6869,#6870));
#6872=FACE_OUTER_BOUND('',#6871,.F.);
#6873=ADVANCED_FACE('',(#6872),#6863,.T.);
#6874=CARTESIAN_POINT('',(-1.8825E0,1.2E-1,2.893E0));
#6875=DIRECTION('',(0.E0,9.701425001453E-1,2.425356250363E-1));
#6876=DIRECTION('',(0.E0,2.425356250363E-1,-9.701425001453E-1));
#6877=AXIS2_PLACEMENT_3D('',#6874,#6875,#6876);
#6878=PLANE('',#6877);
#6880=ORIENTED_EDGE('',*,*,#6879,.F.);
#6882=ORIENTED_EDGE('',*,*,#6881,.T.);
#6883=ORIENTED_EDGE('',*,*,#6864,.F.);
#6885=ORIENTED_EDGE('',*,*,#6884,.F.);
#6886=EDGE_LOOP('',(#6880,#6882,#6883,#6885));
#6887=FACE_OUTER_BOUND('',#6886,.F.);
#6888=ADVANCED_FACE('',(#6887),#6878,.T.);
#6889=CARTESIAN_POINT('',(-1.9575E0,0.E0,2.493E0));
#6890=DIRECTION('',(9.828721869343E-1,0.E0,1.842885350502E-1));
#6891=DIRECTION('',(-1.842885350502E-1,0.E0,9.828721869343E-1));
#6892=AXIS2_PLACEMENT_3D('',#6889,#6890,#6891);
#6893=PLANE('',#6892);
#6895=ORIENTED_EDGE('',*,*,#6894,.T.);
#6897=ORIENTED_EDGE('',*,*,#6896,.F.);
#6898=ORIENTED_EDGE('',*,*,#6879,.T.);
#6899=ORIENTED_EDGE('',*,*,#6577,.T.);
#6900=EDGE_LOOP('',(#6895,#6897,#6898,#6899));
#6901=FACE_OUTER_BOUND('',#6900,.F.);
#6902=ADVANCED_FACE('',(#6901),#6893,.T.);
#6903=CARTESIAN_POINT('',(-1.8825E0,-3.2E-1,2.093E0));
#6904=DIRECTION('',(0.E0,-9.701425001453E-1,2.425356250363E-1));
#6905=DIRECTION('',(0.E0,2.425356250363E-1,9.701425001453E-1));
#6906=AXIS2_PLACEMENT_3D('',#6903,#6904,#6905);
#6907=PLANE('',#6906);
#6908=ORIENTED_EDGE('',*,*,#6894,.F.);
#6910=ORIENTED_EDGE('',*,*,#6909,.T.);
#6911=ORIENTED_EDGE('',*,*,#6868,.F.);
#6913=ORIENTED_EDGE('',*,*,#6912,.F.);
#6914=EDGE_LOOP('',(#6908,#6910,#6911,#6913));
#6915=FACE_OUTER_BOUND('',#6914,.F.);
#6916=ADVANCED_FACE('',(#6915),#6907,.T.);
#6917=CARTESIAN_POINT('',(-1.8825E0,-3.2E-1,-2.437E0));
#6918=DIRECTION('',(0.E0,-1.E0,0.E0));
#6919=DIRECTION('',(0.E0,0.E0,1.E0));
#6920=AXIS2_PLACEMENT_3D('',#6917,#6918,#6919);
#6921=PLANE('',#6920);
#6922=ORIENTED_EDGE('',*,*,#6909,.F.);
#6923=ORIENTED_EDGE('',*,*,#6582,.F.);
#6924=ORIENTED_EDGE('',*,*,#6491,.T.);
#6925=ORIENTED_EDGE('',*,*,#6658,.T.);
#6926=EDGE_LOOP('',(#6922,#6923,#6924,#6925));
#6927=FACE_OUTER_BOUND('',#6926,.F.);
#6928=ADVANCED_FACE('',(#6927),#6921,.T.);
#6929=CARTESIAN_POINT('',(-1.8825E0,-1.2E-1,2.893E0));
#6930=DIRECTION('',(0.E0,0.E0,1.E0));
#6931=DIRECTION('',(0.E0,1.E0,0.E0));
#6932=AXIS2_PLACEMENT_3D('',#6929,#6930,#6931);
#6933=PLANE('',#6932);
#6934=ORIENTED_EDGE('',*,*,#6896,.T.);
#6935=ORIENTED_EDGE('',*,*,#6912,.T.);
#6936=ORIENTED_EDGE('',*,*,#6866,.T.);
#6937=ORIENTED_EDGE('',*,*,#6881,.F.);
#6938=EDGE_LOOP('',(#6934,#6935,#6936,#6937));
#6939=FACE_OUTER_BOUND('',#6938,.F.);
#6940=ADVANCED_FACE('',(#6939),#6933,.T.);
#6941=CARTESIAN_POINT('',(-1.8825E0,3.2E-1,2.093E0));
#6942=DIRECTION('',(0.E0,1.E0,0.E0));
#6943=DIRECTION('',(0.E0,0.E0,-1.E0));
#6944=AXIS2_PLACEMENT_3D('',#6941,#6942,#6943);
#6945=PLANE('',#6944);
#6946=ORIENTED_EDGE('',*,*,#6884,.T.);
#6947=ORIENTED_EDGE('',*,*,#6661,.T.);
#6948=ORIENTED_EDGE('',*,*,#6487,.F.);
#6949=ORIENTED_EDGE('',*,*,#6579,.F.);
#6950=EDGE_LOOP('',(#6946,#6947,#6948,#6949));
#6951=FACE_OUTER_BOUND('',#6950,.F.);
#6952=ADVANCED_FACE('',(#6951),#6945,.T.);
#6953=CARTESIAN_POINT('',(-2.E0,3.74E0,-2.345E0));
#6954=DIRECTION('',(0.E0,1.E0,0.E0));
#6955=DIRECTION('',(1.E0,0.E0,0.E0));
#6956=AXIS2_PLACEMENT_3D('',#6953,#6954,#6955);
#6957=PLANE('',#6956);
#6958=ORIENTED_EDGE('',*,*,#5611,.F.);
#6959=ORIENTED_EDGE('',*,*,#5784,.T.);
#6960=ORIENTED_EDGE('',*,*,#5814,.T.);
#6962=ORIENTED_EDGE('',*,*,#6961,.F.);
#6963=EDGE_LOOP('',(#6958,#6959,#6960,#6962));
#6964=FACE_OUTER_BOUND('',#6963,.F.);
#6965=ADVANCED_FACE('',(#6964),#6957,.F.);
#6966=CARTESIAN_POINT('',(-9.5E-1,3.74E0,-2.345E0));
#6967=DIRECTION('',(-1.E0,0.E0,0.E0));
#6968=DIRECTION('',(0.E0,1.E0,0.E0));
#6969=AXIS2_PLACEMENT_3D('',#6966,#6967,#6968);
#6970=PLANE('',#6969);
#6971=ORIENTED_EDGE('',*,*,#5613,.F.);
#6972=ORIENTED_EDGE('',*,*,#6961,.T.);
#6973=ORIENTED_EDGE('',*,*,#5819,.F.);
#6975=ORIENTED_EDGE('',*,*,#6974,.T.);
#6977=ORIENTED_EDGE('',*,*,#6976,.T.);
#6979=ORIENTED_EDGE('',*,*,#6978,.F.);
#6980=EDGE_LOOP('',(#6971,#6972,#6973,#6975,#6977,#6979));
#6981=FACE_OUTER_BOUND('',#6980,.F.);
#6982=ADVANCED_FACE('',(#6981),#6970,.F.);
#6983=CARTESIAN_POINT('',(2.6E0,3.75E0,5.805E0));
#6984=DIRECTION('',(0.E0,1.E0,0.E0));
#6985=DIRECTION('',(-1.E0,0.E0,0.E0));
#6986=AXIS2_PLACEMENT_3D('',#6983,#6984,#6985);
#6987=PLANE('',#6986);
#6989=ORIENTED_EDGE('',*,*,#6988,.T.);
#6990=ORIENTED_EDGE('',*,*,#6974,.F.);
#6991=ORIENTED_EDGE('',*,*,#5817,.T.);
#6992=ORIENTED_EDGE('',*,*,#5780,.F.);
#6993=ORIENTED_EDGE('',*,*,#5516,.F.);
#6994=ORIENTED_EDGE('',*,*,#5544,.T.);
#6995=ORIENTED_EDGE('',*,*,#5831,.T.);
#6997=ORIENTED_EDGE('',*,*,#6996,.T.);
#6998=EDGE_LOOP('',(#6989,#6990,#6991,#6992,#6993,#6994,#6995,#6997));
#6999=FACE_OUTER_BOUND('',#6998,.F.);
#7000=ADVANCED_FACE('',(#6999),#6987,.F.);
#7001=CARTESIAN_POINT('',(-2.5E0,0.E0,4.505E0));
#7002=DIRECTION('',(0.E0,0.E0,-1.E0));
#7003=DIRECTION('',(-1.E0,0.E0,0.E0));
#7004=AXIS2_PLACEMENT_3D('',#7001,#7002,#7003);
#7005=PLANE('',#7004);
#7006=ORIENTED_EDGE('',*,*,#6988,.F.);
#7008=ORIENTED_EDGE('',*,*,#7007,.F.);
#7010=ORIENTED_EDGE('',*,*,#7009,.F.);
#7011=ORIENTED_EDGE('',*,*,#6976,.F.);
#7012=EDGE_LOOP('',(#7006,#7008,#7010,#7011));
#7013=FACE_OUTER_BOUND('',#7012,.F.);
#7014=ADVANCED_FACE('',(#7013),#7005,.T.);
#7015=CARTESIAN_POINT('',(1.55E0,4.65E0,-2.345E0));
#7016=DIRECTION('',(1.E0,0.E0,0.E0));
#7017=DIRECTION('',(0.E0,-1.E0,0.E0));
#7018=AXIS2_PLACEMENT_3D('',#7015,#7016,#7017);
#7019=PLANE('',#7018);
#7020=ORIENTED_EDGE('',*,*,#5617,.F.);
#7022=ORIENTED_EDGE('',*,*,#7021,.T.);
#7023=ORIENTED_EDGE('',*,*,#7007,.T.);
#7024=ORIENTED_EDGE('',*,*,#6996,.F.);
#7025=ORIENTED_EDGE('',*,*,#5829,.T.);
#7027=ORIENTED_EDGE('',*,*,#7026,.F.);
#7028=EDGE_LOOP('',(#7020,#7022,#7023,#7024,#7025,#7027));
#7029=FACE_OUTER_BOUND('',#7028,.F.);
#7030=ADVANCED_FACE('',(#7029),#7019,.F.);
#7031=CARTESIAN_POINT('',(-9.5E-1,4.65E0,-2.345E0));
#7032=DIRECTION('',(0.E0,1.E0,0.E0));
#7033=DIRECTION('',(1.E0,0.E0,0.E0));
#7034=AXIS2_PLACEMENT_3D('',#7031,#7032,#7033);
#7035=PLANE('',#7034);
#7036=ORIENTED_EDGE('',*,*,#5615,.F.);
#7037=ORIENTED_EDGE('',*,*,#6978,.T.);
#7038=ORIENTED_EDGE('',*,*,#7009,.T.);
#7039=ORIENTED_EDGE('',*,*,#7021,.F.);
#7040=EDGE_LOOP('',(#7036,#7037,#7038,#7039));
#7041=FACE_OUTER_BOUND('',#7040,.F.);
#7042=ADVANCED_FACE('',(#7041),#7035,.F.);
#7043=CARTESIAN_POINT('',(1.55E0,3.74E0,-2.345E0));
#7044=DIRECTION('',(0.E0,1.E0,0.E0));
#7045=DIRECTION('',(1.E0,0.E0,0.E0));
#7046=AXIS2_PLACEMENT_3D('',#7043,#7044,#7045);
#7047=PLANE('',#7046);
#7048=ORIENTED_EDGE('',*,*,#5619,.F.);
#7049=ORIENTED_EDGE('',*,*,#7026,.T.);
#7050=ORIENTED_EDGE('',*,*,#5834,.F.);
#7051=ORIENTED_EDGE('',*,*,#5540,.F.);
#7052=EDGE_LOOP('',(#7048,#7049,#7050,#7051));
#7053=FACE_OUTER_BOUND('',#7052,.F.);
#7054=ADVANCED_FACE('',(#7053),#7047,.F.);
#7055=CARTESIAN_POINT('',(-2.3E0,1.4062164E1,-2.145E0));
#7056=DIRECTION('',(0.E0,-1.E0,0.E0));
#7057=DIRECTION('',(-1.E0,0.E0,0.E0));
#7058=AXIS2_PLACEMENT_3D('',#7055,#7056,#7057);
#7059=CYLINDRICAL_SURFACE('',#7058,2.E-1);
#7060=ORIENTED_EDGE('',*,*,#5717,.T.);
#7061=ORIENTED_EDGE('',*,*,#5747,.T.);
#7062=ORIENTED_EDGE('',*,*,#5605,.F.);
#7064=ORIENTED_EDGE('',*,*,#7063,.T.);
#7065=EDGE_LOOP('',(#7060,#7061,#7062,#7064));
#7066=FACE_OUTER_BOUND('',#7065,.F.);
#7067=ADVANCED_FACE('',(#7066),#7059,.T.);
#7068=CARTESIAN_POINT('',(-2.3E0,4.75E0,-2.145E0));
#7069=DIRECTION('',(0.E0,7.071067811865E-1,7.071067811865E-1));
#7070=DIRECTION('',(0.E0,7.071067811865E-1,-7.071067811865E-1));
#7071=AXIS2_PLACEMENT_3D('',#7068,#7069,#7070);
#7072=SPHERICAL_SURFACE('',#7071,2.E-1);
#7073=ORIENTED_EDGE('',*,*,#5632,.F.);
#7074=ORIENTED_EDGE('',*,*,#5664,.F.);
#7075=ORIENTED_EDGE('',*,*,#7063,.F.);
#7076=EDGE_LOOP('',(#7073,#7074,#7075));
#7077=FACE_OUTER_BOUND('',#7076,.F.);
#7078=ADVANCED_FACE('',(#7077),#7072,.T.);
#7079=CARTESIAN_POINT('',(-5.12E0,0.E0,3.345E0));
#7080=DIRECTION('',(-8.944271909999E-1,0.E0,4.472135955E-1));
#7081=DIRECTION('',(-4.472135955E-1,0.E0,-8.944271909999E-1));
#7082=AXIS2_PLACEMENT_3D('',#7079,#7080,#7081);
#7083=PLANE('',#7082);
#7085=ORIENTED_EDGE('',*,*,#7084,.T.);
#7086=ORIENTED_EDGE('',*,*,#4938,.T.);
#7088=ORIENTED_EDGE('',*,*,#7087,.T.);
#7089=ORIENTED_EDGE('',*,*,#3488,.T.);
#7091=ORIENTED_EDGE('',*,*,#7090,.F.);
#7092=ORIENTED_EDGE('',*,*,#5362,.T.);
#7093=ORIENTED_EDGE('',*,*,#4654,.T.);
#7094=ORIENTED_EDGE('',*,*,#4918,.T.);
#7095=EDGE_LOOP('',(#7085,#7086,#7088,#7089,#7091,#7092,#7093,#7094));
#7096=FACE_OUTER_BOUND('',#7095,.F.);
#7097=ADVANCED_FACE('',(#7096),#7083,.T.);
#7098=CARTESIAN_POINT('',(-4.525E0,-1.2E0,4.25E-1));
#7099=DIRECTION('',(0.E0,-1.E0,0.E0));
#7100=DIRECTION('',(0.E0,0.E0,1.E0));
#7101=AXIS2_PLACEMENT_3D('',#7098,#7099,#7100);
#7102=PLANE('',#7101);
#7104=ORIENTED_EDGE('',*,*,#7103,.F.);
#7105=ORIENTED_EDGE('',*,*,#7084,.F.);
#7106=ORIENTED_EDGE('',*,*,#5008,.T.);
#7107=EDGE_LOOP('',(#7104,#7105,#7106));
#7108=FACE_OUTER_BOUND('',#7107,.F.);
#7109=ADVANCED_FACE('',(#7108),#7102,.F.);
#7110=CARTESIAN_POINT('',(-5.025E0,-1.74E0,0.E0));
#7111=DIRECTION('',(1.E0,0.E0,0.E0));
#7112=DIRECTION('',(0.E0,0.E0,-1.E0));
#7113=AXIS2_PLACEMENT_3D('',#7110,#7111,#7112);
#7114=PLANE('',#7113);
#7115=ORIENTED_EDGE('',*,*,#7103,.T.);
#7116=ORIENTED_EDGE('',*,*,#5006,.T.);
#7117=ORIENTED_EDGE('',*,*,#5022,.T.);
#7118=ORIENTED_EDGE('',*,*,#5036,.T.);
#7119=ORIENTED_EDGE('',*,*,#5050,.T.);
#7120=ORIENTED_EDGE('',*,*,#5064,.T.);
#7121=ORIENTED_EDGE('',*,*,#5078,.T.);
#7122=ORIENTED_EDGE('',*,*,#5092,.T.);
#7123=ORIENTED_EDGE('',*,*,#5106,.T.);
#7124=ORIENTED_EDGE('',*,*,#5120,.T.);
#7125=ORIENTED_EDGE('',*,*,#5134,.T.);
#7126=ORIENTED_EDGE('',*,*,#5148,.T.);
#7127=ORIENTED_EDGE('',*,*,#5162,.T.);
#7128=ORIENTED_EDGE('',*,*,#5176,.T.);
#7129=ORIENTED_EDGE('',*,*,#5190,.T.);
#7130=ORIENTED_EDGE('',*,*,#5204,.T.);
#7131=ORIENTED_EDGE('',*,*,#5218,.T.);
#7132=ORIENTED_EDGE('',*,*,#5232,.T.);
#7133=ORIENTED_EDGE('',*,*,#5246,.T.);
#7134=ORIENTED_EDGE('',*,*,#5260,.T.);
#7135=ORIENTED_EDGE('',*,*,#5274,.T.);
#7136=ORIENTED_EDGE('',*,*,#5288,.T.);
#7137=ORIENTED_EDGE('',*,*,#5302,.T.);
#7138=ORIENTED_EDGE('',*,*,#5321,.F.);
#7139=ORIENTED_EDGE('',*,*,#4932,.F.);
#7140=EDGE_LOOP('',(#7115,#7116,#7117,#7118,#7119,#7120,#7121,#7122,#7123,#7124,
#7125,#7126,#7127,#7128,#7129,#7130,#7131,#7132,#7133,#7134,#7135,#7136,#7137,
#7138,#7139));
#7141=FACE_OUTER_BOUND('',#7140,.F.);
#7142=ADVANCED_FACE('',(#7141),#7114,.F.);
#7143=CARTESIAN_POINT('',(-5.125E0,-1.74E0,0.E0));
#7144=DIRECTION('',(1.E0,0.E0,0.E0));
#7145=DIRECTION('',(0.E0,0.E0,-1.E0));
#7146=AXIS2_PLACEMENT_3D('',#7143,#7144,#7145);
#7147=PLANE('',#7146);
#7148=ORIENTED_EDGE('',*,*,#4936,.F.);
#7149=ORIENTED_EDGE('',*,*,#5318,.F.);
#7150=ORIENTED_EDGE('',*,*,#5367,.T.);
#7151=ORIENTED_EDGE('',*,*,#4161,.F.);
#7152=ORIENTED_EDGE('',*,*,#3482,.F.);
#7153=ORIENTED_EDGE('',*,*,#7087,.F.);
#7154=EDGE_LOOP('',(#7148,#7149,#7150,#7151,#7152,#7153));
#7155=FACE_OUTER_BOUND('',#7154,.F.);
#7156=ADVANCED_FACE('',(#7155),#7147,.T.);
#7157=CARTESIAN_POINT('',(-5.62E0,-1.74E0,-4.345E0));
#7158=DIRECTION('',(-1.E0,0.E0,0.E0));
#7159=DIRECTION('',(0.E0,0.E0,1.E0));
#7160=AXIS2_PLACEMENT_3D('',#7157,#7158,#7159);
#7161=PLANE('',#7160);
#7162=ORIENTED_EDGE('',*,*,#7090,.T.);
#7163=ORIENTED_EDGE('',*,*,#3486,.F.);
#7164=ORIENTED_EDGE('',*,*,#4165,.T.);
#7165=ORIENTED_EDGE('',*,*,#5364,.T.);
#7166=EDGE_LOOP('',(#7162,#7163,#7164,#7165));
#7167=FACE_OUTER_BOUND('',#7166,.F.);
#7168=ADVANCED_FACE('',(#7167),#7161,.T.);
#7169=CARTESIAN_POINT('',(3.1175E0,3.2E-1,2.093E0));
#7170=DIRECTION('',(0.E0,1.E0,0.E0));
#7171=DIRECTION('',(0.E0,0.E0,-1.E0));
#7172=AXIS2_PLACEMENT_3D('',#7169,#7170,#7171);
#7173=PLANE('',#7172);
#7174=ORIENTED_EDGE('',*,*,#4536,.T.);
#7175=ORIENTED_EDGE('',*,*,#4313,.T.);
#7176=ORIENTED_EDGE('',*,*,#4598,.F.);
#7177=ORIENTED_EDGE('',*,*,#4229,.F.);
#7178=EDGE_LOOP('',(#7174,#7175,#7176,#7177));
#7179=FACE_OUTER_BOUND('',#7178,.F.);
#7180=ADVANCED_FACE('',(#7179),#7173,.T.);
#7181=CARTESIAN_POINT('',(3.1175E0,-1.2E-1,2.893E0));
#7182=DIRECTION('',(0.E0,0.E0,1.E0));
#7183=DIRECTION('',(0.E0,1.E0,0.E0));
#7184=AXIS2_PLACEMENT_3D('',#7181,#7182,#7183);
#7185=PLANE('',#7184);
#7186=ORIENTED_EDGE('',*,*,#4548,.T.);
#7187=ORIENTED_EDGE('',*,*,#4564,.T.);
#7188=ORIENTED_EDGE('',*,*,#4518,.T.);
#7189=ORIENTED_EDGE('',*,*,#4533,.F.);
#7190=EDGE_LOOP('',(#7186,#7187,#7188,#7189));
#7191=FACE_OUTER_BOUND('',#7190,.F.);
#7192=ADVANCED_FACE('',(#7191),#7185,.T.);
#7193=CLOSED_SHELL('',(#3476,#3492,#3548,#3579,#3592,#3649,#3665,#3684,#3698,
#3753,#3767,#3780,#3793,#3806,#3819,#3832,#3845,#3858,#3871,#3884,#3897,#3910,
#3923,#3936,#3949,#3962,#3975,#3988,#4001,#4014,#4027,#4040,#4059,#4075,#4089,
#4155,#4170,#4196,#4221,#4237,#4251,#4276,#4301,#4317,#4330,#4343,#4356,#4369,
#4382,#4395,#4407,#4420,#4433,#4446,#4459,#4472,#4485,#4498,#4510,#4525,#4540,
#4554,#4568,#4581,#4604,#4629,#4717,#4732,#4746,#4760,#4773,#4785,#4799,#4814,
#4828,#4841,#4854,#4866,#4879,#4891,#4908,#4926,#4942,#4997,#5013,#5027,#5041,
#5055,#5069,#5083,#5097,#5111,#5125,#5139,#5153,#5167,#5181,#5195,#5209,#5223,
#5237,#5251,#5265,#5279,#5293,#5307,#5326,#5372,#5386,#5405,#5422,#5435,#5451,
#5464,#5476,#5490,#5508,#5529,#5554,#5568,#5581,#5595,#5624,#5639,#5654,#5669,
#5685,#5698,#5709,#5725,#5738,#5752,#5765,#5788,#5808,#5823,#5838,#5853,#5866,
#5886,#5900,#5914,#5933,#5946,#5959,#5971,#5993,#6019,#6044,#6059,#6073,#6098,
#6123,#6138,#6151,#6164,#6177,#6190,#6203,#6216,#6228,#6241,#6254,#6267,#6280,
#6293,#6306,#6319,#6331,#6346,#6361,#6375,#6389,#6401,#6413,#6425,#6438,#6455,
#6471,#6495,#6508,#6520,#6546,#6571,#6586,#6600,#6625,#6650,#6665,#6678,#6691,
#6704,#6717,#6730,#6743,#6755,#6768,#6781,#6794,#6807,#6820,#6833,#6846,#6858,
#6873,#6888,#6902,#6916,#6928,#6940,#6952,#6965,#6982,#7000,#7014,#7030,#7042,
#7054,#7067,#7078,#7097,#7109,#7142,#7156,#7168,#7180,#7192));
#7194=MANIFOLD_SOLID_BREP('',#7193);
#7195=CARTESIAN_POINT('',(0.E0,0.E0,0.E0));
#7196=DIRECTION('',(0.E0,0.E0,1.E0));
#7197=DIRECTION('',(1.E0,0.E0,0.E0));
#7198=AXIS2_PLACEMENT_3D('PRT_CSYS_DEF',#7195,#7196,#7197);
#7199=DIRECTION('',(0.E0,0.E0,1.E0));
#7200=VECTOR('',#7199,2.5E0);
#7201=CARTESIAN_POINT('',(3.42E0,-2.04E0,-5.925E0));
#7202=LINE('',#7201,#7200);
#7205=DIRECTION('',(-1.E0,0.E0,0.E0));
#7206=VECTOR('',#7205,1.24E0);
#7207=CARTESIAN_POINT('',(3.42E0,-2.04E0,-3.425E0));
#7208=LINE('',#7207,#7206);
#7211=DIRECTION('',(0.E0,0.E0,-1.E0));
#7212=VECTOR('',#7211,2.5E0);
#7213=CARTESIAN_POINT('',(2.18E0,-2.04E0,-3.425E0));
#7214=LINE('',#7213,#7212);
#7217=DIRECTION('',(1.E0,0.E0,0.E0));
#7218=VECTOR('',#7217,1.24E0);
#7219=CARTESIAN_POINT('',(2.18E0,-2.04E0,-5.925E0));
#7220=LINE('',#7219,#7218);
#7225=DIRECTION('',(0.E0,0.E0,1.E0));
#7226=VECTOR('',#7225,2.5E0);
#7227=CARTESIAN_POINT('',(9.2E-1,-2.04E0,-5.925E0));
#7228=LINE('',#7227,#7226);
#7231=DIRECTION('',(-1.E0,0.E0,0.E0));
#7232=VECTOR('',#7231,1.24E0);
#7233=CARTESIAN_POINT('',(9.2E-1,-2.04E0,-3.425E0));
#7234=LINE('',#7233,#7232);
#7237=DIRECTION('',(0.E0,0.E0,-1.E0));
#7238=VECTOR('',#7237,2.5E0);
#7239=CARTESIAN_POINT('',(-3.2E-1,-2.04E0,-3.425E0));
#7240=LINE('',#7239,#7238);
#7243=DIRECTION('',(1.E0,0.E0,0.E0));
#7244=VECTOR('',#7243,1.24E0);
#7245=CARTESIAN_POINT('',(-3.2E-1,-2.04E0,-5.925E0));
#7246=LINE('',#7245,#7244);
#7250=DIRECTION('',(0.E0,0.E0,1.E0));
#7251=VECTOR('',#7250,2.5E0);
#7252=CARTESIAN_POINT('',(-1.58E0,-2.04E0,-5.925E0));
#7253=LINE('',#7252,#7251);
#7256=DIRECTION('',(-1.E0,0.E0,0.E0));
#7257=VECTOR('',#7256,1.24E0);
#7258=CARTESIAN_POINT('',(-1.58E0,-2.04E0,-3.425E0));
#7259=LINE('',#7258,#7257);
#7262=DIRECTION('',(0.E0,0.E0,-1.E0));
#7263=VECTOR('',#7262,2.5E0);
#7264=CARTESIAN_POINT('',(-2.82E0,-2.04E0,-3.425E0));
#7265=LINE('',#7264,#7263);
#7268=DIRECTION('',(1.E0,0.E0,0.E0));
#7269=VECTOR('',#7268,1.24E0);
#7270=CARTESIAN_POINT('',(-2.82E0,-2.04E0,-5.925E0));
#7271=LINE('',#7270,#7269);
#7275=DIRECTION('',(0.E0,0.E0,1.E0));
#7276=VECTOR('',#7275,8.2E0);
#7277=CARTESIAN_POINT('',(5.325E0,-2.04E0,-3.855E0));
#7278=LINE('',#7277,#7276);
#7281=DIRECTION('',(-1.E0,0.E0,0.E0));
#7282=VECTOR('',#7281,1.1E0);
#7283=CARTESIAN_POINT('',(5.325E0,-2.04E0,4.345E0));
#7284=LINE('',#7283,#7282);
#7287=DIRECTION('',(0.E0,0.E0,-1.E0));
#7288=VECTOR('',#7287,8.2E0);
#7289=CARTESIAN_POINT('',(4.225E0,-2.04E0,4.345E0));
#7290=LINE('',#7289,#7288);
#7293=DIRECTION('',(1.E0,0.E0,0.E0));
#7294=VECTOR('',#7293,1.1E0);
#7295=CARTESIAN_POINT('',(4.225E0,-2.04E0,-3.855E0));
#7296=LINE('',#7295,#7294);
#7300=DIRECTION('',(1.E0,0.E0,0.E0));
#7301=VECTOR('',#7300,1.1E0);
#7302=CARTESIAN_POINT('',(-5.325E0,-2.04E0,-3.855E0));
#7303=LINE('',#7302,#7301);
#7306=DIRECTION('',(0.E0,0.E0,1.E0));
#7307=VECTOR('',#7306,8.2E0);
#7308=CARTESIAN_POINT('',(-4.225E0,-2.04E0,-3.855E0));
#7309=LINE('',#7308,#7307);
#7312=DIRECTION('',(-1.E0,0.E0,0.E0));
#7313=VECTOR('',#7312,1.1E0);
#7314=CARTESIAN_POINT('',(-4.225E0,-2.04E0,4.345E0));
#7315=LINE('',#7314,#7313);
#7318=DIRECTION('',(0.E0,0.E0,-1.E0));
#7319=VECTOR('',#7318,8.2E0);
#7320=CARTESIAN_POINT('',(-5.325E0,-2.04E0,4.345E0));
#7321=LINE('',#7320,#7319);
#7326=DIMENSIONAL_EXPONENTS(0.E0,0.E0,0.E0,0.E0,0.E0,0.E0,0.E0);
#7328=PLANE_ANGLE_MEASURE_WITH_UNIT(PLANE_ANGLE_MEASURE(1.745329251994E-2),
#7327);
#7329=(CONVERSION_BASED_UNIT('DEGREE',#7328)NAMED_UNIT(*)PLANE_ANGLE_UNIT());
#7331=UNCERTAINTY_MEASURE_WITH_UNIT(LENGTH_MEASURE(1.768517959345E-3),#7325,
'closure',
'Maximum model space distance between geometric entities at asserted connectivities');
#7332=(GEOMETRIC_REPRESENTATION_CONTEXT(3)GLOBAL_UNCERTAINTY_ASSIGNED_CONTEXT((
#7331))GLOBAL_UNIT_ASSIGNED_CONTEXT((#7325,#7329,#7330))REPRESENTATION_CONTEXT(
'ID1','3'));
#7224=GEOMETRIC_SET('',(#7223,#7249,#7274,#7299,#7324));
#7336=SHAPE_REPRESENTATION_RELATIONSHIP('','',#7335,#7333);
#7337=SHAPE_REPRESENTATION_RELATIONSHIP('','',#7335,#7334);
#7338=APPLICATION_CONTEXT(
'CONFIGURATION CONTROLLED 3D DESIGNS OF MECHANICAL PARTS AND ASSEMBLIES');
#7339=APPLICATION_PROTOCOL_DEFINITION('international standard',
'config_control_design',1994,#7338);
#7340=DESIGN_CONTEXT('',#7338,'design');
#7341=MECHANICAL_CONTEXT('',#7338,'mechanical');
#7342=PRODUCT('1054301103','1054301103','NOT SPECIFIED',(#7341));
#7343=PRODUCT_DEFINITION_FORMATION_WITH_SPECIFIED_SOURCE('11','LAST_VERSION',
#7342,.MADE.);
#7347=PRODUCT_CATEGORY('part','');
#7348=PRODUCT_RELATED_PRODUCT_CATEGORY('detail','',(#7342));
#7349=PRODUCT_CATEGORY_RELATIONSHIP('','',#7347,#7348);
#7350=SECURITY_CLASSIFICATION_LEVEL('unclassified');
#7351=SECURITY_CLASSIFICATION('','',#7350);
#7352=CC_DESIGN_SECURITY_CLASSIFICATION(#7351,(#7343));
#7353=APPROVAL_STATUS('approved');
#7354=APPROVAL(#7353,'');
#7355=CC_DESIGN_APPROVAL(#7354,(#7351,#7343,#7344));
#7356=CALENDAR_DATE(119,29,1);
#7357=COORDINATED_UNIVERSAL_TIME_OFFSET(5,30,.AHEAD.);
#7358=LOCAL_TIME(15,38,6.E0,#7357);
#7359=DATE_AND_TIME(#7356,#7358);
#7360=APPROVAL_DATE_TIME(#7359,#7354);
#7361=DATE_TIME_ROLE('creation_date');
#7362=CC_DESIGN_DATE_AND_TIME_ASSIGNMENT(#7359,#7361,(#7344));
#7363=DATE_TIME_ROLE('classification_date');
#7364=CC_DESIGN_DATE_AND_TIME_ASSIGNMENT(#7359,#7363,(#7351));
#7365=PERSON('UNSPECIFIED','UNSPECIFIED',$,$,$,$);
#7366=ORGANIZATION('UNSPECIFIED','UNSPECIFIED','UNSPECIFIED');
#7367=PERSON_AND_ORGANIZATION(#7365,#7366);
#7368=APPROVAL_ROLE('approver');
#7369=APPROVAL_PERSON_ORGANIZATION(#7367,#7354,#7368);
#7370=PERSON_AND_ORGANIZATION_ROLE('creator');
#7371=CC_DESIGN_PERSON_AND_ORGANIZATION_ASSIGNMENT(#7367,#7370,(#7343,#7344));
#7372=PERSON_AND_ORGANIZATION_ROLE('design_supplier');
#7373=CC_DESIGN_PERSON_AND_ORGANIZATION_ASSIGNMENT(#7367,#7372,(#7343));
#7374=PERSON_AND_ORGANIZATION_ROLE('classification_officer');
#7375=CC_DESIGN_PERSON_AND_ORGANIZATION_ASSIGNMENT(#7367,#7374,(#7351));
#7376=PERSON_AND_ORGANIZATION_ROLE('design_owner');
#7377=CC_DESIGN_PERSON_AND_ORGANIZATION_ASSIGNMENT(#7367,#7376,(#7342));
#173=CIRCLE('',#172,3.E-1);
#182=CIRCLE('',#181,3.E-1);
#195=CIRCLE('',#194,5.E-1);
#204=CIRCLE('',#203,3.E-1);
#213=CIRCLE('',#212,1.5E-1);
#222=CIRCLE('',#221,1.5E-1);
#231=CIRCLE('',#230,1.5E-1);
#240=CIRCLE('',#239,1.5E-1);
#249=CIRCLE('',#248,4.E-1);
#258=CIRCLE('',#257,4.E-1);
#287=CIRCLE('',#286,4.E-1);
#296=CIRCLE('',#295,4.E-1);
#305=CIRCLE('',#304,1.5E-1);
#314=CIRCLE('',#313,1.5E-1);
#323=CIRCLE('',#322,1.5E-1);
#332=CIRCLE('',#331,1.5E-1);
#341=CIRCLE('',#340,3.E-1);
#350=CIRCLE('',#349,5.E-1);
#363=CIRCLE('',#362,3.E-1);
#372=CIRCLE('',#371,3.E-1);
#597=CIRCLE('',#596,3.E-1);
#614=CIRCLE('',#613,2.E-1);
#623=CIRCLE('',#622,2.E-1);
#640=CIRCLE('',#639,2.5E-1);
#653=CIRCLE('',#652,1.E-1);
#662=CIRCLE('',#661,3.E-1);
#683=CIRCLE('',#682,2.E-1);
#692=CIRCLE('',#691,2.E-1);
#709=CIRCLE('',#708,3.E-1);
#714=CIRCLE('',#713,3.E-1);
#723=CIRCLE('',#722,1.E-1);
#736=CIRCLE('',#735,2.5E-1);
#1117=CIRCLE('',#1116,4.E-1);
#1130=CIRCLE('',#1129,3.E-1);
#1139=CIRCLE('',#1138,3.E-1);
#1152=CIRCLE('',#1151,5.E-1);
#1161=CIRCLE('',#1160,3.E-1);
#1170=CIRCLE('',#1169,1.5E-1);
#1179=CIRCLE('',#1178,1.5E-1);
#1188=CIRCLE('',#1187,1.5E-1);
#1197=CIRCLE('',#1196,1.5E-1);
#1206=CIRCLE('',#1205,4.E-1);
#1355=CIRCLE('',#1354,4.E-1);
#1368=CIRCLE('',#1367,4.E-1);
#1469=CIRCLE('',#1468,2.E-1);
#1522=CIRCLE('',#1521,2.E-1);
#1527=CIRCLE('',#1526,2.E-1);
#1532=CIRCLE('',#1531,2.E-1);
#1537=CIRCLE('',#1536,2.E-1);
#1602=CIRCLE('',#1601,2.E-1);
#1611=CIRCLE('',#1610,2.E-1);
#1616=CIRCLE('',#1615,2.E-1);
#1621=CIRCLE('',#1620,2.E-1);
#1626=CIRCLE('',#1625,2.E-1);
#1655=CIRCLE('',#1654,2.E-1);
#1660=CIRCLE('',#1659,2.E-1);
#1665=CIRCLE('',#1664,2.E-1);
#1670=CIRCLE('',#1669,2.E-1);
#1675=CIRCLE('',#1674,2.E-1);
#1840=CIRCLE('',#1839,3.E-1);
#1857=CIRCLE('',#1856,2.E-1);
#1866=CIRCLE('',#1865,2.E-1);
#1883=CIRCLE('',#1882,2.5E-1);
#1896=CIRCLE('',#1895,1.E-1);
#1905=CIRCLE('',#1904,3.E-1);
#1926=CIRCLE('',#1925,2.E-1);
#1935=CIRCLE('',#1934,2.E-1);
#1952=CIRCLE('',#1951,3.E-1);
#1957=CIRCLE('',#1956,3.E-1);
#1966=CIRCLE('',#1965,1.E-1);
#1979=CIRCLE('',#1978,2.5E-1);
#2164=CIRCLE('',#2163,3.E-1);
#2181=CIRCLE('',#2180,2.E-1);
#2190=CIRCLE('',#2189,2.E-1);
#2207=CIRCLE('',#2206,2.5E-1);
#2220=CIRCLE('',#2219,1.E-1);
#2229=CIRCLE('',#2228,3.E-1);
#2250=CIRCLE('',#2249,2.E-1);
#2259=CIRCLE('',#2258,2.E-1);
#2276=CIRCLE('',#2275,3.E-1);
#2281=CIRCLE('',#2280,3.E-1);
#2290=CIRCLE('',#2289,1.E-1);
#2303=CIRCLE('',#2302,2.5E-1);
#2472=CIRCLE('',#2471,2.E-1);
#2477=CIRCLE('',#2476,2.E-1);
#2482=CIRCLE('',#2481,2.E-1);
#2507=CIRCLE('',#2506,4.E-1);
#2516=CIRCLE('',#2515,4.E-1);
#2525=CIRCLE('',#2524,1.5E-1);
#2534=CIRCLE('',#2533,1.5E-1);
#2543=CIRCLE('',#2542,1.5E-1);
#2552=CIRCLE('',#2551,1.5E-1);
#2561=CIRCLE('',#2560,3.E-1);
#2570=CIRCLE('',#2569,5.E-1);
#2583=CIRCLE('',#2582,3.E-1);
#2592=CIRCLE('',#2591,3.E-1);
#3466=EDGE_CURVE('',#3152,#3215,#4,.T.);
#3468=EDGE_CURVE('',#3152,#2639,#8,.T.);
#3470=EDGE_CURVE('',#2639,#3226,#12,.T.);
#3472=EDGE_CURVE('',#3215,#3226,#16,.T.);
#3482=EDGE_CURVE('',#3393,#3394,#20,.T.);
#3484=EDGE_CURVE('',#3394,#2635,#24,.T.);
#3486=EDGE_CURVE('',#2635,#3144,#28,.T.);
#3488=EDGE_CURVE('',#3393,#3144,#32,.T.);
#3498=EDGE_CURVE('',#3447,#3448,#36,.T.);
#3500=EDGE_CURVE('',#3456,#3448,#40,.T.);
#3502=EDGE_CURVE('',#3456,#3458,#44,.T.);
#3504=EDGE_CURVE('',#3458,#3451,#48,.T.);
#3506=EDGE_CURVE('',#3451,#3452,#52,.T.);
#3508=EDGE_CURVE('',#3460,#3452,#56,.T.);
#3510=EDGE_CURVE('',#3460,#3223,#60,.T.);
#3512=EDGE_CURVE('',#3223,#3224,#64,.T.);
#3514=EDGE_CURVE('',#3224,#2763,#68,.T.);
#3516=EDGE_CURVE('',#2763,#2764,#72,.T.);
#3518=EDGE_CURVE('',#2764,#2768,#76,.T.);
#3520=EDGE_CURVE('',#2767,#2768,#80,.T.);
#3522=EDGE_CURVE('',#2767,#2863,#84,.T.);
#3524=EDGE_CURVE('',#2863,#2864,#88,.T.);
#3526=EDGE_CURVE('',#2864,#2868,#92,.T.);
#3528=EDGE_CURVE('',#2867,#2868,#96,.T.);
#3530=EDGE_CURVE('',#2867,#2963,#100,.T.);
#3532=EDGE_CURVE('',#2963,#2964,#104,.T.);
#3534=EDGE_CURVE('',#2964,#2968,#108,.T.);
#3536=EDGE_CURVE('',#2967,#2968,#112,.T.);
#3538=EDGE_CURVE('',#2967,#3390,#116,.T.);
#3540=EDGE_CURVE('',#3389,#3390,#120,.T.);
#3542=EDGE_CURVE('',#3389,#3454,#124,.T.);
#3544=EDGE_CURVE('',#3454,#3447,#128,.T.);
#3554=EDGE_CURVE('',#3236,#3211,#132,.T.);
#3556=EDGE_CURVE('',#3218,#3236,#136,.T.);
#3558=EDGE_CURVE('',#3149,#3218,#1004,.T.);
#3560=EDGE_CURVE('',#3149,#3150,#1342,.T.);
#3562=EDGE_CURVE('',#3150,#3412,#1420,.T.);
#3564=EDGE_CURVE('',#3412,#3416,#140,.T.);
#3566=EDGE_CURVE('',#3415,#3416,#144,.T.);
#3568=EDGE_CURVE('',#3407,#3415,#148,.T.);
#3570=EDGE_CURVE('',#3407,#3152,#1424,.T.);
#3573=EDGE_CURVE('',#3215,#3216,#152,.T.);
#3575=EDGE_CURVE('',#3211,#3216,#156,.T.);
#3585=EDGE_CURVE('',#3211,#3212,#160,.T.);
#3587=EDGE_CURVE('',#3236,#3212,#384,.T.);
#3599=EDGE_CURVE('',#3211,#3242,#278,.T.);
#3601=EDGE_CURVE('',#3242,#3278,#480,.T.);
#3603=EDGE_CURVE('',#3270,#3278,#164,.T.);
#3605=EDGE_CURVE('',#3268,#3270,#168,.T.);
#3607=EDGE_CURVE('',#3266,#3268,#173,.T.);
#3609=EDGE_CURVE('',#3264,#3266,#177,.T.);
#3611=EDGE_CURVE('',#3262,#3264,#182,.T.);
#3613=EDGE_CURVE('',#3250,#3262,#186,.T.);
#3615=EDGE_CURVE('',#3249,#3250,#190,.T.);
#3617=EDGE_CURVE('',#3208,#3249,#195,.T.);
#3619=EDGE_CURVE('',#3207,#3208,#199,.T.);
#3621=EDGE_CURVE('',#3204,#3207,#204,.T.);
#3623=EDGE_CURVE('',#3203,#3204,#208,.T.);
#3625=EDGE_CURVE('',#3200,#3203,#213,.T.);
#3627=EDGE_CURVE('',#3199,#3200,#217,.T.);
#3629=EDGE_CURVE('',#3196,#3199,#222,.T.);
#3631=EDGE_CURVE('',#3195,#3196,#226,.T.);
#3633=EDGE_CURVE('',#3192,#3195,#231,.T.);
#3635=EDGE_CURVE('',#3191,#3192,#235,.T.);
#3637=EDGE_CURVE('',#3188,#3191,#240,.T.);
#3639=EDGE_CURVE('',#3187,#3188,#244,.T.);
#3641=EDGE_CURVE('',#3184,#3187,#249,.T.);
#3643=EDGE_CURVE('',#3183,#3184,#253,.T.);
#3645=EDGE_CURVE('',#3212,#3183,#258,.T.);
#3655=EDGE_CURVE('',#3423,#3424,#1428,.T.);
#3657=EDGE_CURVE('',#3428,#3423,#262,.T.);
#3659=EDGE_CURVE('',#3426,#3428,#1444,.T.);
#3661=EDGE_CURVE('',#3424,#3426,#1436,.T.);
#3671=EDGE_CURVE('',#3239,#3240,#266,.T.);
#3673=EDGE_CURVE('',#3234,#3240,#270,.T.);
#3675=EDGE_CURVE('',#3234,#3228,#1400,.T.);
#3677=EDGE_CURVE('',#3218,#3228,#1008,.T.);
#3680=EDGE_CURVE('',#3239,#3236,#274,.T.);
#3692=EDGE_CURVE('',#3216,#3220,#488,.T.);
#3694=EDGE_CURVE('',#3242,#3220,#282,.T.);
#3705=EDGE_CURVE('',#3239,#3155,#287,.T.);
#3707=EDGE_CURVE('',#3155,#3156,#291,.T.);
#3709=EDGE_CURVE('',#3156,#3159,#296,.T.);
#3711=EDGE_CURVE('',#3159,#3160,#300,.T.);
#3713=EDGE_CURVE('',#3160,#3163,#305,.T.);
#3715=EDGE_CURVE('',#3163,#3164,#309,.T.);
#3717=EDGE_CURVE('',#3164,#3167,#314,.T.);
#3719=EDGE_CURVE('',#3167,#3168,#318,.T.);
#3721=EDGE_CURVE('',#3168,#3171,#323,.T.);
#3723=EDGE_CURVE('',#3171,#3172,#327,.T.);
#3725=EDGE_CURVE('',#3172,#3175,#332,.T.);
#3727=EDGE_CURVE('',#3175,#3176,#336,.T.);
#3729=EDGE_CURVE('',#3176,#3179,#341,.T.);
#3731=EDGE_CURVE('',#3179,#3180,#345,.T.);
#3733=EDGE_CURVE('',#3180,#3245,#350,.T.);
#3735=EDGE_CURVE('',#3245,#3246,#354,.T.);
#3737=EDGE_CURVE('',#3246,#3252,#358,.T.);
#3739=EDGE_CURVE('',#3252,#3254,#363,.T.);
#3741=EDGE_CURVE('',#3254,#3256,#367,.T.);
#3743=EDGE_CURVE('',#3256,#3258,#372,.T.);
#3745=EDGE_CURVE('',#3258,#3260,#376,.T.);
#3747=EDGE_CURVE('',#3260,#3276,#380,.T.);
#3749=EDGE_CURVE('',#3240,#3276,#472,.T.);
#3762=EDGE_CURVE('',#3155,#3183,#388,.T.);
#3776=EDGE_CURVE('',#3156,#3184,#392,.T.);
#3789=EDGE_CURVE('',#3159,#3187,#396,.T.);
#3802=EDGE_CURVE('',#3160,#3188,#400,.T.);
#3815=EDGE_CURVE('',#3163,#3191,#404,.T.);
#3828=EDGE_CURVE('',#3164,#3192,#408,.T.);
#3841=EDGE_CURVE('',#3167,#3195,#412,.T.);
#3854=EDGE_CURVE('',#3168,#3196,#416,.T.);
#3867=EDGE_CURVE('',#3171,#3199,#420,.T.);
#3880=EDGE_CURVE('',#3172,#3200,#424,.T.);
#3893=EDGE_CURVE('',#3175,#3203,#428,.T.);
#3906=EDGE_CURVE('',#3176,#3204,#432,.T.);
#3919=EDGE_CURVE('',#3179,#3207,#436,.T.);
#3932=EDGE_CURVE('',#3180,#3208,#440,.T.);
#3945=EDGE_CURVE('',#3245,#3249,#444,.T.);
#3958=EDGE_CURVE('',#3246,#3250,#448,.T.);
#3971=EDGE_CURVE('',#3252,#3262,#452,.T.);
#3984=EDGE_CURVE('',#3254,#3264,#456,.T.);
#3997=EDGE_CURVE('',#3256,#3266,#460,.T.);
#4010=EDGE_CURVE('',#3258,#3268,#464,.T.);
#4023=EDGE_CURVE('',#3260,#3270,#468,.T.);
#4033=EDGE_CURVE('',#3276,#3278,#476,.T.);
#4050=EDGE_CURVE('',#3274,#3220,#484,.T.);
#4052=EDGE_CURVE('',#3272,#3274,#1326,.T.);
#4054=EDGE_CURVE('',#3272,#3234,#1404,.T.);
#4067=EDGE_CURVE('',#3226,#3232,#540,.T.);
#4069=EDGE_CURVE('',#3274,#3232,#1330,.T.);
#4083=EDGE_CURVE('',#2639,#2640,#544,.T.);
#4085=EDGE_CURVE('',#2640,#3232,#1334,.T.);
#4095=EDGE_CURVE('',#3390,#3396,#548,.T.);
#4098=EDGE_CURVE('',#2967,#2976,#552,.T.);
#4100=EDGE_CURVE('',#2970,#2976,#556,.T.);
#4102=EDGE_CURVE('',#2963,#2970,#560,.T.);
#4105=EDGE_CURVE('',#2867,#2876,#564,.T.);
#4107=EDGE_CURVE('',#2870,#2876,#568,.T.);
#4109=EDGE_CURVE('',#2863,#2870,#572,.T.);
#4112=EDGE_CURVE('',#2767,#2776,#576,.T.);
#4114=EDGE_CURVE('',#2770,#2776,#580,.T.);
#4116=EDGE_CURVE('',#2763,#2770,#584,.T.);
#4119=EDGE_CURVE('',#3224,#3230,#588,.T.);
#4121=EDGE_CURVE('',#3230,#3396,#1318,.T.);
#4125=EDGE_CURVE('',#2773,#2774,#492,.T.);
#4127=EDGE_CURVE('',#2773,#2779,#496,.T.);
#4129=EDGE_CURVE('',#2779,#2780,#500,.T.);
#4131=EDGE_CURVE('',#2774,#2780,#504,.T.);
#4135=EDGE_CURVE('',#2873,#2874,#508,.T.);
#4137=EDGE_CURVE('',#2873,#2879,#512,.T.);
#4139=EDGE_CURVE('',#2879,#2880,#516,.T.);
#4141=EDGE_CURVE('',#2874,#2880,#520,.T.);
#4145=EDGE_CURVE('',#2973,#2974,#524,.T.);
#4147=EDGE_CURVE('',#2973,#2979,#528,.T.);
#4149=EDGE_CURVE('',#2979,#2980,#532,.T.);
#4151=EDGE_CURVE('',#2974,#2980,#536,.T.);
#4161=EDGE_CURVE('',#3394,#3398,#592,.T.);
#4163=EDGE_CURVE('',#3398,#2636,#1388,.T.);
#4165=EDGE_CURVE('',#2635,#2636,#2616,.T.);
#4178=EDGE_CURVE('',#2770,#2721,#597,.T.);
#4180=EDGE_CURVE('',#2721,#2722,#601,.T.);
#4182=EDGE_CURVE('',#2722,#2724,#605,.T.);
#4184=EDGE_CURVE('',#2724,#2726,#609,.T.);
#4186=EDGE_CURVE('',#2726,#2728,#614,.T.);
#4188=EDGE_CURVE('',#2728,#2730,#618,.T.);
#4190=EDGE_CURVE('',#2730,#2732,#623,.T.);
#4192=EDGE_CURVE('',#2732,#2764,#627,.T.);
#4203=EDGE_CURVE('',#2774,#2707,#631,.T.);
#4205=EDGE_CURVE('',#2707,#2708,#635,.T.);
#4207=EDGE_CURVE('',#2708,#2710,#640,.T.);
#4209=EDGE_CURVE('',#2710,#2712,#644,.T.);
#4211=EDGE_CURVE('',#2712,#2714,#648,.T.);
#4213=EDGE_CURVE('',#2714,#2716,#653,.T.);
#4215=EDGE_CURVE('',#2716,#2718,#657,.T.);
#4217=EDGE_CURVE('',#2718,#2773,#662,.T.);
#4227=EDGE_CURVE('',#2796,#2791,#666,.T.);
#4229=EDGE_CURVE('',#2796,#2784,#670,.T.);
#4231=EDGE_CURVE('',#2783,#2784,#856,.T.);
#4233=EDGE_CURVE('',#2783,#2791,#674,.T.);
#4244=EDGE_CURVE('',#2776,#2749,#709,.T.);
#4246=EDGE_CURVE('',#2721,#2749,#784,.T.);
#4258=EDGE_CURVE('',#2760,#2768,#678,.T.);
#4260=EDGE_CURVE('',#2758,#2760,#683,.T.);
#4262=EDGE_CURVE('',#2756,#2758,#687,.T.);
#4264=EDGE_CURVE('',#2754,#2756,#692,.T.);
#4266=EDGE_CURVE('',#2752,#2754,#696,.T.);
#4268=EDGE_CURVE('',#2750,#2752,#700,.T.);
#4270=EDGE_CURVE('',#2749,#2750,#704,.T.);
#4283=EDGE_CURVE('',#2746,#2779,#714,.T.);
#4285=EDGE_CURVE('',#2744,#2746,#718,.T.);
#4287=EDGE_CURVE('',#2742,#2744,#723,.T.);
#4289=EDGE_CURVE('',#2740,#2742,#727,.T.);
#4291=EDGE_CURVE('',#2738,#2740,#731,.T.);
#4293=EDGE_CURVE('',#2736,#2738,#736,.T.);
#4295=EDGE_CURVE('',#2735,#2736,#740,.T.);
#4297=EDGE_CURVE('',#2780,#2735,#744,.T.);
#4307=EDGE_CURVE('',#2804,#2799,#748,.T.);
#4309=EDGE_CURVE('',#2787,#2804,#752,.T.);
#4311=EDGE_CURVE('',#2787,#2788,#864,.T.);
#4313=EDGE_CURVE('',#2799,#2788,#756,.T.);
#4325=EDGE_CURVE('',#2732,#2760,#760,.T.);
#4337=EDGE_CURVE('',#2730,#2758,#764,.T.);
#4350=EDGE_CURVE('',#2728,#2756,#768,.T.);
#4363=EDGE_CURVE('',#2726,#2754,#772,.T.);
#4376=EDGE_CURVE('',#2724,#2752,#776,.T.);
#4389=EDGE_CURVE('',#2722,#2750,#780,.T.);
#4415=EDGE_CURVE('',#2718,#2746,#788,.T.);
#4427=EDGE_CURVE('',#2716,#2744,#792,.T.);
#4440=EDGE_CURVE('',#2714,#2742,#796,.T.);
#4453=EDGE_CURVE('',#2712,#2740,#800,.T.);
#4466=EDGE_CURVE('',#2710,#2738,#804,.T.);
#4479=EDGE_CURVE('',#2708,#2736,#808,.T.);
#4492=EDGE_CURVE('',#2707,#2735,#812,.T.);
#4516=EDGE_CURVE('',#2799,#2800,#824,.T.);
#4518=EDGE_CURVE('',#2802,#2800,#2632,.T.);
#4520=EDGE_CURVE('',#2802,#2804,#836,.T.);
#4531=EDGE_CURVE('',#2794,#2796,#816,.T.);
#4533=EDGE_CURVE('',#2794,#2800,#820,.T.);
#4536=EDGE_CURVE('',#2796,#2799,#2620,.T.);
#4546=EDGE_CURVE('',#2791,#2792,#828,.T.);
#4548=EDGE_CURVE('',#2794,#2792,#2624,.T.);
#4561=EDGE_CURVE('',#2791,#2804,#832,.T.);
#4564=EDGE_CURVE('',#2792,#2802,#2628,.T.);
#4576=EDGE_CURVE('',#2783,#2787,#868,.T.);
#4587=EDGE_CURVE('',#2651,#2652,#840,.T.);
#4589=EDGE_CURVE('',#2656,#2651,#844,.T.);
#4591=EDGE_CURVE('',#2654,#2656,#848,.T.);
#4593=EDGE_CURVE('',#2652,#2654,#852,.T.);
#4598=EDGE_CURVE('',#2784,#2788,#860,.T.);
#4610=EDGE_CURVE('',#2692,#3012,#872,.T.);
#4612=EDGE_CURVE('',#3012,#3008,#876,.T.);
#4614=EDGE_CURVE('',#3008,#3028,#1695,.T.);
#4616=EDGE_CURVE('',#3028,#2651,#880,.T.);
#4619=EDGE_CURVE('',#2695,#2652,#1767,.T.);
#4621=EDGE_CURVE('',#2695,#2696,#884,.T.);
#4623=EDGE_CURVE('',#2696,#2698,#888,.T.);
#4625=EDGE_CURVE('',#2698,#2692,#892,.T.);
#4636=EDGE_CURVE('',#3436,#3460,#912,.T.);
#4638=EDGE_CURVE('',#3435,#3436,#916,.T.);
#4640=EDGE_CURVE('',#3458,#3435,#920,.T.);
#4643=EDGE_CURVE('',#3432,#3456,#924,.T.);
#4645=EDGE_CURVE('',#3431,#3432,#928,.T.);
#4647=EDGE_CURVE('',#3454,#3431,#932,.T.);
#4650=EDGE_CURVE('',#3389,#3286,#936,.T.);
#4652=EDGE_CURVE('',#3400,#3286,#940,.T.);
#4654=EDGE_CURVE('',#3146,#3400,#944,.T.);
#4656=EDGE_CURVE('',#3146,#3096,#1376,.T.);
#4658=EDGE_CURVE('',#3100,#3096,#1660,.T.);
#4660=EDGE_CURVE('',#2644,#3100,#1650,.T.);
#4662=EDGE_CURVE('',#2644,#3019,#948,.T.);
#4664=EDGE_CURVE('',#3019,#3020,#952,.T.);
#4666=EDGE_CURVE('',#3020,#2685,#956,.T.);
#4668=EDGE_CURVE('',#2685,#2686,#960,.T.);
#4670=EDGE_CURVE('',#2686,#2688,#964,.T.);
#4672=EDGE_CURVE('',#3011,#2688,#2103,.T.);
#4674=EDGE_CURVE('',#3011,#3012,#968,.T.);
#4677=EDGE_CURVE('',#2691,#2692,#972,.T.);
#4679=EDGE_CURVE('',#2691,#2674,#976,.T.);
#4681=EDGE_CURVE('',#2674,#2671,#980,.T.);
#4683=EDGE_CURVE('',#2671,#2672,#984,.T.);
#4685=EDGE_CURVE('',#2659,#2672,#1759,.T.);
#4687=EDGE_CURVE('',#2659,#2660,#988,.T.);
#4689=EDGE_CURVE('',#2660,#3016,#992,.T.);
#4691=EDGE_CURVE('',#3015,#3016,#996,.T.);
#4693=EDGE_CURVE('',#3015,#2648,#1000,.T.);
#4695=EDGE_CURVE('',#2648,#3075,#1477,.T.);
#4697=EDGE_CURVE('',#3079,#3075,#1469,.T.);
#4699=EDGE_CURVE('',#3079,#3149,#1346,.T.);
#4703=EDGE_CURVE('',#3223,#3228,#1012,.T.);
#4707=EDGE_CURVE('',#3135,#3136,#896,.T.);
#4709=EDGE_CURVE('',#3136,#3138,#900,.T.);
#4711=EDGE_CURVE('',#3138,#3140,#904,.T.);
#4713=EDGE_CURVE('',#3140,#3135,#908,.T.);
#4724=EDGE_CURVE('',#3135,#3127,#1016,.T.);
#4726=EDGE_CURVE('',#3127,#3128,#1032,.T.);
#4728=EDGE_CURVE('',#3136,#3128,#1028,.T.);
#4739=EDGE_CURVE('',#3140,#3132,#1020,.T.);
#4741=EDGE_CURVE('',#3132,#3127,#1036,.T.);
#4753=EDGE_CURVE('',#3138,#3130,#1024,.T.);
#4755=EDGE_CURVE('',#3130,#3132,#1040,.T.);
#4768=EDGE_CURVE('',#3128,#3130,#1044,.T.);
#4792=EDGE_CURVE('',#3444,#3452,#1072,.T.);
#4794=EDGE_CURVE('',#3436,#3444,#1048,.T.);
#4806=EDGE_CURVE('',#3447,#3439,#1052,.T.);
#4808=EDGE_CURVE('',#3439,#3440,#1056,.T.);
#4810=EDGE_CURVE('',#3440,#3448,#1060,.T.);
#4821=EDGE_CURVE('',#3451,#3443,#1064,.T.);
#4823=EDGE_CURVE('',#3443,#3444,#1068,.T.);
#4836=EDGE_CURVE('',#3431,#3439,#1076,.T.);
#4848=EDGE_CURVE('',#3432,#3440,#1080,.T.);
#4874=EDGE_CURVE('',#3435,#3443,#1084,.T.);
#4897=EDGE_CURVE('',#3285,#3286,#1088,.T.);
#4902=EDGE_CURVE('',#3288,#3396,#1314,.T.);
#4904=EDGE_CURVE('',#3288,#3285,#1092,.T.);
#4914=EDGE_CURVE('',#3402,#3360,#1096,.T.);
#4916=EDGE_CURVE('',#3362,#3360,#1100,.T.);
#4918=EDGE_CURVE('',#3400,#3362,#2498,.T.);
#4922=EDGE_CURVE('',#3285,#3402,#1104,.T.);
#4932=EDGE_CURVE('',#3349,#3404,#1108,.T.);
#4934=EDGE_CURVE('',#3404,#3281,#1112,.T.);
#4936=EDGE_CURVE('',#3281,#3282,#2604,.T.);
#4938=EDGE_CURVE('',#3349,#3282,#2490,.T.);
#4948=EDGE_CURVE('',#3360,#3293,#1117,.T.);
#4951=EDGE_CURVE('',#3402,#3384,#1302,.T.);
#4953=EDGE_CURVE('',#3372,#3384,#1121,.T.);
#4955=EDGE_CURVE('',#3370,#3372,#1125,.T.);
#4957=EDGE_CURVE('',#3368,#3370,#1130,.T.);
#4959=EDGE_CURVE('',#3366,#3368,#1134,.T.);
#4961=EDGE_CURVE('',#3364,#3366,#1139,.T.);
#4963=EDGE_CURVE('',#3354,#3364,#1143,.T.);
#4965=EDGE_CURVE('',#3353,#3354,#1147,.T.);
#4967=EDGE_CURVE('',#3318,#3353,#1152,.T.);
#4969=EDGE_CURVE('',#3317,#3318,#1156,.T.);
#4971=EDGE_CURVE('',#3314,#3317,#1161,.T.);
#4973=EDGE_CURVE('',#3313,#3314,#1165,.T.);
#4975=EDGE_CURVE('',#3310,#3313,#1170,.T.);
#4977=EDGE_CURVE('',#3309,#3310,#1174,.T.);
#4979=EDGE_CURVE('',#3306,#3309,#1179,.T.);
#4981=EDGE_CURVE('',#3305,#3306,#1183,.T.);
#4983=EDGE_CURVE('',#3302,#3305,#1188,.T.);
#4985=EDGE_CURVE('',#3301,#3302,#1192,.T.);
#4987=EDGE_CURVE('',#3298,#3301,#1197,.T.);
#4989=EDGE_CURVE('',#3297,#3298,#1201,.T.);
#4991=EDGE_CURVE('',#3294,#3297,#1206,.T.);
#4993=EDGE_CURVE('',#3293,#3294,#1210,.T.);
#5004=EDGE_CURVE('',#3293,#3321,#1218,.T.);
#5006=EDGE_CURVE('',#3350,#3321,#2507,.T.);
#5008=EDGE_CURVE('',#3362,#3350,#1214,.T.);
#5020=EDGE_CURVE('',#3294,#3322,#1222,.T.);
#5022=EDGE_CURVE('',#3321,#3322,#2511,.T.);
#5034=EDGE_CURVE('',#3297,#3325,#1226,.T.);
#5036=EDGE_CURVE('',#3322,#3325,#2516,.T.);
#5048=EDGE_CURVE('',#3298,#3326,#1230,.T.);
#5050=EDGE_CURVE('',#3325,#3326,#2520,.T.);
#5062=EDGE_CURVE('',#3301,#3329,#1234,.T.);
#5064=EDGE_CURVE('',#3326,#3329,#2525,.T.);
#5076=EDGE_CURVE('',#3302,#3330,#1238,.T.);
#5078=EDGE_CURVE('',#3329,#3330,#2529,.T.);
#5090=EDGE_CURVE('',#3305,#3333,#1242,.T.);
#5092=EDGE_CURVE('',#3330,#3333,#2534,.T.);
#5104=EDGE_CURVE('',#3306,#3334,#1246,.T.);
#5106=EDGE_CURVE('',#3333,#3334,#2538,.T.);
#5118=EDGE_CURVE('',#3309,#3337,#1250,.T.);
#5120=EDGE_CURVE('',#3334,#3337,#2543,.T.);
#5132=EDGE_CURVE('',#3310,#3338,#1254,.T.);
#5134=EDGE_CURVE('',#3337,#3338,#2547,.T.);
#5146=EDGE_CURVE('',#3313,#3341,#1258,.T.);
#5148=EDGE_CURVE('',#3338,#3341,#2552,.T.);
#5160=EDGE_CURVE('',#3314,#3342,#1262,.T.);
#5162=EDGE_CURVE('',#3341,#3342,#2556,.T.);
#5174=EDGE_CURVE('',#3317,#3345,#1266,.T.);
#5176=EDGE_CURVE('',#3342,#3345,#2561,.T.);
#5188=EDGE_CURVE('',#3318,#3346,#1270,.T.);
#5190=EDGE_CURVE('',#3345,#3346,#2565,.T.);
#5202=EDGE_CURVE('',#3353,#3357,#1274,.T.);
#5204=EDGE_CURVE('',#3346,#3357,#2570,.T.);
#5216=EDGE_CURVE('',#3354,#3358,#1278,.T.);
#5218=EDGE_CURVE('',#3357,#3358,#2574,.T.);
#5230=EDGE_CURVE('',#3364,#3374,#1282,.T.);
#5232=EDGE_CURVE('',#3358,#3374,#2578,.T.);
#5244=EDGE_CURVE('',#3366,#3376,#1286,.T.);
#5246=EDGE_CURVE('',#3374,#3376,#2583,.T.);
#5258=EDGE_CURVE('',#3368,#3378,#1290,.T.);
#5260=EDGE_CURVE('',#3376,#3378,#2587,.T.);
#5272=EDGE_CURVE('',#3370,#3380,#1294,.T.);
#5274=EDGE_CURVE('',#3378,#3380,#2592,.T.);
#5286=EDGE_CURVE('',#3372,#3382,#1298,.T.);
#5288=EDGE_CURVE('',#3380,#3382,#2596,.T.);
#5300=EDGE_CURVE('',#3384,#3386,#1310,.T.);
#5302=EDGE_CURVE('',#3382,#3386,#2600,.T.);
#5316=EDGE_CURVE('',#3288,#3290,#1396,.T.);
#5318=EDGE_CURVE('',#3290,#3281,#2608,.T.);
#5321=EDGE_CURVE('',#3404,#3386,#1306,.T.);
#5334=EDGE_CURVE('',#3272,#3230,#1322,.T.);
#5339=EDGE_CURVE('',#3150,#2640,#1338,.T.);
#5343=EDGE_CURVE('',#3079,#3080,#1350,.T.);
#5345=EDGE_CURVE('',#3083,#3080,#1355,.T.);
#5347=EDGE_CURVE('',#3083,#3084,#1359,.T.);
#5349=EDGE_CURVE('',#3052,#3084,#1513,.T.);
#5351=EDGE_CURVE('',#3051,#3052,#1687,.T.);
#5353=EDGE_CURVE('',#3107,#3051,#1679,.T.);
#5355=EDGE_CURVE('',#3107,#3108,#1363,.T.);
#5357=EDGE_CURVE('',#3095,#3108,#1368,.T.);
#5359=EDGE_CURVE('',#3095,#3096,#1372,.T.);
#5362=EDGE_CURVE('',#3143,#3146,#1380,.T.);
#5364=EDGE_CURVE('',#2636,#3143,#1384,.T.);
#5367=EDGE_CURVE('',#3290,#3398,#1392,.T.);
#5392=EDGE_CURVE('',#3407,#3408,#1408,.T.);
#5394=EDGE_CURVE('',#3408,#3410,#1412,.T.);
#5396=EDGE_CURVE('',#3412,#3410,#1416,.T.);
#5412=EDGE_CURVE('',#3408,#3424,#1440,.T.);
#5416=EDGE_CURVE('',#3415,#3419,#1460,.T.);
#5418=EDGE_CURVE('',#3419,#3423,#1432,.T.);
#5429=EDGE_CURVE('',#3410,#3426,#1452,.T.);
#5442=EDGE_CURVE('',#3420,#3428,#1448,.T.);
#5444=EDGE_CURVE('',#3420,#3416,#1464,.T.);
#5457=EDGE_CURVE('',#3419,#3420,#1456,.T.);
#5482=EDGE_CURVE('',#3075,#3076,#1473,.T.);
#5484=EDGE_CURVE('',#3076,#3080,#1532,.T.);
#5498=EDGE_CURVE('',#2647,#2648,#1481,.T.);
#5500=EDGE_CURVE('',#3123,#2647,#1485,.T.);
#5502=EDGE_CURVE('',#3092,#3123,#1489,.T.);
#5504=EDGE_CURVE('',#3076,#3092,#1493,.T.);
#5514=EDGE_CURVE('',#3015,#3022,#1497,.T.);
#5516=EDGE_CURVE('',#3022,#3024,#1501,.T.);
#5518=EDGE_CURVE('',#3019,#3024,#1505,.T.);
#5521=EDGE_CURVE('',#2643,#2644,#1646,.T.);
#5523=EDGE_CURVE('',#2643,#2647,#1509,.T.);
#5536=EDGE_CURVE('',#3088,#3084,#1527,.T.);
#5538=EDGE_CURVE('',#3088,#3048,#1585,.T.);
#5540=EDGE_CURVE('',#3048,#3064,#1517,.T.);
#5542=EDGE_CURVE('',#3064,#3030,#1735,.T.);
#5544=EDGE_CURVE('',#3022,#3030,#2439,.T.);
#5548=EDGE_CURVE('',#3016,#3070,#1747,.T.);
#5550=EDGE_CURVE('',#3070,#3052,#1691,.T.);
#5561=EDGE_CURVE('',#3083,#3087,#1522,.T.);
#5563=EDGE_CURVE('',#3087,#3088,#1541,.T.);
#5576=EDGE_CURVE('',#3087,#3076,#1537,.T.);
#5587=EDGE_CURVE('',#3087,#3090,#1545,.T.);
#5591=EDGE_CURVE('',#3092,#3090,#1626,.T.);
#5603=EDGE_CURVE('',#3090,#3112,#1549,.T.);
#5605=EDGE_CURVE('',#3112,#3104,#1553,.T.);
#5607=EDGE_CURVE('',#3103,#3104,#1557,.T.);
#5609=EDGE_CURVE('',#3103,#3039,#1561,.T.);
#5611=EDGE_CURVE('',#3039,#3040,#1565,.T.);
#5613=EDGE_CURVE('',#3040,#3042,#1569,.T.);
#5615=EDGE_CURVE('',#3042,#3044,#1573,.T.);
#5617=EDGE_CURVE('',#3044,#3046,#1577,.T.);
#5619=EDGE_CURVE('',#3046,#3048,#1581,.T.);
#5630=EDGE_CURVE('',#3120,#3118,#1593,.T.);
#5632=EDGE_CURVE('',#3118,#3112,#2472,.T.);
#5635=EDGE_CURVE('',#3090,#3120,#1621,.T.);
#5645=EDGE_CURVE('',#3115,#3118,#1589,.T.);
#5648=EDGE_CURVE('',#3120,#3124,#1597,.T.);
#5650=EDGE_CURVE('',#3115,#3124,#1606,.T.);
#5660=EDGE_CURVE('',#3115,#3116,#1602,.T.);
#5662=EDGE_CURVE('',#3116,#3110,#1638,.T.);
#5664=EDGE_CURVE('',#3110,#3118,#2477,.T.);
#5677=EDGE_CURVE('',#3123,#3124,#1611,.T.);
#5681=EDGE_CURVE('',#3116,#2643,#1642,.T.);
#5693=EDGE_CURVE('',#3120,#3092,#1616,.T.);
#5715=EDGE_CURVE('',#3099,#3100,#1630,.T.);
#5717=EDGE_CURVE('',#3110,#3099,#1634,.T.);
#5732=EDGE_CURVE('',#3095,#3099,#1655,.T.);
#5745=EDGE_CURVE('',#3104,#3108,#1665,.T.);
#5747=EDGE_CURVE('',#3099,#3104,#1670,.T.);
#5761=EDGE_CURVE('',#3107,#3103,#1675,.T.);
#5774=EDGE_CURVE('',#3051,#3072,#1707,.T.);
#5776=EDGE_CURVE('',#3020,#3072,#2119,.T.);
#5780=EDGE_CURVE('',#3024,#3032,#1683,.T.);
#5782=EDGE_CURVE('',#3032,#3055,#1715,.T.);
#5784=EDGE_CURVE('',#3039,#3055,#2423,.T.);
#5796=EDGE_CURVE('',#3028,#3070,#1743,.T.);
#5799=EDGE_CURVE('',#3007,#3008,#1699,.T.);
#5801=EDGE_CURVE('',#3026,#3007,#1703,.T.);
#5803=EDGE_CURVE('',#3026,#3072,#2111,.T.);
#5814=EDGE_CURVE('',#3055,#3056,#1711,.T.);
#5817=EDGE_CURVE('',#3058,#3032,#1719,.T.);
#5819=EDGE_CURVE('',#3058,#3056,#1723,.T.);
#5829=EDGE_CURVE('',#3061,#3062,#1727,.T.);
#5831=EDGE_CURVE('',#3030,#3061,#1731,.T.);
#5834=EDGE_CURVE('',#3064,#3062,#1739,.T.);
#5847=EDGE_CURVE('',#2660,#2656,#1751,.T.);
#5860=EDGE_CURVE('',#2659,#2654,#1755,.T.);
#5873=EDGE_CURVE('',#2672,#2664,#1763,.T.);
#5875=EDGE_CURVE('',#2664,#2666,#1819,.T.);
#5877=EDGE_CURVE('',#2701,#2666,#1783,.T.);
#5879=EDGE_CURVE('',#2695,#2701,#1795,.T.);
#5893=EDGE_CURVE('',#2671,#2663,#1771,.T.);
#5895=EDGE_CURVE('',#2663,#2664,#1807,.T.);
#5907=EDGE_CURVE('',#2674,#2668,#1775,.T.);
#5909=EDGE_CURVE('',#2668,#2663,#1811,.T.);
#5920=EDGE_CURVE('',#2701,#2702,#1779,.T.);
#5923=EDGE_CURVE('',#2666,#2668,#1815,.T.);
#5927=EDGE_CURVE('',#2704,#2691,#1787,.T.);
#5929=EDGE_CURVE('',#2702,#2704,#1791,.T.);
#5942=EDGE_CURVE('',#2696,#2702,#1799,.T.);
#5955=EDGE_CURVE('',#2698,#2704,#1803,.T.);
#5983=EDGE_CURVE('',#2883,#2884,#1823,.T.);
#5985=EDGE_CURVE('',#2884,#2888,#1827,.T.);
#5987=EDGE_CURVE('',#2887,#2888,#1831,.T.);
#5989=EDGE_CURVE('',#2883,#2887,#1835,.T.);
#6001=EDGE_CURVE('',#2870,#2821,#1840,.T.);
#6003=EDGE_CURVE('',#2821,#2822,#1844,.T.);
#6005=EDGE_CURVE('',#2822,#2824,#1848,.T.);
#6007=EDGE_CURVE('',#2824,#2826,#1852,.T.);
#6009=EDGE_CURVE('',#2826,#2828,#1857,.T.);
#6011=EDGE_CURVE('',#2828,#2830,#1861,.T.);
#6013=EDGE_CURVE('',#2830,#2832,#1866,.T.);
#6015=EDGE_CURVE('',#2832,#2864,#1870,.T.);
#6026=EDGE_CURVE('',#2874,#2807,#1874,.T.);
#6028=EDGE_CURVE('',#2807,#2808,#1878,.T.);
#6030=EDGE_CURVE('',#2808,#2810,#1883,.T.);
#6032=EDGE_CURVE('',#2810,#2812,#1887,.T.);
#6034=EDGE_CURVE('',#2812,#2814,#1891,.T.);
#6036=EDGE_CURVE('',#2814,#2816,#1896,.T.);
#6038=EDGE_CURVE('',#2816,#2818,#1900,.T.);
#6040=EDGE_CURVE('',#2818,#2873,#1905,.T.);
#6050=EDGE_CURVE('',#2896,#2891,#1909,.T.);
#6052=EDGE_CURVE('',#2896,#2884,#1913,.T.);
#6055=EDGE_CURVE('',#2883,#2891,#1917,.T.);
#6066=EDGE_CURVE('',#2876,#2849,#1952,.T.);
#6068=EDGE_CURVE('',#2821,#2849,#2027,.T.);
#6080=EDGE_CURVE('',#2860,#2868,#1921,.T.);
#6082=EDGE_CURVE('',#2858,#2860,#1926,.T.);
#6084=EDGE_CURVE('',#2856,#2858,#1930,.T.);
#6086=EDGE_CURVE('',#2854,#2856,#1935,.T.);
#6088=EDGE_CURVE('',#2852,#2854,#1939,.T.);
#6090=EDGE_CURVE('',#2850,#2852,#1943,.T.);
#6092=EDGE_CURVE('',#2849,#2850,#1947,.T.);
#6105=EDGE_CURVE('',#2846,#2879,#1957,.T.);
#6107=EDGE_CURVE('',#2844,#2846,#1961,.T.);
#6109=EDGE_CURVE('',#2842,#2844,#1966,.T.);
#6111=EDGE_CURVE('',#2840,#2842,#1970,.T.);
#6113=EDGE_CURVE('',#2838,#2840,#1974,.T.);
#6115=EDGE_CURVE('',#2836,#2838,#1979,.T.);
#6117=EDGE_CURVE('',#2835,#2836,#1983,.T.);
#6119=EDGE_CURVE('',#2880,#2835,#1987,.T.);
#6129=EDGE_CURVE('',#2904,#2899,#1991,.T.);
#6131=EDGE_CURVE('',#2887,#2904,#1995,.T.);
#6134=EDGE_CURVE('',#2899,#2888,#1999,.T.);
#6146=EDGE_CURVE('',#2832,#2860,#2003,.T.);
#6158=EDGE_CURVE('',#2830,#2858,#2007,.T.);
#6171=EDGE_CURVE('',#2828,#2856,#2011,.T.);
#6184=EDGE_CURVE('',#2826,#2854,#2015,.T.);
#6197=EDGE_CURVE('',#2824,#2852,#2019,.T.);
#6210=EDGE_CURVE('',#2822,#2850,#2023,.T.);
#6236=EDGE_CURVE('',#2818,#2846,#2031,.T.);
#6248=EDGE_CURVE('',#2816,#2844,#2035,.T.);
#6261=EDGE_CURVE('',#2814,#2842,#2039,.T.);
#6274=EDGE_CURVE('',#2812,#2840,#2043,.T.);
#6287=EDGE_CURVE('',#2810,#2838,#2047,.T.);
#6300=EDGE_CURVE('',#2808,#2836,#2051,.T.);
#6313=EDGE_CURVE('',#2807,#2835,#2055,.T.);
#6337=EDGE_CURVE('',#2899,#2900,#2067,.T.);
#6339=EDGE_CURVE('',#2902,#2900,#2091,.T.);
#6341=EDGE_CURVE('',#2902,#2904,#2079,.T.);
#6352=EDGE_CURVE('',#2894,#2896,#2059,.T.);
#6354=EDGE_CURVE('',#2894,#2900,#2063,.T.);
#6357=EDGE_CURVE('',#2896,#2899,#2095,.T.);
#6367=EDGE_CURVE('',#2891,#2892,#2071,.T.);
#6369=EDGE_CURVE('',#2894,#2892,#2083,.T.);
#6382=EDGE_CURVE('',#2891,#2904,#2075,.T.);
#6385=EDGE_CURVE('',#2892,#2902,#2087,.T.);
#6432=EDGE_CURVE('',#3011,#3007,#2099,.T.);
#6444=EDGE_CURVE('',#3026,#2682,#2115,.T.);
#6449=EDGE_CURVE('',#2688,#2680,#2107,.T.);
#6451=EDGE_CURVE('',#2680,#2682,#2131,.T.);
#6463=EDGE_CURVE('',#2682,#2677,#2127,.T.);
#6465=EDGE_CURVE('',#2685,#2677,#2155,.T.);
#6477=EDGE_CURVE('',#2677,#2678,#2123,.T.);
#6481=EDGE_CURVE('',#2678,#2680,#2135,.T.);
#6485=EDGE_CURVE('',#2983,#2984,#2139,.T.);
#6487=EDGE_CURVE('',#2984,#2988,#2143,.T.);
#6489=EDGE_CURVE('',#2987,#2988,#2147,.T.);
#6491=EDGE_CURVE('',#2983,#2987,#2151,.T.);
#6504=EDGE_CURVE('',#2686,#2678,#2159,.T.);
#6528=EDGE_CURVE('',#2970,#2921,#2164,.T.);
#6530=EDGE_CURVE('',#2921,#2922,#2168,.T.);
#6532=EDGE_CURVE('',#2922,#2924,#2172,.T.);
#6534=EDGE_CURVE('',#2924,#2926,#2176,.T.);
#6536=EDGE_CURVE('',#2926,#2928,#2181,.T.);
#6538=EDGE_CURVE('',#2928,#2930,#2185,.T.);
#6540=EDGE_CURVE('',#2930,#2932,#2190,.T.);
#6542=EDGE_CURVE('',#2932,#2964,#2194,.T.);
#6553=EDGE_CURVE('',#2974,#2907,#2198,.T.);
#6555=EDGE_CURVE('',#2907,#2908,#2202,.T.);
#6557=EDGE_CURVE('',#2908,#2910,#2207,.T.);
#6559=EDGE_CURVE('',#2910,#2912,#2211,.T.);
#6561=EDGE_CURVE('',#2912,#2914,#2215,.T.);
#6563=EDGE_CURVE('',#2914,#2916,#2220,.T.);
#6565=EDGE_CURVE('',#2916,#2918,#2224,.T.);
#6567=EDGE_CURVE('',#2918,#2973,#2229,.T.);
#6577=EDGE_CURVE('',#2996,#2991,#2233,.T.);
#6579=EDGE_CURVE('',#2996,#2984,#2237,.T.);
#6582=EDGE_CURVE('',#2983,#2991,#2241,.T.);
#6593=EDGE_CURVE('',#2976,#2949,#2276,.T.);
#6595=EDGE_CURVE('',#2921,#2949,#2351,.T.);
#6607=EDGE_CURVE('',#2960,#2968,#2245,.T.);
#6609=EDGE_CURVE('',#2958,#2960,#2250,.T.);
#6611=EDGE_CURVE('',#2956,#2958,#2254,.T.);
#6613=EDGE_CURVE('',#2954,#2956,#2259,.T.);
#6615=EDGE_CURVE('',#2952,#2954,#2263,.T.);
#6617=EDGE_CURVE('',#2950,#2952,#2267,.T.);
#6619=EDGE_CURVE('',#2949,#2950,#2271,.T.);
#6632=EDGE_CURVE('',#2946,#2979,#2281,.T.);
#6634=EDGE_CURVE('',#2944,#2946,#2285,.T.);
#6636=EDGE_CURVE('',#2942,#2944,#2290,.T.);
#6638=EDGE_CURVE('',#2940,#2942,#2294,.T.);
#6640=EDGE_CURVE('',#2938,#2940,#2298,.T.);
#6642=EDGE_CURVE('',#2936,#2938,#2303,.T.);
#6644=EDGE_CURVE('',#2935,#2936,#2307,.T.);
#6646=EDGE_CURVE('',#2980,#2935,#2311,.T.);
#6656=EDGE_CURVE('',#3004,#2999,#2315,.T.);
#6658=EDGE_CURVE('',#2987,#3004,#2319,.T.);
#6661=EDGE_CURVE('',#2999,#2988,#2323,.T.);
#6673=EDGE_CURVE('',#2932,#2960,#2327,.T.);
#6685=EDGE_CURVE('',#2930,#2958,#2331,.T.);
#6698=EDGE_CURVE('',#2928,#2956,#2335,.T.);
#6711=EDGE_CURVE('',#2926,#2954,#2339,.T.);
#6724=EDGE_CURVE('',#2924,#2952,#2343,.T.);
#6737=EDGE_CURVE('',#2922,#2950,#2347,.T.);
#6763=EDGE_CURVE('',#2918,#2946,#2355,.T.);
#6775=EDGE_CURVE('',#2916,#2944,#2359,.T.);
#6788=EDGE_CURVE('',#2914,#2942,#2363,.T.);
#6801=EDGE_CURVE('',#2912,#2940,#2367,.T.);
#6814=EDGE_CURVE('',#2910,#2938,#2371,.T.);
#6827=EDGE_CURVE('',#2908,#2936,#2375,.T.);
#6840=EDGE_CURVE('',#2907,#2935,#2379,.T.);
#6864=EDGE_CURVE('',#2999,#3000,#2391,.T.);
#6866=EDGE_CURVE('',#3002,#3000,#2415,.T.);
#6868=EDGE_CURVE('',#3002,#3004,#2403,.T.);
#6879=EDGE_CURVE('',#2994,#2996,#2383,.T.);
#6881=EDGE_CURVE('',#2994,#3000,#2387,.T.);
#6884=EDGE_CURVE('',#2996,#2999,#2419,.T.);
#6894=EDGE_CURVE('',#2991,#2992,#2395,.T.);
#6896=EDGE_CURVE('',#2994,#2992,#2407,.T.);
#6909=EDGE_CURVE('',#2991,#3004,#2399,.T.);
#6912=EDGE_CURVE('',#2992,#3002,#2411,.T.);
#6961=EDGE_CURVE('',#3040,#3056,#2427,.T.);
#6974=EDGE_CURVE('',#3058,#3068,#2435,.T.);
#6976=EDGE_CURVE('',#3068,#3035,#2455,.T.);
#6978=EDGE_CURVE('',#3042,#3035,#2463,.T.);
#6988=EDGE_CURVE('',#3067,#3068,#2431,.T.);
#6996=EDGE_CURVE('',#3061,#3067,#2443,.T.);
#7007=EDGE_CURVE('',#3036,#3067,#2447,.T.);
#7009=EDGE_CURVE('',#3035,#3036,#2451,.T.);
#7021=EDGE_CURVE('',#3044,#3036,#2459,.T.);
#7026=EDGE_CURVE('',#3046,#3062,#2467,.T.);
#7063=EDGE_CURVE('',#3112,#3110,#2482,.T.);
#7084=EDGE_CURVE('',#3362,#3349,#2486,.T.);
#7087=EDGE_CURVE('',#3282,#3393,#2494,.T.);
#7090=EDGE_CURVE('',#3143,#3144,#2612,.T.);
#7103=EDGE_CURVE('',#3349,#3350,#2502,.T.);
#7203=TRIMMED_CURVE('',#7202,(PARAMETER_VALUE(0.E0)),(PARAMETER_VALUE(1.E0)),
.T.,.UNSPECIFIED.);
#7204=COMPOSITE_CURVE_SEGMENT(.CONTINUOUS.,.T.,#7203);
#7209=TRIMMED_CURVE('',#7208,(PARAMETER_VALUE(0.E0)),(PARAMETER_VALUE(1.E0)),
.T.,.UNSPECIFIED.);
#7210=COMPOSITE_CURVE_SEGMENT(.CONTINUOUS.,.T.,#7209);
#7215=TRIMMED_CURVE('',#7214,(PARAMETER_VALUE(0.E0)),(PARAMETER_VALUE(1.E0)),
.T.,.UNSPECIFIED.);
#7216=COMPOSITE_CURVE_SEGMENT(.CONTINUOUS.,.T.,#7215);
#7221=TRIMMED_CURVE('',#7220,(PARAMETER_VALUE(0.E0)),(PARAMETER_VALUE(1.E0)),
.T.,.UNSPECIFIED.);
#7222=COMPOSITE_CURVE_SEGMENT(.CONTINUOUS.,.T.,#7221);
#7223=COMPOSITE_CURVE('',(#7204,#7210,#7216,#7222),.F.);
#7229=TRIMMED_CURVE('',#7228,(PARAMETER_VALUE(0.E0)),(PARAMETER_VALUE(1.E0)),
.T.,.UNSPECIFIED.);
#7230=COMPOSITE_CURVE_SEGMENT(.CONTINUOUS.,.T.,#7229);
#7235=TRIMMED_CURVE('',#7234,(PARAMETER_VALUE(0.E0)),(PARAMETER_VALUE(1.E0)),
.T.,.UNSPECIFIED.);
#7236=COMPOSITE_CURVE_SEGMENT(.CONTINUOUS.,.T.,#7235);
#7241=TRIMMED_CURVE('',#7240,(PARAMETER_VALUE(0.E0)),(PARAMETER_VALUE(1.E0)),
.T.,.UNSPECIFIED.);
#7242=COMPOSITE_CURVE_SEGMENT(.CONTINUOUS.,.T.,#7241);
#7247=TRIMMED_CURVE('',#7246,(PARAMETER_VALUE(0.E0)),(PARAMETER_VALUE(1.E0)),
.T.,.UNSPECIFIED.);
#7248=COMPOSITE_CURVE_SEGMENT(.CONTINUOUS.,.T.,#7247);
#7249=COMPOSITE_CURVE('',(#7230,#7236,#7242,#7248),.F.);
#7254=TRIMMED_CURVE('',#7253,(PARAMETER_VALUE(0.E0)),(PARAMETER_VALUE(1.E0)),
.T.,.UNSPECIFIED.);
#7255=COMPOSITE_CURVE_SEGMENT(.CONTINUOUS.,.T.,#7254);
#7260=TRIMMED_CURVE('',#7259,(PARAMETER_VALUE(0.E0)),(PARAMETER_VALUE(1.E0)),
.T.,.UNSPECIFIED.);
#7261=COMPOSITE_CURVE_SEGMENT(.CONTINUOUS.,.T.,#7260);
#7266=TRIMMED_CURVE('',#7265,(PARAMETER_VALUE(0.E0)),(PARAMETER_VALUE(1.E0)),
.T.,.UNSPECIFIED.);
#7267=COMPOSITE_CURVE_SEGMENT(.CONTINUOUS.,.T.,#7266);
#7272=TRIMMED_CURVE('',#7271,(PARAMETER_VALUE(0.E0)),(PARAMETER_VALUE(1.E0)),
.T.,.UNSPECIFIED.);
#7273=COMPOSITE_CURVE_SEGMENT(.CONTINUOUS.,.T.,#7272);
#7274=COMPOSITE_CURVE('',(#7255,#7261,#7267,#7273),.F.);
#7279=TRIMMED_CURVE('',#7278,(PARAMETER_VALUE(0.E0)),(PARAMETER_VALUE(1.E0)),
.T.,.UNSPECIFIED.);
#7280=COMPOSITE_CURVE_SEGMENT(.CONTINUOUS.,.T.,#7279);
#7285=TRIMMED_CURVE('',#7284,(PARAMETER_VALUE(0.E0)),(PARAMETER_VALUE(1.E0)),
.T.,.UNSPECIFIED.);
#7286=COMPOSITE_CURVE_SEGMENT(.CONTINUOUS.,.T.,#7285);
#7291=TRIMMED_CURVE('',#7290,(PARAMETER_VALUE(0.E0)),(PARAMETER_VALUE(1.E0)),
.T.,.UNSPECIFIED.);
#7292=COMPOSITE_CURVE_SEGMENT(.CONTINUOUS.,.T.,#7291);
#7297=TRIMMED_CURVE('',#7296,(PARAMETER_VALUE(0.E0)),(PARAMETER_VALUE(1.E0)),
.T.,.UNSPECIFIED.);
#7298=COMPOSITE_CURVE_SEGMENT(.CONTINUOUS.,.T.,#7297);
#7299=COMPOSITE_CURVE('',(#7280,#7286,#7292,#7298),.F.);
#7304=TRIMMED_CURVE('',#7303,(PARAMETER_VALUE(0.E0)),(PARAMETER_VALUE(1.E0)),
.T.,.UNSPECIFIED.);
#7305=COMPOSITE_CURVE_SEGMENT(.CONTINUOUS.,.T.,#7304);
#7310=TRIMMED_CURVE('',#7309,(PARAMETER_VALUE(0.E0)),(PARAMETER_VALUE(1.E0)),
.T.,.UNSPECIFIED.);
#7311=COMPOSITE_CURVE_SEGMENT(.CONTINUOUS.,.T.,#7310);
#7316=TRIMMED_CURVE('',#7315,(PARAMETER_VALUE(0.E0)),(PARAMETER_VALUE(1.E0)),
.T.,.UNSPECIFIED.);
#7317=COMPOSITE_CURVE_SEGMENT(.CONTINUOUS.,.T.,#7316);
#7322=TRIMMED_CURVE('',#7321,(PARAMETER_VALUE(0.E0)),(PARAMETER_VALUE(1.E0)),
.T.,.UNSPECIFIED.);
#7323=COMPOSITE_CURVE_SEGMENT(.CONTINUOUS.,.T.,#7322);
#7324=COMPOSITE_CURVE('',(#7305,#7311,#7317,#7323),.F.);
#7325=(LENGTH_UNIT()NAMED_UNIT(*)SI_UNIT(.MILLI.,.METRE.));
#7327=(NAMED_UNIT(*)PLANE_ANGLE_UNIT()SI_UNIT($,.RADIAN.));
#7330=(NAMED_UNIT(*)SI_UNIT($,.STERADIAN.)SOLID_ANGLE_UNIT());
#7333=ADVANCED_BREP_SHAPE_REPRESENTATION('',(#7194),#7332);
#7334=GEOMETRICALLY_BOUNDED_SURFACE_SHAPE_REPRESENTATION('',(#7224),#7332);
#7335=SHAPE_REPRESENTATION('',(#7198),#7332);
#7344=PRODUCT_DEFINITION('design','',#7343,#7340);
#7345=PRODUCT_DEFINITION_SHAPE('','SHAPE FOR 1054301103.',#7344);
#7346=SHAPE_DEFINITION_REPRESENTATION(#7345,#7335);
ENDSEC;
END-ISO-10303-21;
